algo,problem,M,metric,median,ci_low,ci_high,n_valid
IVFNSGAII,DTLZ1,2,AUC_IGD,291.41620319269026,247.09033611326197,1200.238181244473,30
IVFNSGAII,DTLZ1,2,AUC_HV,52007.068146277474,50566.50776325152,52143.65898066027,30
IVFNSGAII,DTLZ1,2,Final_IGD,0.0022352825686534,0.0021945612785821004,0.0022577509443068,30
IVFNSGAII,DTLZ1,2,Final_HV,0.5814773247412564,0.5813129820421792,0.5816194151753912,30
IVFNSGAII,DTLZ1,2,Best_IGD,0.0021337556646116,0.00212616133464535,0.00215643583916165,30
IVFNSGAII,DTLZ1,2,Best_HV,0.5816619926385381,0.5816066914547082,0.5817428624839918,30
IVFNSGAII,DTLZ1,2,TTT_igd_x100,10000.0,10000.0,15000.0,30
IVFNSGAII,DTLZ1,2,TTT_igd_x50,10000.0,10000.0,15000.0,30
IVFNSGAII,DTLZ1,2,TTT_igd_x20,10000.0,10000.0,20000.0,30
IVFNSGAII,DTLZ1,2,TTT_igd_x10,10000.0,10000.0,20000.0,30
IVFNSGAII,DTLZ1,2,TTT_igd_x5,20000.0,10000.0,20000.0,30
IVFNSGAII,DTLZ1,2,TTT_igd_x3,20000.0,20000.0,20000.0,30
IVFNSGAII,DTLZ1,2,TTT_igd_x2,20000.0,20000.0,20000.0,30
IVFNSGAII,DTLZ1,2,TTT_igd_x1.5,20000.0,20000.0,30000.0,30
IVFNSGAII,DTLZ1,2,TTT_igd_x1.2,30000.0,30000.0,30000.0,30
IVFNSGAII,DTLZ1,2,TTT_igd_x1.0,80000.0,65000.0,90000.0,30
IVFNSGAII,DTLZ1,3,AUC_IGD,2832.765257093817,2550.2781824172166,4041.1622945828403,30
IVFNSGAII,DTLZ1,3,AUC_HV,72907.89311396517,70389.58932143197,73813.08103501075,30
IVFNSGAII,DTLZ1,3,Final_IGD,0.0267887526276709,0.0265003397966313,0.0273665743798388,30
IVFNSGAII,DTLZ1,3,Final_HV,0.8253207176914206,0.8245020465980276,0.8270485890065984,30
IVFNSGAII,DTLZ1,3,Best_IGD,0.0254824592752811,0.025271028543893348,0.0259728981283492,30
IVFNSGAII,DTLZ1,3,Best_HV,0.8288372120921317,0.82823115031503,0.8295027916933974,30
IVFNSGAII,DTLZ1,3,TTT_igd_x100,10000.0,10000.0,10000.0,30
IVFNSGAII,DTLZ1,3,TTT_igd_x50,10000.0,10000.0,10000.0,30
IVFNSGAII,DTLZ1,3,TTT_igd_x20,10000.0,10000.0,10000.0,30
IVFNSGAII,DTLZ1,3,TTT_igd_x10,10000.0,10000.0,20000.0,30
IVFNSGAII,DTLZ1,3,TTT_igd_x5,10000.0,10000.0,20000.0,30
IVFNSGAII,DTLZ1,3,TTT_igd_x3,20000.0,10000.0,20000.0,30
IVFNSGAII,DTLZ1,3,TTT_igd_x2,20000.0,10000.0,20000.0,30
IVFNSGAII,DTLZ1,3,TTT_igd_x1.5,20000.0,20000.0,20000.0,30
IVFNSGAII,DTLZ1,3,TTT_igd_x1.2,20000.0,20000.0,20000.0,30
IVFNSGAII,DTLZ1,3,TTT_igd_x1.0,70000.0,50000.0,85000.0,30
IVFNSGAII,DTLZ2,2,AUC_IGD,458.7677810306003,458.090331450991,459.7657196263325,30
IVFNSGAII,DTLZ2,2,AUC_HV,31194.713611691208,31192.686790481857,31196.65824852747,30
IVFNSGAII,DTLZ2,2,Final_IGD,0.0051180607396139,0.0049694503986009615,0.0051995174232057,30
IVFNSGAII,DTLZ2,2,Final_HV,0.3465827137061309,0.3465054507753311,0.34670637502064516,30
IVFNSGAII,DTLZ2,2,Best_IGD,0.004841355798105251,0.00479968528610955,0.0048825613129553,30
IVFNSGAII,DTLZ2,2,Best_HV,0.34684440971062314,0.34680333766193094,0.3468974445231395,30
IVFNSGAII,DTLZ2,2,TTT_igd_x100,10000.0,10000.0,10000.0,30
IVFNSGAII,DTLZ2,2,TTT_igd_x50,10000.0,10000.0,10000.0,30
IVFNSGAII,DTLZ2,2,TTT_igd_x20,10000.0,10000.0,10000.0,30
IVFNSGAII,DTLZ2,2,TTT_igd_x10,10000.0,10000.0,10000.0,30
IVFNSGAII,DTLZ2,2,TTT_igd_x5,10000.0,10000.0,10000.0,30
IVFNSGAII,DTLZ2,2,TTT_igd_x3,10000.0,10000.0,10000.0,30
IVFNSGAII,DTLZ2,2,TTT_igd_x2,10000.0,10000.0,10000.0,30
IVFNSGAII,DTLZ2,2,TTT_igd_x1.5,10000.0,10000.0,10000.0,30
IVFNSGAII,DTLZ2,2,TTT_igd_x1.2,10000.0,10000.0,10000.0,30
IVFNSGAII,DTLZ2,2,TTT_igd_x1.0,50000.0,35000.0,60000.0,30
IVFNSGAII,DTLZ2,3,AUC_IGD,6208.734975829481,6174.818551826207,6263.848180732357,30
IVFNSGAII,DTLZ2,3,AUC_HV,47943.95192984628,47894.24040972069,47984.99001863392,30
IVFNSGAII,DTLZ2,3,Final_IGD,0.06913979310062104,0.06780806547689065,0.0701173557143226,30
IVFNSGAII,DTLZ2,3,Final_HV,0.5329769553814051,0.5318619631704697,0.535374806336411,30
IVFNSGAII,DTLZ2,3,Best_IGD,0.0652379534942349,0.06495634787818924,0.0658715228688867,30
IVFNSGAII,DTLZ2,3,Best_HV,0.5388328219290079,0.5377214536292845,0.5393823022669166,30
IVFNSGAII,DTLZ2,3,TTT_igd_x100,10000.0,10000.0,10000.0,30
IVFNSGAII,DTLZ2,3,TTT_igd_x50,10000.0,10000.0,10000.0,30
IVFNSGAII,DTLZ2,3,TTT_igd_x20,10000.0,10000.0,10000.0,30
IVFNSGAII,DTLZ2,3,TTT_igd_x10,10000.0,10000.0,10000.0,30
IVFNSGAII,DTLZ2,3,TTT_igd_x5,10000.0,10000.0,10000.0,30
IVFNSGAII,DTLZ2,3,TTT_igd_x3,10000.0,10000.0,10000.0,30
IVFNSGAII,DTLZ2,3,TTT_igd_x2,10000.0,10000.0,10000.0,30
IVFNSGAII,DTLZ2,3,TTT_igd_x1.5,10000.0,10000.0,10000.0,30
IVFNSGAII,DTLZ2,3,TTT_igd_x1.2,10000.0,10000.0,10000.0,30
IVFNSGAII,DTLZ2,3,TTT_igd_x1.0,60000.0,50000.0,80000.0,30
IVFNSGAII,DTLZ3,2,AUC_IGD,42271.15853584141,36286.625737808754,53227.14283017412,30
IVFNSGAII,DTLZ3,2,AUC_HV,26306.34001969131,25542.219444629925,28127.986281880774,30
IVFNSGAII,DTLZ3,2,Final_IGD,0.00523553957247465,0.0050967650238646,0.0053341359634827504,30
IVFNSGAII,DTLZ3,2,Final_HV,0.3457084104387934,0.3451909089800585,0.34625037437318884,30
IVFNSGAII,DTLZ3,2,Best_IGD,0.005076041375833951,0.0049396553448376995,0.0051929024727938,30
IVFNSGAII,DTLZ3,2,Best_HV,0.3457084104387934,0.3452801000327115,0.3462359945832316,30
IVFNSGAII,DTLZ3,2,TTT_igd_x100,25000.0,20000.0,30000.0,30
IVFNSGAII,DTLZ3,2,TTT_igd_x50,25000.0,20000.0,30000.0,30
IVFNSGAII,DTLZ3,2,TTT_igd_x20,30000.0,20000.0,30000.0,30
IVFNSGAII,DTLZ3,2,TTT_igd_x10,30000.0,30000.0,30000.0,30
IVFNSGAII,DTLZ3,2,TTT_igd_x5,30000.0,30000.0,40000.0,30
IVFNSGAII,DTLZ3,2,TTT_igd_x3,40000.0,35000.0,40000.0,30
IVFNSGAII,DTLZ3,2,TTT_igd_x2,45000.0,40000.0,50000.0,30
IVFNSGAII,DTLZ3,2,TTT_igd_x1.5,50000.0,40000.0,60000.0,30
IVFNSGAII,DTLZ3,2,TTT_igd_x1.2,60000.0,50000.0,70000.0,30
IVFNSGAII,DTLZ3,2,TTT_igd_x1.0,100000.0,90000.0,100000.0,30
IVFNSGAII,DTLZ3,3,AUC_IGD,62351.375742281845,42922.77563984673,85381.6554928387,30
IVFNSGAII,DTLZ3,3,AUC_HV,38011.45550837169,34998.87219968702,38999.953906389215,30
IVFNSGAII,DTLZ3,3,Final_IGD,0.06839486324762264,0.0670423065967874,0.0693485211037494,30
IVFNSGAII,DTLZ3,3,Final_HV,0.5320722183585078,0.5296438536982603,0.534795939016816,30
IVFNSGAII,DTLZ3,3,Best_IGD,0.06696850599114959,0.06544199700494399,0.06804605375273054,30
IVFNSGAII,DTLZ3,3,Best_HV,0.534183723822505,0.5298857210124839,0.5370497262138592,30
IVFNSGAII,DTLZ3,3,TTT_igd_x100,15000.0,10000.0,20000.0,30
IVFNSGAII,DTLZ3,3,TTT_igd_x50,20000.0,20000.0,20000.0,30
IVFNSGAII,DTLZ3,3,TTT_igd_x20,30000.0,20000.0,30000.0,30
IVFNSGAII,DTLZ3,3,TTT_igd_x10,30000.0,30000.0,35000.0,30
IVFNSGAII,DTLZ3,3,TTT_igd_x5,30000.0,30000.0,35000.0,30
IVFNSGAII,DTLZ3,3,TTT_igd_x3,30000.0,30000.0,40000.0,30
IVFNSGAII,DTLZ3,3,TTT_igd_x2,30000.0,30000.0,40000.0,30
IVFNSGAII,DTLZ3,3,TTT_igd_x1.5,40000.0,30000.0,40000.0,30
IVFNSGAII,DTLZ3,3,TTT_igd_x1.2,40000.0,40000.0,50000.0,30
IVFNSGAII,DTLZ3,3,TTT_igd_x1.0,90000.0,80000.0,100000.0,30
IVFNSGAII,DTLZ4,2,AUC_IGD,458.4157581446185,454.6101464234192,462.8077330325441,30
IVFNSGAII,DTLZ4,2,AUC_HV,31193.60495612637,31189.986562579026,31198.547322447514,30
IVFNSGAII,DTLZ4,2,Final_IGD,0.00517018917191145,0.005105657212066331,0.0052171090835573,30
IVFNSGAII,DTLZ4,2,Final_HV,0.3465858658878024,0.3463875810808086,0.3466238888814537,30
IVFNSGAII,DTLZ4,2,Best_IGD,0.00484947079026915,0.0048168626651767,0.0048902462069647,30
IVFNSGAII,DTLZ4,2,Best_HV,0.3468662007333988,0.34683996182757293,0.34689219116361814,30
IVFNSGAII,DTLZ4,2,TTT_igd_x100,10000.0,10000.0,10000.0,30
IVFNSGAII,DTLZ4,2,TTT_igd_x50,10000.0,10000.0,10000.0,30
IVFNSGAII,DTLZ4,2,TTT_igd_x20,10000.0,10000.0,10000.0,30
IVFNSGAII,DTLZ4,2,TTT_igd_x10,10000.0,10000.0,10000.0,30
IVFNSGAII,DTLZ4,2,TTT_igd_x5,10000.0,10000.0,10000.0,30
IVFNSGAII,DTLZ4,2,TTT_igd_x3,10000.0,10000.0,10000.0,30
IVFNSGAII,DTLZ4,2,TTT_igd_x2,10000.0,10000.0,10000.0,30
IVFNSGAII,DTLZ4,2,TTT_igd_x1.5,10000.0,10000.0,10000.0,30
IVFNSGAII,DTLZ4,2,TTT_igd_x1.2,10000.0,10000.0,10000.0,30
IVFNSGAII,DTLZ4,2,TTT_igd_x1.0,60000.0,50000.0,75000.0,30
IVFNSGAII,DTLZ4,3,AUC_IGD,6090.698505384166,6037.947146919798,6130.00772313201,30
IVFNSGAII,DTLZ4,3,AUC_HV,48140.46751945693,48072.72128973949,48224.47731169674,30
IVFNSGAII,DTLZ4,3,Final_IGD,0.06709818277935375,0.0661098317832042,0.06806822610789035,30
IVFNSGAII,DTLZ4,3,Final_HV,0.5358680613392822,0.5328074716881808,0.5378734823360465,30
IVFNSGAII,DTLZ4,3,Best_IGD,0.06409790439398386,0.06395002028444005,0.0646202777555844,30
IVFNSGAII,DTLZ4,3,Best_HV,0.5410815238986972,0.5398485299037132,0.5417633904274203,30
IVFNSGAII,DTLZ4,3,TTT_igd_x100,10000.0,10000.0,10000.0,30
IVFNSGAII,DTLZ4,3,TTT_igd_x50,10000.0,10000.0,10000.0,30
IVFNSGAII,DTLZ4,3,TTT_igd_x20,10000.0,10000.0,10000.0,30
IVFNSGAII,DTLZ4,3,TTT_igd_x10,10000.0,10000.0,10000.0,30
IVFNSGAII,DTLZ4,3,TTT_igd_x5,10000.0,10000.0,10000.0,30
IVFNSGAII,DTLZ4,3,TTT_igd_x3,10000.0,10000.0,10000.0,30
IVFNSGAII,DTLZ4,3,TTT_igd_x2,10000.0,10000.0,10000.0,30
IVFNSGAII,DTLZ4,3,TTT_igd_x1.5,10000.0,10000.0,10000.0,30
IVFNSGAII,DTLZ4,3,TTT_igd_x1.2,10000.0,10000.0,10000.0,30
IVFNSGAII,DTLZ4,3,TTT_igd_x1.0,60000.0,45000.0,80000.0,30
IVFNSGAII,DTLZ5,2,AUC_IGD,458.4489031611775,455.8228204872945,459.53036136850255,30
IVFNSGAII,DTLZ5,2,AUC_HV,31193.854545623915,31191.712132013017,31196.064732119674,30
IVFNSGAII,DTLZ5,2,Final_IGD,0.00514398641207065,0.00503988409381685,0.0052748018173915,30
IVFNSGAII,DTLZ5,2,Final_HV,0.3465766311257402,0.3465115441384715,0.34663203743230286,30
IVFNSGAII,DTLZ5,2,Best_IGD,0.0048331599271171,0.0047983286089261,0.004852130282080892,30
IVFNSGAII,DTLZ5,2,Best_HV,0.3468478572460426,0.34681570979615106,0.34687585469012,30
IVFNSGAII,DTLZ5,2,TTT_igd_x100,10000.0,10000.0,10000.0,30
IVFNSGAII,DTLZ5,2,TTT_igd_x50,10000.0,10000.0,10000.0,30
IVFNSGAII,DTLZ5,2,TTT_igd_x20,10000.0,10000.0,10000.0,30
IVFNSGAII,DTLZ5,2,TTT_igd_x10,10000.0,10000.0,10000.0,30
IVFNSGAII,DTLZ5,2,TTT_igd_x5,10000.0,10000.0,10000.0,30
IVFNSGAII,DTLZ5,2,TTT_igd_x3,10000.0,10000.0,10000.0,30
IVFNSGAII,DTLZ5,2,TTT_igd_x2,10000.0,10000.0,10000.0,30
IVFNSGAII,DTLZ5,2,TTT_igd_x1.5,10000.0,10000.0,10000.0,30
IVFNSGAII,DTLZ5,2,TTT_igd_x1.2,10000.0,10000.0,10000.0,30
IVFNSGAII,DTLZ5,2,TTT_igd_x1.0,50000.0,30000.0,70000.0,30
IVFNSGAII,DTLZ5,3,AUC_IGD,523.762739183861,521.6610297980635,526.67948265664,30
IVFNSGAII,DTLZ5,3,AUC_HV,17920.72405271102,17918.804039818875,17922.462624380987,30
IVFNSGAII,DTLZ5,3,Final_IGD,0.00596916234060795,0.0057749796201046,0.00610501352641165,30
IVFNSGAII,DTLZ5,3,Final_HV,0.19914026040279065,0.1990562999220279,0.19922162408569977,30
IVFNSGAII,DTLZ5,3,Best_IGD,0.0054529332001277495,0.0053951688263516005,0.0054854049332626,30
IVFNSGAII,DTLZ5,3,Best_HV,0.19936171897427965,0.19932310090700076,0.1994586311989699,30
IVFNSGAII,DTLZ5,3,TTT_igd_x100,10000.0,10000.0,10000.0,30
IVFNSGAII,DTLZ5,3,TTT_igd_x50,10000.0,10000.0,10000.0,30
IVFNSGAII,DTLZ5,3,TTT_igd_x20,10000.0,10000.0,10000.0,30
IVFNSGAII,DTLZ5,3,TTT_igd_x10,10000.0,10000.0,10000.0,30
IVFNSGAII,DTLZ5,3,TTT_igd_x5,10000.0,10000.0,10000.0,30
IVFNSGAII,DTLZ5,3,TTT_igd_x3,10000.0,10000.0,10000.0,30
IVFNSGAII,DTLZ5,3,TTT_igd_x2,10000.0,10000.0,10000.0,30
IVFNSGAII,DTLZ5,3,TTT_igd_x1.5,10000.0,10000.0,10000.0,30
IVFNSGAII,DTLZ5,3,TTT_igd_x1.2,10000.0,10000.0,10000.0,30
IVFNSGAII,DTLZ5,3,TTT_igd_x1.0,60000.0,40000.0,70000.0,30
IVFNSGAII,DTLZ6,2,AUC_IGD,509.76891609656997,507.840878898082,513.3178775176519,30
IVFNSGAII,DTLZ6,2,AUC_HV,31174.61603134646,31171.942364208393,31178.730733930868,30
IVFNSGAII,DTLZ6,2,Final_IGD,0.00568286809664615,0.0056178978746211,0.0058506292870498,30
IVFNSGAII,DTLZ6,2,Final_HV,0.3464637536554893,0.34641558512850357,0.3465058571648149,30
IVFNSGAII,DTLZ6,2,Best_IGD,0.00536975327917715,0.00526127251851205,0.00539531337512115,30
IVFNSGAII,DTLZ6,2,Best_HV,0.34668268083491305,0.34664553294493494,0.3467418237589064,30
IVFNSGAII,DTLZ6,2,TTT_igd_x100,10000.0,10000.0,10000.0,30
IVFNSGAII,DTLZ6,2,TTT_igd_x50,10000.0,10000.0,10000.0,30
IVFNSGAII,DTLZ6,2,TTT_igd_x20,10000.0,10000.0,10000.0,30
IVFNSGAII,DTLZ6,2,TTT_igd_x10,10000.0,10000.0,10000.0,30
IVFNSGAII,DTLZ6,2,TTT_igd_x5,10000.0,10000.0,10000.0,30
IVFNSGAII,DTLZ6,2,TTT_igd_x3,10000.0,10000.0,10000.0,30
IVFNSGAII,DTLZ6,2,TTT_igd_x2,10000.0,10000.0,10000.0,30
IVFNSGAII,DTLZ6,2,TTT_igd_x1.5,10000.0,10000.0,10000.0,30
IVFNSGAII,DTLZ6,2,TTT_igd_x1.2,10000.0,10000.0,10000.0,30
IVFNSGAII,DTLZ6,2,TTT_igd_x1.0,50000.0,40000.0,80000.0,30
IVFNSGAII,DTLZ6,3,AUC_IGD,535.9807695757935,530.9546275148023,540.086640292683,30
IVFNSGAII,DTLZ6,3,AUC_HV,17947.938560654573,17945.99481996733,17949.886043061455,30
IVFNSGAII,DTLZ6,3,Final_IGD,0.0059198443743177,0.0057776622939,0.0060615078540622,30
IVFNSGAII,DTLZ6,3,Final_HV,0.19940479182491835,0.19934331532613794,0.1995102475731342,30
IVFNSGAII,DTLZ6,3,Best_IGD,0.005512722932813,0.00544026964273375,0.0055735597851584995,30
IVFNSGAII,DTLZ6,3,Best_HV,0.19963799986267566,0.19960327140198142,0.19966675177438464,30
IVFNSGAII,DTLZ6,3,TTT_igd_x100,10000.0,10000.0,10000.0,30
IVFNSGAII,DTLZ6,3,TTT_igd_x50,10000.0,10000.0,10000.0,30
IVFNSGAII,DTLZ6,3,TTT_igd_x20,10000.0,10000.0,10000.0,30
IVFNSGAII,DTLZ6,3,TTT_igd_x10,10000.0,10000.0,10000.0,30
IVFNSGAII,DTLZ6,3,TTT_igd_x5,10000.0,10000.0,10000.0,30
IVFNSGAII,DTLZ6,3,TTT_igd_x3,10000.0,10000.0,10000.0,30
IVFNSGAII,DTLZ6,3,TTT_igd_x2,10000.0,10000.0,10000.0,30
IVFNSGAII,DTLZ6,3,TTT_igd_x1.5,10000.0,10000.0,10000.0,30
IVFNSGAII,DTLZ6,3,TTT_igd_x1.2,10000.0,10000.0,10000.0,30
IVFNSGAII,DTLZ6,3,TTT_igd_x1.0,60000.0,45000.0,70000.0,30
IVFNSGAII,DTLZ7,2,AUC_IGD,496.51470772441724,493.0656345910693,498.718125427432,30
IVFNSGAII,DTLZ7,2,AUC_HV,21831.85144386634,21830.05487587335,21834.28806556236,30
IVFNSGAII,DTLZ7,2,Final_IGD,0.0054793273384937,0.0054170651160704,0.00555403829887775,30
IVFNSGAII,DTLZ7,2,Final_HV,0.24266665579794225,0.24263931063812985,0.24268502829482647,30
IVFNSGAII,DTLZ7,2,Best_IGD,0.00509731797471375,0.00504191809270015,0.0051619653128885,30
IVFNSGAII,DTLZ7,2,Best_HV,0.2427756089817845,0.24276885711827415,0.24278637384522633,30
IVFNSGAII,DTLZ7,2,TTT_igd_x100,10000.0,10000.0,10000.0,30
IVFNSGAII,DTLZ7,2,TTT_igd_x50,10000.0,10000.0,10000.0,30
IVFNSGAII,DTLZ7,2,TTT_igd_x20,10000.0,10000.0,10000.0,30
IVFNSGAII,DTLZ7,2,TTT_igd_x10,10000.0,10000.0,10000.0,30
IVFNSGAII,DTLZ7,2,TTT_igd_x5,10000.0,10000.0,10000.0,30
IVFNSGAII,DTLZ7,2,TTT_igd_x3,10000.0,10000.0,10000.0,30
IVFNSGAII,DTLZ7,2,TTT_igd_x2,10000.0,10000.0,10000.0,30
IVFNSGAII,DTLZ7,2,TTT_igd_x1.5,20000.0,10000.0,20000.0,30
IVFNSGAII,DTLZ7,2,TTT_igd_x1.2,20000.0,20000.0,20000.0,30
IVFNSGAII,DTLZ7,2,TTT_igd_x1.0,50000.0,35000.0,55000.0,30
IVFNSGAII,DTLZ7,3,AUC_IGD,7032.70197921063,6960.548005946666,7157.930022702376,30
IVFNSGAII,DTLZ7,3,AUC_HV,24024.50721009459,24008.84985303883,24056.317790776106,30
IVFNSGAII,DTLZ7,3,Final_IGD,0.0766654386511594,0.07423520012856624,0.0788115602137193,30
IVFNSGAII,DTLZ7,3,Final_HV,0.26974987108420057,0.26870790458515004,0.2704508141663672,30
IVFNSGAII,DTLZ7,3,Best_IGD,0.07157849110114514,0.0709061492720279,0.0721613119216513,30
IVFNSGAII,DTLZ7,3,Best_HV,0.27101176215135064,0.2708404177763051,0.2713215893775713,30
IVFNSGAII,DTLZ7,3,TTT_igd_x100,10000.0,10000.0,10000.0,30
IVFNSGAII,DTLZ7,3,TTT_igd_x50,10000.0,10000.0,10000.0,30
IVFNSGAII,DTLZ7,3,TTT_igd_x20,10000.0,10000.0,10000.0,30
IVFNSGAII,DTLZ7,3,TTT_igd_x10,10000.0,10000.0,10000.0,30
IVFNSGAII,DTLZ7,3,TTT_igd_x5,10000.0,10000.0,10000.0,30
IVFNSGAII,DTLZ7,3,TTT_igd_x3,10000.0,10000.0,10000.0,30
IVFNSGAII,DTLZ7,3,TTT_igd_x2,10000.0,10000.0,10000.0,30
IVFNSGAII,DTLZ7,3,TTT_igd_x1.5,10000.0,10000.0,10000.0,30
IVFNSGAII,DTLZ7,3,TTT_igd_x1.2,20000.0,20000.0,20000.0,30
IVFNSGAII,DTLZ7,3,TTT_igd_x1.0,65000.0,35000.0,90000.0,30
IVFNSGAII,MaF1,2,AUC_IGD,414.38964080313906,413.27333045035374,415.6162886061145,30
IVFNSGAII,MaF1,2,AUC_HV,52283.03186922091,52281.904333048464,52284.343747512496,30
IVFNSGAII,MaF1,2,Final_IGD,0.0046074682749539,0.0045425564413822,0.0046687917222297,30
IVFNSGAII,MaF1,2,Final_HV,0.5809211803164189,0.5808193599123717,0.5810051763624959,30
IVFNSGAII,MaF1,2,Best_IGD,0.0043834719489686,0.0043410595030108495,0.00440694271202535,30
IVFNSGAII,MaF1,2,Best_HV,0.5812244226978307,0.5812071241140561,0.5813090217472952,30
IVFNSGAII,MaF1,2,TTT_igd_x100,10000.0,10000.0,10000.0,30
IVFNSGAII,MaF1,2,TTT_igd_x50,10000.0,10000.0,10000.0,30
IVFNSGAII,MaF1,2,TTT_igd_x20,10000.0,10000.0,10000.0,30
IVFNSGAII,MaF1,2,TTT_igd_x10,10000.0,10000.0,10000.0,30
IVFNSGAII,MaF1,2,TTT_igd_x5,10000.0,10000.0,10000.0,30
IVFNSGAII,MaF1,2,TTT_igd_x3,10000.0,10000.0,10000.0,30
IVFNSGAII,MaF1,2,TTT_igd_x2,10000.0,10000.0,10000.0,30
IVFNSGAII,MaF1,2,TTT_igd_x1.5,10000.0,10000.0,10000.0,30
IVFNSGAII,MaF1,2,TTT_igd_x1.2,10000.0,10000.0,10000.0,30
IVFNSGAII,MaF1,2,TTT_igd_x1.0,50000.0,40000.0,55000.0,30
IVFNSGAII,MaF1,3,AUC_IGD,5192.614743122315,5157.7296524918165,5242.075968443248,30
IVFNSGAII,MaF1,3,AUC_HV,18383.772944565404,18357.46166263044,18413.687571848262,30
IVFNSGAII,MaF1,3,Final_IGD,0.0577080077186577,0.0564983511034398,0.05821205155707565,30
IVFNSGAII,MaF1,3,Final_HV,0.20441724318792748,0.2036577563783526,0.20504972155792164,30
IVFNSGAII,MaF1,3,Best_IGD,0.053987510290781554,0.05339647540687815,0.05445338005849215,30
IVFNSGAII,MaF1,3,Best_HV,0.20743444630647156,0.20702042083280245,0.20794817352989864,30
IVFNSGAII,MaF1,3,TTT_igd_x100,10000.0,10000.0,10000.0,30
IVFNSGAII,MaF1,3,TTT_igd_x50,10000.0,10000.0,10000.0,30
IVFNSGAII,MaF1,3,TTT_igd_x20,10000.0,10000.0,10000.0,30
IVFNSGAII,MaF1,3,TTT_igd_x10,10000.0,10000.0,10000.0,30
IVFNSGAII,MaF1,3,TTT_igd_x5,10000.0,10000.0,10000.0,30
IVFNSGAII,MaF1,3,TTT_igd_x3,10000.0,10000.0,10000.0,30
IVFNSGAII,MaF1,3,TTT_igd_x2,10000.0,10000.0,10000.0,30
IVFNSGAII,MaF1,3,TTT_igd_x1.5,10000.0,10000.0,10000.0,30
IVFNSGAII,MaF1,3,TTT_igd_x1.2,10000.0,10000.0,10000.0,30
IVFNSGAII,MaF1,3,TTT_igd_x1.0,55000.0,40000.0,75000.0,30
IVFNSGAII,MaF2,2,AUC_IGD,245.10775944743375,243.3580820153765,245.831288191998,30
IVFNSGAII,MaF2,2,AUC_HV,18614.049551743214,18612.80121335291,18615.83215770622,30
IVFNSGAII,MaF2,2,Final_IGD,0.0027166137320572504,0.0026869426226201,0.00278285452889665,30
IVFNSGAII,MaF2,2,Final_HV,0.20685605426627457,0.2068019162975906,0.20687730660000514,30
IVFNSGAII,MaF2,2,Best_IGD,0.0025750820545949,0.002548470320959,0.0025904791721786708,30
IVFNSGAII,MaF2,2,Best_HV,0.20696867758203374,0.2069402052603174,0.20699564625012515,30
IVFNSGAII,MaF2,2,TTT_igd_x100,10000.0,10000.0,10000.0,30
IVFNSGAII,MaF2,2,TTT_igd_x50,10000.0,10000.0,10000.0,30
IVFNSGAII,MaF2,2,TTT_igd_x20,10000.0,10000.0,10000.0,30
IVFNSGAII,MaF2,2,TTT_igd_x10,10000.0,10000.0,10000.0,30
IVFNSGAII,MaF2,2,TTT_igd_x5,10000.0,10000.0,10000.0,30
IVFNSGAII,MaF2,2,TTT_igd_x3,10000.0,10000.0,10000.0,30
IVFNSGAII,MaF2,2,TTT_igd_x2,10000.0,10000.0,10000.0,30
IVFNSGAII,MaF2,2,TTT_igd_x1.5,10000.0,10000.0,10000.0,30
IVFNSGAII,MaF2,2,TTT_igd_x1.2,10000.0,10000.0,10000.0,30
IVFNSGAII,MaF2,2,TTT_igd_x1.0,50000.0,35000.0,65000.0,30
IVFNSGAII,MaF2,3,AUC_IGD,4179.003468379948,4151.527290087124,4236.538768838187,30
IVFNSGAII,MaF2,3,AUC_HV,21139.00625840613,21127.95963964083,21162.8275355215,30
IVFNSGAII,MaF2,3,Final_IGD,0.04556443099379995,0.044023788806884206,0.04778267432134935,30
IVFNSGAII,MaF2,3,Final_HV,0.2358466212715043,0.2346963335738381,0.23754234767507454,30
IVFNSGAII,MaF2,3,Best_IGD,0.0419317495697526,0.0415474341193007,0.0424618097868024,30
IVFNSGAII,MaF2,3,Best_HV,0.23769275644558857,0.2374659920355705,0.23795800721361485,30
IVFNSGAII,MaF2,3,TTT_igd_x100,10000.0,10000.0,10000.0,30
IVFNSGAII,MaF2,3,TTT_igd_x50,10000.0,10000.0,10000.0,30
IVFNSGAII,MaF2,3,TTT_igd_x20,10000.0,10000.0,10000.0,30
IVFNSGAII,MaF2,3,TTT_igd_x10,10000.0,10000.0,10000.0,30
IVFNSGAII,MaF2,3,TTT_igd_x5,10000.0,10000.0,10000.0,30
IVFNSGAII,MaF2,3,TTT_igd_x3,10000.0,10000.0,10000.0,30
IVFNSGAII,MaF2,3,TTT_igd_x2,10000.0,10000.0,10000.0,30
IVFNSGAII,MaF2,3,TTT_igd_x1.5,10000.0,10000.0,10000.0,30
IVFNSGAII,MaF2,3,TTT_igd_x1.2,10000.0,10000.0,10000.0,30
IVFNSGAII,MaF2,3,TTT_igd_x1.0,50000.0,50000.0,70000.0,30
IVFNSGAII,MaF3,2,AUC_IGD,269750.3076802148,183761.51933728426,397977.27340866445,30
IVFNSGAII,MaF3,2,AUC_HV,56190.913312913064,53614.951313050195,59580.5015155747,30
IVFNSGAII,MaF3,2,Final_IGD,0.00487931608340225,0.0046577404027509,0.005117295753266599,30
IVFNSGAII,MaF3,2,Final_HV,0.7185950331214033,0.7181840489229516,0.719035271743899,30
IVFNSGAII,MaF3,2,Best_IGD,0.0048432264864616496,0.0046222021674608,0.00496865150376115,30
IVFNSGAII,MaF3,2,Best_HV,0.718595139231494,0.718240611400716,0.719035271743899,30
IVFNSGAII,MaF3,2,TTT_igd_x100,20000.0,20000.0,30000.0,30
IVFNSGAII,MaF3,2,TTT_igd_x50,30000.0,20000.0,30000.0,30
IVFNSGAII,MaF3,2,TTT_igd_x20,30000.0,20000.0,30000.0,30
IVFNSGAII,MaF3,2,TTT_igd_x10,30000.0,30000.0,30000.0,30
IVFNSGAII,MaF3,2,TTT_igd_x5,30000.0,30000.0,30000.0,30
IVFNSGAII,MaF3,2,TTT_igd_x3,40000.0,30000.0,40000.0,30
IVFNSGAII,MaF3,2,TTT_igd_x2,45000.0,40000.0,50000.0,30
IVFNSGAII,MaF3,2,TTT_igd_x1.5,55000.0,40000.0,60000.0,30
IVFNSGAII,MaF3,2,TTT_igd_x1.2,70000.0,60000.0,70000.0,30
IVFNSGAII,MaF3,2,TTT_igd_x1.0,100000.0,90000.0,100000.0,30
IVFNSGAII,MaF3,3,AUC_IGD,659500.1688496863,387782.27517774224,1212301.7455798085,30
IVFNSGAII,MaF3,3,AUC_HV,63380.126294798756,52259.84947920182,70461.99504476084,30
IVFNSGAII,MaF3,3,Final_IGD,0.0510387833806675,0.04853174826211335,0.053063131789946205,30
IVFNSGAII,MaF3,3,Final_HV,0.9521888178942552,0.9507879239434474,0.9528154037803382,30
IVFNSGAII,MaF3,3,Best_IGD,0.0467255517425921,0.045939413332349396,0.0483177618299762,30
IVFNSGAII,MaF3,3,Best_HV,0.953873539326048,0.9530426042109192,0.9548350822814697,30
IVFNSGAII,MaF3,3,TTT_igd_x100,30000.0,30000.0,30000.0,30
IVFNSGAII,MaF3,3,TTT_igd_x50,30000.0,30000.0,40000.0,30
IVFNSGAII,MaF3,3,TTT_igd_x20,35000.0,30000.0,50000.0,30
IVFNSGAII,MaF3,3,TTT_igd_x10,35000.0,30000.0,50000.0,30
IVFNSGAII,MaF3,3,TTT_igd_x5,40000.0,30000.0,50000.0,30
IVFNSGAII,MaF3,3,TTT_igd_x3,40000.0,30000.0,50000.0,30
IVFNSGAII,MaF3,3,TTT_igd_x2,40000.0,40000.0,50000.0,30
IVFNSGAII,MaF3,3,TTT_igd_x1.5,50000.0,40000.0,50000.0,30
IVFNSGAII,MaF3,3,TTT_igd_x1.2,55000.0,50000.0,60000.0,30
IVFNSGAII,MaF3,3,TTT_igd_x1.0,90000.0,80000.0,95000.0,30
IVFNSGAII,MaF4,2,AUC_IGD,54475.51224174281,42517.81383511088,76806.86843209842,30
IVFNSGAII,MaF4,2,AUC_HV,64395.673186197164,61268.05872911893,69048.17713804616,30
IVFNSGAII,MaF4,2,Final_IGD,0.0157218027203202,0.01523248437843015,0.01601009798937355,30
IVFNSGAII,MaF4,2,Final_HV,0.8180702208777572,0.8177637603148058,0.8182928047432059,30
IVFNSGAII,MaF4,2,Best_IGD,0.015251653452902001,0.015099227334836849,0.0154341323479825,30
IVFNSGAII,MaF4,2,Best_HV,0.8181483548195498,0.817871807837957,0.8183049644060186,30
IVFNSGAII,MaF4,2,TTT_igd_x100,20000.0,20000.0,30000.0,30
IVFNSGAII,MaF4,2,TTT_igd_x50,30000.0,20000.0,30000.0,30
IVFNSGAII,MaF4,2,TTT_igd_x20,30000.0,20000.0,30000.0,30
IVFNSGAII,MaF4,2,TTT_igd_x10,30000.0,20000.0,30000.0,30
IVFNSGAII,MaF4,2,TTT_igd_x5,30000.0,25000.0,30000.0,30
IVFNSGAII,MaF4,2,TTT_igd_x3,30000.0,30000.0,30000.0,30
IVFNSGAII,MaF4,2,TTT_igd_x2,30000.0,30000.0,40000.0,30
IVFNSGAII,MaF4,2,TTT_igd_x1.5,40000.0,40000.0,40000.0,30
IVFNSGAII,MaF4,2,TTT_igd_x1.2,45000.0,40000.0,50000.0,30
IVFNSGAII,MaF4,2,TTT_igd_x1.0,90000.0,80000.0,100000.0,30
IVFNSGAII,MaF4,3,AUC_IGD,177346.4116881588,149775.6326661916,233002.9231235416,30
IVFNSGAII,MaF4,3,AUC_HV,37778.70427429853,36503.91099659352,38609.154145599554,30
IVFNSGAII,MaF4,3,Final_IGD,0.2962187764549937,0.2928835672724531,0.30198614186668465,30
IVFNSGAII,MaF4,3,Final_HV,0.5230934388241613,0.5210345712551645,0.5242087920242988,30
IVFNSGAII,MaF4,3,Best_IGD,0.28456231295110157,0.2820312218060886,0.290794109022003,30
IVFNSGAII,MaF4,3,Best_HV,0.5242858283591298,0.5231771597471545,0.5257983879098646,30
IVFNSGAII,MaF4,3,TTT_igd_x100,10000.0,10000.0,10000.0,30
IVFNSGAII,MaF4,3,TTT_igd_x50,20000.0,20000.0,20000.0,30
IVFNSGAII,MaF4,3,TTT_igd_x20,20000.0,20000.0,30000.0,30
IVFNSGAII,MaF4,3,TTT_igd_x10,30000.0,20000.0,30000.0,30
IVFNSGAII,MaF4,3,TTT_igd_x5,30000.0,30000.0,30000.0,30
IVFNSGAII,MaF4,3,TTT_igd_x3,30000.0,30000.0,30000.0,30
IVFNSGAII,MaF4,3,TTT_igd_x2,30000.0,30000.0,35000.0,30
IVFNSGAII,MaF4,3,TTT_igd_x1.5,30000.0,30000.0,40000.0,30
IVFNSGAII,MaF4,3,TTT_igd_x1.2,40000.0,40000.0,40000.0,30
IVFNSGAII,MaF4,3,TTT_igd_x1.0,80000.0,70000.0,90000.0,30
IVFNSGAII,MaF5,2,AUC_IGD,1413.180496297322,1398.4501920954128,1419.6839336437297,30
IVFNSGAII,MaF5,2,AUC_HV,31194.406833165704,31190.846884143593,31196.44014778847,30
IVFNSGAII,MaF5,2,Final_IGD,0.0160231494856799,0.0156494087741809,0.0165128912637727,30
IVFNSGAII,MaF5,2,Final_HV,0.34659850452062313,0.3464774533639355,0.3466748432488067,30
IVFNSGAII,MaF5,2,Best_IGD,0.014791238031164299,0.01462879368078005,0.014898478469823551,30
IVFNSGAII,MaF5,2,Best_HV,0.3468259079512843,0.3467436041387676,0.3468566989630626,30
IVFNSGAII,MaF5,2,TTT_igd_x100,10000.0,10000.0,10000.0,30
IVFNSGAII,MaF5,2,TTT_igd_x50,10000.0,10000.0,10000.0,30
IVFNSGAII,MaF5,2,TTT_igd_x20,10000.0,10000.0,10000.0,30
IVFNSGAII,MaF5,2,TTT_igd_x10,10000.0,10000.0,10000.0,30
IVFNSGAII,MaF5,2,TTT_igd_x5,10000.0,10000.0,10000.0,30
IVFNSGAII,MaF5,2,TTT_igd_x3,10000.0,10000.0,10000.0,30
IVFNSGAII,MaF5,2,TTT_igd_x2,10000.0,10000.0,10000.0,30
IVFNSGAII,MaF5,2,TTT_igd_x1.5,10000.0,10000.0,10000.0,30
IVFNSGAII,MaF5,2,TTT_igd_x1.2,10000.0,10000.0,10000.0,30
IVFNSGAII,MaF5,2,TTT_igd_x1.0,55000.0,40000.0,75000.0,30
IVFNSGAII,MaF5,3,AUC_IGD,27009.707815629125,26825.524109329686,27117.210496592255,30
IVFNSGAII,MaF5,3,AUC_HV,48114.37291021306,48077.61498367773,48193.48396984274,30
IVFNSGAII,MaF5,3,Final_IGD,0.30320095715181294,0.298926148922637,0.30728375542394304,30
IVFNSGAII,MaF5,3,Final_HV,0.5354742221137279,0.533590189552728,0.5377376729034818,30
IVFNSGAII,MaF5,3,Best_IGD,0.28512077476238534,0.28092522758421,0.289593017645405,30
IVFNSGAII,MaF5,3,Best_HV,0.540084041412606,0.5393618963511799,0.5414514903019949,30
IVFNSGAII,MaF5,3,TTT_igd_x100,10000.0,10000.0,10000.0,30
IVFNSGAII,MaF5,3,TTT_igd_x50,10000.0,10000.0,10000.0,30
IVFNSGAII,MaF5,3,TTT_igd_x20,10000.0,10000.0,10000.0,30
IVFNSGAII,MaF5,3,TTT_igd_x10,10000.0,10000.0,10000.0,30
IVFNSGAII,MaF5,3,TTT_igd_x5,10000.0,10000.0,10000.0,30
IVFNSGAII,MaF5,3,TTT_igd_x3,10000.0,10000.0,10000.0,30
IVFNSGAII,MaF5,3,TTT_igd_x2,10000.0,10000.0,10000.0,30
IVFNSGAII,MaF5,3,TTT_igd_x1.5,10000.0,10000.0,10000.0,30
IVFNSGAII,MaF5,3,TTT_igd_x1.2,10000.0,10000.0,10000.0,30
IVFNSGAII,MaF5,3,TTT_igd_x1.0,55000.0,40000.0,75000.0,30
IVFNSGAII,MaF6,2,AUC_IGD,453.752889115058,450.3783589548975,456.2459598840298,30
IVFNSGAII,MaF6,2,AUC_HV,31218.20268471897,31216.34756113244,31222.681645479854,30
IVFNSGAII,MaF6,2,Final_IGD,0.0050293843795893994,0.00491012519135065,0.0051627435569087995,30
IVFNSGAII,MaF6,2,Final_HV,0.3470559556972094,0.3469913191009334,0.34713001249492925,30
IVFNSGAII,MaF6,2,Best_IGD,0.00477329089889765,0.0047502623339881495,0.00479673948389045,30
IVFNSGAII,MaF6,2,Best_HV,0.34719062590619554,0.3471748320050593,0.3472415503153168,30
IVFNSGAII,MaF6,2,TTT_igd_x100,10000.0,10000.0,10000.0,30
IVFNSGAII,MaF6,2,TTT_igd_x50,10000.0,10000.0,10000.0,30
IVFNSGAII,MaF6,2,TTT_igd_x20,10000.0,10000.0,10000.0,30
IVFNSGAII,MaF6,2,TTT_igd_x10,10000.0,10000.0,10000.0,30
IVFNSGAII,MaF6,2,TTT_igd_x5,10000.0,10000.0,10000.0,30
IVFNSGAII,MaF6,2,TTT_igd_x3,10000.0,10000.0,10000.0,30
IVFNSGAII,MaF6,2,TTT_igd_x2,10000.0,10000.0,10000.0,30
IVFNSGAII,MaF6,2,TTT_igd_x1.5,10000.0,10000.0,10000.0,30
IVFNSGAII,MaF6,2,TTT_igd_x1.2,10000.0,10000.0,10000.0,30
IVFNSGAII,MaF6,2,TTT_igd_x1.0,60000.0,50000.0,70000.0,30
IVFNSGAII,MaF6,3,AUC_IGD,476.0834941132715,472.14538532054644,481.3965704625718,30
IVFNSGAII,MaF6,3,AUC_HV,17967.26540959569,17964.906597195455,17971.17994932864,30
IVFNSGAII,MaF6,3,Final_IGD,0.00531270764937255,0.0051581304328977,0.0054485044381325995,30
IVFNSGAII,MaF6,3,Final_HV,0.19979191639866228,0.1997632280127375,0.19986308393448646,30
IVFNSGAII,MaF6,3,Best_IGD,0.004963944259859901,0.0049288788383917495,0.00499243278034425,30
IVFNSGAII,MaF6,3,Best_HV,0.1999220347128286,0.1999012881632356,0.1999470096151303,30
IVFNSGAII,MaF6,3,TTT_igd_x100,10000.0,10000.0,10000.0,30
IVFNSGAII,MaF6,3,TTT_igd_x50,10000.0,10000.0,10000.0,30
IVFNSGAII,MaF6,3,TTT_igd_x20,10000.0,10000.0,10000.0,30
IVFNSGAII,MaF6,3,TTT_igd_x10,10000.0,10000.0,10000.0,30
IVFNSGAII,MaF6,3,TTT_igd_x5,10000.0,10000.0,10000.0,30
IVFNSGAII,MaF6,3,TTT_igd_x3,10000.0,10000.0,10000.0,30
IVFNSGAII,MaF6,3,TTT_igd_x2,10000.0,10000.0,10000.0,30
IVFNSGAII,MaF6,3,TTT_igd_x1.5,10000.0,10000.0,10000.0,30
IVFNSGAII,MaF6,3,TTT_igd_x1.2,10000.0,10000.0,10000.0,30
IVFNSGAII,MaF6,3,TTT_igd_x1.0,60000.0,50000.0,80000.0,30
IVFNSGAII,MaF7,2,AUC_IGD,491.79922191451675,489.8341188601635,494.2304684797168,30
IVFNSGAII,MaF7,2,AUC_HV,21834.451694354015,21832.036613461423,21835.42796566921,30
IVFNSGAII,MaF7,2,Final_IGD,0.00546102582834145,0.0053681210581901,0.00557319932635185,30
IVFNSGAII,MaF7,2,Final_HV,0.24267756526266404,0.24264516015967816,0.24269816679947345,30
IVFNSGAII,MaF7,2,Best_IGD,0.0050638651981061,0.00503276616362365,0.0050901111439246,30
IVFNSGAII,MaF7,2,Best_HV,0.24277993522822439,0.242775466792779,0.24278747325884048,30
IVFNSGAII,MaF7,2,TTT_igd_x100,10000.0,10000.0,10000.0,30
IVFNSGAII,MaF7,2,TTT_igd_x50,10000.0,10000.0,10000.0,30
IVFNSGAII,MaF7,2,TTT_igd_x20,10000.0,10000.0,10000.0,30
IVFNSGAII,MaF7,2,TTT_igd_x10,10000.0,10000.0,10000.0,30
IVFNSGAII,MaF7,2,TTT_igd_x5,10000.0,10000.0,10000.0,30
IVFNSGAII,MaF7,2,TTT_igd_x3,10000.0,10000.0,10000.0,30
IVFNSGAII,MaF7,2,TTT_igd_x2,10000.0,10000.0,10000.0,30
IVFNSGAII,MaF7,2,TTT_igd_x1.5,10000.0,10000.0,20000.0,30
IVFNSGAII,MaF7,2,TTT_igd_x1.2,20000.0,20000.0,20000.0,30
IVFNSGAII,MaF7,2,TTT_igd_x1.0,40000.0,30000.0,40000.0,30
IVFNSGAII,MaF7,3,AUC_IGD,7024.262815473771,6978.050808390304,7096.437511137676,30
IVFNSGAII,MaF7,3,AUC_HV,24061.951420649595,24019.620463335326,24093.650361233347,30
IVFNSGAII,MaF7,3,Final_IGD,0.0774746754515051,0.07655624209318755,0.08054794283038266,30
IVFNSGAII,MaF7,3,Final_HV,0.26835139873324476,0.2676181208435747,0.26933483507221345,30
IVFNSGAII,MaF7,3,Best_IGD,0.07110522908295805,0.07046722910164935,0.07258232060031575,30
IVFNSGAII,MaF7,3,Best_HV,0.2712534543504218,0.2711068019976225,0.2718570622144568,30
IVFNSGAII,MaF7,3,TTT_igd_x100,10000.0,10000.0,10000.0,30
IVFNSGAII,MaF7,3,TTT_igd_x50,10000.0,10000.0,10000.0,30
IVFNSGAII,MaF7,3,TTT_igd_x20,10000.0,10000.0,10000.0,30
IVFNSGAII,MaF7,3,TTT_igd_x10,10000.0,10000.0,10000.0,30
IVFNSGAII,MaF7,3,TTT_igd_x5,10000.0,10000.0,10000.0,30
IVFNSGAII,MaF7,3,TTT_igd_x3,10000.0,10000.0,10000.0,30
IVFNSGAII,MaF7,3,TTT_igd_x2,10000.0,10000.0,10000.0,30
IVFNSGAII,MaF7,3,TTT_igd_x1.5,10000.0,10000.0,10000.0,30
IVFNSGAII,MaF7,3,TTT_igd_x1.2,20000.0,20000.0,20000.0,30
IVFNSGAII,MaF7,3,TTT_igd_x1.0,50000.0,40000.0,70000.0,30
IVFNSGAII,WFG1,2,AUC_IGD,2422.453544470529,2302.279149528854,2501.025263546783,30
IVFNSGAII,WFG1,2,AUC_HV,62096.52878088673,62010.90055910798,62148.08887508293,30
IVFNSGAII,WFG1,2,Final_IGD,0.01813387653282325,0.017863259131025898,0.0185858362325915,30
IVFNSGAII,WFG1,2,Final_HV,0.6947265363732968,0.6946060979804811,0.694851869407442,30
IVFNSGAII,WFG1,2,Best_IGD,0.017021226546031297,0.01689488093914175,0.017222968866921,30
IVFNSGAII,WFG1,2,Best_HV,0.6950720497194718,0.6950172068265196,0.6951324551715774,30
IVFNSGAII,WFG1,2,TTT_igd_x100,10000.0,10000.0,10000.0,30
IVFNSGAII,WFG1,2,TTT_igd_x50,10000.0,10000.0,10000.0,30
IVFNSGAII,WFG1,2,TTT_igd_x20,10000.0,10000.0,10000.0,30
IVFNSGAII,WFG1,2,TTT_igd_x10,10000.0,10000.0,20000.0,30
IVFNSGAII,WFG1,2,TTT_igd_x5,20000.0,20000.0,20000.0,30
IVFNSGAII,WFG1,2,TTT_igd_x3,20000.0,20000.0,20000.0,30
IVFNSGAII,WFG1,2,TTT_igd_x2,20000.0,20000.0,20000.0,30
IVFNSGAII,WFG1,2,TTT_igd_x1.5,20000.0,20000.0,20000.0,30
IVFNSGAII,WFG1,2,TTT_igd_x1.2,30000.0,30000.0,30000.0,30
IVFNSGAII,WFG1,2,TTT_igd_x1.0,65000.0,50000.0,80000.0,30
IVFNSGAII,WFG1,3,AUC_IGD,21736.39620298933,21441.400572761388,22253.50812440672,30
IVFNSGAII,WFG1,3,AUC_HV,82832.92009818801,82634.00787070661,83130.98305634904,30
IVFNSGAII,WFG1,3,Final_IGD,0.23350882398122097,0.23105950501443126,0.24135137005514914,30
IVFNSGAII,WFG1,3,Final_HV,0.9299170021257968,0.9290054090922335,0.930836599778654,30
IVFNSGAII,WFG1,3,Best_IGD,0.2126249107226283,0.2110805588891975,0.2152472567975472,30
IVFNSGAII,WFG1,3,Best_HV,0.9350412956347111,0.9339195267196795,0.9357465868267238,30
IVFNSGAII,WFG1,3,TTT_igd_x100,10000.0,10000.0,10000.0,30
IVFNSGAII,WFG1,3,TTT_igd_x50,10000.0,10000.0,10000.0,30
IVFNSGAII,WFG1,3,TTT_igd_x20,10000.0,10000.0,10000.0,30
IVFNSGAII,WFG1,3,TTT_igd_x10,10000.0,10000.0,10000.0,30
IVFNSGAII,WFG1,3,TTT_igd_x5,10000.0,10000.0,10000.0,30
IVFNSGAII,WFG1,3,TTT_igd_x3,10000.0,10000.0,10000.0,30
IVFNSGAII,WFG1,3,TTT_igd_x2,10000.0,10000.0,20000.0,30
IVFNSGAII,WFG1,3,TTT_igd_x1.5,20000.0,20000.0,20000.0,30
IVFNSGAII,WFG1,3,TTT_igd_x1.2,20000.0,20000.0,20000.0,30
IVFNSGAII,WFG1,3,TTT_igd_x1.0,40000.0,40000.0,60000.0,30
IVFNSGAII,WFG2,2,AUC_IGD,1241.5389350407204,1216.021243895883,1253.831949327113,30
IVFNSGAII,WFG2,2,AUC_HV,56843.82715550458,56814.25793952226,56868.676304223714,30
IVFNSGAII,WFG2,2,Final_IGD,0.01323741406521075,0.012907781574258651,0.0133669627461083,30
IVFNSGAII,WFG2,2,Final_HV,0.6323764281560327,0.6321918389523714,0.632557736965245,30
IVFNSGAII,WFG2,2,Best_IGD,0.0127925251090585,0.012685531917752,0.01286652547566565,30
IVFNSGAII,WFG2,2,Best_HV,0.6324377290091991,0.6322333636564685,0.6325844369355635,30
IVFNSGAII,WFG2,2,TTT_igd_x100,10000.0,10000.0,10000.0,30
IVFNSGAII,WFG2,2,TTT_igd_x50,10000.0,10000.0,10000.0,30
IVFNSGAII,WFG2,2,TTT_igd_x20,10000.0,10000.0,10000.0,30
IVFNSGAII,WFG2,2,TTT_igd_x10,10000.0,10000.0,10000.0,30
IVFNSGAII,WFG2,2,TTT_igd_x5,10000.0,10000.0,10000.0,30
IVFNSGAII,WFG2,2,TTT_igd_x3,10000.0,10000.0,10000.0,30
IVFNSGAII,WFG2,2,TTT_igd_x2,10000.0,10000.0,10000.0,30
IVFNSGAII,WFG2,2,TTT_igd_x1.5,10000.0,10000.0,20000.0,30
IVFNSGAII,WFG2,2,TTT_igd_x1.2,20000.0,20000.0,20000.0,30
IVFNSGAII,WFG2,2,TTT_igd_x1.0,80000.0,60000.0,90000.0,30
IVFNSGAII,WFG2,3,AUC_IGD,20292.606421991022,20066.466758178427,20452.692688256626,30
IVFNSGAII,WFG2,3,AUC_HV,82562.6384220089,82467.35451789128,82637.46412167691,30
IVFNSGAII,WFG2,3,Final_IGD,0.2253121406132788,0.2215799962263068,0.23156798113459434,30
IVFNSGAII,WFG2,3,Final_HV,0.9195194425330139,0.9186728355374798,0.9203876494811181,30
IVFNSGAII,WFG2,3,Best_IGD,0.20699093230632334,0.2034585739007846,0.2085837211139966,30
IVFNSGAII,WFG2,3,Best_HV,0.9224273353328603,0.9219080784807456,0.9239050291449784,30
IVFNSGAII,WFG2,3,TTT_igd_x100,10000.0,10000.0,10000.0,30
IVFNSGAII,WFG2,3,TTT_igd_x50,10000.0,10000.0,10000.0,30
IVFNSGAII,WFG2,3,TTT_igd_x20,10000.0,10000.0,10000.0,30
IVFNSGAII,WFG2,3,TTT_igd_x10,10000.0,10000.0,10000.0,30
IVFNSGAII,WFG2,3,TTT_igd_x5,10000.0,10000.0,10000.0,30
IVFNSGAII,WFG2,3,TTT_igd_x3,10000.0,10000.0,10000.0,30
IVFNSGAII,WFG2,3,TTT_igd_x2,10000.0,10000.0,10000.0,30
IVFNSGAII,WFG2,3,TTT_igd_x1.5,10000.0,10000.0,10000.0,30
IVFNSGAII,WFG2,3,TTT_igd_x1.2,10000.0,10000.0,10000.0,30
IVFNSGAII,WFG2,3,TTT_igd_x1.0,60000.0,40000.0,65000.0,30
IVFNSGAII,WFG3,2,AUC_IGD,1458.324108993943,1416.5439203083326,1474.3430695489105,30
IVFNSGAII,WFG3,2,AUC_HV,52086.98598098042,52064.45479003379,52121.71086754436,30
IVFNSGAII,WFG3,2,Final_IGD,0.0145799749386997,0.014397535736858851,0.0148783616653577,30
IVFNSGAII,WFG3,2,Final_HV,0.5802299198489738,0.5799192933756849,0.5803558241813014,30
IVFNSGAII,WFG3,2,Best_IGD,0.0141867570585005,0.014056193814779499,0.01438144005865395,30
IVFNSGAII,WFG3,2,Best_HV,0.5803488808751551,0.5800370297956248,0.5805038817485055,30
IVFNSGAII,WFG3,2,TTT_igd_x100,10000.0,10000.0,10000.0,30
IVFNSGAII,WFG3,2,TTT_igd_x50,10000.0,10000.0,10000.0,30
IVFNSGAII,WFG3,2,TTT_igd_x20,10000.0,10000.0,10000.0,30
IVFNSGAII,WFG3,2,TTT_igd_x10,10000.0,10000.0,10000.0,30
IVFNSGAII,WFG3,2,TTT_igd_x5,10000.0,10000.0,10000.0,30
IVFNSGAII,WFG3,2,TTT_igd_x3,10000.0,10000.0,10000.0,30
IVFNSGAII,WFG3,2,TTT_igd_x2,10000.0,10000.0,10000.0,30
IVFNSGAII,WFG3,2,TTT_igd_x1.5,20000.0,20000.0,20000.0,30
IVFNSGAII,WFG3,2,TTT_igd_x1.2,30000.0,30000.0,30000.0,30
IVFNSGAII,WFG3,2,TTT_igd_x1.0,80000.0,70000.0,90000.0,30
IVFNSGAII,WFG3,3,AUC_IGD,8593.48596753832,8444.449665525839,8736.875076072098,30
IVFNSGAII,WFG3,3,AUC_HV,35827.8280478788,35795.79648267103,35898.17469028591,30
IVFNSGAII,WFG3,3,Final_IGD,0.0942328537858651,0.08707211689002031,0.10205560340828705,30
IVFNSGAII,WFG3,3,Final_HV,0.40162944515566973,0.4003407574020382,0.40308626936387826,30
IVFNSGAII,WFG3,3,Best_IGD,0.0711998760869602,0.0685598257382819,0.0743205708029032,30
IVFNSGAII,WFG3,3,Best_HV,0.4049295814801668,0.4043350778139772,0.40562592535021624,30
IVFNSGAII,WFG3,3,TTT_igd_x100,10000.0,10000.0,10000.0,30
IVFNSGAII,WFG3,3,TTT_igd_x50,10000.0,10000.0,10000.0,30
IVFNSGAII,WFG3,3,TTT_igd_x20,10000.0,10000.0,10000.0,30
IVFNSGAII,WFG3,3,TTT_igd_x10,10000.0,10000.0,10000.0,30
IVFNSGAII,WFG3,3,TTT_igd_x5,10000.0,10000.0,10000.0,30
IVFNSGAII,WFG3,3,TTT_igd_x3,10000.0,10000.0,10000.0,30
IVFNSGAII,WFG3,3,TTT_igd_x2,10000.0,10000.0,15000.0,30
IVFNSGAII,WFG3,3,TTT_igd_x1.5,20000.0,20000.0,25000.0,30
IVFNSGAII,WFG3,3,TTT_igd_x1.2,40000.0,30000.0,50000.0,30
IVFNSGAII,WFG3,3,TTT_igd_x1.0,70000.0,60000.0,80000.0,30
IVFNSGAII,WFG4,2,AUC_IGD,1393.3753324580182,1389.2147471657672,1398.2306140096061,30
IVFNSGAII,WFG4,2,AUC_HV,31160.673492874666,31154.21906949605,31167.244748787867,30
IVFNSGAII,WFG4,2,Final_IGD,0.01517210290981985,0.0149143926763,0.01540303637992365,30
IVFNSGAII,WFG4,2,Final_HV,0.34668116381381286,0.3465741851018988,0.34671534060413334,30
IVFNSGAII,WFG4,2,Best_IGD,0.01453281848874835,0.01444472424084705,0.0145908769949637,30
IVFNSGAII,WFG4,2,Best_HV,0.3468381793951859,0.3467762517781239,0.346872118829639,30
IVFNSGAII,WFG4,2,TTT_igd_x100,10000.0,10000.0,10000.0,30
IVFNSGAII,WFG4,2,TTT_igd_x50,10000.0,10000.0,10000.0,30
IVFNSGAII,WFG4,2,TTT_igd_x20,10000.0,10000.0,10000.0,30
IVFNSGAII,WFG4,2,TTT_igd_x10,10000.0,10000.0,10000.0,30
IVFNSGAII,WFG4,2,TTT_igd_x5,10000.0,10000.0,10000.0,30
IVFNSGAII,WFG4,2,TTT_igd_x3,10000.0,10000.0,10000.0,30
IVFNSGAII,WFG4,2,TTT_igd_x2,10000.0,10000.0,10000.0,30
IVFNSGAII,WFG4,2,TTT_igd_x1.5,10000.0,10000.0,10000.0,30
IVFNSGAII,WFG4,2,TTT_igd_x1.2,20000.0,20000.0,20000.0,30
IVFNSGAII,WFG4,2,TTT_igd_x1.0,80000.0,70000.0,90000.0,30
IVFNSGAII,WFG4,3,AUC_IGD,24058.596578816876,23962.833104046767,24175.099738387078,30
IVFNSGAII,WFG4,3,AUC_HV,47164.54568510105,47092.7538087782,47214.30253777423,30
IVFNSGAII,WFG4,3,Final_IGD,0.2640004242075247,0.26121762782899105,0.26760411252347044,30
IVFNSGAII,WFG4,3,Final_HV,0.5270303792764531,0.5248657138485961,0.5287808365275997,30
IVFNSGAII,WFG4,3,Best_IGD,0.253989853128218,0.2522365133122372,0.2555635112578401,30
IVFNSGAII,WFG4,3,Best_HV,0.5312316723208406,0.529806298911639,0.5315886946809222,30
IVFNSGAII,WFG4,3,TTT_igd_x100,10000.0,10000.0,10000.0,30
IVFNSGAII,WFG4,3,TTT_igd_x50,10000.0,10000.0,10000.0,30
IVFNSGAII,WFG4,3,TTT_igd_x20,10000.0,10000.0,10000.0,30
IVFNSGAII,WFG4,3,TTT_igd_x10,10000.0,10000.0,10000.0,30
IVFNSGAII,WFG4,3,TTT_igd_x5,10000.0,10000.0,10000.0,30
IVFNSGAII,WFG4,3,TTT_igd_x3,10000.0,10000.0,10000.0,30
IVFNSGAII,WFG4,3,TTT_igd_x2,10000.0,10000.0,10000.0,30
IVFNSGAII,WFG4,3,TTT_igd_x1.5,10000.0,10000.0,10000.0,30
IVFNSGAII,WFG4,3,TTT_igd_x1.2,10000.0,10000.0,10000.0,30
IVFNSGAII,WFG4,3,TTT_igd_x1.0,65000.0,55000.0,90000.0,30
IVFNSGAII,WFG5,2,AUC_IGD,5881.727927305379,5877.8590177341075,5888.5435962381525,30
IVFNSGAII,WFG5,2,AUC_HV,28156.348483879374,28154.212627170855,28157.863323347352,30
IVFNSGAII,WFG5,2,Final_IGD,0.06526074474515385,0.06508077627064085,0.0652981371614038,30
IVFNSGAII,WFG5,2,Final_HV,0.3128198670321404,0.3127302757918903,0.31289508026383456,30
IVFNSGAII,WFG5,2,Best_IGD,0.06474708051494815,0.06466069693347495,0.06482794946073489,30
IVFNSGAII,WFG5,2,Best_HV,0.31311698225606266,0.3130934217140584,0.3131486207272687,30
IVFNSGAII,WFG5,2,TTT_igd_x100,10000.0,10000.0,10000.0,30
IVFNSGAII,WFG5,2,TTT_igd_x50,10000.0,10000.0,10000.0,30
IVFNSGAII,WFG5,2,TTT_igd_x20,10000.0,10000.0,10000.0,30
IVFNSGAII,WFG5,2,TTT_igd_x10,10000.0,10000.0,10000.0,30
IVFNSGAII,WFG5,2,TTT_igd_x5,10000.0,10000.0,10000.0,30
IVFNSGAII,WFG5,2,TTT_igd_x3,10000.0,10000.0,10000.0,30
IVFNSGAII,WFG5,2,TTT_igd_x2,10000.0,10000.0,10000.0,30
IVFNSGAII,WFG5,2,TTT_igd_x1.5,10000.0,10000.0,10000.0,30
IVFNSGAII,WFG5,2,TTT_igd_x1.2,10000.0,10000.0,10000.0,30
IVFNSGAII,WFG5,2,TTT_igd_x1.0,70000.0,35000.0,90000.0,30
IVFNSGAII,WFG5,3,AUC_IGD,25337.252789516897,25139.92736071309,25472.870496316362,30
IVFNSGAII,WFG5,3,AUC_HV,44336.225031143185,44291.67054139929,44376.67848086498,30
IVFNSGAII,WFG5,3,Final_IGD,0.2784208076921092,0.27521572603331046,0.2825596101814366,30
IVFNSGAII,WFG5,3,Final_HV,0.4953898141096894,0.492904007442531,0.49753635093623055,30
IVFNSGAII,WFG5,3,Best_IGD,0.2671560093362738,0.2650739900276561,0.2691595233461172,30
IVFNSGAII,WFG5,3,Best_HV,0.4986300576887832,0.4976739019907963,0.5001114856134848,30
IVFNSGAII,WFG5,3,TTT_igd_x100,10000.0,10000.0,10000.0,30
IVFNSGAII,WFG5,3,TTT_igd_x50,10000.0,10000.0,10000.0,30
IVFNSGAII,WFG5,3,TTT_igd_x20,10000.0,10000.0,10000.0,30
IVFNSGAII,WFG5,3,TTT_igd_x10,10000.0,10000.0,10000.0,30
IVFNSGAII,WFG5,3,TTT_igd_x5,10000.0,10000.0,10000.0,30
IVFNSGAII,WFG5,3,TTT_igd_x3,10000.0,10000.0,10000.0,30
IVFNSGAII,WFG5,3,TTT_igd_x2,10000.0,10000.0,10000.0,30
IVFNSGAII,WFG5,3,TTT_igd_x1.5,10000.0,10000.0,10000.0,30
IVFNSGAII,WFG5,3,TTT_igd_x1.2,10000.0,10000.0,10000.0,30
IVFNSGAII,WFG5,3,TTT_igd_x1.0,60000.0,45000.0,80000.0,30
IVFNSGAII,WFG6,2,AUC_IGD,8286.836639999266,6657.090709982817,8913.105039781882,30
IVFNSGAII,WFG6,2,AUC_HV,26799.892396635354,26467.216701047073,27713.215760104325,30
IVFNSGAII,WFG6,2,Final_IGD,0.09173679389398176,0.0732835784390778,0.09808871952941084,30
IVFNSGAII,WFG6,2,Final_HV,0.29787763186294147,0.2943980737642055,0.3085090368875777,30
IVFNSGAII,WFG6,2,Best_IGD,0.0912587550806925,0.0730427397134256,0.09808871952941084,30
IVFNSGAII,WFG6,2,Best_HV,0.2982779262730878,0.2945402202244854,0.3085515403989981,30
IVFNSGAII,WFG6,2,TTT_igd_x100,10000.0,10000.0,10000.0,30
IVFNSGAII,WFG6,2,TTT_igd_x50,10000.0,10000.0,10000.0,30
IVFNSGAII,WFG6,2,TTT_igd_x20,10000.0,10000.0,10000.0,30
IVFNSGAII,WFG6,2,TTT_igd_x10,10000.0,10000.0,10000.0,30
IVFNSGAII,WFG6,2,TTT_igd_x5,10000.0,10000.0,10000.0,30
IVFNSGAII,WFG6,2,TTT_igd_x3,10000.0,10000.0,10000.0,30
IVFNSGAII,WFG6,2,TTT_igd_x2,10000.0,10000.0,10000.0,30
IVFNSGAII,WFG6,2,TTT_igd_x1.5,10000.0,10000.0,10000.0,30
IVFNSGAII,WFG6,2,TTT_igd_x1.2,10000.0,10000.0,10000.0,30
IVFNSGAII,WFG6,2,TTT_igd_x1.0,80000.0,65000.0,90000.0,30
IVFNSGAII,WFG6,3,AUC_IGD,27389.631702070674,26523.896659117476,27943.169800635595,30
IVFNSGAII,WFG6,3,AUC_HV,42690.16847457278,41983.86987056811,43469.83784128504,30
IVFNSGAII,WFG6,3,Final_IGD,0.308034519680709,0.29867739494566564,0.3143443332655041,30
IVFNSGAII,WFG6,3,Final_HV,0.47217482663102384,0.46682183401490024,0.48575854910349847,30
IVFNSGAII,WFG6,3,Best_IGD,0.2915962382332219,0.28295163552475444,0.2958618698204598,30
IVFNSGAII,WFG6,3,Best_HV,0.48052738151949703,0.47297597697771177,0.49204280339677886,30
IVFNSGAII,WFG6,3,TTT_igd_x100,10000.0,10000.0,10000.0,30
IVFNSGAII,WFG6,3,TTT_igd_x50,10000.0,10000.0,10000.0,30
IVFNSGAII,WFG6,3,TTT_igd_x20,10000.0,10000.0,10000.0,30
IVFNSGAII,WFG6,3,TTT_igd_x10,10000.0,10000.0,10000.0,30
IVFNSGAII,WFG6,3,TTT_igd_x5,10000.0,10000.0,10000.0,30
IVFNSGAII,WFG6,3,TTT_igd_x3,10000.0,10000.0,10000.0,30
IVFNSGAII,WFG6,3,TTT_igd_x2,10000.0,10000.0,10000.0,30
IVFNSGAII,WFG6,3,TTT_igd_x1.5,10000.0,10000.0,10000.0,30
IVFNSGAII,WFG6,3,TTT_igd_x1.2,10000.0,10000.0,10000.0,30
IVFNSGAII,WFG6,3,TTT_igd_x1.0,60000.0,55000.0,70000.0,30
IVFNSGAII,WFG7,2,AUC_IGD,1524.6761730806677,1514.6809137492385,1539.2017018250212,30
IVFNSGAII,WFG7,2,AUC_HV,31072.615097285292,31070.573667182023,31080.55721853965,30
IVFNSGAII,WFG7,2,Final_IGD,0.0167291921134494,0.0165469627668179,0.017298863442885698,30
IVFNSGAII,WFG7,2,Final_HV,0.3454380670836672,0.34528469176346666,0.3455970991846276,30
IVFNSGAII,WFG7,2,Best_IGD,0.01593414807940535,0.0157405675093961,0.016085832873995,30
IVFNSGAII,WFG7,2,Best_HV,0.34579969949022343,0.3457312948002689,0.34589111073245327,30
IVFNSGAII,WFG7,2,TTT_igd_x100,10000.0,10000.0,10000.0,30
IVFNSGAII,WFG7,2,TTT_igd_x50,10000.0,10000.0,10000.0,30
IVFNSGAII,WFG7,2,TTT_igd_x20,10000.0,10000.0,10000.0,30
IVFNSGAII,WFG7,2,TTT_igd_x10,10000.0,10000.0,10000.0,30
IVFNSGAII,WFG7,2,TTT_igd_x5,10000.0,10000.0,10000.0,30
IVFNSGAII,WFG7,2,TTT_igd_x3,10000.0,10000.0,10000.0,30
IVFNSGAII,WFG7,2,TTT_igd_x2,10000.0,10000.0,10000.0,30
IVFNSGAII,WFG7,2,TTT_igd_x1.5,10000.0,10000.0,10000.0,30
IVFNSGAII,WFG7,2,TTT_igd_x1.2,10000.0,10000.0,10000.0,30
IVFNSGAII,WFG7,2,TTT_igd_x1.0,65000.0,50000.0,80000.0,30
IVFNSGAII,WFG7,3,AUC_IGD,25057.302178534504,24848.019524497402,25155.516389497956,30
IVFNSGAII,WFG7,3,AUC_HV,47031.2811254134,46995.356418255265,47097.09867848569,30
IVFNSGAII,WFG7,3,Final_IGD,0.27828097187607315,0.2733282115423017,0.2864159339527552,30
IVFNSGAII,WFG7,3,Final_HV,0.5240907005515445,0.5218518198585522,0.5257460140071433,30
IVFNSGAII,WFG7,3,Best_IGD,0.2621227193503864,0.25953456512044515,0.26360118717580505,30
IVFNSGAII,WFG7,3,Best_HV,0.5296372279582745,0.5292220233723699,0.5300307443145638,30
IVFNSGAII,WFG7,3,TTT_igd_x100,10000.0,10000.0,10000.0,30
IVFNSGAII,WFG7,3,TTT_igd_x50,10000.0,10000.0,10000.0,30
IVFNSGAII,WFG7,3,TTT_igd_x20,10000.0,10000.0,10000.0,30
IVFNSGAII,WFG7,3,TTT_igd_x10,10000.0,10000.0,10000.0,30
IVFNSGAII,WFG7,3,TTT_igd_x5,10000.0,10000.0,10000.0,30
IVFNSGAII,WFG7,3,TTT_igd_x3,10000.0,10000.0,10000.0,30
IVFNSGAII,WFG7,3,TTT_igd_x2,10000.0,10000.0,10000.0,30
IVFNSGAII,WFG7,3,TTT_igd_x1.5,10000.0,10000.0,10000.0,30
IVFNSGAII,WFG7,3,TTT_igd_x1.2,10000.0,10000.0,10000.0,30
IVFNSGAII,WFG7,3,TTT_igd_x1.0,50000.0,40000.0,80000.0,30
IVFNSGAII,WFG8,2,AUC_IGD,9994.003830077025,9890.648395241984,10044.596307662241,30
IVFNSGAII,WFG8,2,AUC_HV,25918.75589079417,25885.47557674112,25981.620844535668,30
IVFNSGAII,WFG8,2,Final_IGD,0.1094443444705969,0.10790194364805794,0.10985657074573155,30
IVFNSGAII,WFG8,2,Final_HV,0.2889393042720053,0.2884576777737117,0.28970298950007556,30
IVFNSGAII,WFG8,2,Best_IGD,0.1090008066379276,0.1075287739298454,0.1095412663350783,30
IVFNSGAII,WFG8,2,Best_HV,0.28901521560694854,0.2888206586071057,0.28991531730984227,30
IVFNSGAII,WFG8,2,TTT_igd_x100,10000.0,10000.0,10000.0,30
IVFNSGAII,WFG8,2,TTT_igd_x50,10000.0,10000.0,10000.0,30
IVFNSGAII,WFG8,2,TTT_igd_x20,10000.0,10000.0,10000.0,30
IVFNSGAII,WFG8,2,TTT_igd_x10,10000.0,10000.0,10000.0,30
IVFNSGAII,WFG8,2,TTT_igd_x5,10000.0,10000.0,10000.0,30
IVFNSGAII,WFG8,2,TTT_igd_x3,10000.0,10000.0,10000.0,30
IVFNSGAII,WFG8,2,TTT_igd_x2,10000.0,10000.0,10000.0,30
IVFNSGAII,WFG8,2,TTT_igd_x1.5,10000.0,10000.0,10000.0,30
IVFNSGAII,WFG8,2,TTT_igd_x1.2,10000.0,10000.0,10000.0,30
IVFNSGAII,WFG8,2,TTT_igd_x1.0,90000.0,90000.0,100000.0,30
IVFNSGAII,WFG8,3,AUC_IGD,33200.22230292237,33124.50811640017,33320.129740439115,30
IVFNSGAII,WFG8,3,AUC_HV,39815.8467459638,39771.24822387536,39904.93186216586,30
IVFNSGAII,WFG8,3,Final_IGD,0.37100140851177243,0.36614330433297915,0.3735572171309663,30
IVFNSGAII,WFG8,3,Final_HV,0.44482794625027544,0.44352372583268185,0.4470621100034273,30
IVFNSGAII,WFG8,3,Best_IGD,0.35429012586412933,0.35172070289026613,0.35643014916589333,30
IVFNSGAII,WFG8,3,Best_HV,0.4488589042404587,0.44796289094906927,0.4497668050013842,30
IVFNSGAII,WFG8,3,TTT_igd_x100,10000.0,10000.0,10000.0,30
IVFNSGAII,WFG8,3,TTT_igd_x50,10000.0,10000.0,10000.0,30
IVFNSGAII,WFG8,3,TTT_igd_x20,10000.0,10000.0,10000.0,30
IVFNSGAII,WFG8,3,TTT_igd_x10,10000.0,10000.0,10000.0,30
IVFNSGAII,WFG8,3,TTT_igd_x5,10000.0,10000.0,10000.0,30
IVFNSGAII,WFG8,3,TTT_igd_x3,10000.0,10000.0,10000.0,30
IVFNSGAII,WFG8,3,TTT_igd_x2,10000.0,10000.0,10000.0,30
IVFNSGAII,WFG8,3,TTT_igd_x1.5,10000.0,10000.0,10000.0,30
IVFNSGAII,WFG8,3,TTT_igd_x1.2,10000.0,10000.0,10000.0,30
IVFNSGAII,WFG8,3,TTT_igd_x1.0,60000.0,50000.0,70000.0,30
IVFNSGAII,WFG9,2,AUC_IGD,1895.3829965923412,1861.5951937381828,1969.762643412559,30
IVFNSGAII,WFG9,2,AUC_HV,30634.527140980477,30579.89463786903,30670.3289171569,30
IVFNSGAII,WFG9,2,Final_IGD,0.01995040241926855,0.0195779905120395,0.0206092051563465,30
IVFNSGAII,WFG9,2,Final_HV,0.3414417450853091,0.3409868911908365,0.34178896680758375,30
IVFNSGAII,WFG9,2,Best_IGD,0.019033507431925847,0.01874727252977135,0.0195159281734429,30
IVFNSGAII,WFG9,2,Best_HV,0.3415526395653145,0.34127479363053526,0.3419488999662444,30
IVFNSGAII,WFG9,2,TTT_igd_x100,10000.0,10000.0,10000.0,30
IVFNSGAII,WFG9,2,TTT_igd_x50,10000.0,10000.0,10000.0,30
IVFNSGAII,WFG9,2,TTT_igd_x20,10000.0,10000.0,10000.0,30
IVFNSGAII,WFG9,2,TTT_igd_x10,10000.0,10000.0,10000.0,30
IVFNSGAII,WFG9,2,TTT_igd_x5,10000.0,10000.0,10000.0,30
IVFNSGAII,WFG9,2,TTT_igd_x3,10000.0,10000.0,10000.0,30
IVFNSGAII,WFG9,2,TTT_igd_x2,10000.0,10000.0,10000.0,30
IVFNSGAII,WFG9,2,TTT_igd_x1.5,10000.0,10000.0,20000.0,30
IVFNSGAII,WFG9,2,TTT_igd_x1.2,30000.0,20000.0,30000.0,30
IVFNSGAII,WFG9,2,TTT_igd_x1.0,75000.0,70000.0,85000.0,30
IVFNSGAII,WFG9,3,AUC_IGD,24888.710123528013,24764.491938185653,25074.90560055658,30
IVFNSGAII,WFG9,3,AUC_HV,45261.453138201316,44807.167400294966,45405.37668496558,30
IVFNSGAII,WFG9,3,Final_IGD,0.27404038209938925,0.2714194447358915,0.27656483681711164,30
IVFNSGAII,WFG9,3,Final_HV,0.5090467779935797,0.5046247418019568,0.5105555594060127,30
IVFNSGAII,WFG9,3,Best_IGD,0.2627301056676692,0.2609467005064797,0.26444875435147,30
IVFNSGAII,WFG9,3,Best_HV,0.5130676473701627,0.5066190842787721,0.5174346307726083,30
IVFNSGAII,WFG9,3,TTT_igd_x100,10000.0,10000.0,10000.0,30
IVFNSGAII,WFG9,3,TTT_igd_x50,10000.0,10000.0,10000.0,30
IVFNSGAII,WFG9,3,TTT_igd_x20,10000.0,10000.0,10000.0,30
IVFNSGAII,WFG9,3,TTT_igd_x10,10000.0,10000.0,10000.0,30
IVFNSGAII,WFG9,3,TTT_igd_x5,10000.0,10000.0,10000.0,30
IVFNSGAII,WFG9,3,TTT_igd_x3,10000.0,10000.0,10000.0,30
IVFNSGAII,WFG9,3,TTT_igd_x2,10000.0,10000.0,10000.0,30
IVFNSGAII,WFG9,3,TTT_igd_x1.5,10000.0,10000.0,10000.0,30
IVFNSGAII,WFG9,3,TTT_igd_x1.2,10000.0,10000.0,10000.0,30
IVFNSGAII,WFG9,3,TTT_igd_x1.0,60000.0,50000.0,75000.0,30
IVFNSGAII,ZDT1,2,AUC_IGD,480.8929299565305,474.2369080606919,486.23060955032776,30
IVFNSGAII,ZDT1,2,AUC_HV,64643.74200587679,64633.60702828545,64655.3330635219,30
IVFNSGAII,ZDT1,2,Final_IGD,0.00479916915894525,0.00470703190026685,0.004867973068127951,30
IVFNSGAII,ZDT1,2,Final_HV,0.7192906982699823,0.7191867601445012,0.7193330839452763,30
IVFNSGAII,ZDT1,2,Best_IGD,0.0045627491232103495,0.0045356588258338,0.0046168792268230004,30
IVFNSGAII,ZDT1,2,Best_HV,0.7195355152183509,0.7194940698225245,0.7196226227186129,30
IVFNSGAII,ZDT1,2,TTT_igd_x100,10000.0,10000.0,10000.0,30
IVFNSGAII,ZDT1,2,TTT_igd_x50,10000.0,10000.0,10000.0,30
IVFNSGAII,ZDT1,2,TTT_igd_x20,10000.0,10000.0,10000.0,30
IVFNSGAII,ZDT1,2,TTT_igd_x10,10000.0,10000.0,10000.0,30
IVFNSGAII,ZDT1,2,TTT_igd_x5,10000.0,10000.0,10000.0,30
IVFNSGAII,ZDT1,2,TTT_igd_x3,20000.0,10000.0,20000.0,30
IVFNSGAII,ZDT1,2,TTT_igd_x2,20000.0,20000.0,20000.0,30
IVFNSGAII,ZDT1,2,TTT_igd_x1.5,20000.0,20000.0,20000.0,30
IVFNSGAII,ZDT1,2,TTT_igd_x1.2,20000.0,20000.0,20000.0,30
IVFNSGAII,ZDT1,2,TTT_igd_x1.0,70000.0,55000.0,80000.0,30
IVFNSGAII,ZDT2,2,AUC_IGD,506.15732510889524,493.9844385210438,518.3652384087748,30
IVFNSGAII,ZDT2,2,AUC_HV,39827.479679864846,39811.85226336198,39844.694588766666,30
IVFNSGAII,ZDT2,2,Final_IGD,0.00480006558558555,0.00470687468012235,0.00488413169383905,30
IVFNSGAII,ZDT2,2,Final_HV,0.44409501839807297,0.44403464311610186,0.4441254148474971,30
IVFNSGAII,ZDT2,2,Best_IGD,0.0045667366833915,0.00454160064519195,0.00460936448456995,30
IVFNSGAII,ZDT2,2,Best_HV,0.44428697720578403,0.44424104306112266,0.44434129474718986,30
IVFNSGAII,ZDT2,2,TTT_igd_x100,10000.0,10000.0,10000.0,30
IVFNSGAII,ZDT2,2,TTT_igd_x50,10000.0,10000.0,10000.0,30
IVFNSGAII,ZDT2,2,TTT_igd_x20,10000.0,10000.0,10000.0,30
IVFNSGAII,ZDT2,2,TTT_igd_x10,10000.0,10000.0,10000.0,30
IVFNSGAII,ZDT2,2,TTT_igd_x5,10000.0,10000.0,10000.0,30
IVFNSGAII,ZDT2,2,TTT_igd_x3,20000.0,20000.0,20000.0,30
IVFNSGAII,ZDT2,2,TTT_igd_x2,20000.0,20000.0,20000.0,30
IVFNSGAII,ZDT2,2,TTT_igd_x1.5,20000.0,20000.0,20000.0,30
IVFNSGAII,ZDT2,2,TTT_igd_x1.2,20000.0,20000.0,20000.0,30
IVFNSGAII,ZDT2,2,TTT_igd_x1.0,60000.0,50000.0,70000.0,30
IVFNSGAII,ZDT3,2,AUC_IGD,525.0694339070487,521.5137893846445,536.4692711608473,30
IVFNSGAII,ZDT3,2,AUC_HV,53898.47491877373,53892.5927885446,53909.17312506079,30
IVFNSGAII,ZDT3,2,Final_IGD,0.0054970578725809,0.0054252510508606,0.0055829780871891,30
IVFNSGAII,ZDT3,2,Final_HV,0.5993716881548994,0.5993444013718185,0.5994132330026936,30
IVFNSGAII,ZDT3,2,Best_IGD,0.0051527326718824994,0.00513760533418825,0.0052136942156984,30
IVFNSGAII,ZDT3,2,Best_HV,0.5995146286090673,0.5995073749442232,0.5995428063874739,30
IVFNSGAII,ZDT3,2,TTT_igd_x100,10000.0,10000.0,10000.0,30
IVFNSGAII,ZDT3,2,TTT_igd_x50,10000.0,10000.0,10000.0,30
IVFNSGAII,ZDT3,2,TTT_igd_x20,10000.0,10000.0,10000.0,30
IVFNSGAII,ZDT3,2,TTT_igd_x10,10000.0,10000.0,10000.0,30
IVFNSGAII,ZDT3,2,TTT_igd_x5,10000.0,10000.0,10000.0,30
IVFNSGAII,ZDT3,2,TTT_igd_x3,10000.0,10000.0,10000.0,30
IVFNSGAII,ZDT3,2,TTT_igd_x2,20000.0,20000.0,20000.0,30
IVFNSGAII,ZDT3,2,TTT_igd_x1.5,20000.0,20000.0,20000.0,30
IVFNSGAII,ZDT3,2,TTT_igd_x1.2,20000.0,20000.0,20000.0,30
IVFNSGAII,ZDT3,2,TTT_igd_x1.0,70000.0,50000.0,80000.0,30
IVFNSGAII,ZDT4,2,AUC_IGD,1110.1619077196365,760.3150362760485,1456.4496113891767,30
IVFNSGAII,ZDT4,2,AUC_HV,64102.257571196926,63534.770716791754,64266.04377985357,30
IVFNSGAII,ZDT4,2,Final_IGD,0.0045731050135855,0.00451468834771385,0.0046565642745726495,30
IVFNSGAII,ZDT4,2,Final_HV,0.7195292904035914,0.7194207193428701,0.7196835304741946,30
IVFNSGAII,ZDT4,2,Best_IGD,0.00442845083991375,0.004376756521583451,0.00446698425982435,30
IVFNSGAII,ZDT4,2,Best_HV,0.7196915937391466,0.7195013294466299,0.7198256526080744,30
IVFNSGAII,ZDT4,2,TTT_igd_x100,10000.0,10000.0,10000.0,30
IVFNSGAII,ZDT4,2,TTT_igd_x50,10000.0,10000.0,15000.0,30
IVFNSGAII,ZDT4,2,TTT_igd_x20,20000.0,10000.0,20000.0,30
IVFNSGAII,ZDT4,2,TTT_igd_x10,20000.0,20000.0,20000.0,30
IVFNSGAII,ZDT4,2,TTT_igd_x5,20000.0,20000.0,20000.0,30
IVFNSGAII,ZDT4,2,TTT_igd_x3,20000.0,20000.0,20000.0,30
IVFNSGAII,ZDT4,2,TTT_igd_x2,20000.0,20000.0,20000.0,30
IVFNSGAII,ZDT4,2,TTT_igd_x1.5,30000.0,30000.0,30000.0,30
IVFNSGAII,ZDT4,2,TTT_igd_x1.2,35000.0,30000.0,40000.0,30
IVFNSGAII,ZDT4,2,TTT_igd_x1.0,90000.0,70000.0,90000.0,30
IVFNSGAII,ZDT6,2,AUC_IGD,508.8299036550792,480.0780661705593,606.5135742946206,30
IVFNSGAII,ZDT6,2,AUC_HV,34686.78704519572,34574.7010079015,34722.51583234158,30
IVFNSGAII,ZDT6,2,Final_IGD,0.00389741106531325,0.00381986677105375,0.004018552711751951,30
IVFNSGAII,ZDT6,2,Final_HV,0.3880773626410836,0.38796833504245914,0.38817463108350203,30
IVFNSGAII,ZDT6,2,Best_IGD,0.0036084068136884003,0.00357336218188835,0.0036257256284130497,30
IVFNSGAII,ZDT6,2,Best_HV,0.38837994130501385,0.38835749588103263,0.3883980188040377,30
IVFNSGAII,ZDT6,2,TTT_igd_x100,10000.0,10000.0,10000.0,30
IVFNSGAII,ZDT6,2,TTT_igd_x50,10000.0,10000.0,10000.0,30
IVFNSGAII,ZDT6,2,TTT_igd_x20,10000.0,10000.0,10000.0,30
IVFNSGAII,ZDT6,2,TTT_igd_x10,20000.0,10000.0,20000.0,30
IVFNSGAII,ZDT6,2,TTT_igd_x5,20000.0,20000.0,20000.0,30
IVFNSGAII,ZDT6,2,TTT_igd_x3,20000.0,20000.0,20000.0,30
IVFNSGAII,ZDT6,2,TTT_igd_x2,20000.0,20000.0,20000.0,30
IVFNSGAII,ZDT6,2,TTT_igd_x1.5,20000.0,20000.0,20000.0,30
IVFNSGAII,ZDT6,2,TTT_igd_x1.2,20000.0,20000.0,30000.0,30
IVFNSGAII,ZDT6,2,TTT_igd_x1.0,40000.0,40000.0,55000.0,30
IVFNSGAIII,DTLZ1,2,AUC_IGD,902.6463454155157,459.3152630675305,2040.3927280750822,30
IVFNSGAIII,DTLZ1,2,AUC_HV,50481.48490354589,49506.59287606188,51545.74753235915,30
IVFNSGAIII,DTLZ1,2,Final_IGD,0.0017853263971455,0.00178530518502605,0.0017854358472198,30
IVFNSGAIII,DTLZ1,2,Final_HV,0.5825978368064713,0.5825876502809488,0.5826003624286347,30
IVFNSGAIII,DTLZ1,2,Best_IGD,0.0017853263971455,0.00178530518502605,0.0017854386288193,30
IVFNSGAIII,DTLZ1,2,Best_HV,0.5825978368064713,0.5825876502809488,0.5826006354792826,30
IVFNSGAIII,DTLZ1,2,TTT_igd_x100,15000.0,10000.0,20000.0,30
IVFNSGAIII,DTLZ1,2,TTT_igd_x50,20000.0,10000.0,20000.0,30
IVFNSGAIII,DTLZ1,2,TTT_igd_x20,20000.0,20000.0,20000.0,30
IVFNSGAIII,DTLZ1,2,TTT_igd_x10,20000.0,20000.0,20000.0,30
IVFNSGAIII,DTLZ1,2,TTT_igd_x5,20000.0,20000.0,20000.0,30
IVFNSGAIII,DTLZ1,2,TTT_igd_x3,20000.0,20000.0,20000.0,30
IVFNSGAIII,DTLZ1,2,TTT_igd_x2,20000.0,20000.0,20000.0,30
IVFNSGAIII,DTLZ1,2,TTT_igd_x1.5,20000.0,20000.0,30000.0,30
IVFNSGAIII,DTLZ1,2,TTT_igd_x1.2,25000.0,20000.0,30000.0,30
IVFNSGAIII,DTLZ1,2,TTT_igd_x1.0,100000.0,100000.0,100000.0,30
IVFNSGAIII,DTLZ1,3,AUC_IGD,3070.0506468043523,2190.1301660427357,3464.0391153966266,30
IVFNSGAIII,DTLZ1,3,AUC_HV,72357.42908968535,71986.28299428614,74948.39778799834,30
IVFNSGAIII,DTLZ1,3,Final_IGD,0.020558964174140652,0.02055719123094315,0.020565499127269148,30
IVFNSGAIII,DTLZ1,3,Final_HV,0.8416944493697881,0.841607094996623,0.841721890768215,30
IVFNSGAIII,DTLZ1,3,Best_IGD,0.020558964174140652,0.02055719123094315,0.02056536673059665,30
IVFNSGAIII,DTLZ1,3,Best_HV,0.8416944493697881,0.841607094996623,0.8417206523736154,30
IVFNSGAIII,DTLZ1,3,TTT_igd_x100,9928.0,9927.0,9931.0,30
IVFNSGAIII,DTLZ1,3,TTT_igd_x50,9928.0,9927.0,9931.0,30
IVFNSGAIII,DTLZ1,3,TTT_igd_x20,9929.5,9927.0,9933.0,30
IVFNSGAIII,DTLZ1,3,TTT_igd_x10,19936.5,9932.5,19938.5,30
IVFNSGAIII,DTLZ1,3,TTT_igd_x5,19938.0,9933.0,19939.5,30
IVFNSGAIII,DTLZ1,3,TTT_igd_x3,19938.5,19936.5,19942.5,30
IVFNSGAIII,DTLZ1,3,TTT_igd_x2,19939.0,19937.5,19942.5,30
IVFNSGAIII,DTLZ1,3,TTT_igd_x1.5,19941.5,19938.5,19943.0,30
IVFNSGAIII,DTLZ1,3,TTT_igd_x1.2,19942.0,19939.5,19946.5,30
IVFNSGAIII,DTLZ1,3,TTT_igd_x1.0,100018.0,100012.0,100033.5,30
IVFNSGAIII,DTLZ2,2,AUC_IGD,357.84093384732677,357.7135669674627,358.12103040673526,30
IVFNSGAIII,DTLZ2,2,AUC_HV,31246.164102791437,31245.859331681124,31246.45857084595,30
IVFNSGAIII,DTLZ2,2,Final_IGD,0.0039658782972563505,0.0039658769015276495,0.00396587979116035,30
IVFNSGAIII,DTLZ2,2,Final_HV,0.3472151609066939,0.34721515915906487,0.3472151673667962,30
IVFNSGAIII,DTLZ2,2,Best_IGD,0.0039658782972563505,0.0039658769015276495,0.00396587979116035,30
IVFNSGAIII,DTLZ2,2,Best_HV,0.34721516232820826,0.347215159174741,0.34721516848323686,30
IVFNSGAIII,DTLZ2,2,TTT_igd_x100,10000.0,10000.0,10000.0,30
IVFNSGAIII,DTLZ2,2,TTT_igd_x50,10000.0,10000.0,10000.0,30
IVFNSGAIII,DTLZ2,2,TTT_igd_x20,10000.0,10000.0,10000.0,30
IVFNSGAIII,DTLZ2,2,TTT_igd_x10,10000.0,10000.0,10000.0,30
IVFNSGAIII,DTLZ2,2,TTT_igd_x5,10000.0,10000.0,10000.0,30
IVFNSGAIII,DTLZ2,2,TTT_igd_x3,10000.0,10000.0,10000.0,30
IVFNSGAIII,DTLZ2,2,TTT_igd_x2,10000.0,10000.0,10000.0,30
IVFNSGAIII,DTLZ2,2,TTT_igd_x1.5,10000.0,10000.0,10000.0,30
IVFNSGAIII,DTLZ2,2,TTT_igd_x1.2,10000.0,10000.0,10000.0,30
IVFNSGAIII,DTLZ2,2,TTT_igd_x1.0,100000.0,100000.0,100000.0,30
IVFNSGAIII,DTLZ2,3,AUC_IGD,4910.475748555627,4910.021129335166,4911.024425867867,30
IVFNSGAIII,DTLZ2,3,AUC_HV,50405.73937593856,50399.911635487704,50409.02199037239,30
IVFNSGAIII,DTLZ2,3,Final_IGD,0.0544639709058104,0.054463959280344754,0.0544639770792763,30
IVFNSGAIII,DTLZ2,3,Final_HV,0.5596174752916512,0.5596174533144089,0.5596175167277588,30
IVFNSGAIII,DTLZ2,3,Best_IGD,0.054463961562422156,0.05446395152168865,0.05446396997515835,30
IVFNSGAIII,DTLZ2,3,Best_HV,0.5596174779564929,0.5596174586656503,0.5596175188344703,30
IVFNSGAIII,DTLZ2,3,TTT_igd_x100,9923.0,9922.0,9923.0,30
IVFNSGAIII,DTLZ2,3,TTT_igd_x50,9923.0,9922.0,9923.0,30
IVFNSGAIII,DTLZ2,3,TTT_igd_x20,9923.0,9922.0,9923.0,30
IVFNSGAIII,DTLZ2,3,TTT_igd_x10,9923.0,9922.0,9923.0,30
IVFNSGAIII,DTLZ2,3,TTT_igd_x5,9923.0,9922.0,9923.0,30
IVFNSGAIII,DTLZ2,3,TTT_igd_x3,9923.0,9922.0,9923.0,30
IVFNSGAIII,DTLZ2,3,TTT_igd_x2,9923.0,9922.0,9923.0,30
IVFNSGAIII,DTLZ2,3,TTT_igd_x1.5,9923.0,9922.0,9923.0,30
IVFNSGAIII,DTLZ2,3,TTT_igd_x1.2,9923.0,9922.0,9923.0,30
IVFNSGAIII,DTLZ2,3,TTT_igd_x1.0,89954.5,89922.5,100026.0,30
IVFNSGAIII,DTLZ3,2,AUC_IGD,61971.10819715996,51925.72592519608,79989.53229887443,30
IVFNSGAIII,DTLZ3,2,AUC_HV,25493.311246604135,23895.98132850451,25715.257411696562,30
IVFNSGAIII,DTLZ3,2,Final_IGD,0.003992677891399,0.0039720267598392,0.00407584242109205,30
IVFNSGAIII,DTLZ3,2,Final_HV,0.3469028087493429,0.34667519709416605,0.3470555037171438,30
IVFNSGAIII,DTLZ3,2,Best_IGD,0.003992677891399,0.0039720267598392,0.00405376680717735,30
IVFNSGAIII,DTLZ3,2,Best_HV,0.3469028087493429,0.34667519709416605,0.3470555037171438,30
IVFNSGAIII,DTLZ3,2,TTT_igd_x100,30000.0,30000.0,30000.0,30
IVFNSGAIII,DTLZ3,2,TTT_igd_x50,30000.0,30000.0,30000.0,30
IVFNSGAIII,DTLZ3,2,TTT_igd_x20,30000.0,30000.0,40000.0,30
IVFNSGAIII,DTLZ3,2,TTT_igd_x10,30000.0,30000.0,40000.0,30
IVFNSGAIII,DTLZ3,2,TTT_igd_x5,40000.0,30000.0,40000.0,30
IVFNSGAIII,DTLZ3,2,TTT_igd_x3,40000.0,40000.0,40000.0,30
IVFNSGAIII,DTLZ3,2,TTT_igd_x2,40000.0,40000.0,50000.0,30
IVFNSGAIII,DTLZ3,2,TTT_igd_x1.5,50000.0,50000.0,55000.0,30
IVFNSGAIII,DTLZ3,2,TTT_igd_x1.2,60000.0,50000.0,60000.0,30
IVFNSGAIII,DTLZ3,2,TTT_igd_x1.0,100000.0,100000.0,100000.0,30
IVFNSGAIII,DTLZ3,3,AUC_IGD,77724.77662741867,58418.46349324749,84679.46156219748,30
IVFNSGAIII,DTLZ3,3,AUC_HV,40824.809948967246,37933.40321309534,41463.256585770534,30
IVFNSGAIII,DTLZ3,3,Final_IGD,0.05449525248344895,0.05448474762162115,0.054528301220414854,30
IVFNSGAIII,DTLZ3,3,Final_HV,0.5585349415255345,0.5577623262782974,0.558836727261451,30
IVFNSGAIII,DTLZ3,3,Best_IGD,0.05449525248344895,0.05448474762162115,0.054528301220414854,30
IVFNSGAIII,DTLZ3,3,Best_HV,0.5585349415255345,0.5577623262782974,0.558836727261451,30
IVFNSGAIII,DTLZ3,3,TTT_igd_x100,19947.0,19946.0,19955.5,30
IVFNSGAIII,DTLZ3,3,TTT_igd_x50,19950.5,19946.0,19961.0,30
IVFNSGAIII,DTLZ3,3,TTT_igd_x20,29957.0,29946.0,29962.5,30
IVFNSGAIII,DTLZ3,3,TTT_igd_x10,29962.5,29957.0,29973.0,30
IVFNSGAIII,DTLZ3,3,TTT_igd_x5,29968.5,29958.5,34968.0,30
IVFNSGAIII,DTLZ3,3,TTT_igd_x3,29974.0,29960.0,39965.5,30
IVFNSGAIII,DTLZ3,3,TTT_igd_x2,29977.5,29964.5,39969.0,30
IVFNSGAIII,DTLZ3,3,TTT_igd_x1.5,39958.0,29966.5,39973.5,30
IVFNSGAIII,DTLZ3,3,TTT_igd_x1.2,39970.0,39961.5,39981.0,30
IVFNSGAIII,DTLZ3,3,TTT_igd_x1.0,100040.0,100027.0,100052.5,30
IVFNSGAIII,DTLZ4,2,AUC_IGD,358.74218495751825,358.4331198714665,359.6834289013543,30
IVFNSGAIII,DTLZ4,2,AUC_HV,31245.56266755377,31244.80165101998,31245.842427919324,30
IVFNSGAIII,DTLZ4,2,Final_IGD,0.00396587800767795,0.0039658764475524,0.00396588093671115,30
IVFNSGAIII,DTLZ4,2,Final_HV,0.34721512854530867,0.3472151166663443,0.3472151593288658,30
IVFNSGAIII,DTLZ4,2,Best_IGD,0.00396587656151015,0.0039658749314167505,0.00396587834512195,30
IVFNSGAIII,DTLZ4,2,Best_HV,0.34721516411924547,0.3472151593288658,0.3472151657158355,30
IVFNSGAIII,DTLZ4,2,TTT_igd_x100,10000.0,10000.0,10000.0,30
IVFNSGAIII,DTLZ4,2,TTT_igd_x50,10000.0,10000.0,10000.0,30
IVFNSGAIII,DTLZ4,2,TTT_igd_x20,10000.0,10000.0,10000.0,30
IVFNSGAIII,DTLZ4,2,TTT_igd_x10,10000.0,10000.0,10000.0,30
IVFNSGAIII,DTLZ4,2,TTT_igd_x5,10000.0,10000.0,10000.0,30
IVFNSGAIII,DTLZ4,2,TTT_igd_x3,10000.0,10000.0,10000.0,30
IVFNSGAIII,DTLZ4,2,TTT_igd_x2,10000.0,10000.0,10000.0,30
IVFNSGAIII,DTLZ4,2,TTT_igd_x1.5,10000.0,10000.0,10000.0,30
IVFNSGAIII,DTLZ4,2,TTT_igd_x1.2,10000.0,10000.0,10000.0,30
IVFNSGAIII,DTLZ4,2,TTT_igd_x1.0,90000.0,90000.0,100000.0,30
IVFNSGAIII,DTLZ4,3,AUC_IGD,4912.029230102153,4910.645094965874,4912.781416432323,30
IVFNSGAIII,DTLZ4,3,AUC_HV,50394.31527845321,50382.994679143936,50401.0428312459,30
IVFNSGAIII,DTLZ4,3,Final_IGD,0.054465152393706195,0.0544639292636061,0.05446652251551455,30
IVFNSGAIII,DTLZ4,3,Final_HV,0.5595843020953473,0.5595403957288756,0.5596111088328577,30
IVFNSGAIII,DTLZ4,3,Best_IGD,0.054463686372979,0.0544635375061131,0.0544637976117638,30
IVFNSGAIII,DTLZ4,3,Best_HV,0.5596165692481583,0.5596159535797282,0.559617384424741,30
IVFNSGAIII,DTLZ4,3,TTT_igd_x100,9925.0,9924.0,9927.0,30
IVFNSGAIII,DTLZ4,3,TTT_igd_x50,9925.0,9924.0,9927.0,30
IVFNSGAIII,DTLZ4,3,TTT_igd_x20,9925.0,9924.0,9927.0,30
IVFNSGAIII,DTLZ4,3,TTT_igd_x10,9925.0,9924.0,9927.0,30
IVFNSGAIII,DTLZ4,3,TTT_igd_x5,9925.0,9924.0,9927.0,30
IVFNSGAIII,DTLZ4,3,TTT_igd_x3,9925.0,9924.0,9927.0,30
IVFNSGAIII,DTLZ4,3,TTT_igd_x2,9925.0,9924.0,9927.0,30
IVFNSGAIII,DTLZ4,3,TTT_igd_x1.5,9925.0,9924.0,9927.0,30
IVFNSGAIII,DTLZ4,3,TTT_igd_x1.2,9925.0,9924.0,9927.0,30
IVFNSGAIII,DTLZ4,3,TTT_igd_x1.0,69968.0,69912.0,79961.5,30
IVFNSGAIII,DTLZ5,2,AUC_IGD,357.89436601940474,357.6461204655265,358.102027392038,30
IVFNSGAIII,DTLZ5,2,AUC_HV,31246.18005537936,31246.050687598767,31246.50093923983,30
IVFNSGAIII,DTLZ5,2,Final_IGD,0.0039658783353843,0.003965876762795801,0.0039658796631630005,30
IVFNSGAIII,DTLZ5,2,Final_HV,0.34721516265874225,0.34721516055317475,0.3472151646541096,30
IVFNSGAIII,DTLZ5,2,Best_IGD,0.0039658783353843,0.003965876762795801,0.0039658796631630005,30
IVFNSGAIII,DTLZ5,2,Best_HV,0.34721516306214334,0.347215161227373,0.3472151646541096,30
IVFNSGAIII,DTLZ5,2,TTT_igd_x100,10000.0,10000.0,10000.0,30
IVFNSGAIII,DTLZ5,2,TTT_igd_x50,10000.0,10000.0,10000.0,30
IVFNSGAIII,DTLZ5,2,TTT_igd_x20,10000.0,10000.0,10000.0,30
IVFNSGAIII,DTLZ5,2,TTT_igd_x10,10000.0,10000.0,10000.0,30
IVFNSGAIII,DTLZ5,2,TTT_igd_x5,10000.0,10000.0,10000.0,30
IVFNSGAIII,DTLZ5,2,TTT_igd_x3,10000.0,10000.0,10000.0,30
IVFNSGAIII,DTLZ5,2,TTT_igd_x2,10000.0,10000.0,10000.0,30
IVFNSGAIII,DTLZ5,2,TTT_igd_x1.5,10000.0,10000.0,10000.0,30
IVFNSGAIII,DTLZ5,2,TTT_igd_x1.2,10000.0,10000.0,10000.0,30
IVFNSGAIII,DTLZ5,2,TTT_igd_x1.0,100000.0,100000.0,100000.0,30
IVFNSGAIII,DTLZ5,3,AUC_IGD,1217.5877753834538,1198.937570263011,1236.0681131744116,30
IVFNSGAIII,DTLZ5,3,AUC_HV,17431.62894706725,17420.89959684729,17437.86982689781,30
IVFNSGAIII,DTLZ5,3,Final_IGD,0.0128576074283162,0.0116949163356395,0.01433491080410595,30
IVFNSGAIII,DTLZ5,3,Final_HV,0.193935815895589,0.1932417918557094,0.1944585243003844,30
IVFNSGAIII,DTLZ5,3,Best_IGD,0.011224223816371,0.01053930656466185,0.01145501364361965,30
IVFNSGAIII,DTLZ5,3,Best_HV,0.19516048143259623,0.1950432943157242,0.19538362089902594,30
IVFNSGAIII,DTLZ5,3,TTT_igd_x100,9923.0,9922.0,9924.0,30
IVFNSGAIII,DTLZ5,3,TTT_igd_x50,9923.0,9922.0,9924.0,30
IVFNSGAIII,DTLZ5,3,TTT_igd_x20,9923.0,9922.0,9924.0,30
IVFNSGAIII,DTLZ5,3,TTT_igd_x10,9923.0,9922.0,9924.0,30
IVFNSGAIII,DTLZ5,3,TTT_igd_x5,9923.0,9922.0,9924.0,30
IVFNSGAIII,DTLZ5,3,TTT_igd_x3,9923.0,9922.0,9924.0,30
IVFNSGAIII,DTLZ5,3,TTT_igd_x2,9923.0,9922.0,9924.0,30
IVFNSGAIII,DTLZ5,3,TTT_igd_x1.5,9923.0,9922.5,9924.0,30
IVFNSGAIII,DTLZ5,3,TTT_igd_x1.2,19933.0,9924.5,19935.5,30
IVFNSGAIII,DTLZ5,3,TTT_igd_x1.0,39958.5,29947.5,79955.5,30
IVFNSGAIII,DTLZ6,2,AUC_IGD,356.99444043141125,356.9775020218315,357.20326761569527,30
IVFNSGAIII,DTLZ6,2,AUC_HV,31249.313329410776,31249.194389124255,31249.326983082577,30
IVFNSGAIII,DTLZ6,2,Final_IGD,0.00396587390878545,0.00396587330262555,0.0039658751986898,30
IVFNSGAIII,DTLZ6,2,Final_HV,0.34721516468515234,0.3472151628221404,0.3472151681825595,30
IVFNSGAIII,DTLZ6,2,Best_IGD,0.00396587390878545,0.00396587330262555,0.003965875200710867,30
IVFNSGAIII,DTLZ6,2,Best_HV,0.34721517092482046,0.3472151682339377,0.3472151722772313,30
IVFNSGAIII,DTLZ6,2,TTT_igd_x100,10000.0,10000.0,10000.0,30
IVFNSGAIII,DTLZ6,2,TTT_igd_x50,10000.0,10000.0,10000.0,30
IVFNSGAIII,DTLZ6,2,TTT_igd_x20,10000.0,10000.0,10000.0,30
IVFNSGAIII,DTLZ6,2,TTT_igd_x10,10000.0,10000.0,10000.0,30
IVFNSGAIII,DTLZ6,2,TTT_igd_x5,10000.0,10000.0,10000.0,30
IVFNSGAIII,DTLZ6,2,TTT_igd_x3,10000.0,10000.0,10000.0,30
IVFNSGAIII,DTLZ6,2,TTT_igd_x2,10000.0,10000.0,10000.0,30
IVFNSGAIII,DTLZ6,2,TTT_igd_x1.5,10000.0,10000.0,10000.0,30
IVFNSGAIII,DTLZ6,2,TTT_igd_x1.2,10000.0,10000.0,10000.0,30
IVFNSGAIII,DTLZ6,2,TTT_igd_x1.0,100000.0,100000.0,100000.0,30
IVFNSGAIII,DTLZ6,3,AUC_IGD,1705.1411554981441,1670.1631591880468,1726.029019660764,30
IVFNSGAIII,DTLZ6,3,AUC_HV,17217.391874156958,17176.10995876014,17233.34951381237,30
IVFNSGAIII,DTLZ6,3,Final_IGD,0.019015649242571,0.0178148831717194,0.0208005769518446,30
IVFNSGAIII,DTLZ6,3,Final_HV,0.19117154951378104,0.1903335757540865,0.19198565911989807,30
IVFNSGAIII,DTLZ6,3,Best_IGD,0.01539589136308105,0.01487047953966155,0.01573420957371425,30
IVFNSGAIII,DTLZ6,3,Best_HV,0.19305769763755953,0.1927788360334114,0.19333115350620528,30
IVFNSGAIII,DTLZ6,3,TTT_igd_x100,9924.0,9923.0,9925.0,30
IVFNSGAIII,DTLZ6,3,TTT_igd_x50,9924.0,9923.0,9925.0,30
IVFNSGAIII,DTLZ6,3,TTT_igd_x20,9924.0,9923.0,9925.0,30
IVFNSGAIII,DTLZ6,3,TTT_igd_x10,9924.0,9923.0,9925.0,30
IVFNSGAIII,DTLZ6,3,TTT_igd_x5,9924.0,9923.0,9925.0,30
IVFNSGAIII,DTLZ6,3,TTT_igd_x3,9924.0,9923.0,9925.0,30
IVFNSGAIII,DTLZ6,3,TTT_igd_x2,9924.0,9923.5,9925.0,30
IVFNSGAIII,DTLZ6,3,TTT_igd_x1.5,9924.0,9924.0,9925.0,30
IVFNSGAIII,DTLZ6,3,TTT_igd_x1.2,9925.5,9925.0,29950.0,30
IVFNSGAIII,DTLZ6,3,TTT_igd_x1.0,49982.5,29950.5,59994.0,30
IVFNSGAIII,DTLZ7,2,AUC_IGD,494.60631407418475,491.687944315903,502.810632275219,30
IVFNSGAIII,DTLZ7,2,AUC_HV,21819.979783631825,21815.156938060547,21822.4616938424,30
IVFNSGAIII,DTLZ7,2,Final_IGD,0.0050737431736110495,0.005031907569071851,0.005093083899399499,30
IVFNSGAIII,DTLZ7,2,Final_HV,0.24281188004633258,0.24280776494458806,0.2428202221115731,30
IVFNSGAIII,DTLZ7,2,Best_IGD,0.0049528432632053,0.00494739533173085,0.0049832611017575,30
IVFNSGAIII,DTLZ7,2,Best_HV,0.2428336515653721,0.24282855342385112,0.2428364694940669,30
IVFNSGAIII,DTLZ7,2,TTT_igd_x100,10000.0,10000.0,10000.0,30
IVFNSGAIII,DTLZ7,2,TTT_igd_x50,10000.0,10000.0,10000.0,30
IVFNSGAIII,DTLZ7,2,TTT_igd_x20,10000.0,10000.0,10000.0,30
IVFNSGAIII,DTLZ7,2,TTT_igd_x10,10000.0,10000.0,10000.0,30
IVFNSGAIII,DTLZ7,2,TTT_igd_x5,10000.0,10000.0,10000.0,30
IVFNSGAIII,DTLZ7,2,TTT_igd_x3,10000.0,10000.0,10000.0,30
IVFNSGAIII,DTLZ7,2,TTT_igd_x2,20000.0,20000.0,20000.0,30
IVFNSGAIII,DTLZ7,2,TTT_igd_x1.5,20000.0,20000.0,20000.0,30
IVFNSGAIII,DTLZ7,2,TTT_igd_x1.2,20000.0,20000.0,20000.0,30
IVFNSGAIII,DTLZ7,2,TTT_igd_x1.0,60000.0,50000.0,70000.0,30
IVFNSGAIII,DTLZ7,3,AUC_IGD,7099.406949017454,7053.630570008176,7174.640544892085,30
IVFNSGAIII,DTLZ7,3,AUC_HV,23936.81647974049,23916.42830343903,23977.717605089478,30
IVFNSGAIII,DTLZ7,3,Final_IGD,0.0757161091490364,0.074632906862463,0.0772090734544331,30
IVFNSGAIII,DTLZ7,3,Final_HV,0.2685312912923976,0.26810856912371583,0.2690911538616717,30
IVFNSGAIII,DTLZ7,3,Best_IGD,0.07245073682449354,0.07165923082620804,0.07308477227534285,30
IVFNSGAIII,DTLZ7,3,Best_HV,0.2707921994119492,0.27024979365337,0.27118781871924724,30
IVFNSGAIII,DTLZ7,3,TTT_igd_x100,9923.0,9923.0,9924.5,30
IVFNSGAIII,DTLZ7,3,TTT_igd_x50,9923.0,9923.0,9924.5,30
IVFNSGAIII,DTLZ7,3,TTT_igd_x20,9923.0,9923.0,9924.5,30
IVFNSGAIII,DTLZ7,3,TTT_igd_x10,9923.0,9923.0,9924.5,30
IVFNSGAIII,DTLZ7,3,TTT_igd_x5,9923.0,9923.0,9924.5,30
IVFNSGAIII,DTLZ7,3,TTT_igd_x3,9923.0,9923.0,9924.5,30
IVFNSGAIII,DTLZ7,3,TTT_igd_x2,9923.0,9923.0,9924.5,30
IVFNSGAIII,DTLZ7,3,TTT_igd_x1.5,9925.0,9923.0,19930.5,30
IVFNSGAIII,DTLZ7,3,TTT_igd_x1.2,19935.5,19934.0,19937.0,30
IVFNSGAIII,DTLZ7,3,TTT_igd_x1.0,59977.5,39957.0,69994.0,30
IVFNSGAIII,MaF1,2,AUC_IGD,321.7891717471585,321.7352017619055,321.8230771204385,30
IVFNSGAIII,MaF1,2,AUC_HV,52430.74657748461,52430.551303309105,52431.13506627374,30
IVFNSGAIII,MaF1,2,Final_IGD,0.0035705739461352,0.00357057265638215,0.0035705749500877003,30
IVFNSGAIII,MaF1,2,Final_HV,0.5826020504464389,0.5826020486701978,0.5826020516933224,30
IVFNSGAIII,MaF1,2,Best_IGD,0.0035705739461352,0.00357057265638215,0.0035705749500877003,30
IVFNSGAIII,MaF1,2,Best_HV,0.5826020504464389,0.5826020486701978,0.5826020516933224,30
IVFNSGAIII,MaF1,2,TTT_igd_x100,10000.0,10000.0,10000.0,30
IVFNSGAIII,MaF1,2,TTT_igd_x50,10000.0,10000.0,10000.0,30
IVFNSGAIII,MaF1,2,TTT_igd_x20,10000.0,10000.0,10000.0,30
IVFNSGAIII,MaF1,2,TTT_igd_x10,10000.0,10000.0,10000.0,30
IVFNSGAIII,MaF1,2,TTT_igd_x5,10000.0,10000.0,10000.0,30
IVFNSGAIII,MaF1,2,TTT_igd_x3,10000.0,10000.0,10000.0,30
IVFNSGAIII,MaF1,2,TTT_igd_x2,10000.0,10000.0,10000.0,30
IVFNSGAIII,MaF1,2,TTT_igd_x1.5,10000.0,10000.0,10000.0,30
IVFNSGAIII,MaF1,2,TTT_igd_x1.2,10000.0,10000.0,10000.0,30
IVFNSGAIII,MaF1,2,TTT_igd_x1.0,100000.0,100000.0,100000.0,30
IVFNSGAIII,MaF1,3,AUC_IGD,5488.53918884782,5469.855913441748,5500.321105034951,30
IVFNSGAIII,MaF1,3,AUC_HV,18459.037193509797,18436.452427371532,18469.423106904633,30
IVFNSGAIII,MaF1,3,Final_IGD,0.060966349801351155,0.06003228674335585,0.0616407365899066,30
IVFNSGAIII,MaF1,3,Final_HV,0.20553657259759106,0.20451359280881753,0.20592260331470313,30
IVFNSGAIII,MaF1,3,Best_IGD,0.05872879574003705,0.058250808651376995,0.05884075998254025,30
IVFNSGAIII,MaF1,3,Best_HV,0.20686439981546875,0.20668136677945376,0.2072551736847511,30
IVFNSGAIII,MaF1,3,TTT_igd_x100,9922.0,9921.0,9922.5,30
IVFNSGAIII,MaF1,3,TTT_igd_x50,9922.0,9921.0,9922.5,30
IVFNSGAIII,MaF1,3,TTT_igd_x20,9922.0,9921.0,9922.5,30
IVFNSGAIII,MaF1,3,TTT_igd_x10,9922.0,9921.0,9922.5,30
IVFNSGAIII,MaF1,3,TTT_igd_x5,9922.0,9921.0,9922.5,30
IVFNSGAIII,MaF1,3,TTT_igd_x3,9922.0,9921.0,9922.5,30
IVFNSGAIII,MaF1,3,TTT_igd_x2,9922.0,9921.0,9922.5,30
IVFNSGAIII,MaF1,3,TTT_igd_x1.5,9922.0,9921.0,9922.5,30
IVFNSGAIII,MaF1,3,TTT_igd_x1.2,9922.0,9921.0,9922.5,30
IVFNSGAIII,MaF1,3,TTT_igd_x1.0,49961.0,39952.0,79985.5,30
IVFNSGAIII,MaF2,2,AUC_IGD,181.38222618882327,181.2426919070425,181.46452727312902,30
IVFNSGAIII,MaF2,2,AUC_HV,18677.80966313951,18677.305491318286,18678.160605992907,30
IVFNSGAIII,MaF2,2,Final_IGD,0.00200625605064425,0.00200624104121645,0.0020062834350593,30
IVFNSGAIII,MaF2,2,Final_HV,0.20756504160064565,0.2075645781953212,0.20756519524983436,30
IVFNSGAIII,MaF2,2,Best_IGD,0.0020062379662426,0.0020062353930665,0.00200624012845945,30
IVFNSGAIII,MaF2,2,Best_HV,0.20756523485011696,0.20756506325849214,0.20756529038915655,30
IVFNSGAIII,MaF2,2,TTT_igd_x100,10000.0,10000.0,10000.0,30
IVFNSGAIII,MaF2,2,TTT_igd_x50,10000.0,10000.0,10000.0,30
IVFNSGAIII,MaF2,2,TTT_igd_x20,10000.0,10000.0,10000.0,30
IVFNSGAIII,MaF2,2,TTT_igd_x10,10000.0,10000.0,10000.0,30
IVFNSGAIII,MaF2,2,TTT_igd_x5,10000.0,10000.0,10000.0,30
IVFNSGAIII,MaF2,2,TTT_igd_x3,10000.0,10000.0,10000.0,30
IVFNSGAIII,MaF2,2,TTT_igd_x2,10000.0,10000.0,10000.0,30
IVFNSGAIII,MaF2,2,TTT_igd_x1.5,10000.0,10000.0,10000.0,30
IVFNSGAIII,MaF2,2,TTT_igd_x1.2,10000.0,10000.0,10000.0,30
IVFNSGAIII,MaF2,2,TTT_igd_x1.0,80000.0,75000.0,100000.0,30
IVFNSGAIII,MaF2,3,AUC_IGD,3224.9229524598923,3212.7239811174263,3233.2296505482577,30
IVFNSGAIII,MaF2,3,AUC_HV,21428.987131331814,21414.96944620658,21446.9367779128,30
IVFNSGAIII,MaF2,3,Final_IGD,0.0359745333030978,0.035331384539903504,0.03630846897051415,30
IVFNSGAIII,MaF2,3,Final_HV,0.23766449266645864,0.23708190641352617,0.2383019522601214,30
IVFNSGAIII,MaF2,3,Best_IGD,0.034818081876793694,0.0346659834154292,0.0349852275450708,30
IVFNSGAIII,MaF2,3,Best_HV,0.23942013508894355,0.2391436972890481,0.23967432548536274,30
IVFNSGAIII,MaF2,3,TTT_igd_x100,9923.0,9922.0,9923.0,30
IVFNSGAIII,MaF2,3,TTT_igd_x50,9923.0,9922.0,9923.0,30
IVFNSGAIII,MaF2,3,TTT_igd_x20,9923.0,9922.0,9923.0,30
IVFNSGAIII,MaF2,3,TTT_igd_x10,9923.0,9922.0,9923.0,30
IVFNSGAIII,MaF2,3,TTT_igd_x5,9923.0,9922.0,9923.0,30
IVFNSGAIII,MaF2,3,TTT_igd_x3,9923.0,9922.0,9923.0,30
IVFNSGAIII,MaF2,3,TTT_igd_x2,9923.0,9922.0,9923.0,30
IVFNSGAIII,MaF2,3,TTT_igd_x1.5,9923.0,9922.0,9923.0,30
IVFNSGAIII,MaF2,3,TTT_igd_x1.2,9923.0,9922.0,9923.0,30
IVFNSGAIII,MaF2,3,TTT_igd_x1.0,69994.5,59982.5,79914.5,30
IVFNSGAIII,MaF3,2,AUC_IGD,575176.9795394178,397157.8702171686,807705.0661899911,30
IVFNSGAIII,MaF3,2,AUC_HV,53611.781540796015,51741.12799754043,53986.692491259906,30
IVFNSGAIII,MaF3,2,Final_IGD,0.0059987980298251,0.005953227141547101,0.0061263263773885,30
IVFNSGAIII,MaF3,2,Final_HV,0.7198232240445563,0.7194141909452831,0.7199761836930971,30
IVFNSGAIII,MaF3,2,Best_IGD,0.0059987980298251,0.005953227141547101,0.0061269366005863996,30
IVFNSGAIII,MaF3,2,Best_HV,0.7198232240445563,0.7194141909452831,0.7199761836930971,30
IVFNSGAIII,MaF3,2,TTT_igd_x100,30000.0,30000.0,30000.0,30
IVFNSGAIII,MaF3,2,TTT_igd_x50,30000.0,30000.0,30000.0,30
IVFNSGAIII,MaF3,2,TTT_igd_x20,30000.0,30000.0,35000.0,30
IVFNSGAIII,MaF3,2,TTT_igd_x10,30000.0,30000.0,40000.0,30
IVFNSGAIII,MaF3,2,TTT_igd_x5,30000.0,30000.0,40000.0,30
IVFNSGAIII,MaF3,2,TTT_igd_x3,40000.0,35000.0,40000.0,30
IVFNSGAIII,MaF3,2,TTT_igd_x2,40000.0,40000.0,50000.0,30
IVFNSGAIII,MaF3,2,TTT_igd_x1.5,50000.0,40000.0,50000.0,30
IVFNSGAIII,MaF3,2,TTT_igd_x1.2,50000.0,50000.0,60000.0,30
IVFNSGAIII,MaF3,2,TTT_igd_x1.0,100000.0,100000.0,100000.0,30
IVFNSGAIII,MaF3,3,AUC_IGD,551682.5802735256,429358.525119395,626954.1190183149,30
IVFNSGAIII,MaF3,3,AUC_HV,71588.07530820767,70157.34458079108,71760.80890692644,30
IVFNSGAIII,MaF3,3,Final_IGD,0.046315730596277596,0.04622569693326965,0.04645275932532795,30
IVFNSGAIII,MaF3,3,Final_HV,0.9581228679193102,0.9580043899228429,0.9581654480233134,30
IVFNSGAIII,MaF3,3,Best_IGD,0.0461871803916228,0.04598357835884005,0.04636715217178945,30
IVFNSGAIII,MaF3,3,Best_HV,0.9581525706203672,0.9580084623019576,0.958281786375843,30
IVFNSGAIII,MaF3,3,TTT_igd_x100,29963.0,19970.0,29976.0,30
IVFNSGAIII,MaF3,3,TTT_igd_x50,29972.5,29963.0,29979.0,30
IVFNSGAIII,MaF3,3,TTT_igd_x20,29978.0,29968.0,29984.0,30
IVFNSGAIII,MaF3,3,TTT_igd_x10,29978.0,29968.0,29988.5,30
IVFNSGAIII,MaF3,3,TTT_igd_x5,29978.0,29968.0,29993.0,30
IVFNSGAIII,MaF3,3,TTT_igd_x3,29980.0,29970.5,34959.0,30
IVFNSGAIII,MaF3,3,TTT_igd_x2,29984.0,29976.5,39970.5,30
IVFNSGAIII,MaF3,3,TTT_igd_x1.5,39919.0,29980.0,39976.5,30
IVFNSGAIII,MaF3,3,TTT_igd_x1.2,39980.5,39928.5,39992.0,30
IVFNSGAIII,MaF3,3,TTT_igd_x1.0,79919.5,69923.0,89996.5,30
IVFNSGAIII,MaF4,2,AUC_IGD,84697.10189299981,67967.34986095005,107192.99416944585,30
IVFNSGAIII,MaF4,2,AUC_HV,61414.001445330505,59165.26034072049,63379.57274525372,30
IVFNSGAIII,MaF4,2,Final_IGD,0.0349873963936281,0.034880025203645554,0.035022740512433745,30
IVFNSGAIII,MaF4,2,Final_HV,0.8181862664320283,0.8180935639303182,0.8182649381451375,30
IVFNSGAIII,MaF4,2,Best_IGD,0.03496368648790925,0.03482369795768455,0.0350125017175855,30
IVFNSGAIII,MaF4,2,Best_HV,0.8181862664320283,0.8180991312748136,0.8182649381451375,30
IVFNSGAIII,MaF4,2,TTT_igd_x100,20000.0,20000.0,20000.0,30
IVFNSGAIII,MaF4,2,TTT_igd_x50,30000.0,20000.0,30000.0,30
IVFNSGAIII,MaF4,2,TTT_igd_x20,30000.0,30000.0,35000.0,30
IVFNSGAIII,MaF4,2,TTT_igd_x10,30000.0,30000.0,40000.0,30
IVFNSGAIII,MaF4,2,TTT_igd_x5,30000.0,30000.0,40000.0,30
IVFNSGAIII,MaF4,2,TTT_igd_x3,30000.0,30000.0,40000.0,30
IVFNSGAIII,MaF4,2,TTT_igd_x2,35000.0,30000.0,40000.0,30
IVFNSGAIII,MaF4,2,TTT_igd_x1.5,40000.0,30000.0,40000.0,30
IVFNSGAIII,MaF4,2,TTT_igd_x1.2,40000.0,40000.0,40000.0,30
IVFNSGAIII,MaF4,2,TTT_igd_x1.0,90000.0,80000.0,100000.0,30
IVFNSGAIII,MaF4,3,AUC_IGD,243003.88215501385,185281.65258586896,293138.5942262334,30
IVFNSGAIII,MaF4,3,AUC_HV,37602.99164505685,34174.6822654454,38552.61993170186,30
IVFNSGAIII,MaF4,3,Final_IGD,0.33746818038370974,0.3289100073377058,0.3469915732023038,30
IVFNSGAIII,MaF4,3,Final_HV,0.5181857165715358,0.516814541339019,0.5199330977464527,30
IVFNSGAIII,MaF4,3,Best_IGD,0.3157155913771599,0.31221719147548993,0.318410771593021,30
IVFNSGAIII,MaF4,3,Best_HV,0.5213278403159798,0.5200900499282886,0.523017315290299,30
IVFNSGAIII,MaF4,3,TTT_igd_x100,9947.5,9942.0,19953.0,30
IVFNSGAIII,MaF4,3,TTT_igd_x50,19954.0,19949.5,19964.0,30
IVFNSGAIII,MaF4,3,TTT_igd_x20,19966.5,19954.0,29963.5,30
IVFNSGAIII,MaF4,3,TTT_igd_x10,29962.0,29955.5,29975.0,30
IVFNSGAIII,MaF4,3,TTT_igd_x5,29980.0,29968.0,39970.0,30
IVFNSGAIII,MaF4,3,TTT_igd_x3,29983.0,29968.0,39971.5,30
IVFNSGAIII,MaF4,3,TTT_igd_x2,29983.0,29968.0,39972.5,30
IVFNSGAIII,MaF4,3,TTT_igd_x1.5,29989.0,29975.0,39976.0,30
IVFNSGAIII,MaF4,3,TTT_igd_x1.2,39976.0,29977.0,39987.0,30
IVFNSGAIII,MaF4,3,TTT_igd_x1.0,64956.0,59922.5,89926.5,30
IVFNSGAIII,MaF5,2,AUC_IGD,1105.2033643327718,1103.7539325085563,1106.9908151737427,30
IVFNSGAIII,MaF5,2,AUC_HV,31245.671178158656,31245.16516659895,31246.237197359373,30
IVFNSGAIII,MaF5,2,Final_IGD,0.0122304875256289,0.0122304846104042,0.0122304927028648,30
IVFNSGAIII,MaF5,2,Final_HV,0.34721514867462616,0.3472151249975973,0.3472151569374985,30
IVFNSGAIII,MaF5,2,Best_IGD,0.01223048683407585,0.0122304837885302,0.012230490160960651,30
IVFNSGAIII,MaF5,2,Best_HV,0.3472151624388927,0.3472151569374985,0.3472151646379137,30
IVFNSGAIII,MaF5,2,TTT_igd_x100,10000.0,10000.0,10000.0,30
IVFNSGAIII,MaF5,2,TTT_igd_x50,10000.0,10000.0,10000.0,30
IVFNSGAIII,MaF5,2,TTT_igd_x20,10000.0,10000.0,10000.0,30
IVFNSGAIII,MaF5,2,TTT_igd_x10,10000.0,10000.0,10000.0,30
IVFNSGAIII,MaF5,2,TTT_igd_x5,10000.0,10000.0,10000.0,30
IVFNSGAIII,MaF5,2,TTT_igd_x3,10000.0,10000.0,10000.0,30
IVFNSGAIII,MaF5,2,TTT_igd_x2,10000.0,10000.0,10000.0,30
IVFNSGAIII,MaF5,2,TTT_igd_x1.5,10000.0,10000.0,10000.0,30
IVFNSGAIII,MaF5,2,TTT_igd_x1.2,10000.0,10000.0,10000.0,30
IVFNSGAIII,MaF5,2,TTT_igd_x1.0,100000.0,90000.0,100000.0,30
IVFNSGAIII,MaF5,3,AUC_IGD,23433.977122279648,23422.979223371913,108421.07834405225,30
IVFNSGAIII,MaF5,3,AUC_HV,50375.291746318566,35096.785916692155,50398.100030942514,30
IVFNSGAIII,MaF5,3,Final_IGD,0.2597580896988205,0.2597512854896709,0.2605820963448185,30
IVFNSGAIII,MaF5,3,Final_HV,0.5595956297651419,0.5590294894050578,0.5596159824804942,30
IVFNSGAIII,MaF5,3,Best_IGD,0.2597514948472309,0.2597495740523368,0.25993545725166545,30
IVFNSGAIII,MaF5,3,Best_HV,0.559615182431064,0.559125084554509,0.5596172522347473,30
IVFNSGAIII,MaF5,3,TTT_igd_x100,9929.0,9927.5,9933.0,30
IVFNSGAIII,MaF5,3,TTT_igd_x50,9929.0,9927.4875,9933.0,30
IVFNSGAIII,MaF5,3,TTT_igd_x20,9929.0,9927.0,9933.0,30
IVFNSGAIII,MaF5,3,TTT_igd_x10,9929.0,9927.0,9933.0,30
IVFNSGAIII,MaF5,3,TTT_igd_x5,9929.0,9927.5,9933.5,30
IVFNSGAIII,MaF5,3,TTT_igd_x3,9929.0,9927.5,9933.5,30
IVFNSGAIII,MaF5,3,TTT_igd_x2,9929.0,9927.5,9934.0,30
IVFNSGAIII,MaF5,3,TTT_igd_x1.5,9929.0,9927.5,9933.5,30
IVFNSGAIII,MaF5,3,TTT_igd_x1.2,9929.0,9927.5,9933.5,30
IVFNSGAIII,MaF5,3,TTT_igd_x1.0,79972.5,74946.5,89973.0,30
IVFNSGAIII,MaF6,2,AUC_IGD,377.768423299539,374.00054043523073,379.67712894669523,30
IVFNSGAIII,MaF6,2,AUC_HV,31226.29060982086,31224.012388777584,31228.296138813057,30
IVFNSGAIII,MaF6,2,Final_IGD,0.0039658814126353,0.00396587968049105,0.0039658822681596494,30
IVFNSGAIII,MaF6,2,Final_HV,0.34721508885451746,0.3472150053099869,0.3472151092425582,30
IVFNSGAIII,MaF6,2,Best_IGD,0.0039658814126353,0.00396587968049105,0.0039658822681596494,30
IVFNSGAIII,MaF6,2,Best_HV,0.34721508885451746,0.3472150053099869,0.3472151092425582,30
IVFNSGAIII,MaF6,2,TTT_igd_x100,10000.0,10000.0,10000.0,30
IVFNSGAIII,MaF6,2,TTT_igd_x50,10000.0,10000.0,10000.0,30
IVFNSGAIII,MaF6,2,TTT_igd_x20,10000.0,10000.0,10000.0,30
IVFNSGAIII,MaF6,2,TTT_igd_x10,10000.0,10000.0,10000.0,30
IVFNSGAIII,MaF6,2,TTT_igd_x5,10000.0,10000.0,10000.0,30
IVFNSGAIII,MaF6,2,TTT_igd_x3,10000.0,10000.0,10000.0,30
IVFNSGAIII,MaF6,2,TTT_igd_x2,20000.0,10000.0,20000.0,30
IVFNSGAIII,MaF6,2,TTT_igd_x1.5,20000.0,20000.0,20000.0,30
IVFNSGAIII,MaF6,2,TTT_igd_x1.2,20000.0,20000.0,20000.0,30
IVFNSGAIII,MaF6,2,TTT_igd_x1.0,100000.0,100000.0,100000.0,30
IVFNSGAIII,MaF6,3,AUC_IGD,1434.6460228974472,1410.975837781612,1450.0688831506345,30
IVFNSGAIII,MaF6,3,AUC_HV,17348.1778033515,17330.742859148006,17365.610039147905,30
IVFNSGAIII,MaF6,3,Final_IGD,0.0150425254671798,0.014556185735845,0.0163531837122345,30
IVFNSGAIII,MaF6,3,Final_HV,0.19274410990183635,0.19230725774197155,0.19302469262676356,30
IVFNSGAIII,MaF6,3,Best_IGD,0.012585822485475101,0.01193758947938005,0.013148395661305299,30
IVFNSGAIII,MaF6,3,Best_HV,0.19435490096461017,0.19401496707715477,0.19454306073274255,30
IVFNSGAIII,MaF6,3,TTT_igd_x100,9923.0,9921.0,9923.0,30
IVFNSGAIII,MaF6,3,TTT_igd_x50,9923.0,9921.0,9923.0,30
IVFNSGAIII,MaF6,3,TTT_igd_x20,9923.0,9921.0,9923.0,30
IVFNSGAIII,MaF6,3,TTT_igd_x10,9923.0,9921.0,9923.0,30
IVFNSGAIII,MaF6,3,TTT_igd_x5,9923.0,9921.0,9923.0,30
IVFNSGAIII,MaF6,3,TTT_igd_x3,9923.0,9921.0,9923.0,30
IVFNSGAIII,MaF6,3,TTT_igd_x2,9923.0,9921.0,9923.0,30
IVFNSGAIII,MaF6,3,TTT_igd_x1.5,9923.0,9921.5,9923.0,30
IVFNSGAIII,MaF6,3,TTT_igd_x1.2,9923.0,9922.0,9924.0,30
IVFNSGAIII,MaF6,3,TTT_igd_x1.0,19935.0,9923.0,54976.5,30
IVFNSGAIII,MaF7,2,AUC_IGD,495.546067794593,491.1323461862905,504.140740230814,30
IVFNSGAIII,MaF7,2,AUC_HV,21819.490760216337,21814.959662947535,21822.0550645997,30
IVFNSGAIII,MaF7,2,Final_IGD,0.0050405620910281505,0.0050018315346806504,0.00507058392924245,30
IVFNSGAIII,MaF7,2,Final_HV,0.24281809774020935,0.24280912054117426,0.2428273771343486,30
IVFNSGAIII,MaF7,2,Best_IGD,0.004951534278509,0.004935174820330001,0.0049773988655275,30
IVFNSGAIII,MaF7,2,Best_HV,0.24283224209168755,0.24282790132090254,0.24284142553327245,30
IVFNSGAIII,MaF7,2,TTT_igd_x100,10000.0,10000.0,10000.0,30
IVFNSGAIII,MaF7,2,TTT_igd_x50,10000.0,10000.0,10000.0,30
IVFNSGAIII,MaF7,2,TTT_igd_x20,10000.0,10000.0,10000.0,30
IVFNSGAIII,MaF7,2,TTT_igd_x10,10000.0,10000.0,10000.0,30
IVFNSGAIII,MaF7,2,TTT_igd_x5,10000.0,10000.0,10000.0,30
IVFNSGAIII,MaF7,2,TTT_igd_x3,10000.0,10000.0,10000.0,30
IVFNSGAIII,MaF7,2,TTT_igd_x2,20000.0,20000.0,20000.0,30
IVFNSGAIII,MaF7,2,TTT_igd_x1.5,20000.0,20000.0,20000.0,30
IVFNSGAIII,MaF7,2,TTT_igd_x1.2,20000.0,20000.0,20000.0,30
IVFNSGAIII,MaF7,2,TTT_igd_x1.0,70000.0,50000.0,90000.0,30
IVFNSGAIII,MaF7,3,AUC_IGD,7176.214781492199,7120.010669249759,7222.234933657914,30
IVFNSGAIII,MaF7,3,AUC_HV,23948.985506942456,23873.16659132461,23994.971782267814,30
IVFNSGAIII,MaF7,3,Final_IGD,0.07707450227892679,0.07533042313598275,0.0776422899876525,30
IVFNSGAIII,MaF7,3,Final_HV,0.2685845299319771,0.267516465415345,0.26945132362322355,30
IVFNSGAIII,MaF7,3,Best_IGD,0.0727539189739908,0.07164416489466129,0.07370168980008124,30
IVFNSGAIII,MaF7,3,Best_HV,0.2707544967273151,0.2705054329683241,0.2712926978058481,30
IVFNSGAIII,MaF7,3,TTT_igd_x100,9923.0,9921.5,9924.0,30
IVFNSGAIII,MaF7,3,TTT_igd_x50,9923.0,9921.5,9924.0,30
IVFNSGAIII,MaF7,3,TTT_igd_x20,9923.0,9921.5,9924.0,30
IVFNSGAIII,MaF7,3,TTT_igd_x10,9923.0,9921.5,9924.0,30
IVFNSGAIII,MaF7,3,TTT_igd_x5,9923.0,9921.5,9924.0,30
IVFNSGAIII,MaF7,3,TTT_igd_x3,9923.0,9921.5,9924.0,30
IVFNSGAIII,MaF7,3,TTT_igd_x2,9923.0,9921.5,9924.0,30
IVFNSGAIII,MaF7,3,TTT_igd_x1.5,19930.5,9924.0,19934.0,30
IVFNSGAIII,MaF7,3,TTT_igd_x1.2,19934.5,19932.0,19935.5,30
IVFNSGAIII,MaF7,3,TTT_igd_x1.0,59990.0,59974.0,84922.0,30
IVFNSGAIII,WFG1,2,AUC_IGD,13516.574378205016,12268.829539791248,14245.170750292973,30
IVFNSGAIII,WFG1,2,AUC_HV,57057.880338216855,56692.4280205408,57459.33696411719,30
IVFNSGAIII,WFG1,2,Final_IGD,0.09725139722017184,0.08847873133326235,0.10485026047633464,30
IVFNSGAIII,WFG1,2,Final_HV,0.668511012902681,0.6642604169771218,0.6715760730208632,30
IVFNSGAIII,WFG1,2,Best_IGD,0.09725139722017184,0.08639702783564135,0.10474823683056106,30
IVFNSGAIII,WFG1,2,Best_HV,0.668511012902681,0.6643282713721463,0.6715760730208632,30
IVFNSGAIII,WFG1,2,TTT_igd_x100,10000.0,10000.0,10000.0,30
IVFNSGAIII,WFG1,2,TTT_igd_x50,10000.0,10000.0,10000.0,30
IVFNSGAIII,WFG1,2,TTT_igd_x20,10000.0,10000.0,10000.0,30
IVFNSGAIII,WFG1,2,TTT_igd_x10,10000.0,10000.0,10000.0,30
IVFNSGAIII,WFG1,2,TTT_igd_x5,15000.0,10000.0,20000.0,30
IVFNSGAIII,WFG1,2,TTT_igd_x3,20000.0,20000.0,30000.0,30
IVFNSGAIII,WFG1,2,TTT_igd_x2,30000.0,30000.0,40000.0,30
IVFNSGAIII,WFG1,2,TTT_igd_x1.5,40000.0,30000.0,50000.0,30
IVFNSGAIII,WFG1,2,TTT_igd_x1.2,65000.0,50000.0,85000.0,30
IVFNSGAIII,WFG1,2,TTT_igd_x1.0,100000.0,100000.0,100000.0,30
IVFNSGAIII,WFG1,3,AUC_IGD,19570.650286901306,18899.914100116126,20185.189535845657,30
IVFNSGAIII,WFG1,3,AUC_HV,81818.92231206343,81374.3472248181,82019.35303769646,30
IVFNSGAIII,WFG1,3,Final_IGD,0.14822488957280328,0.14780823079986188,0.14924960708833857,30
IVFNSGAIII,WFG1,3,Final_HV,0.9429145978030158,0.9423463986144878,0.9433793197958158,30
IVFNSGAIII,WFG1,3,Best_IGD,0.14796821491110324,0.14738774078503594,0.14909284597826686,30
IVFNSGAIII,WFG1,3,Best_HV,0.9431958448587172,0.9426402012664283,0.9434375082118285,30
IVFNSGAIII,WFG1,3,TTT_igd_x100,9925.0,9923.5,9926.0,30
IVFNSGAIII,WFG1,3,TTT_igd_x50,9925.0,9923.5,9926.0,30
IVFNSGAIII,WFG1,3,TTT_igd_x20,9925.0,9923.5,9926.0,30
IVFNSGAIII,WFG1,3,TTT_igd_x10,9925.0,9923.5,9926.0,30
IVFNSGAIII,WFG1,3,TTT_igd_x5,9926.0,9924.0,9930.0,30
IVFNSGAIII,WFG1,3,TTT_igd_x3,19938.0,19935.0,19940.0,30
IVFNSGAIII,WFG1,3,TTT_igd_x2,29948.5,29943.5,29950.5,30
IVFNSGAIII,WFG1,3,TTT_igd_x1.5,39959.0,29961.5,39965.0,30
IVFNSGAIII,WFG1,3,TTT_igd_x1.2,49967.0,39964.5,49981.0,30
IVFNSGAIII,WFG1,3,TTT_igd_x1.0,100017.0,84966.0,100053.5,30
IVFNSGAIII,WFG2,2,AUC_IGD,1297.2371181247886,1288.5842493394987,1305.090440348126,30
IVFNSGAIII,WFG2,2,AUC_HV,56865.414124785464,56854.22764271045,56879.85219991092,30
IVFNSGAIII,WFG2,2,Final_IGD,0.01393081316440385,0.0138282771575086,0.0141909612234556,30
IVFNSGAIII,WFG2,2,Final_HV,0.6326755177724677,0.6325950218225315,0.6327622421929828,30
IVFNSGAIII,WFG2,2,Best_IGD,0.0133273896600216,0.01323215317332405,0.0134728459040841,30
IVFNSGAIII,WFG2,2,Best_HV,0.6329329288015673,0.6328131398856458,0.6329895341219918,30
IVFNSGAIII,WFG2,2,TTT_igd_x100,10000.0,10000.0,10000.0,30
IVFNSGAIII,WFG2,2,TTT_igd_x50,10000.0,10000.0,10000.0,30
IVFNSGAIII,WFG2,2,TTT_igd_x20,10000.0,10000.0,10000.0,30
IVFNSGAIII,WFG2,2,TTT_igd_x10,10000.0,10000.0,10000.0,30
IVFNSGAIII,WFG2,2,TTT_igd_x5,10000.0,10000.0,10000.0,30
IVFNSGAIII,WFG2,2,TTT_igd_x3,10000.0,10000.0,10000.0,30
IVFNSGAIII,WFG2,2,TTT_igd_x2,10000.0,10000.0,10000.0,30
IVFNSGAIII,WFG2,2,TTT_igd_x1.5,20000.0,10000.0,20000.0,30
IVFNSGAIII,WFG2,2,TTT_igd_x1.2,20000.0,20000.0,20000.0,30
IVFNSGAIII,WFG2,2,TTT_igd_x1.0,70000.0,60000.0,80000.0,30
IVFNSGAIII,WFG2,3,AUC_IGD,14764.989340164537,14736.829657344826,14790.238818362415,30
IVFNSGAIII,WFG2,3,AUC_HV,83673.09015483673,83629.92700911537,83717.03972890064,30
IVFNSGAIII,WFG2,3,Final_IGD,0.1644808222367961,0.16424829650625816,0.16498263445253897,30
IVFNSGAIII,WFG2,3,Final_HV,0.9312861772616066,0.930925969154007,0.9314158231670933,30
IVFNSGAIII,WFG2,3,Best_IGD,0.16139438037658815,0.1608002284098285,0.16181210404227775,30
IVFNSGAIII,WFG2,3,Best_HV,0.9318352634241337,0.9315018814870428,0.9319725520321968,30
IVFNSGAIII,WFG2,3,TTT_igd_x100,9924.5,9923.0,9925.0,30
IVFNSGAIII,WFG2,3,TTT_igd_x50,9924.5,9923.0,9925.0,30
IVFNSGAIII,WFG2,3,TTT_igd_x20,9924.5,9923.0,9925.0,30
IVFNSGAIII,WFG2,3,TTT_igd_x10,9924.5,9923.0,9925.0,30
IVFNSGAIII,WFG2,3,TTT_igd_x5,9924.5,9923.0,9925.0,30
IVFNSGAIII,WFG2,3,TTT_igd_x3,9925.0,9923.0,9925.5,30
IVFNSGAIII,WFG2,3,TTT_igd_x2,9925.0,9923.0,9925.5,30
IVFNSGAIII,WFG2,3,TTT_igd_x1.5,9925.0,9923.0,9925.5,30
IVFNSGAIII,WFG2,3,TTT_igd_x1.2,9925.0,9923.0,9925.5,30
IVFNSGAIII,WFG2,3,TTT_igd_x1.0,29917.5,19967.5,29955.0,30
IVFNSGAIII,WFG3,2,AUC_IGD,1127.177698580582,1115.0130258086926,1147.2809896596232,30
IVFNSGAIII,WFG3,2,AUC_HV,52296.84210091344,52279.63264532074,52306.97090810993,30
IVFNSGAIII,WFG3,2,Final_IGD,0.01132071761216705,0.0113117337652285,0.0113327625283981,30
IVFNSGAIII,WFG3,2,Final_HV,0.5823501329220049,0.582293380604775,0.5823970897681209,30
IVFNSGAIII,WFG3,2,Best_IGD,0.01132071761216705,0.0113117337652285,0.0113327625283981,30
IVFNSGAIII,WFG3,2,Best_HV,0.5823501329220049,0.582293380604775,0.5823970897681209,30
IVFNSGAIII,WFG3,2,TTT_igd_x100,10000.0,10000.0,10000.0,30
IVFNSGAIII,WFG3,2,TTT_igd_x50,10000.0,10000.0,10000.0,30
IVFNSGAIII,WFG3,2,TTT_igd_x20,10000.0,10000.0,10000.0,30
IVFNSGAIII,WFG3,2,TTT_igd_x10,10000.0,10000.0,10000.0,30
IVFNSGAIII,WFG3,2,TTT_igd_x5,10000.0,10000.0,10000.0,30
IVFNSGAIII,WFG3,2,TTT_igd_x3,10000.0,10000.0,10000.0,30
IVFNSGAIII,WFG3,2,TTT_igd_x2,20000.0,20000.0,20000.0,30
IVFNSGAIII,WFG3,2,TTT_igd_x1.5,20000.0,20000.0,20000.0,30
IVFNSGAIII,WFG3,2,TTT_igd_x1.2,30000.0,25000.0,30000.0,30
IVFNSGAIII,WFG3,2,TTT_igd_x1.0,100000.0,100000.0,100000.0,30
IVFNSGAIII,WFG3,3,AUC_IGD,10657.190479479334,10339.511239451334,10865.314648738078,30
IVFNSGAIII,WFG3,3,AUC_HV,34110.36955650107,33993.21956046365,34226.65253286947,30
IVFNSGAIII,WFG3,3,Final_IGD,0.10569325791138605,0.09498576493042335,0.11166227415313415,30
IVFNSGAIII,WFG3,3,Final_HV,0.387030040461538,0.3852814010178157,0.3895576465988565,30
IVFNSGAIII,WFG3,3,Best_IGD,0.1000085581616707,0.09244477093000675,0.1037851790299745,30
IVFNSGAIII,WFG3,3,Best_HV,0.38754070467873336,0.3864576893652355,0.3909643087406037,30
IVFNSGAIII,WFG3,3,TTT_igd_x100,9927.0,9925.0,9928.5,30
IVFNSGAIII,WFG3,3,TTT_igd_x50,9927.0,9925.0,9928.5,30
IVFNSGAIII,WFG3,3,TTT_igd_x20,9927.0,9925.0,9928.5,30
IVFNSGAIII,WFG3,3,TTT_igd_x10,9927.0,9925.0,9928.5,30
IVFNSGAIII,WFG3,3,TTT_igd_x5,9927.0,9925.0,9928.5,30
IVFNSGAIII,WFG3,3,TTT_igd_x3,9927.0,9925.0,9928.5,30
IVFNSGAIII,WFG3,3,TTT_igd_x2,9927.0,9925.0,9928.5,30
IVFNSGAIII,WFG3,3,TTT_igd_x1.5,19939.0,19935.5,19944.0,30
IVFNSGAIII,WFG3,3,TTT_igd_x1.2,29957.5,29947.5,39966.0,30
IVFNSGAIII,WFG3,3,TTT_igd_x1.0,89934.0,79927.0,100031.0,30
IVFNSGAIII,WFG4,2,AUC_IGD,1204.4394780486487,1193.323708007385,1220.7103481148395,30
IVFNSGAIII,WFG4,2,AUC_HV,31164.943142518565,31154.297072725472,31170.81485594362,30
IVFNSGAIII,WFG4,2,Final_IGD,0.012232473607895401,0.01223214666584075,0.01223328871003735,30
IVFNSGAIII,WFG4,2,Final_HV,0.3472073285507975,0.3471830282021049,0.3472117371869397,30
IVFNSGAIII,WFG4,2,Best_IGD,0.012232473607895401,0.01223214666584075,0.01223328871003735,30
IVFNSGAIII,WFG4,2,Best_HV,0.3472073285507975,0.3471830282021049,0.3472117371869397,30
IVFNSGAIII,WFG4,2,TTT_igd_x100,10000.0,10000.0,10000.0,30
IVFNSGAIII,WFG4,2,TTT_igd_x50,10000.0,10000.0,10000.0,30
IVFNSGAIII,WFG4,2,TTT_igd_x20,10000.0,10000.0,10000.0,30
IVFNSGAIII,WFG4,2,TTT_igd_x10,10000.0,10000.0,10000.0,30
IVFNSGAIII,WFG4,2,TTT_igd_x5,10000.0,10000.0,10000.0,30
IVFNSGAIII,WFG4,2,TTT_igd_x3,10000.0,10000.0,10000.0,30
IVFNSGAIII,WFG4,2,TTT_igd_x2,10000.0,10000.0,20000.0,30
IVFNSGAIII,WFG4,2,TTT_igd_x1.5,20000.0,20000.0,20000.0,30
IVFNSGAIII,WFG4,2,TTT_igd_x1.2,30000.0,20000.0,30000.0,30
IVFNSGAIII,WFG4,2,TTT_igd_x1.0,100000.0,100000.0,100000.0,30
IVFNSGAIII,WFG4,3,AUC_IGD,20001.83752976226,19995.692817705174,20015.210310005095,30
IVFNSGAIII,WFG4,3,AUC_HV,49882.25280756592,49823.17614981517,49899.2739048073,30
IVFNSGAIII,WFG4,3,Final_IGD,0.22093086410299467,0.22090423081311278,0.2209561459554341,30
IVFNSGAIII,WFG4,3,Final_HV,0.5589054395850545,0.5588318067658851,0.558936764700241,30
IVFNSGAIII,WFG4,3,Best_IGD,0.2208838413443476,0.2208645954080275,0.22091617370496125,30
IVFNSGAIII,WFG4,3,Best_HV,0.5589054395850545,0.5588318067658851,0.5589463380432729,30
IVFNSGAIII,WFG4,3,TTT_igd_x100,9937.0,9933.0,9939.0,30
IVFNSGAIII,WFG4,3,TTT_igd_x50,9937.0,9933.0,9939.0,30
IVFNSGAIII,WFG4,3,TTT_igd_x20,9937.0,9933.0,9939.0,30
IVFNSGAIII,WFG4,3,TTT_igd_x10,9937.0,9933.0,9939.0,30
IVFNSGAIII,WFG4,3,TTT_igd_x5,9937.0,9932.0,9939.0,30
IVFNSGAIII,WFG4,3,TTT_igd_x3,9937.0,9933.0,9939.0,30
IVFNSGAIII,WFG4,3,TTT_igd_x2,9937.0,9933.0,9939.0,30
IVFNSGAIII,WFG4,3,TTT_igd_x1.5,9937.0,9933.0,9939.0,30
IVFNSGAIII,WFG4,3,TTT_igd_x1.2,9937.0,9933.0,9939.0,30
IVFNSGAIII,WFG4,3,TTT_igd_x1.0,89937.5,69989.5,94997.0,30
IVFNSGAIII,WFG5,2,AUC_IGD,5763.191393790787,5745.874654381285,5796.416310386905,30
IVFNSGAIII,WFG5,2,AUC_HV,28130.564704303673,28107.687834967128,28151.891358641275,30
IVFNSGAIII,WFG5,2,Final_IGD,0.06337149012799184,0.06337056277827574,0.06337238595070735,30
IVFNSGAIII,WFG5,2,Final_HV,0.3133736311166976,0.3133710750825889,0.3133761808973581,30
IVFNSGAIII,WFG5,2,Best_IGD,0.0633713096918178,0.0633705505813373,0.06337215126853316,30
IVFNSGAIII,WFG5,2,Best_HV,0.3133736311166976,0.3133710750825889,0.3133761808973581,30
IVFNSGAIII,WFG5,2,TTT_igd_x100,10000.0,10000.0,10000.0,30
IVFNSGAIII,WFG5,2,TTT_igd_x50,10000.0,10000.0,10000.0,30
IVFNSGAIII,WFG5,2,TTT_igd_x20,10000.0,10000.0,10000.0,30
IVFNSGAIII,WFG5,2,TTT_igd_x10,10000.0,10000.0,10000.0,30
IVFNSGAIII,WFG5,2,TTT_igd_x5,10000.0,10000.0,10000.0,30
IVFNSGAIII,WFG5,2,TTT_igd_x3,10000.0,10000.0,10000.0,30
IVFNSGAIII,WFG5,2,TTT_igd_x2,10000.0,10000.0,10000.0,30
IVFNSGAIII,WFG5,2,TTT_igd_x1.5,10000.0,10000.0,10000.0,30
IVFNSGAIII,WFG5,2,TTT_igd_x1.2,10000.0,10000.0,10000.0,30
IVFNSGAIII,WFG5,2,TTT_igd_x1.0,100000.0,95000.0,100000.0,30
IVFNSGAIII,WFG5,3,AUC_IGD,20787.83382948127,20775.88702455596,20793.824260334564,30
IVFNSGAIII,WFG5,3,AUC_HV,46589.786765669545,46567.27470676184,46597.76971412788,30
IVFNSGAIII,WFG5,3,Final_IGD,0.2298827573733389,0.229868218654006,0.2298933023286704,30
IVFNSGAIII,WFG5,3,Final_HV,0.5184351902797271,0.5184278944031182,0.5184394811075426,30
IVFNSGAIII,WFG5,3,Best_IGD,0.229852526796469,0.22982666020291959,0.2298739364291483,30
IVFNSGAIII,WFG5,3,Best_HV,0.5184354648238689,0.518431668712511,0.5184419276600347,30
IVFNSGAIII,WFG5,3,TTT_igd_x100,9934.0,9932.5,9936.5,30
IVFNSGAIII,WFG5,3,TTT_igd_x50,9934.0,9932.5,9936.5,30
IVFNSGAIII,WFG5,3,TTT_igd_x20,9934.0,9932.5,9936.5,30
IVFNSGAIII,WFG5,3,TTT_igd_x10,9934.0,9932.5,9936.5,30
IVFNSGAIII,WFG5,3,TTT_igd_x5,9934.0,9932.5,9936.5,30
IVFNSGAIII,WFG5,3,TTT_igd_x3,9934.0,9932.5,9936.5,30
IVFNSGAIII,WFG5,3,TTT_igd_x2,9934.0,9932.5,9936.5,30
IVFNSGAIII,WFG5,3,TTT_igd_x1.5,9934.0,9932.5,9936.5,30
IVFNSGAIII,WFG5,3,TTT_igd_x1.2,9934.0,9932.5,9936.5,30
IVFNSGAIII,WFG5,3,TTT_igd_x1.0,69950.5,59984.5,74971.5,30
IVFNSGAIII,WFG6,2,AUC_IGD,6615.022747885283,6387.117824178325,7568.517893036833,30
IVFNSGAIII,WFG6,2,AUC_HV,27701.869888584646,27176.079268247602,27831.382206063932,30
IVFNSGAIII,WFG6,2,Final_IGD,0.0717330776791116,0.06930476162915375,0.0829352922893833,30
IVFNSGAIII,WFG6,2,Final_HV,0.30873409666013163,0.3025597455632161,0.3100797897555949,30
IVFNSGAIII,WFG6,2,Best_IGD,0.0717330776791116,0.0686178500031362,0.0829352922893833,30
IVFNSGAIII,WFG6,2,Best_HV,0.30873409666013163,0.3025597455632161,0.3100797897555949,30
IVFNSGAIII,WFG6,2,TTT_igd_x100,10000.0,10000.0,10000.0,30
IVFNSGAIII,WFG6,2,TTT_igd_x50,10000.0,10000.0,10000.0,30
IVFNSGAIII,WFG6,2,TTT_igd_x20,10000.0,10000.0,10000.0,30
IVFNSGAIII,WFG6,2,TTT_igd_x10,10000.0,10000.0,10000.0,30
IVFNSGAIII,WFG6,2,TTT_igd_x5,10000.0,10000.0,10000.0,30
IVFNSGAIII,WFG6,2,TTT_igd_x3,10000.0,10000.0,10000.0,30
IVFNSGAIII,WFG6,2,TTT_igd_x2,10000.0,10000.0,10000.0,30
IVFNSGAIII,WFG6,2,TTT_igd_x1.5,10000.0,10000.0,10000.0,30
IVFNSGAIII,WFG6,2,TTT_igd_x1.2,20000.0,15000.0,20000.0,30
IVFNSGAIII,WFG6,2,TTT_igd_x1.0,100000.0,100000.0,100000.0,30
IVFNSGAIII,WFG6,3,AUC_IGD,21224.94136562213,20997.64585141088,21518.3660773799,30
IVFNSGAIII,WFG6,3,AUC_HV,46057.8270743879,45677.00247841291,46435.085472770006,30
IVFNSGAIII,WFG6,3,Final_IGD,0.23178447808096309,0.2290006130457164,0.2341195663269296,30
IVFNSGAIII,WFG6,3,Final_HV,0.5151779524770288,0.511422912432888,0.5201294893210371,30
IVFNSGAIII,WFG6,3,Best_IGD,0.23178447808096309,0.2290006130457164,0.2341195663269296,30
IVFNSGAIII,WFG6,3,Best_HV,0.5151779524770288,0.511422912432888,0.5201294893210371,30
IVFNSGAIII,WFG6,3,TTT_igd_x100,9922.0,9921.0,9922.0,30
IVFNSGAIII,WFG6,3,TTT_igd_x50,9922.0,9921.0,9922.0,30
IVFNSGAIII,WFG6,3,TTT_igd_x20,9922.0,9921.0,9922.0,30
IVFNSGAIII,WFG6,3,TTT_igd_x10,9922.0,9921.0,9922.0,30
IVFNSGAIII,WFG6,3,TTT_igd_x5,9922.0,9921.0,9922.0,30
IVFNSGAIII,WFG6,3,TTT_igd_x3,9922.0,9921.0,9922.0,30
IVFNSGAIII,WFG6,3,TTT_igd_x2,9922.0,9921.0,9922.0,30
IVFNSGAIII,WFG6,3,TTT_igd_x1.5,9922.0,9921.0,9922.0,30
IVFNSGAIII,WFG6,3,TTT_igd_x1.2,9922.0,9921.0,9922.0,30
IVFNSGAIII,WFG6,3,TTT_igd_x1.0,100026.0,100019.5,100041.0,30
IVFNSGAIII,WFG7,2,AUC_IGD,1140.0766313214208,1137.1224965970214,1147.2729869981188,30
IVFNSGAIII,WFG7,2,AUC_HV,31204.312480093293,31200.542756418938,31206.593601579763,30
IVFNSGAIII,WFG7,2,Final_IGD,0.01223346317574075,0.01223298244247775,0.0122343335138138,30
IVFNSGAIII,WFG7,2,Final_HV,0.347171516140177,0.3471640976002921,0.34717606483505675,30
IVFNSGAIII,WFG7,2,Best_IGD,0.01223346317574075,0.01223298244247775,0.0122343335138138,30
IVFNSGAIII,WFG7,2,Best_HV,0.347171516140177,0.3471640976002921,0.34717618149199053,30
IVFNSGAIII,WFG7,2,TTT_igd_x100,10000.0,10000.0,10000.0,30
IVFNSGAIII,WFG7,2,TTT_igd_x50,10000.0,10000.0,10000.0,30
IVFNSGAIII,WFG7,2,TTT_igd_x20,10000.0,10000.0,10000.0,30
IVFNSGAIII,WFG7,2,TTT_igd_x10,10000.0,10000.0,10000.0,30
IVFNSGAIII,WFG7,2,TTT_igd_x5,10000.0,10000.0,10000.0,30
IVFNSGAIII,WFG7,2,TTT_igd_x3,10000.0,10000.0,10000.0,30
IVFNSGAIII,WFG7,2,TTT_igd_x2,10000.0,10000.0,10000.0,30
IVFNSGAIII,WFG7,2,TTT_igd_x1.5,10000.0,10000.0,20000.0,30
IVFNSGAIII,WFG7,2,TTT_igd_x1.2,20000.0,20000.0,20000.0,30
IVFNSGAIII,WFG7,2,TTT_igd_x1.0,100000.0,100000.0,100000.0,30
IVFNSGAIII,WFG7,3,AUC_IGD,20024.164155745188,20012.198662769202,20033.809914683163,30
IVFNSGAIII,WFG7,3,AUC_HV,49971.4618754612,49944.91479231418,49988.29255852828,30
IVFNSGAIII,WFG7,3,Final_IGD,0.22107502970860216,0.22105784724181335,0.22110280727785106,30
IVFNSGAIII,WFG7,3,Final_HV,0.5585400499589875,0.5584750726692513,0.5586266813964417,30
IVFNSGAIII,WFG7,3,Best_IGD,0.22107502970860216,0.22105570540484576,0.22110192953136676,30
IVFNSGAIII,WFG7,3,Best_HV,0.5585400499589875,0.5584657657699024,0.5586266813964417,30
IVFNSGAIII,WFG7,3,TTT_igd_x100,9923.0,9922.0,9923.5,30
IVFNSGAIII,WFG7,3,TTT_igd_x50,9923.0,9922.0,9923.5,30
IVFNSGAIII,WFG7,3,TTT_igd_x20,9923.0,9922.0,9923.5,30
IVFNSGAIII,WFG7,3,TTT_igd_x10,9923.0,9922.0,9923.5,30
IVFNSGAIII,WFG7,3,TTT_igd_x5,9923.0,9922.0,9923.5,30
IVFNSGAIII,WFG7,3,TTT_igd_x3,9923.0,9922.0,9923.5,30
IVFNSGAIII,WFG7,3,TTT_igd_x2,9923.0,9922.0,9923.5,30
IVFNSGAIII,WFG7,3,TTT_igd_x1.5,9923.0,9922.0,9923.5,30
IVFNSGAIII,WFG7,3,TTT_igd_x1.2,9923.0,9922.0,9923.5,30
IVFNSGAIII,WFG7,3,TTT_igd_x1.0,100033.0,100012.0,100061.0,30
IVFNSGAIII,WFG8,2,AUC_IGD,9856.905496595538,9808.271463246416,9907.997810395616,30
IVFNSGAIII,WFG8,2,AUC_HV,25983.86221074121,25967.72922763999,26004.985402699593,30
IVFNSGAIII,WFG8,2,Final_IGD,0.10638752069867895,0.10595531023973045,0.10675041927653975,30
IVFNSGAIII,WFG8,2,Final_HV,0.29033939686100707,0.2901475820947331,0.2905435625435081,30
IVFNSGAIII,WFG8,2,Best_IGD,0.10638752069867895,0.10595531023973045,0.10675041927653975,30
IVFNSGAIII,WFG8,2,Best_HV,0.29033939686100707,0.2901475820947331,0.2905435625435081,30
IVFNSGAIII,WFG8,2,TTT_igd_x100,10000.0,10000.0,10000.0,30
IVFNSGAIII,WFG8,2,TTT_igd_x50,10000.0,10000.0,10000.0,30
IVFNSGAIII,WFG8,2,TTT_igd_x20,10000.0,10000.0,10000.0,30
IVFNSGAIII,WFG8,2,TTT_igd_x10,10000.0,10000.0,10000.0,30
IVFNSGAIII,WFG8,2,TTT_igd_x5,10000.0,10000.0,10000.0,30
IVFNSGAIII,WFG8,2,TTT_igd_x3,10000.0,10000.0,10000.0,30
IVFNSGAIII,WFG8,2,TTT_igd_x2,10000.0,10000.0,10000.0,30
IVFNSGAIII,WFG8,2,TTT_igd_x1.5,10000.0,10000.0,10000.0,30
IVFNSGAIII,WFG8,2,TTT_igd_x1.2,20000.0,10000.0,20000.0,30
IVFNSGAIII,WFG8,2,TTT_igd_x1.0,100000.0,100000.0,100000.0,30
IVFNSGAIII,WFG8,3,AUC_IGD,26028.685959789094,25908.066100931363,26082.47779466956,30
IVFNSGAIII,WFG8,3,AUC_HV,42038.47755328491,41978.55547296304,42100.414174798774,30
IVFNSGAIII,WFG8,3,Final_IGD,0.27893233661051864,0.2776969918754343,0.27936685196073713,30
IVFNSGAIII,WFG8,3,Final_HV,0.47369777673148994,0.47299543108093156,0.4744204718914669,30
IVFNSGAIII,WFG8,3,Best_IGD,0.27805555859916664,0.27689492964968265,0.278429987648676,30
IVFNSGAIII,WFG8,3,Best_HV,0.47403040201375923,0.4734430271420274,0.4744204718914669,30
IVFNSGAIII,WFG8,3,TTT_igd_x100,9923.0,9922.0,9923.0,30
IVFNSGAIII,WFG8,3,TTT_igd_x50,9923.0,9922.0,9923.0,30
IVFNSGAIII,WFG8,3,TTT_igd_x20,9923.0,9922.0,9923.0,30
IVFNSGAIII,WFG8,3,TTT_igd_x10,9923.0,9922.0,9923.0,30
IVFNSGAIII,WFG8,3,TTT_igd_x5,9923.0,9922.0,9923.0,30
IVFNSGAIII,WFG8,3,TTT_igd_x3,9923.0,9922.0,9923.0,30
IVFNSGAIII,WFG8,3,TTT_igd_x2,9923.0,9922.0,9923.0,30
IVFNSGAIII,WFG8,3,TTT_igd_x1.5,9923.0,9922.0,9923.0,30
IVFNSGAIII,WFG8,3,TTT_igd_x1.2,9923.0,9923.0,9924.0,30
IVFNSGAIII,WFG8,3,TTT_igd_x1.0,100017.5,89926.5,100025.0125,30
IVFNSGAIII,WFG9,2,AUC_IGD,1667.6292077327696,1627.8657396633334,1727.1048105459588,30
IVFNSGAIII,WFG9,2,AUC_HV,30606.964686328844,30579.44889213524,30661.283588964845,30
IVFNSGAIII,WFG9,2,Final_IGD,0.014734404807654849,0.0145802975931678,0.01516921882334565,30
IVFNSGAIII,WFG9,2,Final_HV,0.3434266984844626,0.34293958211684283,0.34359077152804496,30
IVFNSGAIII,WFG9,2,Best_IGD,0.0146776521814435,0.0145088277408911,0.01516921882334565,30
IVFNSGAIII,WFG9,2,Best_HV,0.3434266984844626,0.34293958211684283,0.34359077152804496,30
IVFNSGAIII,WFG9,2,TTT_igd_x100,10000.0,10000.0,10000.0,30
IVFNSGAIII,WFG9,2,TTT_igd_x50,10000.0,10000.0,10000.0,30
IVFNSGAIII,WFG9,2,TTT_igd_x20,10000.0,10000.0,10000.0,30
IVFNSGAIII,WFG9,2,TTT_igd_x10,10000.0,10000.0,10000.0,30
IVFNSGAIII,WFG9,2,TTT_igd_x5,10000.0,10000.0,10000.0,30
IVFNSGAIII,WFG9,2,TTT_igd_x3,10000.0,10000.0,10000.0,30
IVFNSGAIII,WFG9,2,TTT_igd_x2,20000.0,20000.0,20000.0,30
IVFNSGAIII,WFG9,2,TTT_igd_x1.5,30000.0,30000.0,30000.0,30
IVFNSGAIII,WFG9,2,TTT_igd_x1.2,40000.0,40000.0,50000.0,30
IVFNSGAIII,WFG9,2,TTT_igd_x1.0,100000.0,100000.0,100000.0,30
IVFNSGAIII,WFG9,3,AUC_IGD,20109.354810270266,20051.76330410651,20179.758160984857,30
IVFNSGAIII,WFG9,3,AUC_HV,47847.65953535649,47763.82805857819,47926.068269221025,30
IVFNSGAIII,WFG9,3,Final_IGD,0.22107751747572205,0.22089643055219838,0.22138305260363256,30
IVFNSGAIII,WFG9,3,Final_HV,0.5388331757732249,0.5381417263999639,0.5396241775683448,30
IVFNSGAIII,WFG9,3,Best_IGD,0.2207613377880016,0.2204713269974538,0.2210399028040243,30
IVFNSGAIII,WFG9,3,Best_HV,0.5388331757732249,0.5383802215580322,0.5396241775683448,30
IVFNSGAIII,WFG9,3,TTT_igd_x100,9929.5,9928.0,9931.0,30
IVFNSGAIII,WFG9,3,TTT_igd_x50,9929.5,9928.0,9931.0,30
IVFNSGAIII,WFG9,3,TTT_igd_x20,9929.5,9928.0,9931.0,30
IVFNSGAIII,WFG9,3,TTT_igd_x10,9929.5,9928.0,9931.0,30
IVFNSGAIII,WFG9,3,TTT_igd_x5,9929.5,9928.0,9931.0,30
IVFNSGAIII,WFG9,3,TTT_igd_x3,9929.5,9928.0,9931.0,30
IVFNSGAIII,WFG9,3,TTT_igd_x2,9929.5,9928.0,9931.0,30
IVFNSGAIII,WFG9,3,TTT_igd_x1.5,9929.5,9928.0,9931.0,30
IVFNSGAIII,WFG9,3,TTT_igd_x1.2,9929.5,9928.0,9931.0,30
IVFNSGAIII,WFG9,3,TTT_igd_x1.0,89945.0,74969.0,100004.5,30
IVFNSGAIII,ZDT1,2,AUC_IGD,461.82459455954023,449.0748705751125,471.8987132351195,30
IVFNSGAIII,ZDT1,2,AUC_HV,64639.97934957622,64628.649883132515,64657.3739645534,30
IVFNSGAIII,ZDT1,2,Final_IGD,0.0038879370449822,0.0038879211202333,0.0038879643185817502,30
IVFNSGAIII,ZDT1,2,Final_HV,0.7203052690849581,0.720305190745328,0.720305322258224,30
IVFNSGAIII,ZDT1,2,Best_IGD,0.0038878332689540503,0.00388775396234425,0.0038878778090932,30
IVFNSGAIII,ZDT1,2,Best_HV,0.7203053066912755,0.7203052455424999,0.7203053691878308,30
IVFNSGAIII,ZDT1,2,TTT_igd_x100,10000.0,10000.0,10000.0,30
IVFNSGAIII,ZDT1,2,TTT_igd_x50,10000.0,10000.0,10000.0,30
IVFNSGAIII,ZDT1,2,TTT_igd_x20,10000.0,10000.0,10000.0,30
IVFNSGAIII,ZDT1,2,TTT_igd_x10,10000.0,10000.0,10000.0,30
IVFNSGAIII,ZDT1,2,TTT_igd_x5,20000.0,20000.0,20000.0,30
IVFNSGAIII,ZDT1,2,TTT_igd_x3,20000.0,20000.0,20000.0,30
IVFNSGAIII,ZDT1,2,TTT_igd_x2,20000.0,20000.0,20000.0,30
IVFNSGAIII,ZDT1,2,TTT_igd_x1.5,20000.0,20000.0,20000.0,30
IVFNSGAIII,ZDT1,2,TTT_igd_x1.2,30000.0,20000.0,30000.0,30
IVFNSGAIII,ZDT1,2,TTT_igd_x1.0,50000.0,50000.0,50000.0,30
IVFNSGAIII,ZDT2,2,AUC_IGD,537.5657783924808,494.03761805753726,576.826315621537,30
IVFNSGAIII,ZDT2,2,AUC_HV,39751.863715087806,39667.97593514082,39805.84827654074,30
IVFNSGAIII,ZDT2,2,Final_IGD,0.00380696262440505,0.0038069602884746503,0.00380696487956335,30
IVFNSGAIII,ZDT2,2,Final_HV,0.4450337815902556,0.4450337795404246,0.44503378300715973,30
IVFNSGAIII,ZDT2,2,Best_IGD,0.0038069589036875,0.0038069569854314,0.00380696047297315,30
IVFNSGAIII,ZDT2,2,Best_HV,0.4450337815902556,0.4450337795404246,0.44503378300715973,30
IVFNSGAIII,ZDT2,2,TTT_igd_x100,10000.0,10000.0,10000.0,30
IVFNSGAIII,ZDT2,2,TTT_igd_x50,10000.0,10000.0,10000.0,30
IVFNSGAIII,ZDT2,2,TTT_igd_x20,10000.0,10000.0,10000.0,30
IVFNSGAIII,ZDT2,2,TTT_igd_x10,20000.0,10000.0,20000.0,30
IVFNSGAIII,ZDT2,2,TTT_igd_x5,20000.0,20000.0,20000.0,30
IVFNSGAIII,ZDT2,2,TTT_igd_x3,20000.0,20000.0,20000.0,30
IVFNSGAIII,ZDT2,2,TTT_igd_x2,20000.0,20000.0,20000.0,30
IVFNSGAIII,ZDT2,2,TTT_igd_x1.5,20000.0,20000.0,20000.0,30
IVFNSGAIII,ZDT2,2,TTT_igd_x1.2,30000.0,30000.0,30000.0,30
IVFNSGAIII,ZDT2,2,TTT_igd_x1.0,70000.0,65000.0,70000.0,30
IVFNSGAIII,ZDT3,2,AUC_IGD,652.1660691919025,647.1758911348068,669.6472093688485,30
IVFNSGAIII,ZDT3,2,AUC_HV,53775.755974434855,53772.21798425393,53791.51821456302,30
IVFNSGAIII,ZDT3,2,Final_IGD,0.00608562632899685,0.00599931428518075,0.0061739967080804495,30
IVFNSGAIII,ZDT3,2,Final_HV,0.5987946727571245,0.5987452413651242,0.5988571906508009,30
IVFNSGAIII,ZDT3,2,Best_IGD,0.0057857163841057,0.00575581157601545,0.0058302423625431,30
IVFNSGAIII,ZDT3,2,Best_HV,0.5991498608972778,0.5990599501611837,0.5992827712990042,30
IVFNSGAIII,ZDT3,2,TTT_igd_x100,10000.0,10000.0,10000.0,30
IVFNSGAIII,ZDT3,2,TTT_igd_x50,10000.0,10000.0,10000.0,30
IVFNSGAIII,ZDT3,2,TTT_igd_x20,10000.0,10000.0,10000.0,30
IVFNSGAIII,ZDT3,2,TTT_igd_x10,10000.0,10000.0,10000.0,30
IVFNSGAIII,ZDT3,2,TTT_igd_x5,10000.0,10000.0,20000.0,30
IVFNSGAIII,ZDT3,2,TTT_igd_x3,20000.0,20000.0,20000.0,30
IVFNSGAIII,ZDT3,2,TTT_igd_x2,20000.0,20000.0,20000.0,30
IVFNSGAIII,ZDT3,2,TTT_igd_x1.5,20000.0,20000.0,20000.0,30
IVFNSGAIII,ZDT3,2,TTT_igd_x1.2,20000.0,20000.0,20000.0,30
IVFNSGAIII,ZDT3,2,TTT_igd_x1.0,70000.0,60000.0,80000.0,30
IVFNSGAIII,ZDT4,2,AUC_IGD,3005.8927120272165,2803.1538513659043,3746.5742465099784,30
IVFNSGAIII,ZDT4,2,AUC_HV,61879.549909967354,61460.769622865424,62258.375687161155,30
IVFNSGAIII,ZDT4,2,Final_IGD,0.003888827440609,0.0038882026485299002,0.00389251895137335,30
IVFNSGAIII,ZDT4,2,Final_HV,0.7202474577521819,0.720166310370023,0.7202656081667913,30
IVFNSGAIII,ZDT4,2,Best_IGD,0.003888827440609,0.0038882026485299002,0.00389251895137335,30
IVFNSGAIII,ZDT4,2,Best_HV,0.7202474577521819,0.720166310370023,0.7202656081667913,30
IVFNSGAIII,ZDT4,2,TTT_igd_x100,20000.0,20000.0,20000.0,30
IVFNSGAIII,ZDT4,2,TTT_igd_x50,20000.0,20000.0,20000.0,30
IVFNSGAIII,ZDT4,2,TTT_igd_x20,20000.0,20000.0,20000.0,30
IVFNSGAIII,ZDT4,2,TTT_igd_x10,20000.0,20000.0,20000.0,30
IVFNSGAIII,ZDT4,2,TTT_igd_x5,20000.0,20000.0,25000.0,30
IVFNSGAIII,ZDT4,2,TTT_igd_x3,30000.0,20000.0,30000.0,30
IVFNSGAIII,ZDT4,2,TTT_igd_x2,30000.0,30000.0,30000.0,30
IVFNSGAIII,ZDT4,2,TTT_igd_x1.5,30000.0,30000.0,30000.0,30
IVFNSGAIII,ZDT4,2,TTT_igd_x1.2,30000.0,30000.0,40000.0,30
IVFNSGAIII,ZDT4,2,TTT_igd_x1.0,100000.0,100000.0,100000.0,30
IVFNSGAIII,ZDT6,2,AUC_IGD,1660.404275560139,1484.3885278237547,1961.3646580655877,30
IVFNSGAIII,ZDT6,2,AUC_HV,33509.041460032095,33368.31098395052,33634.706247271155,30
IVFNSGAIII,ZDT6,2,Final_IGD,0.0030012615661216997,0.00300125374212945,0.00300126717232065,30
IVFNSGAIII,ZDT6,2,Final_HV,0.3889558328131574,0.38895580503238164,0.38895585379100583,30
IVFNSGAIII,ZDT6,2,Best_IGD,0.00300126023334655,0.00300125348005165,0.00300126678578605,30
IVFNSGAIII,ZDT6,2,Best_HV,0.3889558328131574,0.38895580503238164,0.38895585379100583,30
IVFNSGAIII,ZDT6,2,TTT_igd_x100,10000.0,10000.0,15000.0,30
IVFNSGAIII,ZDT6,2,TTT_igd_x50,20000.0,20000.0,20000.0,30
IVFNSGAIII,ZDT6,2,TTT_igd_x20,20000.0,20000.0,20000.0,30
IVFNSGAIII,ZDT6,2,TTT_igd_x10,20000.0,20000.0,20000.0,30
IVFNSGAIII,ZDT6,2,TTT_igd_x5,20000.0,20000.0,20000.0,30
IVFNSGAIII,ZDT6,2,TTT_igd_x3,30000.0,20000.0,30000.0,30
IVFNSGAIII,ZDT6,2,TTT_igd_x2,30000.0,30000.0,30000.0,30
IVFNSGAIII,ZDT6,2,TTT_igd_x1.5,30000.0,30000.0,30000.0,30
IVFNSGAIII,ZDT6,2,TTT_igd_x1.2,40000.0,40000.0,40000.0,30
IVFNSGAIII,ZDT6,2,TTT_igd_x1.0,100000.0,100000.0,100000.0,30
IVFSPEA2,DTLZ1,2,AUC_IGD,250.42322745395552,190.83642335904577,1588.259208767066,30
IVFSPEA2,DTLZ1,2,AUC_HV,52152.12216089991,49573.14288643193,52337.52903763105,30
IVFSPEA2,DTLZ1,2,Final_IGD,0.0018195100470679,0.0018174084469956,0.00182183636570545,30
IVFSPEA2,DTLZ1,2,Final_HV,0.5825166534314756,0.5825093218655604,0.5825244426816338,30
IVFSPEA2,DTLZ1,2,Best_IGD,0.00181515593651235,0.00181192995642385,0.0018170298861888501,30
IVFSPEA2,DTLZ1,2,Best_HV,0.5825251211118264,0.5825192977040441,0.5825358643017307,30
IVFSPEA2,DTLZ1,2,TTT_igd_x100,10000.0,10000.0,20000.0,30
IVFSPEA2,DTLZ1,2,TTT_igd_x50,10000.0,10000.0,20000.0,30
IVFSPEA2,DTLZ1,2,TTT_igd_x20,10000.0,10000.0,20000.0,30
IVFSPEA2,DTLZ1,2,TTT_igd_x10,15000.0,10000.0,20000.0,30
IVFSPEA2,DTLZ1,2,TTT_igd_x5,20000.0,10000.0,20000.0,30
IVFSPEA2,DTLZ1,2,TTT_igd_x3,20000.0,20000.0,20000.0,30
IVFSPEA2,DTLZ1,2,TTT_igd_x2,20000.0,20000.0,20000.0,30
IVFSPEA2,DTLZ1,2,TTT_igd_x1.5,20000.0,20000.0,20000.0,30
IVFSPEA2,DTLZ1,2,TTT_igd_x1.2,20000.0,20000.0,20000.0,30
IVFSPEA2,DTLZ1,2,TTT_igd_x1.0,85000.0,80000.0,90000.0,30
IVFSPEA2,DTLZ1,3,AUC_IGD,1957.6620600133388,1905.8451596535865,2799.0130059056028,30
IVFSPEA2,DTLZ1,3,AUC_HV,75449.41850636291,73349.53267625599,75569.98980835866,30
IVFSPEA2,DTLZ1,3,Final_IGD,0.020108991158639747,0.0200434486515089,0.02013697194453835,30
IVFSPEA2,DTLZ1,3,Final_HV,0.8426896076089441,0.8425682100740828,0.8427858513107442,30
IVFSPEA2,DTLZ1,3,Best_IGD,0.0199363744061576,0.019902000585139648,0.0199600072738462,30
IVFSPEA2,DTLZ1,3,Best_HV,0.842899274351276,0.842841776150225,0.8429443679404534,30
IVFSPEA2,DTLZ1,3,TTT_igd_x100,10000.0,10000.0,10000.0,30
IVFSPEA2,DTLZ1,3,TTT_igd_x50,10000.0,10000.0,10000.0,30
IVFSPEA2,DTLZ1,3,TTT_igd_x20,10000.0,10000.0,10000.0,30
IVFSPEA2,DTLZ1,3,TTT_igd_x10,10000.0,10000.0,15000.0,30
IVFSPEA2,DTLZ1,3,TTT_igd_x5,10000.0,10000.0,20000.0,30
IVFSPEA2,DTLZ1,3,TTT_igd_x3,10000.0,10000.0,20000.0,30
IVFSPEA2,DTLZ1,3,TTT_igd_x2,20000.0,10000.0,20000.0,30
IVFSPEA2,DTLZ1,3,TTT_igd_x1.5,20000.0,20000.0,20000.0,30
IVFSPEA2,DTLZ1,3,TTT_igd_x1.2,20000.0,20000.0,20000.0,30
IVFSPEA2,DTLZ1,3,TTT_igd_x1.0,90000.0,70000.0,90000.0,30
IVFSPEA2,DTLZ2,2,AUC_IGD,371.164589676707,370.7874806515818,371.7808563596917,30
IVFSPEA2,DTLZ2,2,AUC_HV,31264.730001177704,31263.3077025866,31266.079181654997,30
IVFSPEA2,DTLZ2,2,Final_IGD,0.0041256507908133,0.00410331078128975,0.00414540168315305,30
IVFSPEA2,DTLZ2,2,Final_HV,0.3473991563147068,0.34736456790049297,0.347432128157323,30
IVFSPEA2,DTLZ2,2,Best_IGD,0.00406914974211285,0.004064846126489699,0.0040773965759921,30
IVFSPEA2,DTLZ2,2,Best_HV,0.34750227651739896,0.34748972424741753,0.34751715062437905,30
IVFSPEA2,DTLZ2,2,TTT_igd_x100,10000.0,10000.0,10000.0,30
IVFSPEA2,DTLZ2,2,TTT_igd_x50,10000.0,10000.0,10000.0,30
IVFSPEA2,DTLZ2,2,TTT_igd_x20,10000.0,10000.0,10000.0,30
IVFSPEA2,DTLZ2,2,TTT_igd_x10,10000.0,10000.0,10000.0,30
IVFSPEA2,DTLZ2,2,TTT_igd_x5,10000.0,10000.0,10000.0,30
IVFSPEA2,DTLZ2,2,TTT_igd_x3,10000.0,10000.0,10000.0,30
IVFSPEA2,DTLZ2,2,TTT_igd_x2,10000.0,10000.0,10000.0,30
IVFSPEA2,DTLZ2,2,TTT_igd_x1.5,10000.0,10000.0,10000.0,30
IVFSPEA2,DTLZ2,2,TTT_igd_x1.2,10000.0,10000.0,10000.0,30
IVFSPEA2,DTLZ2,2,TTT_igd_x1.0,55000.0,45000.0,70000.0,30
IVFSPEA2,DTLZ2,3,AUC_IGD,4839.55234647979,4835.119062147695,4844.739875656231,30
IVFSPEA2,DTLZ2,3,AUC_HV,50186.73481538485,50180.48329496848,50205.342372353996,30
IVFSPEA2,DTLZ2,3,Final_IGD,0.05358234906448675,0.05350185887836775,0.053868856052839545,30
IVFSPEA2,DTLZ2,3,Final_HV,0.5583223125016374,0.557982072921279,0.5586126738971772,30
IVFSPEA2,DTLZ2,3,Best_IGD,0.0530554197070902,0.05294366488222975,0.0530964796703587,30
IVFSPEA2,DTLZ2,3,Best_HV,0.5593762082765161,0.5591274077163646,0.5595107262579138,30
IVFSPEA2,DTLZ2,3,TTT_igd_x100,10000.0,10000.0,10000.0,30
IVFSPEA2,DTLZ2,3,TTT_igd_x50,10000.0,10000.0,10000.0,30
IVFSPEA2,DTLZ2,3,TTT_igd_x20,10000.0,10000.0,10000.0,30
IVFSPEA2,DTLZ2,3,TTT_igd_x10,10000.0,10000.0,10000.0,30
IVFSPEA2,DTLZ2,3,TTT_igd_x5,10000.0,10000.0,10000.0,30
IVFSPEA2,DTLZ2,3,TTT_igd_x3,10000.0,10000.0,10000.0,30
IVFSPEA2,DTLZ2,3,TTT_igd_x2,10000.0,10000.0,10000.0,30
IVFSPEA2,DTLZ2,3,TTT_igd_x1.5,10000.0,10000.0,10000.0,30
IVFSPEA2,DTLZ2,3,TTT_igd_x1.2,10000.0,10000.0,10000.0,30
IVFSPEA2,DTLZ2,3,TTT_igd_x1.0,60000.0,50000.0,70000.0,30
IVFSPEA2,DTLZ3,2,AUC_IGD,43784.861768912466,32453.882233362612,57766.10148585931,30
IVFSPEA2,DTLZ3,2,AUC_HV,25980.605942429327,25837.868187039305,26013.880908730942,30
IVFSPEA2,DTLZ3,2,Final_IGD,0.00403209866254245,0.00402288955933135,0.00404233341426705,30
IVFSPEA2,DTLZ3,2,Final_HV,0.3474817321296245,0.347432719406952,0.3475269463738664,30
IVFSPEA2,DTLZ3,2,Best_IGD,0.0040203700995053,0.0040153801607621005,0.0040262567327938505,30
IVFSPEA2,DTLZ3,2,Best_HV,0.3475028031945363,0.3474575514496909,0.34753920248586323,30
IVFSPEA2,DTLZ3,2,TTT_igd_x100,30000.0,30000.0,30000.0,30
IVFSPEA2,DTLZ3,2,TTT_igd_x50,30000.0,30000.0,30000.0,30
IVFSPEA2,DTLZ3,2,TTT_igd_x20,30000.0,30000.0,30000.0,30
IVFSPEA2,DTLZ3,2,TTT_igd_x10,30000.0,30000.0,30000.0,30
IVFSPEA2,DTLZ3,2,TTT_igd_x5,30000.0,30000.0,30000.0,30
IVFSPEA2,DTLZ3,2,TTT_igd_x3,30000.0,30000.0,35000.0,30
IVFSPEA2,DTLZ3,2,TTT_igd_x2,30000.0,30000.0,40000.0,30
IVFSPEA2,DTLZ3,2,TTT_igd_x1.5,40000.0,30000.0,40000.0,30
IVFSPEA2,DTLZ3,2,TTT_igd_x1.2,40000.0,40000.0,40000.0,30
IVFSPEA2,DTLZ3,2,TTT_igd_x1.0,95000.0,90000.0,100000.0,30
IVFSPEA2,DTLZ3,3,AUC_IGD,52113.51105800581,39895.98649349528,58348.688382450695,30
IVFSPEA2,DTLZ3,3,AUC_HV,41815.21065070949,41687.77738595237,44353.75737208976,30
IVFSPEA2,DTLZ3,3,Final_IGD,0.052896120428091054,0.0526729057228763,0.05310218520172235,30
IVFSPEA2,DTLZ3,3,Final_HV,0.5614344111369773,0.5609045899261098,0.561765255647658,30
IVFSPEA2,DTLZ3,3,Best_IGD,0.05256312047212005,0.05238206248619055,0.05260535405493265,30
IVFSPEA2,DTLZ3,3,Best_HV,0.5617745362596926,0.561623943933996,0.5619926394240677,30
IVFSPEA2,DTLZ3,3,TTT_igd_x100,20000.0,20000.0,20000.0,30
IVFSPEA2,DTLZ3,3,TTT_igd_x50,20000.0,20000.0,20000.0,30
IVFSPEA2,DTLZ3,3,TTT_igd_x20,25000.0,20000.0,30000.0,30
IVFSPEA2,DTLZ3,3,TTT_igd_x10,30000.0,20000.0,30000.0,30
IVFSPEA2,DTLZ3,3,TTT_igd_x5,30000.0,30000.0,30000.0,30
IVFSPEA2,DTLZ3,3,TTT_igd_x3,30000.0,30000.0,30000.0,30
IVFSPEA2,DTLZ3,3,TTT_igd_x2,30000.0,30000.0,30000.0,30
IVFSPEA2,DTLZ3,3,TTT_igd_x1.5,30000.0,30000.0,30000.0,30
IVFSPEA2,DTLZ3,3,TTT_igd_x1.2,30000.0,30000.0,30000.0,30
IVFSPEA2,DTLZ3,3,TTT_igd_x1.0,80000.0,70000.0,90000.0,30
IVFSPEA2,DTLZ4,2,AUC_IGD,370.5579122056947,370.1165735896262,371.41310040958126,30
IVFSPEA2,DTLZ4,2,AUC_HV,31266.9927302883,31265.632696060624,31267.940559138973,30
IVFSPEA2,DTLZ4,2,Final_IGD,0.00410854233532795,0.00408433399375095,0.0041422841769475,30
IVFSPEA2,DTLZ4,2,Final_HV,0.34741700621928007,0.3473943806538516,0.3474440998822222,30
IVFSPEA2,DTLZ4,2,Best_IGD,0.00406658362480285,0.0040549515860614505,0.0040768635216257,30
IVFSPEA2,DTLZ4,2,Best_HV,0.34752747371188353,0.3475026344938851,0.3475445090972805,30
IVFSPEA2,DTLZ4,2,TTT_igd_x100,10000.0,10000.0,10000.0,30
IVFSPEA2,DTLZ4,2,TTT_igd_x50,10000.0,10000.0,10000.0,30
IVFSPEA2,DTLZ4,2,TTT_igd_x20,10000.0,10000.0,10000.0,30
IVFSPEA2,DTLZ4,2,TTT_igd_x10,10000.0,10000.0,10000.0,30
IVFSPEA2,DTLZ4,2,TTT_igd_x5,10000.0,10000.0,10000.0,30
IVFSPEA2,DTLZ4,2,TTT_igd_x3,10000.0,10000.0,10000.0,30
IVFSPEA2,DTLZ4,2,TTT_igd_x2,10000.0,10000.0,10000.0,30
IVFSPEA2,DTLZ4,2,TTT_igd_x1.5,10000.0,10000.0,10000.0,30
IVFSPEA2,DTLZ4,2,TTT_igd_x1.2,10000.0,10000.0,10000.0,30
IVFSPEA2,DTLZ4,2,TTT_igd_x1.0,80000.0,60000.0,90000.0,30
IVFSPEA2,DTLZ4,3,AUC_IGD,26778.062585827793,4868.571619160869,48674.80147403946,30
IVFSPEA2,DTLZ4,3,AUC_HV,40704.470095523124,31265.967552077593,50154.835237546955,30
IVFSPEA2,DTLZ4,3,Final_IGD,0.2977270520358932,0.054237689077523396,0.5408294148006576,30
IVFSPEA2,DTLZ4,3,Final_HV,0.4516487707444997,0.34741335446793553,0.557744020320065,30
IVFSPEA2,DTLZ4,3,Best_IGD,0.2972521216151616,0.05348530226780545,0.5408231434382376,30
IVFSPEA2,DTLZ4,3,Best_HV,0.4529357607311535,0.3475379913559925,0.5592621467844241,30
IVFSPEA2,DTLZ4,3,TTT_igd_x100,10000.0,10000.0,10000.0,30
IVFSPEA2,DTLZ4,3,TTT_igd_x50,10000.0,10000.0,10000.0,30
IVFSPEA2,DTLZ4,3,TTT_igd_x20,10000.0,10000.0,10000.0,30
IVFSPEA2,DTLZ4,3,TTT_igd_x10,10000.0,10000.0,10000.0,30
IVFSPEA2,DTLZ4,3,TTT_igd_x5,10000.0,10000.0,10000.0,30
IVFSPEA2,DTLZ4,3,TTT_igd_x3,10000.0,10000.0,10000.0,30
IVFSPEA2,DTLZ4,3,TTT_igd_x2,10000.0,10000.0,10000.0,30
IVFSPEA2,DTLZ4,3,TTT_igd_x1.5,10000.0,10000.0,10000.0,30
IVFSPEA2,DTLZ4,3,TTT_igd_x1.2,10000.0,10000.0,10000.0,30
IVFSPEA2,DTLZ4,3,TTT_igd_x1.0,55000.0,40000.0,70000.0,30
IVFSPEA2,DTLZ5,2,AUC_IGD,371.03270418685327,370.8159175624103,371.44019950383876,30
IVFSPEA2,DTLZ5,2,AUC_HV,31264.487113486342,31262.838700744196,31265.86292098563,30
IVFSPEA2,DTLZ5,2,Final_IGD,0.004120334323251,0.0041118993484847,0.00414614160839325,30
IVFSPEA2,DTLZ5,2,Final_HV,0.34740042989264264,0.3473538770981005,0.34743503504653694,30
IVFSPEA2,DTLZ5,2,Best_IGD,0.0040709249106883,0.0040595511558664,0.00407694167365265,30
IVFSPEA2,DTLZ5,2,Best_HV,0.3475014070261744,0.34748493960064253,0.347514717615314,30
IVFSPEA2,DTLZ5,2,TTT_igd_x100,10000.0,10000.0,10000.0,30
IVFSPEA2,DTLZ5,2,TTT_igd_x50,10000.0,10000.0,10000.0,30
IVFSPEA2,DTLZ5,2,TTT_igd_x20,10000.0,10000.0,10000.0,30
IVFSPEA2,DTLZ5,2,TTT_igd_x10,10000.0,10000.0,10000.0,30
IVFSPEA2,DTLZ5,2,TTT_igd_x5,10000.0,10000.0,10000.0,30
IVFSPEA2,DTLZ5,2,TTT_igd_x3,10000.0,10000.0,10000.0,30
IVFSPEA2,DTLZ5,2,TTT_igd_x2,10000.0,10000.0,10000.0,30
IVFSPEA2,DTLZ5,2,TTT_igd_x1.5,10000.0,10000.0,10000.0,30
IVFSPEA2,DTLZ5,2,TTT_igd_x1.2,10000.0,10000.0,10000.0,30
IVFSPEA2,DTLZ5,2,TTT_igd_x1.0,65000.0,50000.0,75000.0,30
IVFSPEA2,DTLZ5,3,AUC_IGD,387.62495498480496,386.3189020920185,388.9277193531748,30
IVFSPEA2,DTLZ5,3,AUC_HV,17975.391955064435,17974.07538921453,17976.211056321074,30
IVFSPEA2,DTLZ5,3,Final_IGD,0.00428308397537665,0.004246826610785849,0.004313223440409001,30
IVFSPEA2,DTLZ5,3,Final_HV,0.1997753946884083,0.1997417393207453,0.19980688754144038,30
IVFSPEA2,DTLZ5,3,Best_IGD,0.0041740887391169,0.004160779933187,0.00419525934775155,30
IVFSPEA2,DTLZ5,3,Best_HV,0.19989111147504865,0.19987331084737275,0.19990648870374,30
IVFSPEA2,DTLZ5,3,TTT_igd_x100,10000.0,10000.0,10000.0,30
IVFSPEA2,DTLZ5,3,TTT_igd_x50,10000.0,10000.0,10000.0,30
IVFSPEA2,DTLZ5,3,TTT_igd_x20,10000.0,10000.0,10000.0,30
IVFSPEA2,DTLZ5,3,TTT_igd_x10,10000.0,10000.0,10000.0,30
IVFSPEA2,DTLZ5,3,TTT_igd_x5,10000.0,10000.0,10000.0,30
IVFSPEA2,DTLZ5,3,TTT_igd_x3,10000.0,10000.0,10000.0,30
IVFSPEA2,DTLZ5,3,TTT_igd_x2,10000.0,10000.0,10000.0,30
IVFSPEA2,DTLZ5,3,TTT_igd_x1.5,10000.0,10000.0,10000.0,30
IVFSPEA2,DTLZ5,3,TTT_igd_x1.2,10000.0,10000.0,10000.0,30
IVFSPEA2,DTLZ5,3,TTT_igd_x1.0,70000.0,45000.0,90000.0,30
IVFSPEA2,DTLZ6,2,AUC_IGD,365.78407268369574,365.23561682761004,366.27075431155475,30
IVFSPEA2,DTLZ6,2,AUC_HV,31282.091470875283,31281.31894513915,31283.1390912162,30
IVFSPEA2,DTLZ6,2,Final_IGD,0.0040527394427188005,0.0040423477201015,0.00406456650750605,30
IVFSPEA2,DTLZ6,2,Final_HV,0.34756769908340923,0.34755365507278835,0.3475847626304278,30
IVFSPEA2,DTLZ6,2,Best_IGD,0.0040250116684044,0.00402022550303195,0.004029492213068,30
IVFSPEA2,DTLZ6,2,Best_HV,0.34763451147903524,0.3476243748810106,0.34764564269018267,30
IVFSPEA2,DTLZ6,2,TTT_igd_x100,10000.0,10000.0,10000.0,30
IVFSPEA2,DTLZ6,2,TTT_igd_x50,10000.0,10000.0,10000.0,30
IVFSPEA2,DTLZ6,2,TTT_igd_x20,10000.0,10000.0,10000.0,30
IVFSPEA2,DTLZ6,2,TTT_igd_x10,10000.0,10000.0,10000.0,30
IVFSPEA2,DTLZ6,2,TTT_igd_x5,10000.0,10000.0,10000.0,30
IVFSPEA2,DTLZ6,2,TTT_igd_x3,10000.0,10000.0,10000.0,30
IVFSPEA2,DTLZ6,2,TTT_igd_x2,10000.0,10000.0,10000.0,30
IVFSPEA2,DTLZ6,2,TTT_igd_x1.5,10000.0,10000.0,10000.0,30
IVFSPEA2,DTLZ6,2,TTT_igd_x1.2,10000.0,10000.0,10000.0,30
IVFSPEA2,DTLZ6,2,TTT_igd_x1.0,45000.0,35000.0,60000.0,30
IVFSPEA2,DTLZ6,3,AUC_IGD,365.94452311191725,365.46293070396075,366.26233824553674,30
IVFSPEA2,DTLZ6,3,AUC_HV,18006.95318521981,18006.55633179418,18007.437307261654,30
IVFSPEA2,DTLZ6,3,Final_IGD,0.004066022078338449,0.004047181383404199,0.004077845988722149,30
IVFSPEA2,DTLZ6,3,Final_HV,0.20008671559489735,0.20007798160912374,0.2000962147878465,30
IVFSPEA2,DTLZ6,3,Best_IGD,0.00402318405515325,0.00401718880634945,0.0040302364994035,30
IVFSPEA2,DTLZ6,3,Best_HV,0.2001367009134972,0.20012885903110816,0.2001442399186707,30
IVFSPEA2,DTLZ6,3,TTT_igd_x100,10000.0,10000.0,10000.0,30
IVFSPEA2,DTLZ6,3,TTT_igd_x50,10000.0,10000.0,10000.0,30
IVFSPEA2,DTLZ6,3,TTT_igd_x20,10000.0,10000.0,10000.0,30
IVFSPEA2,DTLZ6,3,TTT_igd_x10,10000.0,10000.0,10000.0,30
IVFSPEA2,DTLZ6,3,TTT_igd_x5,10000.0,10000.0,10000.0,30
IVFSPEA2,DTLZ6,3,TTT_igd_x3,10000.0,10000.0,10000.0,30
IVFSPEA2,DTLZ6,3,TTT_igd_x2,10000.0,10000.0,10000.0,30
IVFSPEA2,DTLZ6,3,TTT_igd_x1.5,10000.0,10000.0,10000.0,30
IVFSPEA2,DTLZ6,3,TTT_igd_x1.2,10000.0,10000.0,10000.0,30
IVFSPEA2,DTLZ6,3,TTT_igd_x1.0,50000.0,30000.0,70000.0,30
IVFSPEA2,DTLZ7,2,AUC_IGD,433.39620842899694,429.90338480362277,435.12195288328917,30
IVFSPEA2,DTLZ7,2,AUC_HV,21852.611439515895,21851.386846617628,21853.546826794016,30
IVFSPEA2,DTLZ7,2,Final_IGD,0.00470466381958245,0.0046864185831884,0.004740875586710246,30
IVFSPEA2,DTLZ7,2,Final_HV,0.2429058116921946,0.2428990269967179,0.2429130920617609,30
IVFSPEA2,DTLZ7,2,Best_IGD,0.004603716545497,0.00457761397978755,0.00462679629480955,30
IVFSPEA2,DTLZ7,2,Best_HV,0.24292929810383318,0.24292498762016457,0.24293445503177685,30
IVFSPEA2,DTLZ7,2,TTT_igd_x100,10000.0,10000.0,10000.0,30
IVFSPEA2,DTLZ7,2,TTT_igd_x50,10000.0,10000.0,10000.0,30
IVFSPEA2,DTLZ7,2,TTT_igd_x20,10000.0,10000.0,10000.0,30
IVFSPEA2,DTLZ7,2,TTT_igd_x10,10000.0,10000.0,10000.0,30
IVFSPEA2,DTLZ7,2,TTT_igd_x5,10000.0,10000.0,10000.0,30
IVFSPEA2,DTLZ7,2,TTT_igd_x3,10000.0,10000.0,10000.0,30
IVFSPEA2,DTLZ7,2,TTT_igd_x2,10000.0,10000.0,10000.0,30
IVFSPEA2,DTLZ7,2,TTT_igd_x1.5,10000.0,10000.0,10000.0,30
IVFSPEA2,DTLZ7,2,TTT_igd_x1.2,20000.0,20000.0,20000.0,30
IVFSPEA2,DTLZ7,2,TTT_igd_x1.0,65000.0,50000.0,70000.0,30
IVFSPEA2,DTLZ7,3,AUC_IGD,5415.205944407671,5406.804024500192,5429.187676964148,30
IVFSPEA2,DTLZ7,3,AUC_HV,24887.45655633282,24866.225515403996,24904.2277866409,30
IVFSPEA2,DTLZ7,3,Final_IGD,0.05965461876528674,0.0595591532836713,0.0600813012014003,30
IVFSPEA2,DTLZ7,3,Final_HV,0.27764436239934975,0.2771613439260683,0.27808410554952756,30
IVFSPEA2,DTLZ7,3,Best_IGD,0.0578534630896505,0.05777404463220445,0.0581474512387065,30
IVFSPEA2,DTLZ7,3,Best_HV,0.2785263187257858,0.2783719864472801,0.27858744050932766,30
IVFSPEA2,DTLZ7,3,TTT_igd_x100,10000.0,10000.0,10000.0,30
IVFSPEA2,DTLZ7,3,TTT_igd_x50,10000.0,10000.0,10000.0,30
IVFSPEA2,DTLZ7,3,TTT_igd_x20,10000.0,10000.0,10000.0,30
IVFSPEA2,DTLZ7,3,TTT_igd_x10,10000.0,10000.0,10000.0,30
IVFSPEA2,DTLZ7,3,TTT_igd_x5,10000.0,10000.0,10000.0,30
IVFSPEA2,DTLZ7,3,TTT_igd_x3,10000.0,10000.0,10000.0,30
IVFSPEA2,DTLZ7,3,TTT_igd_x2,10000.0,10000.0,10000.0,30
IVFSPEA2,DTLZ7,3,TTT_igd_x1.5,10000.0,10000.0,10000.0,30
IVFSPEA2,DTLZ7,3,TTT_igd_x1.2,10000.0,10000.0,15000.0,30
IVFSPEA2,DTLZ7,3,TTT_igd_x1.0,60000.0,50000.0,80000.0,30
IVFSPEA2,MaF1,2,AUC_IGD,338.01327692095776,337.415698216033,338.4506651965535,30
IVFSPEA2,MaF1,2,AUC_HV,52398.43652423826,52397.63003578088,52399.216277779036,30
IVFSPEA2,MaF1,2,Final_IGD,0.0037480758548923,0.0037384649585421497,0.0037669976380291003,30
IVFSPEA2,MaF1,2,Final_HV,0.5822272395930058,0.582200578864291,0.5822508532733313,30
IVFSPEA2,MaF1,2,Best_IGD,0.0036935205262006,0.0036856359931874997,0.0037033952703037,30
IVFSPEA2,MaF1,2,Best_HV,0.5823336703342634,0.582312691494181,0.5823442116891062,30
IVFSPEA2,MaF1,2,TTT_igd_x100,10000.0,10000.0,10000.0,30
IVFSPEA2,MaF1,2,TTT_igd_x50,10000.0,10000.0,10000.0,30
IVFSPEA2,MaF1,2,TTT_igd_x20,10000.0,10000.0,10000.0,30
IVFSPEA2,MaF1,2,TTT_igd_x10,10000.0,10000.0,10000.0,30
IVFSPEA2,MaF1,2,TTT_igd_x5,10000.0,10000.0,10000.0,30
IVFSPEA2,MaF1,2,TTT_igd_x3,10000.0,10000.0,10000.0,30
IVFSPEA2,MaF1,2,TTT_igd_x2,10000.0,10000.0,10000.0,30
IVFSPEA2,MaF1,2,TTT_igd_x1.5,10000.0,10000.0,10000.0,30
IVFSPEA2,MaF1,2,TTT_igd_x1.2,10000.0,10000.0,10000.0,30
IVFSPEA2,MaF1,2,TTT_igd_x1.0,65000.0,40000.0,80000.0,30
IVFSPEA2,MaF1,3,AUC_IGD,3709.008512942649,3701.7394877616716,3713.883477548436,30
IVFSPEA2,MaF1,3,AUC_HV,19811.085632166545,19797.03027933149,19814.988495909587,30
IVFSPEA2,MaF1,3,Final_IGD,0.0410815617811967,0.040928698753524104,0.0413010322829122,30
IVFSPEA2,MaF1,3,Final_HV,0.22023947664559285,0.21995763390811185,0.2203628261013779,30
IVFSPEA2,MaF1,3,Best_IGD,0.04058858942114435,0.04051656242747555,0.04077317794815655,30
IVFSPEA2,MaF1,3,Best_HV,0.2209689627854723,0.22078920927261358,0.22103971121538266,30
IVFSPEA2,MaF1,3,TTT_igd_x100,10000.0,10000.0,10000.0,30
IVFSPEA2,MaF1,3,TTT_igd_x50,10000.0,10000.0,10000.0,30
IVFSPEA2,MaF1,3,TTT_igd_x20,10000.0,10000.0,10000.0,30
IVFSPEA2,MaF1,3,TTT_igd_x10,10000.0,10000.0,10000.0,30
IVFSPEA2,MaF1,3,TTT_igd_x5,10000.0,10000.0,10000.0,30
IVFSPEA2,MaF1,3,TTT_igd_x3,10000.0,10000.0,10000.0,30
IVFSPEA2,MaF1,3,TTT_igd_x2,10000.0,10000.0,10000.0,30
IVFSPEA2,MaF1,3,TTT_igd_x1.5,10000.0,10000.0,10000.0,30
IVFSPEA2,MaF1,3,TTT_igd_x1.2,10000.0,10000.0,10000.0,30
IVFSPEA2,MaF1,3,TTT_igd_x1.0,50000.0,40000.0,70000.0,30
IVFSPEA2,MaF2,2,AUC_IGD,191.25923478736328,191.00339753377648,191.47008677835402,30
IVFSPEA2,MaF2,2,AUC_HV,18662.456114181234,18661.995937331485,18662.787621136118,30
IVFSPEA2,MaF2,2,Final_IGD,0.0021277165143719,0.0021151948646735497,0.0021446050582131504,30
IVFSPEA2,MaF2,2,Final_HV,0.20737150987446712,0.20736030888306495,0.20738289301754786,30
IVFSPEA2,MaF2,2,Best_IGD,0.00208864500057005,0.0020823506598519996,0.0020924805322379498,30
IVFSPEA2,MaF2,2,Best_HV,0.20742211889582857,0.2074148356944124,0.2074273384699277,30
IVFSPEA2,MaF2,2,TTT_igd_x100,10000.0,10000.0,10000.0,30
IVFSPEA2,MaF2,2,TTT_igd_x50,10000.0,10000.0,10000.0,30
IVFSPEA2,MaF2,2,TTT_igd_x20,10000.0,10000.0,10000.0,30
IVFSPEA2,MaF2,2,TTT_igd_x10,10000.0,10000.0,10000.0,30
IVFSPEA2,MaF2,2,TTT_igd_x5,10000.0,10000.0,10000.0,30
IVFSPEA2,MaF2,2,TTT_igd_x3,10000.0,10000.0,10000.0,30
IVFSPEA2,MaF2,2,TTT_igd_x2,10000.0,10000.0,10000.0,30
IVFSPEA2,MaF2,2,TTT_igd_x1.5,10000.0,10000.0,10000.0,30
IVFSPEA2,MaF2,2,TTT_igd_x1.2,10000.0,10000.0,10000.0,30
IVFSPEA2,MaF2,2,TTT_igd_x1.0,60000.0,50000.0,75000.0,30
IVFSPEA2,MaF2,3,AUC_IGD,2804.0537519891964,2775.388926540019,2824.21454275777,30
IVFSPEA2,MaF2,3,AUC_HV,21635.12020462252,21618.95878176607,21663.515243479073,30
IVFSPEA2,MaF2,3,Final_IGD,0.03069722618491955,0.03027871262932945,0.0314404507579302,30
IVFSPEA2,MaF2,3,Final_HV,0.24078018961410014,0.240529362380129,0.24157394851359484,30
IVFSPEA2,MaF2,3,Best_IGD,0.02967287644162845,0.02945603371858635,0.029928294502445052,30
IVFSPEA2,MaF2,3,Best_HV,0.24248958698376333,0.2419338905122734,0.24269361360967395,30
IVFSPEA2,MaF2,3,TTT_igd_x100,10000.0,10000.0,10000.0,30
IVFSPEA2,MaF2,3,TTT_igd_x50,10000.0,10000.0,10000.0,30
IVFSPEA2,MaF2,3,TTT_igd_x20,10000.0,10000.0,10000.0,30
IVFSPEA2,MaF2,3,TTT_igd_x10,10000.0,10000.0,10000.0,30
IVFSPEA2,MaF2,3,TTT_igd_x5,10000.0,10000.0,10000.0,30
IVFSPEA2,MaF2,3,TTT_igd_x3,10000.0,10000.0,10000.0,30
IVFSPEA2,MaF2,3,TTT_igd_x2,10000.0,10000.0,10000.0,30
IVFSPEA2,MaF2,3,TTT_igd_x1.5,10000.0,10000.0,10000.0,30
IVFSPEA2,MaF2,3,TTT_igd_x1.2,10000.0,10000.0,10000.0,30
IVFSPEA2,MaF2,3,TTT_igd_x1.0,60000.0,35000.0,80000.0,30
IVFSPEA2,MaF3,2,AUC_IGD,283057.38825680193,208317.48288619012,489460.843813167,30
IVFSPEA2,MaF3,2,AUC_HV,53974.15085628045,53870.431700678935,60577.20231954316,30
IVFSPEA2,MaF3,2,Final_IGD,0.00375813454245145,0.00373635554296145,0.00378602156099105,30
IVFSPEA2,MaF3,2,Final_HV,0.7204762631872778,0.7204429675763712,0.7205403539850894,30
IVFSPEA2,MaF3,2,Best_IGD,0.0037342851597251,0.0037158555720185,0.0037479595512811,30
IVFSPEA2,MaF3,2,Best_HV,0.7204762631872778,0.7204429675763712,0.7205454677871315,30
IVFSPEA2,MaF3,2,TTT_igd_x100,30000.0,20000.0,30000.0,30
IVFSPEA2,MaF3,2,TTT_igd_x50,30000.0,20000.0,30000.0,30
IVFSPEA2,MaF3,2,TTT_igd_x20,30000.0,20000.0,30000.0,30
IVFSPEA2,MaF3,2,TTT_igd_x10,30000.0,25000.0,30000.0,30
IVFSPEA2,MaF3,2,TTT_igd_x5,30000.0,30000.0,30000.0,30
IVFSPEA2,MaF3,2,TTT_igd_x3,30000.0,30000.0,30000.0,30
IVFSPEA2,MaF3,2,TTT_igd_x2,40000.0,30000.0,40000.0,30
IVFSPEA2,MaF3,2,TTT_igd_x1.5,40000.0,40000.0,40000.0,30
IVFSPEA2,MaF3,2,TTT_igd_x1.2,50000.0,50000.0,50000.0,30
IVFSPEA2,MaF3,2,TTT_igd_x1.0,90000.0,90000.0,100000.0,30
IVFSPEA2,MaF3,3,AUC_IGD,765875.9541897784,453576.0986128934,1445001.9007987687,30
IVFSPEA2,MaF3,3,AUC_HV,71887.52161115859,62496.6404967729,72033.96437763206,30
IVFSPEA2,MaF3,3,Final_IGD,0.03240215713503625,0.0320874714568615,0.03275902702734465,30
IVFSPEA2,MaF3,3,Final_HV,0.9633950475936623,0.9632802394016603,0.9634391101390889,30
IVFSPEA2,MaF3,3,Best_IGD,0.03213035283629655,0.0319843453754042,0.03225441012759845,30
IVFSPEA2,MaF3,3,Best_HV,0.9634129979150402,0.9633377494764379,0.9634484208531935,30
IVFSPEA2,MaF3,3,TTT_igd_x100,30000.0,20000.0,30000.0,30
IVFSPEA2,MaF3,3,TTT_igd_x50,30000.0,30000.0,40000.0,30
IVFSPEA2,MaF3,3,TTT_igd_x20,30000.0,30000.0,40000.0,30
IVFSPEA2,MaF3,3,TTT_igd_x10,30000.0,30000.0,40000.0,30
IVFSPEA2,MaF3,3,TTT_igd_x5,30000.0,30000.0,40000.0,30
IVFSPEA2,MaF3,3,TTT_igd_x3,30000.0,30000.0,40000.0,30
IVFSPEA2,MaF3,3,TTT_igd_x2,40000.0,30000.0,40000.0,30
IVFSPEA2,MaF3,3,TTT_igd_x1.5,40000.0,30000.0,40000.0,30
IVFSPEA2,MaF3,3,TTT_igd_x1.2,40000.0,40000.0,40000.0,30
IVFSPEA2,MaF3,3,TTT_igd_x1.0,90000.0,85000.0,100000.0,30
IVFSPEA2,MaF4,2,AUC_IGD,41561.161295866405,34272.30017490628,58963.942179516554,30
IVFSPEA2,MaF4,2,AUC_HV,64757.044915373044,62035.82645449173,67206.36400384939,30
IVFSPEA2,MaF4,2,Final_IGD,0.01248545219429445,0.012465929945471299,0.01252856363695155,30
IVFSPEA2,MaF4,2,Final_HV,0.819103859223515,0.819062444212888,0.8191292492968418,30
IVFSPEA2,MaF4,2,Best_IGD,0.01238908970220645,0.01234844312326205,0.01242951275047845,30
IVFSPEA2,MaF4,2,Best_HV,0.8191476366908257,0.819120573989315,0.8191688670806702,30
IVFSPEA2,MaF4,2,TTT_igd_x100,20000.0,20000.0,30000.0,30
IVFSPEA2,MaF4,2,TTT_igd_x50,30000.0,25000.0,30000.0,30
IVFSPEA2,MaF4,2,TTT_igd_x20,30000.0,25000.0,30000.0,30
IVFSPEA2,MaF4,2,TTT_igd_x10,30000.0,25000.0,30000.0,30
IVFSPEA2,MaF4,2,TTT_igd_x5,30000.0,30000.0,30000.0,30
IVFSPEA2,MaF4,2,TTT_igd_x3,30000.0,30000.0,30000.0,30
IVFSPEA2,MaF4,2,TTT_igd_x2,30000.0,30000.0,30000.0,30
IVFSPEA2,MaF4,2,TTT_igd_x1.5,30000.0,30000.0,35000.0,30
IVFSPEA2,MaF4,2,TTT_igd_x1.2,40000.0,30000.0,40000.0,30
IVFSPEA2,MaF4,2,TTT_igd_x1.0,85000.0,80000.0,90000.0,30
IVFSPEA2,MaF4,3,AUC_IGD,216516.8168941324,178843.79943767053,263323.20139235153,30
IVFSPEA2,MaF4,3,AUC_HV,38877.155432448664,36921.0006194154,39370.96348297625,30
IVFSPEA2,MaF4,3,Final_IGD,0.2390592225532365,0.2380209712036718,0.24016217984387614,30
IVFSPEA2,MaF4,3,Final_HV,0.5325538659106263,0.5322577854063453,0.5331288784964419,30
IVFSPEA2,MaF4,3,Best_IGD,0.23657529594678314,0.23577115631472095,0.23746602018222535,30
IVFSPEA2,MaF4,3,Best_HV,0.5334393924612804,0.5326231016578258,0.5337557634953428,30
IVFSPEA2,MaF4,3,TTT_igd_x100,20000.0,10000.0,20000.0,30
IVFSPEA2,MaF4,3,TTT_igd_x50,20000.0,20000.0,20000.0,30
IVFSPEA2,MaF4,3,TTT_igd_x20,30000.0,25000.0,30000.0,30
IVFSPEA2,MaF4,3,TTT_igd_x10,30000.0,30000.0,30000.0,30
IVFSPEA2,MaF4,3,TTT_igd_x5,30000.0,30000.0,30000.0,30
IVFSPEA2,MaF4,3,TTT_igd_x3,30000.0,30000.0,40000.0,30
IVFSPEA2,MaF4,3,TTT_igd_x2,30000.0,30000.0,40000.0,30
IVFSPEA2,MaF4,3,TTT_igd_x1.5,30000.0,30000.0,40000.0,30
IVFSPEA2,MaF4,3,TTT_igd_x1.2,40000.0,30000.0,40000.0,30
IVFSPEA2,MaF4,3,TTT_igd_x1.0,90000.0,70000.0,90000.0,30
IVFSPEA2,MaF5,2,AUC_IGD,1141.658261352017,1139.6639025341713,1142.8615606541775,30
IVFSPEA2,MaF5,2,AUC_HV,31257.72028327424,31255.330737103428,31259.58393549208,30
IVFSPEA2,MaF5,2,Final_IGD,0.012650930855214501,0.012616082106121699,0.0127122441087597,30
IVFSPEA2,MaF5,2,Final_HV,0.34732310937319266,0.34726016983676644,0.3473514893557862,30
IVFSPEA2,MaF5,2,Best_IGD,0.0124869962647265,0.012457869370224351,0.01252064239792485,30
IVFSPEA2,MaF5,2,Best_HV,0.3474335979706321,0.3474078558037115,0.34745167029192936,30
IVFSPEA2,MaF5,2,TTT_igd_x100,10000.0,10000.0,10000.0,30
IVFSPEA2,MaF5,2,TTT_igd_x50,10000.0,10000.0,10000.0,30
IVFSPEA2,MaF5,2,TTT_igd_x20,10000.0,10000.0,10000.0,30
IVFSPEA2,MaF5,2,TTT_igd_x10,10000.0,10000.0,10000.0,30
IVFSPEA2,MaF5,2,TTT_igd_x5,10000.0,10000.0,10000.0,30
IVFSPEA2,MaF5,2,TTT_igd_x3,10000.0,10000.0,10000.0,30
IVFSPEA2,MaF5,2,TTT_igd_x2,10000.0,10000.0,10000.0,30
IVFSPEA2,MaF5,2,TTT_igd_x1.5,10000.0,10000.0,10000.0,30
IVFSPEA2,MaF5,2,TTT_igd_x1.2,10000.0,10000.0,10000.0,30
IVFSPEA2,MaF5,2,TTT_igd_x1.0,50000.0,40000.0,70000.0,30
IVFSPEA2,MaF5,3,AUC_IGD,21919.921939834396,21820.389788753815,134235.5388921594,30
IVFSPEA2,MaF5,3,AUC_HV,50096.67814242045,31252.17768030442,50111.77744608917,30
IVFSPEA2,MaF5,3,Final_IGD,0.24414803180768901,0.2428557919295516,1.4914905798079976,30
IVFSPEA2,MaF5,3,Final_HV,0.5559280181655648,0.34720709634794084,0.5574184394242857,30
IVFSPEA2,MaF5,3,Best_IGD,0.24054619955087225,0.2391100904920524,1.4913949668512747,30
IVFSPEA2,MaF5,3,Best_HV,0.5583699352623348,0.3473946141560915,0.558785383203061,30
IVFSPEA2,MaF5,3,TTT_igd_x100,10000.0,10000.0,10000.0,30
IVFSPEA2,MaF5,3,TTT_igd_x50,10000.0,10000.0,10000.0,30
IVFSPEA2,MaF5,3,TTT_igd_x20,10000.0,10000.0,10000.0,30
IVFSPEA2,MaF5,3,TTT_igd_x10,10000.0,10000.0,10000.0,30
IVFSPEA2,MaF5,3,TTT_igd_x5,10000.0,10000.0,10000.0,30
IVFSPEA2,MaF5,3,TTT_igd_x3,10000.0,10000.0,10000.0,30
IVFSPEA2,MaF5,3,TTT_igd_x2,10000.0,10000.0,10000.0,30
IVFSPEA2,MaF5,3,TTT_igd_x1.5,10000.0,10000.0,10000.0,30
IVFSPEA2,MaF5,3,TTT_igd_x1.2,10000.0,10000.0,10000.0,30
IVFSPEA2,MaF5,3,TTT_igd_x1.0,60000.0,45000.0,85000.0,30
IVFSPEA2,MaF6,2,AUC_IGD,366.83458237986656,366.1750590150845,367.27180116509453,30
IVFSPEA2,MaF6,2,AUC_HV,31272.987796528403,31271.991331294637,31274.312445679785,30
IVFSPEA2,MaF6,2,Final_IGD,0.0040480896582303,0.0040346550825389,0.004061166439846499,30
IVFSPEA2,MaF6,2,Final_HV,0.3475452954207537,0.3475312037034428,0.3475798917573771,30
IVFSPEA2,MaF6,2,Best_IGD,0.0040193773049885,0.0040166241322076,0.0040245805235802,30
IVFSPEA2,MaF6,2,Best_HV,0.34761828750905693,0.34760721705110376,0.3476253953295605,30
IVFSPEA2,MaF6,2,TTT_igd_x100,10000.0,10000.0,10000.0,30
IVFSPEA2,MaF6,2,TTT_igd_x50,10000.0,10000.0,10000.0,30
IVFSPEA2,MaF6,2,TTT_igd_x20,10000.0,10000.0,10000.0,30
IVFSPEA2,MaF6,2,TTT_igd_x10,10000.0,10000.0,10000.0,30
IVFSPEA2,MaF6,2,TTT_igd_x5,10000.0,10000.0,10000.0,30
IVFSPEA2,MaF6,2,TTT_igd_x3,10000.0,10000.0,10000.0,30
IVFSPEA2,MaF6,2,TTT_igd_x2,10000.0,10000.0,10000.0,30
IVFSPEA2,MaF6,2,TTT_igd_x1.5,10000.0,10000.0,10000.0,30
IVFSPEA2,MaF6,2,TTT_igd_x1.2,10000.0,10000.0,10000.0,30
IVFSPEA2,MaF6,2,TTT_igd_x1.0,70000.0,55000.0,90000.0,30
IVFSPEA2,MaF6,3,AUC_IGD,367.0921390717615,365.95883619951974,368.0652789776615,30
IVFSPEA2,MaF6,3,AUC_HV,18000.184477043007,17998.23732435324,18001.8282092381,30
IVFSPEA2,MaF6,3,Final_IGD,0.0040675937087566,0.004053537957091,0.0040731140039608,30
IVFSPEA2,MaF6,3,Final_HV,0.2000923085466944,0.20007217741480665,0.20011254318865573,30
IVFSPEA2,MaF6,3,Best_IGD,0.004015793162653649,0.0040118274040551,0.004021889950935381,30
IVFSPEA2,MaF6,3,Best_HV,0.20012584651278548,0.2001130730867742,0.20013584109804144,30
IVFSPEA2,MaF6,3,TTT_igd_x100,10000.0,10000.0,10000.0,30
IVFSPEA2,MaF6,3,TTT_igd_x50,10000.0,10000.0,10000.0,30
IVFSPEA2,MaF6,3,TTT_igd_x20,10000.0,10000.0,10000.0,30
IVFSPEA2,MaF6,3,TTT_igd_x10,10000.0,10000.0,10000.0,30
IVFSPEA2,MaF6,3,TTT_igd_x5,10000.0,10000.0,10000.0,30
IVFSPEA2,MaF6,3,TTT_igd_x3,10000.0,10000.0,10000.0,30
IVFSPEA2,MaF6,3,TTT_igd_x2,10000.0,10000.0,10000.0,30
IVFSPEA2,MaF6,3,TTT_igd_x1.5,10000.0,10000.0,10000.0,30
IVFSPEA2,MaF6,3,TTT_igd_x1.2,10000.0,10000.0,10000.0,30
IVFSPEA2,MaF6,3,TTT_igd_x1.0,55000.0,50000.0,70000.0,30
IVFSPEA2,MaF7,2,AUC_IGD,431.8396215847288,430.1062756481565,433.4975724106755,30
IVFSPEA2,MaF7,2,AUC_HV,21852.68126724243,21850.754648306713,21853.986963632346,30
IVFSPEA2,MaF7,2,Final_IGD,0.00467704064087735,0.004661828902023249,0.004735261961197151,30
IVFSPEA2,MaF7,2,Final_HV,0.24291052939601615,0.24290227322213692,0.24291413031230236,30
IVFSPEA2,MaF7,2,Best_IGD,0.004604652856005351,0.004593177035443249,0.00462283213605855,30
IVFSPEA2,MaF7,2,Best_HV,0.2429287988914812,0.242924746244268,0.2429329926653285,30
IVFSPEA2,MaF7,2,TTT_igd_x100,10000.0,10000.0,10000.0,30
IVFSPEA2,MaF7,2,TTT_igd_x50,10000.0,10000.0,10000.0,30
IVFSPEA2,MaF7,2,TTT_igd_x20,10000.0,10000.0,10000.0,30
IVFSPEA2,MaF7,2,TTT_igd_x10,10000.0,10000.0,10000.0,30
IVFSPEA2,MaF7,2,TTT_igd_x5,10000.0,10000.0,10000.0,30
IVFSPEA2,MaF7,2,TTT_igd_x3,10000.0,10000.0,10000.0,30
IVFSPEA2,MaF7,2,TTT_igd_x2,10000.0,10000.0,10000.0,30
IVFSPEA2,MaF7,2,TTT_igd_x1.5,10000.0,10000.0,10000.0,30
IVFSPEA2,MaF7,2,TTT_igd_x1.2,20000.0,20000.0,20000.0,30
IVFSPEA2,MaF7,2,TTT_igd_x1.0,45000.0,30000.0,70000.0,30
IVFSPEA2,MaF7,3,AUC_IGD,5407.246676757142,5398.324841587404,5422.772340725329,30
IVFSPEA2,MaF7,3,AUC_HV,24902.0040441698,24888.00117859912,24919.717485386474,30
IVFSPEA2,MaF7,3,Final_IGD,0.05951995400983645,0.0590569688953135,0.0601372338807698,30
IVFSPEA2,MaF7,3,Final_HV,0.2776482520123173,0.2771565446354648,0.2780448992353103,30
IVFSPEA2,MaF7,3,Best_IGD,0.0582182910956382,0.0578729791631986,0.05829397028708905,30
IVFSPEA2,MaF7,3,Best_HV,0.27846569767641083,0.2782978374077417,0.27858582078602323,30
IVFSPEA2,MaF7,3,TTT_igd_x100,10000.0,10000.0,10000.0,30
IVFSPEA2,MaF7,3,TTT_igd_x50,10000.0,10000.0,10000.0,30
IVFSPEA2,MaF7,3,TTT_igd_x20,10000.0,10000.0,10000.0,30
IVFSPEA2,MaF7,3,TTT_igd_x10,10000.0,10000.0,10000.0,30
IVFSPEA2,MaF7,3,TTT_igd_x5,10000.0,10000.0,10000.0,30
IVFSPEA2,MaF7,3,TTT_igd_x3,10000.0,10000.0,10000.0,30
IVFSPEA2,MaF7,3,TTT_igd_x2,10000.0,10000.0,10000.0,30
IVFSPEA2,MaF7,3,TTT_igd_x1.5,10000.0,10000.0,10000.0,30
IVFSPEA2,MaF7,3,TTT_igd_x1.2,10000.0,10000.0,10000.0,30
IVFSPEA2,MaF7,3,TTT_igd_x1.0,55000.0,40000.0,70000.0,30
IVFSPEA2,WFG1,2,AUC_IGD,7002.486036768361,6071.068970669165,7949.062658824122,30
IVFSPEA2,WFG1,2,AUC_HV,60202.31282574493,60021.99459315454,60531.623087848355,30
IVFSPEA2,WFG1,2,Final_IGD,0.02599189601384865,0.02022016890569835,0.037946907847545355,30
IVFSPEA2,WFG1,2,Final_HV,0.6858591856335667,0.6831051769072098,0.6879184375179404,30
IVFSPEA2,WFG1,2,Best_IGD,0.02599189601384865,0.020216292942736303,0.037946907847545355,30
IVFSPEA2,WFG1,2,Best_HV,0.6858591856335667,0.6831051769072098,0.6879184375179404,30
IVFSPEA2,WFG1,2,TTT_igd_x100,10000.0,10000.0,10000.0,30
IVFSPEA2,WFG1,2,TTT_igd_x50,10000.0,10000.0,10000.0,30
IVFSPEA2,WFG1,2,TTT_igd_x20,10000.0,10000.0,10000.0,30
IVFSPEA2,WFG1,2,TTT_igd_x10,10000.0,10000.0,10000.0,30
IVFSPEA2,WFG1,2,TTT_igd_x5,20000.0,10000.0,20000.0,30
IVFSPEA2,WFG1,2,TTT_igd_x3,45000.0,30000.0,50000.0,30
IVFSPEA2,WFG1,2,TTT_igd_x2,60000.0,55000.0,70000.0,30
IVFSPEA2,WFG1,2,TTT_igd_x1.5,80000.0,70000.0,90000.0,30
IVFSPEA2,WFG1,2,TTT_igd_x1.2,90000.0,80000.0,90000.0,30
IVFSPEA2,WFG1,2,TTT_igd_x1.0,100000.0,100000.0,100000.0,30
IVFSPEA2,WFG1,3,AUC_IGD,14825.1465604043,14553.770672918843,15162.566491938047,30
IVFSPEA2,WFG1,3,AUC_HV,84196.69908523938,84113.99597016245,84432.9757216699,30
IVFSPEA2,WFG1,3,Final_IGD,0.15319635256015451,0.1511115685908221,0.15403499420792416,30
IVFSPEA2,WFG1,3,Final_HV,0.9450090140606341,0.9443561509402738,0.9455387647886313,30
IVFSPEA2,WFG1,3,Best_IGD,0.14973630948273114,0.14869540559852265,0.150464831302846,30
IVFSPEA2,WFG1,3,Best_HV,0.9454509342925984,0.9451217333351862,0.9456593064400542,30
IVFSPEA2,WFG1,3,TTT_igd_x100,10000.0,10000.0,10000.0,30
IVFSPEA2,WFG1,3,TTT_igd_x50,10000.0,10000.0,10000.0,30
IVFSPEA2,WFG1,3,TTT_igd_x20,10000.0,10000.0,10000.0,30
IVFSPEA2,WFG1,3,TTT_igd_x10,10000.0,10000.0,10000.0,30
IVFSPEA2,WFG1,3,TTT_igd_x5,10000.0,10000.0,10000.0,30
IVFSPEA2,WFG1,3,TTT_igd_x3,10000.0,10000.0,10000.0,30
IVFSPEA2,WFG1,3,TTT_igd_x2,20000.0,20000.0,20000.0,30
IVFSPEA2,WFG1,3,TTT_igd_x1.5,20000.0,20000.0,20000.0,30
IVFSPEA2,WFG1,3,TTT_igd_x1.2,20000.0,20000.0,20000.0,30
IVFSPEA2,WFG1,3,TTT_igd_x1.0,60000.0,50000.0,65000.0,30
IVFSPEA2,WFG2,2,AUC_IGD,1124.3929600091521,1084.2500576096547,1151.4962144133974,30
IVFSPEA2,WFG2,2,AUC_HV,56811.37211404336,56767.0625237004,56836.25021415927,30
IVFSPEA2,WFG2,2,Final_IGD,0.011275736577101701,0.0112020753777449,0.01143735679159635,30
IVFSPEA2,WFG2,2,Final_HV,0.6324996180900899,0.6323352779373481,0.632591852270811,30
IVFSPEA2,WFG2,2,Best_IGD,0.0112183284152613,0.01106620796612355,0.0113104871410893,30
IVFSPEA2,WFG2,2,Best_HV,0.6325251765391401,0.6323395277553716,0.6326321172658679,30
IVFSPEA2,WFG2,2,TTT_igd_x100,10000.0,10000.0,10000.0,30
IVFSPEA2,WFG2,2,TTT_igd_x50,10000.0,10000.0,10000.0,30
IVFSPEA2,WFG2,2,TTT_igd_x20,10000.0,10000.0,10000.0,30
IVFSPEA2,WFG2,2,TTT_igd_x10,10000.0,10000.0,10000.0,30
IVFSPEA2,WFG2,2,TTT_igd_x5,10000.0,10000.0,10000.0,30
IVFSPEA2,WFG2,2,TTT_igd_x3,10000.0,10000.0,10000.0,30
IVFSPEA2,WFG2,2,TTT_igd_x2,10000.0,10000.0,10000.0,30
IVFSPEA2,WFG2,2,TTT_igd_x1.5,20000.0,10000.0,20000.0,30
IVFSPEA2,WFG2,2,TTT_igd_x1.2,25000.0,20000.0,30000.0,30
IVFSPEA2,WFG2,2,TTT_igd_x1.0,90000.0,80000.0,100000.0,30
IVFSPEA2,WFG2,3,AUC_IGD,16293.057011272618,16199.442477669305,16440.514066881704,30
IVFSPEA2,WFG2,3,AUC_HV,83352.86413142295,83271.98285951538,83410.40512476792,30
IVFSPEA2,WFG2,3,Final_IGD,0.18094345961193858,0.17937751281094516,0.1829053523157,30
IVFSPEA2,WFG2,3,Final_HV,0.9285608779055632,0.9279100494791894,0.9296471690716397,30
IVFSPEA2,WFG2,3,Best_IGD,0.17335316305675594,0.17264853108371603,0.17403379575259076,30
IVFSPEA2,WFG2,3,Best_HV,0.9298435568046883,0.9295683814650194,0.9301748452993197,30
IVFSPEA2,WFG2,3,TTT_igd_x100,10000.0,10000.0,10000.0,30
IVFSPEA2,WFG2,3,TTT_igd_x50,10000.0,10000.0,10000.0,30
IVFSPEA2,WFG2,3,TTT_igd_x20,10000.0,10000.0,10000.0,30
IVFSPEA2,WFG2,3,TTT_igd_x10,10000.0,10000.0,10000.0,30
IVFSPEA2,WFG2,3,TTT_igd_x5,10000.0,10000.0,10000.0,30
IVFSPEA2,WFG2,3,TTT_igd_x3,10000.0,10000.0,10000.0,30
IVFSPEA2,WFG2,3,TTT_igd_x2,10000.0,10000.0,10000.0,30
IVFSPEA2,WFG2,3,TTT_igd_x1.5,10000.0,10000.0,10000.0,30
IVFSPEA2,WFG2,3,TTT_igd_x1.2,10000.0,10000.0,10000.0,30
IVFSPEA2,WFG2,3,TTT_igd_x1.0,60000.0,40000.0,70000.0,30
IVFSPEA2,WFG3,2,AUC_IGD,1249.126692271376,1216.4848052924235,1299.4395103610213,30
IVFSPEA2,WFG3,2,AUC_HV,52158.07318720034,52121.78732223252,52194.88499507829,30
IVFSPEA2,WFG3,2,Final_IGD,0.0123277221030773,0.0121297850687578,0.0125710148660296,30
IVFSPEA2,WFG3,2,Final_HV,0.580971654663923,0.5807178708398102,0.5812860314493389,30
IVFSPEA2,WFG3,2,Best_IGD,0.0122843251555304,0.01204913844902585,0.0125118729737827,30
IVFSPEA2,WFG3,2,Best_HV,0.581010400544215,0.5807215560682074,0.5812860314493389,30
IVFSPEA2,WFG3,2,TTT_igd_x100,10000.0,10000.0,10000.0,30
IVFSPEA2,WFG3,2,TTT_igd_x50,10000.0,10000.0,10000.0,30
IVFSPEA2,WFG3,2,TTT_igd_x20,10000.0,10000.0,10000.0,30
IVFSPEA2,WFG3,2,TTT_igd_x10,10000.0,10000.0,10000.0,30
IVFSPEA2,WFG3,2,TTT_igd_x5,10000.0,10000.0,10000.0,30
IVFSPEA2,WFG3,2,TTT_igd_x3,10000.0,10000.0,10000.0,30
IVFSPEA2,WFG3,2,TTT_igd_x2,20000.0,10000.0,20000.0,30
IVFSPEA2,WFG3,2,TTT_igd_x1.5,20000.0,20000.0,20000.0,30
IVFSPEA2,WFG3,2,TTT_igd_x1.2,30000.0,20000.0,30000.0,30
IVFSPEA2,WFG3,2,TTT_igd_x1.0,90000.0,80000.0,100000.0,30
IVFSPEA2,WFG3,3,AUC_IGD,8617.320213017794,8449.705119318449,8716.106498249088,30
IVFSPEA2,WFG3,3,AUC_HV,35159.587937128934,35071.752994858296,35202.87257732554,30
IVFSPEA2,WFG3,3,Final_IGD,0.0878358198428817,0.08494669351059965,0.0892617201031697,30
IVFSPEA2,WFG3,3,Final_HV,0.3957492731173424,0.3946326456541486,0.3971505305399582,30
IVFSPEA2,WFG3,3,Best_IGD,0.08185281299857045,0.0799184773801533,0.0831462339880004,30
IVFSPEA2,WFG3,3,Best_HV,0.39857794114599077,0.3972850096635838,0.398812917304342,30
IVFSPEA2,WFG3,3,TTT_igd_x100,10000.0,10000.0,10000.0,30
IVFSPEA2,WFG3,3,TTT_igd_x50,10000.0,10000.0,10000.0,30
IVFSPEA2,WFG3,3,TTT_igd_x20,10000.0,10000.0,10000.0,30
IVFSPEA2,WFG3,3,TTT_igd_x10,10000.0,10000.0,10000.0,30
IVFSPEA2,WFG3,3,TTT_igd_x5,10000.0,10000.0,10000.0,30
IVFSPEA2,WFG3,3,TTT_igd_x3,10000.0,10000.0,10000.0,30
IVFSPEA2,WFG3,3,TTT_igd_x2,10000.0,10000.0,10000.0,30
IVFSPEA2,WFG3,3,TTT_igd_x1.5,20000.0,10000.0,20000.0,30
IVFSPEA2,WFG3,3,TTT_igd_x1.2,35000.0,30000.0,40000.0,30
IVFSPEA2,WFG3,3,TTT_igd_x1.0,80000.0,70000.0,80000.0,30
IVFSPEA2,WFG4,2,AUC_IGD,1158.6708655623338,1153.871124093946,1162.2385437512248,30
IVFSPEA2,WFG4,2,AUC_HV,31224.92903863115,31222.611372091385,31229.86168253248,30
IVFSPEA2,WFG4,2,Final_IGD,0.012668371273724301,0.0126246568194367,0.012760536811805199,30
IVFSPEA2,WFG4,2,Final_HV,0.3473005382744784,0.3472593439236932,0.34735738191084015,30
IVFSPEA2,WFG4,2,Best_IGD,0.01248409576421295,0.01244425431221935,0.012533212452825,30
IVFSPEA2,WFG4,2,Best_HV,0.3473981603708613,0.3473652509951701,0.34742085426310404,30
IVFSPEA2,WFG4,2,TTT_igd_x100,10000.0,10000.0,10000.0,30
IVFSPEA2,WFG4,2,TTT_igd_x50,10000.0,10000.0,10000.0,30
IVFSPEA2,WFG4,2,TTT_igd_x20,10000.0,10000.0,10000.0,30
IVFSPEA2,WFG4,2,TTT_igd_x10,10000.0,10000.0,10000.0,30
IVFSPEA2,WFG4,2,TTT_igd_x5,10000.0,10000.0,10000.0,30
IVFSPEA2,WFG4,2,TTT_igd_x3,10000.0,10000.0,10000.0,30
IVFSPEA2,WFG4,2,TTT_igd_x2,10000.0,10000.0,10000.0,30
IVFSPEA2,WFG4,2,TTT_igd_x1.5,10000.0,10000.0,10000.0,30
IVFSPEA2,WFG4,2,TTT_igd_x1.2,10000.0,10000.0,20000.0,30
IVFSPEA2,WFG4,2,TTT_igd_x1.0,70000.0,60000.0,90000.0,30
IVFSPEA2,WFG4,3,AUC_IGD,19180.085312632847,19146.12925051801,19223.194717550192,30
IVFSPEA2,WFG4,3,AUC_HV,49468.76479104044,49452.35803356838,49502.91854726163,30
IVFSPEA2,WFG4,3,Final_IGD,0.2119638208282986,0.211236776333544,0.21339485107401457,30
IVFSPEA2,WFG4,3,Final_HV,0.5507741229764538,0.5501145513378242,0.5517108065165572,30
IVFSPEA2,WFG4,3,Best_IGD,0.20971573448486364,0.20917149931422424,0.21024399603686061,30
IVFSPEA2,WFG4,3,Best_HV,0.5530355790557309,0.5526618607079887,0.5537769595276337,30
IVFSPEA2,WFG4,3,TTT_igd_x100,10000.0,10000.0,10000.0,30
IVFSPEA2,WFG4,3,TTT_igd_x50,10000.0,10000.0,10000.0,30
IVFSPEA2,WFG4,3,TTT_igd_x20,10000.0,10000.0,10000.0,30
IVFSPEA2,WFG4,3,TTT_igd_x10,10000.0,10000.0,10000.0,30
IVFSPEA2,WFG4,3,TTT_igd_x5,10000.0,10000.0,10000.0,30
IVFSPEA2,WFG4,3,TTT_igd_x3,10000.0,10000.0,10000.0,30
IVFSPEA2,WFG4,3,TTT_igd_x2,10000.0,10000.0,10000.0,30
IVFSPEA2,WFG4,3,TTT_igd_x1.5,10000.0,10000.0,10000.0,30
IVFSPEA2,WFG4,3,TTT_igd_x1.2,10000.0,10000.0,10000.0,30
IVFSPEA2,WFG4,3,TTT_igd_x1.0,65000.0,50000.0,80000.0,30
IVFSPEA2,WFG5,2,AUC_IGD,5718.107750963981,5715.274638881929,5720.488725838615,30
IVFSPEA2,WFG5,2,AUC_HV,28216.930182300508,28215.95327406622,28218.53317071558,30
IVFSPEA2,WFG5,2,Final_IGD,0.06354255376559484,0.06350272837030145,0.0635819836278388,30
IVFSPEA2,WFG5,2,Final_HV,0.31354041117868336,0.3134990382893801,0.31358953298798564,30
IVFSPEA2,WFG5,2,Best_IGD,0.0633888233198688,0.06336121172617025,0.06341168422123425,30
IVFSPEA2,WFG5,2,Best_HV,0.3136439150649152,0.31361589587463967,0.3136556828107808,30
IVFSPEA2,WFG5,2,TTT_igd_x100,10000.0,10000.0,10000.0,30
IVFSPEA2,WFG5,2,TTT_igd_x50,10000.0,10000.0,10000.0,30
IVFSPEA2,WFG5,2,TTT_igd_x20,10000.0,10000.0,10000.0,30
IVFSPEA2,WFG5,2,TTT_igd_x10,10000.0,10000.0,10000.0,30
IVFSPEA2,WFG5,2,TTT_igd_x5,10000.0,10000.0,10000.0,30
IVFSPEA2,WFG5,2,TTT_igd_x3,10000.0,10000.0,10000.0,30
IVFSPEA2,WFG5,2,TTT_igd_x2,10000.0,10000.0,10000.0,30
IVFSPEA2,WFG5,2,TTT_igd_x1.5,10000.0,10000.0,10000.0,30
IVFSPEA2,WFG5,2,TTT_igd_x1.2,10000.0,10000.0,10000.0,30
IVFSPEA2,WFG5,2,TTT_igd_x1.0,50000.0,30000.0,65000.0,30
IVFSPEA2,WFG5,3,AUC_IGD,19860.506286770345,19839.23963939512,19886.800029330934,30
IVFSPEA2,WFG5,3,AUC_HV,46402.54678257748,46385.66647861898,46430.786342753505,30
IVFSPEA2,WFG5,3,Final_IGD,0.2204580943710508,0.2194148147895242,0.2215684398428284,30
IVFSPEA2,WFG5,3,Final_HV,0.5165885617914905,0.5161354891232611,0.5169541567568147,30
IVFSPEA2,WFG5,3,Best_IGD,0.21803299890937983,0.21758144570534388,0.21827512061491605,30
IVFSPEA2,WFG5,3,Best_HV,0.5176564582272967,0.5174831793526927,0.5179594365180714,30
IVFSPEA2,WFG5,3,TTT_igd_x100,10000.0,10000.0,10000.0,30
IVFSPEA2,WFG5,3,TTT_igd_x50,10000.0,10000.0,10000.0,30
IVFSPEA2,WFG5,3,TTT_igd_x20,10000.0,10000.0,10000.0,30
IVFSPEA2,WFG5,3,TTT_igd_x10,10000.0,10000.0,10000.0,30
IVFSPEA2,WFG5,3,TTT_igd_x5,10000.0,10000.0,10000.0,30
IVFSPEA2,WFG5,3,TTT_igd_x3,10000.0,10000.0,10000.0,30
IVFSPEA2,WFG5,3,TTT_igd_x2,10000.0,10000.0,10000.0,30
IVFSPEA2,WFG5,3,TTT_igd_x1.5,10000.0,10000.0,10000.0,30
IVFSPEA2,WFG5,3,TTT_igd_x1.2,10000.0,10000.0,10000.0,30
IVFSPEA2,WFG5,3,TTT_igd_x1.0,65000.0,50000.0,70000.0,30
IVFSPEA2,WFG6,2,AUC_IGD,7763.352799103845,6869.1458073700105,8598.01569068324,30
IVFSPEA2,WFG6,2,AUC_HV,27090.104804701976,26631.800651832804,27566.141877760398,30
IVFSPEA2,WFG6,2,Final_IGD,0.0858165711946671,0.07615729754350706,0.0950984504980315,30
IVFSPEA2,WFG6,2,Final_HV,0.3012075078076403,0.2960575658293871,0.30652053359629416,30
IVFSPEA2,WFG6,2,Best_IGD,0.08571125135407595,0.076125824662439,0.0950400762355813,30
IVFSPEA2,WFG6,2,Best_HV,0.30130437757786804,0.2962197218719681,0.3065866186358174,30
IVFSPEA2,WFG6,2,TTT_igd_x100,10000.0,10000.0,10000.0,30
IVFSPEA2,WFG6,2,TTT_igd_x50,10000.0,10000.0,10000.0,30
IVFSPEA2,WFG6,2,TTT_igd_x20,10000.0,10000.0,10000.0,30
IVFSPEA2,WFG6,2,TTT_igd_x10,10000.0,10000.0,10000.0,30
IVFSPEA2,WFG6,2,TTT_igd_x5,10000.0,10000.0,10000.0,30
IVFSPEA2,WFG6,2,TTT_igd_x3,10000.0,10000.0,10000.0,30
IVFSPEA2,WFG6,2,TTT_igd_x2,10000.0,10000.0,10000.0,30
IVFSPEA2,WFG6,2,TTT_igd_x1.5,10000.0,10000.0,10000.0,30
IVFSPEA2,WFG6,2,TTT_igd_x1.2,10000.0,10000.0,10000.0,30
IVFSPEA2,WFG6,2,TTT_igd_x1.0,70000.0,65000.0,90000.0,30
IVFSPEA2,WFG6,3,AUC_IGD,21475.723038166958,20947.686616560528,21921.851263057404,30
IVFSPEA2,WFG6,3,AUC_HV,44770.06690805146,44273.482434755584,45393.159288794486,30
IVFSPEA2,WFG6,3,Final_IGD,0.2370966083742012,0.2308114848499012,0.240694173517962,30
IVFSPEA2,WFG6,3,Final_HV,0.49934905223058673,0.4929287529950519,0.5058907391586208,30
IVFSPEA2,WFG6,3,Best_IGD,0.2346174122241953,0.22837337306359518,0.23991411017108333,30
IVFSPEA2,WFG6,3,Best_HV,0.49999764049263584,0.49437482912462544,0.507099435883109,30
IVFSPEA2,WFG6,3,TTT_igd_x100,10000.0,10000.0,10000.0,30
IVFSPEA2,WFG6,3,TTT_igd_x50,10000.0,10000.0,10000.0,30
IVFSPEA2,WFG6,3,TTT_igd_x20,10000.0,10000.0,10000.0,30
IVFSPEA2,WFG6,3,TTT_igd_x10,10000.0,10000.0,10000.0,30
IVFSPEA2,WFG6,3,TTT_igd_x5,10000.0,10000.0,10000.0,30
IVFSPEA2,WFG6,3,TTT_igd_x3,10000.0,10000.0,10000.0,30
IVFSPEA2,WFG6,3,TTT_igd_x2,10000.0,10000.0,10000.0,30
IVFSPEA2,WFG6,3,TTT_igd_x1.5,10000.0,10000.0,10000.0,30
IVFSPEA2,WFG6,3,TTT_igd_x1.2,10000.0,10000.0,10000.0,30
IVFSPEA2,WFG6,3,TTT_igd_x1.0,60000.0,50000.0,80000.0,30
IVFSPEA2,WFG7,2,AUC_IGD,1196.724554984505,1193.140005231632,1198.8162859614336,30
IVFSPEA2,WFG7,2,AUC_HV,31192.260575798755,31187.239956871075,31194.60458716684,30
IVFSPEA2,WFG7,2,Final_IGD,0.0132015224676102,0.01310408579712665,0.01332945963699955,30
IVFSPEA2,WFG7,2,Final_HV,0.34666005315357395,0.34658212622479667,0.3467409019595251,30
IVFSPEA2,WFG7,2,Best_IGD,0.012940305502040651,0.01286732606147965,0.01297162440590925,30
IVFSPEA2,WFG7,2,Best_HV,0.3469142990512496,0.3468842034147386,0.3469396287362971,30
IVFSPEA2,WFG7,2,TTT_igd_x100,10000.0,10000.0,10000.0,30
IVFSPEA2,WFG7,2,TTT_igd_x50,10000.0,10000.0,10000.0,30
IVFSPEA2,WFG7,2,TTT_igd_x20,10000.0,10000.0,10000.0,30
IVFSPEA2,WFG7,2,TTT_igd_x10,10000.0,10000.0,10000.0,30
IVFSPEA2,WFG7,2,TTT_igd_x5,10000.0,10000.0,10000.0,30
IVFSPEA2,WFG7,2,TTT_igd_x3,10000.0,10000.0,10000.0,30
IVFSPEA2,WFG7,2,TTT_igd_x2,10000.0,10000.0,10000.0,30
IVFSPEA2,WFG7,2,TTT_igd_x1.5,10000.0,10000.0,10000.0,30
IVFSPEA2,WFG7,2,TTT_igd_x1.2,10000.0,10000.0,10000.0,30
IVFSPEA2,WFG7,2,TTT_igd_x1.0,50000.0,50000.0,60000.0,30
IVFSPEA2,WFG7,3,AUC_IGD,19285.07209201116,19249.945229339777,19295.83789886791,30
IVFSPEA2,WFG7,3,AUC_HV,49397.89936592072,49381.71243962215,49431.13159819202,30
IVFSPEA2,WFG7,3,Final_IGD,0.21344262721112695,0.21269927621615214,0.21562828473523749,30
IVFSPEA2,WFG7,3,Final_HV,0.5495404651578604,0.5484604183542677,0.5500106734355239,30
IVFSPEA2,WFG7,3,Best_IGD,0.2105540758902715,0.21004719193990923,0.21106417850834835,30
IVFSPEA2,WFG7,3,Best_HV,0.5514337977342627,0.5511737867093165,0.5519678253808921,30
IVFSPEA2,WFG7,3,TTT_igd_x100,10000.0,10000.0,10000.0,30
IVFSPEA2,WFG7,3,TTT_igd_x50,10000.0,10000.0,10000.0,30
IVFSPEA2,WFG7,3,TTT_igd_x20,10000.0,10000.0,10000.0,30
IVFSPEA2,WFG7,3,TTT_igd_x10,10000.0,10000.0,10000.0,30
IVFSPEA2,WFG7,3,TTT_igd_x5,10000.0,10000.0,10000.0,30
IVFSPEA2,WFG7,3,TTT_igd_x3,10000.0,10000.0,10000.0,30
IVFSPEA2,WFG7,3,TTT_igd_x2,10000.0,10000.0,10000.0,30
IVFSPEA2,WFG7,3,TTT_igd_x1.5,10000.0,10000.0,10000.0,30
IVFSPEA2,WFG7,3,TTT_igd_x1.2,10000.0,10000.0,10000.0,30
IVFSPEA2,WFG7,3,TTT_igd_x1.0,70000.0,55000.0,70000.0,30
IVFSPEA2,WFG8,2,AUC_IGD,9830.887060315614,9785.479555581926,9900.600012304301,30
IVFSPEA2,WFG8,2,AUC_HV,26006.994413213495,25984.19745381298,26028.794637269617,30
IVFSPEA2,WFG8,2,Final_IGD,0.10726197821609984,0.1066182620149061,0.1077991836383206,30
IVFSPEA2,WFG8,2,Final_HV,0.29018513637283927,0.28982573433444103,0.29056538222736583,30
IVFSPEA2,WFG8,2,Best_IGD,0.10726197821609984,0.1066182620149061,0.10761152207481639,30
IVFSPEA2,WFG8,2,Best_HV,0.2902530869021821,0.28988124894467737,0.29056860949300756,30
IVFSPEA2,WFG8,2,TTT_igd_x100,10000.0,10000.0,10000.0,30
IVFSPEA2,WFG8,2,TTT_igd_x50,10000.0,10000.0,10000.0,30
IVFSPEA2,WFG8,2,TTT_igd_x20,10000.0,10000.0,10000.0,30
IVFSPEA2,WFG8,2,TTT_igd_x10,10000.0,10000.0,10000.0,30
IVFSPEA2,WFG8,2,TTT_igd_x5,10000.0,10000.0,10000.0,30
IVFSPEA2,WFG8,2,TTT_igd_x3,10000.0,10000.0,10000.0,30
IVFSPEA2,WFG8,2,TTT_igd_x2,10000.0,10000.0,10000.0,30
IVFSPEA2,WFG8,2,TTT_igd_x1.5,10000.0,10000.0,10000.0,30
IVFSPEA2,WFG8,2,TTT_igd_x1.2,10000.0,10000.0,10000.0,30
IVFSPEA2,WFG8,2,TTT_igd_x1.0,100000.0,95000.0,100000.0,30
IVFSPEA2,WFG8,3,AUC_IGD,26617.706217543855,26544.67802837662,26699.289205127425,30
IVFSPEA2,WFG8,3,AUC_HV,41456.2382584561,41377.3569684258,41493.88966768702,30
IVFSPEA2,WFG8,3,Final_IGD,0.2914980644336319,0.2902079416512052,0.2936996256778013,30
IVFSPEA2,WFG8,3,Final_HV,0.4624211707284801,0.46145281846685593,0.4636938171839265,30
IVFSPEA2,WFG8,3,Best_IGD,0.2882370902641261,0.2861454638047829,0.2899630900992436,30
IVFSPEA2,WFG8,3,Best_HV,0.4652594564965772,0.46429271132108263,0.4657101785888814,30
IVFSPEA2,WFG8,3,TTT_igd_x100,10000.0,10000.0,10000.0,30
IVFSPEA2,WFG8,3,TTT_igd_x50,10000.0,10000.0,10000.0,30
IVFSPEA2,WFG8,3,TTT_igd_x20,10000.0,10000.0,10000.0,30
IVFSPEA2,WFG8,3,TTT_igd_x10,10000.0,10000.0,10000.0,30
IVFSPEA2,WFG8,3,TTT_igd_x5,10000.0,10000.0,10000.0,30
IVFSPEA2,WFG8,3,TTT_igd_x3,10000.0,10000.0,10000.0,30
IVFSPEA2,WFG8,3,TTT_igd_x2,10000.0,10000.0,10000.0,30
IVFSPEA2,WFG8,3,TTT_igd_x1.5,10000.0,10000.0,10000.0,30
IVFSPEA2,WFG8,3,TTT_igd_x1.2,10000.0,10000.0,10000.0,30
IVFSPEA2,WFG8,3,TTT_igd_x1.0,70000.0,55000.0,80000.0,30
IVFSPEA2,WFG9,2,AUC_IGD,1650.4006547402605,1514.6597760288134,1747.6876975379919,30
IVFSPEA2,WFG9,2,AUC_HV,30677.26643435765,30607.254771815464,30791.21121390072,30
IVFSPEA2,WFG9,2,Final_IGD,0.0177241345620408,0.0160975519083651,0.0185798544752394,30
IVFSPEA2,WFG9,2,Final_HV,0.34133489368079184,0.34053650131143454,0.34266553363560454,30
IVFSPEA2,WFG9,2,Best_IGD,0.0174799677897917,0.01596141522046015,0.01842006935790365,30
IVFSPEA2,WFG9,2,Best_HV,0.3415159936322525,0.3406446370286277,0.3427821516442503,30
IVFSPEA2,WFG9,2,TTT_igd_x100,10000.0,10000.0,10000.0,30
IVFSPEA2,WFG9,2,TTT_igd_x50,10000.0,10000.0,10000.0,30
IVFSPEA2,WFG9,2,TTT_igd_x20,10000.0,10000.0,10000.0,30
IVFSPEA2,WFG9,2,TTT_igd_x10,10000.0,10000.0,10000.0,30
IVFSPEA2,WFG9,2,TTT_igd_x5,10000.0,10000.0,10000.0,30
IVFSPEA2,WFG9,2,TTT_igd_x3,10000.0,10000.0,10000.0,30
IVFSPEA2,WFG9,2,TTT_igd_x2,10000.0,10000.0,10000.0,30
IVFSPEA2,WFG9,2,TTT_igd_x1.5,10000.0,10000.0,10000.0,30
IVFSPEA2,WFG9,2,TTT_igd_x1.2,20000.0,20000.0,20000.0,30
IVFSPEA2,WFG9,2,TTT_igd_x1.0,90000.0,85000.0,95000.0,30
IVFSPEA2,WFG9,3,AUC_IGD,19306.60187323476,19184.68417525741,19421.65670387471,30
IVFSPEA2,WFG9,3,AUC_HV,47146.913544535564,46905.9958810808,47301.583047355714,30
IVFSPEA2,WFG9,3,Final_IGD,0.21117155526822878,0.2096261381738091,0.21257307232732364,30
IVFSPEA2,WFG9,3,Final_HV,0.5339513288554496,0.5278163304221973,0.535729483820713,30
IVFSPEA2,WFG9,3,Best_IGD,0.20872123735671572,0.20793423059245747,0.2102100259357717,30
IVFSPEA2,WFG9,3,Best_HV,0.5349005765075121,0.5310264575588228,0.5362584753662972,30
IVFSPEA2,WFG9,3,TTT_igd_x100,10000.0,10000.0,10000.0,30
IVFSPEA2,WFG9,3,TTT_igd_x50,10000.0,10000.0,10000.0,30
IVFSPEA2,WFG9,3,TTT_igd_x20,10000.0,10000.0,10000.0,30
IVFSPEA2,WFG9,3,TTT_igd_x10,10000.0,10000.0,10000.0,30
IVFSPEA2,WFG9,3,TTT_igd_x5,10000.0,10000.0,10000.0,30
IVFSPEA2,WFG9,3,TTT_igd_x3,10000.0,10000.0,10000.0,30
IVFSPEA2,WFG9,3,TTT_igd_x2,10000.0,10000.0,10000.0,30
IVFSPEA2,WFG9,3,TTT_igd_x1.5,10000.0,10000.0,10000.0,30
IVFSPEA2,WFG9,3,TTT_igd_x1.2,10000.0,10000.0,10000.0,30
IVFSPEA2,WFG9,3,TTT_igd_x1.0,90000.0,75000.0,90000.0,30
IVFSPEA2,ZDT1,2,AUC_IGD,398.9824666875045,391.3416023406152,407.0541389987706,30
IVFSPEA2,ZDT1,2,AUC_HV,64751.21711655149,64740.38979897969,64764.789675469874,30
IVFSPEA2,ZDT1,2,Final_IGD,0.0038799710958828497,0.00385410532091215,0.0039189454019285,30
IVFSPEA2,ZDT1,2,Final_HV,0.7204265407297121,0.7203920310854093,0.7204863102902044,30
IVFSPEA2,ZDT1,2,Best_IGD,0.0038189159647818,0.00380863979725065,0.0038288326143512998,30
IVFSPEA2,ZDT1,2,Best_HV,0.7205187270312803,0.7205090612930375,0.7205449726037503,30
IVFSPEA2,ZDT1,2,TTT_igd_x100,10000.0,10000.0,10000.0,30
IVFSPEA2,ZDT1,2,TTT_igd_x50,10000.0,10000.0,10000.0,30
IVFSPEA2,ZDT1,2,TTT_igd_x20,10000.0,10000.0,10000.0,30
IVFSPEA2,ZDT1,2,TTT_igd_x10,10000.0,10000.0,10000.0,30
IVFSPEA2,ZDT1,2,TTT_igd_x5,10000.0,10000.0,10000.0,30
IVFSPEA2,ZDT1,2,TTT_igd_x3,20000.0,20000.0,20000.0,30
IVFSPEA2,ZDT1,2,TTT_igd_x2,20000.0,20000.0,20000.0,30
IVFSPEA2,ZDT1,2,TTT_igd_x1.5,20000.0,20000.0,20000.0,30
IVFSPEA2,ZDT1,2,TTT_igd_x1.2,20000.0,20000.0,20000.0,30
IVFSPEA2,ZDT1,2,TTT_igd_x1.0,55000.0,50000.0,85000.0,30
IVFSPEA2,ZDT2,2,AUC_IGD,409.0649108194748,397.609212412102,414.454124714727,30
IVFSPEA2,ZDT2,2,AUC_HV,39949.33645141462,39934.49854905566,39960.01047757863,30
IVFSPEA2,ZDT2,2,Final_IGD,0.0038875277130227,0.0038654284899180998,0.00390248592189475,30
IVFSPEA2,ZDT2,2,Final_HV,0.44503226821729686,0.4449798976321576,0.4450706120089408,30
IVFSPEA2,ZDT2,2,Best_IGD,0.00382014788709965,0.00381323626982715,0.0038365132314573,30
IVFSPEA2,ZDT2,2,Best_HV,0.4451208487753351,0.44511591052442584,0.44513130055940836,30
IVFSPEA2,ZDT2,2,TTT_igd_x100,10000.0,10000.0,10000.0,30
IVFSPEA2,ZDT2,2,TTT_igd_x50,10000.0,10000.0,10000.0,30
IVFSPEA2,ZDT2,2,TTT_igd_x20,10000.0,10000.0,10000.0,30
IVFSPEA2,ZDT2,2,TTT_igd_x10,10000.0,10000.0,10000.0,30
IVFSPEA2,ZDT2,2,TTT_igd_x5,10000.0,10000.0,10000.0,30
IVFSPEA2,ZDT2,2,TTT_igd_x3,20000.0,20000.0,20000.0,30
IVFSPEA2,ZDT2,2,TTT_igd_x2,20000.0,20000.0,20000.0,30
IVFSPEA2,ZDT2,2,TTT_igd_x1.5,20000.0,20000.0,20000.0,30
IVFSPEA2,ZDT2,2,TTT_igd_x1.2,20000.0,20000.0,20000.0,30
IVFSPEA2,ZDT2,2,TTT_igd_x1.0,80000.0,65000.0,80000.0,30
IVFSPEA2,ZDT3,2,AUC_IGD,472.1986724829933,464.96623202231825,476.2275496118557,30
IVFSPEA2,ZDT3,2,AUC_HV,53925.95381188413,53919.72040883354,53932.07115997494,30
IVFSPEA2,ZDT3,2,Final_IGD,0.0048462313321825,0.00479377898216975,0.004885268122962,30
IVFSPEA2,ZDT3,2,Final_HV,0.5996757779295967,0.5996544837616034,0.5996960440456771,30
IVFSPEA2,ZDT3,2,Best_IGD,0.00472451951273145,0.00470002053404905,0.004756548197339,30
IVFSPEA2,ZDT3,2,Best_HV,0.599726126208399,0.5997183558434278,0.5997393054759563,30
IVFSPEA2,ZDT3,2,TTT_igd_x100,10000.0,10000.0,10000.0,30
IVFSPEA2,ZDT3,2,TTT_igd_x50,10000.0,10000.0,10000.0,30
IVFSPEA2,ZDT3,2,TTT_igd_x20,10000.0,10000.0,10000.0,30
IVFSPEA2,ZDT3,2,TTT_igd_x10,10000.0,10000.0,10000.0,30
IVFSPEA2,ZDT3,2,TTT_igd_x5,10000.0,10000.0,10000.0,30
IVFSPEA2,ZDT3,2,TTT_igd_x3,10000.0,10000.0,10000.0,30
IVFSPEA2,ZDT3,2,TTT_igd_x2,20000.0,20000.0,20000.0,30
IVFSPEA2,ZDT3,2,TTT_igd_x1.5,20000.0,20000.0,20000.0,30
IVFSPEA2,ZDT3,2,TTT_igd_x1.2,20000.0,20000.0,20000.0,30
IVFSPEA2,ZDT3,2,TTT_igd_x1.0,60000.0,50000.0,70000.0,30
IVFSPEA2,ZDT4,2,AUC_IGD,488.7242825330177,455.440553178644,631.4136677723014,30
IVFSPEA2,ZDT4,2,AUC_HV,64621.8965793066,64459.073382700044,64669.64214186651,30
IVFSPEA2,ZDT4,2,Final_IGD,0.0037962486319822,0.00379400716606365,0.0038067655723265,30
IVFSPEA2,ZDT4,2,Final_HV,0.7206011929836668,0.7205776989807093,0.7206147957565305,30
IVFSPEA2,ZDT4,2,Best_IGD,0.0037705585312677497,0.0037547308317845,0.0037766968862719503,30
IVFSPEA2,ZDT4,2,Best_HV,0.7206258867847251,0.7206121678986268,0.7206326219240574,30
IVFSPEA2,ZDT4,2,TTT_igd_x100,10000.0,10000.0,10000.0,30
IVFSPEA2,ZDT4,2,TTT_igd_x50,10000.0,10000.0,10000.0,30
IVFSPEA2,ZDT4,2,TTT_igd_x20,10000.0,10000.0,10000.0,30
IVFSPEA2,ZDT4,2,TTT_igd_x10,10000.0,10000.0,20000.0,30
IVFSPEA2,ZDT4,2,TTT_igd_x5,20000.0,20000.0,20000.0,30
IVFSPEA2,ZDT4,2,TTT_igd_x3,20000.0,20000.0,20000.0,30
IVFSPEA2,ZDT4,2,TTT_igd_x2,20000.0,20000.0,20000.0,30
IVFSPEA2,ZDT4,2,TTT_igd_x1.5,20000.0,20000.0,20000.0,30
IVFSPEA2,ZDT4,2,TTT_igd_x1.2,30000.0,30000.0,30000.0,30
IVFSPEA2,ZDT4,2,TTT_igd_x1.0,80000.0,70000.0,90000.0,30
IVFSPEA2,ZDT6,2,AUC_IGD,370.91765268780944,350.46635464271003,414.23103601798476,30
IVFSPEA2,ZDT6,2,AUC_HV,34859.210389109096,34804.01961729892,34891.66329993059,30
IVFSPEA2,ZDT6,2,Final_IGD,0.00306277544330165,0.0030586995667259,0.0030741948281564502,30
IVFSPEA2,ZDT6,2,Final_HV,0.3889291491178166,0.38892409297502817,0.3889374098190921,30
IVFSPEA2,ZDT6,2,Best_IGD,0.00303919300097285,0.0030356810801694,0.0030429400828761,30
IVFSPEA2,ZDT6,2,Best_HV,0.3889507752964517,0.3889437926738266,0.3889534323513298,30
IVFSPEA2,ZDT6,2,TTT_igd_x100,10000.0,10000.0,10000.0,30
IVFSPEA2,ZDT6,2,TTT_igd_x50,10000.0,10000.0,10000.0,30
IVFSPEA2,ZDT6,2,TTT_igd_x20,10000.0,10000.0,10000.0,30
IVFSPEA2,ZDT6,2,TTT_igd_x10,10000.0,10000.0,15000.0,30
IVFSPEA2,ZDT6,2,TTT_igd_x5,20000.0,20000.0,20000.0,30
IVFSPEA2,ZDT6,2,TTT_igd_x3,20000.0,20000.0,20000.0,30
IVFSPEA2,ZDT6,2,TTT_igd_x2,20000.0,20000.0,20000.0,30
IVFSPEA2,ZDT6,2,TTT_igd_x1.5,20000.0,20000.0,20000.0,30
IVFSPEA2,ZDT6,2,TTT_igd_x1.2,20000.0,20000.0,20000.0,30
IVFSPEA2,ZDT6,2,TTT_igd_x1.0,65000.0,50000.0,70000.0,30
NSGAII,DTLZ1,2,AUC_IGD,281.1186305756615,241.76240193902225,307.69503839628555,30
NSGAII,DTLZ1,2,AUC_HV,52060.24047277424,51983.24525174318,52188.282381809804,30
NSGAII,DTLZ1,2,Final_IGD,0.0022238075249268,0.002183710436759,0.00225827271560085,30
NSGAII,DTLZ1,2,Final_HV,0.5814449342774568,0.581367306594587,0.5815447345775058,30
NSGAII,DTLZ1,2,Best_IGD,0.0021286006321426503,0.0020988499287457,0.0021463063395325,30
NSGAII,DTLZ1,2,Best_HV,0.5816381051265247,0.581570710068938,0.5816781253355165,30
NSGAII,DTLZ1,2,TTT_igd_x100,10000.0,10000.0,10000.0,30
NSGAII,DTLZ1,2,TTT_igd_x50,10000.0,10000.0,10000.0,30
NSGAII,DTLZ1,2,TTT_igd_x20,10000.0,10000.0,10000.0,30
NSGAII,DTLZ1,2,TTT_igd_x10,10000.0,10000.0,20000.0,30
NSGAII,DTLZ1,2,TTT_igd_x5,20000.0,15000.0,20000.0,30
NSGAII,DTLZ1,2,TTT_igd_x3,20000.0,20000.0,20000.0,30
NSGAII,DTLZ1,2,TTT_igd_x2,20000.0,20000.0,20000.0,30
NSGAII,DTLZ1,2,TTT_igd_x1.5,20000.0,20000.0,20000.0,30
NSGAII,DTLZ1,2,TTT_igd_x1.2,20000.0,20000.0,20000.0,30
NSGAII,DTLZ1,2,TTT_igd_x1.0,70000.0,60000.0,80000.0,30
NSGAII,DTLZ1,3,AUC_IGD,2680.3805240792703,2586.866351866579,3761.891099081075,30
NSGAII,DTLZ1,3,AUC_HV,73358.33354505856,70760.48595732858,73602.25140936198,30
NSGAII,DTLZ1,3,Final_IGD,0.0262598515356135,0.0258855261477158,0.02688666354859345,30
NSGAII,DTLZ1,3,Final_HV,0.8258250083460922,0.8245970624822988,0.8263987220958664,30
NSGAII,DTLZ1,3,Best_IGD,0.0253886843547493,0.025144806989998297,0.02558494298775915,30
NSGAII,DTLZ1,3,Best_HV,0.828557802666105,0.82769294620558,0.8294980476949495,30
NSGAII,DTLZ1,3,TTT_igd_x100,10000.0,10000.0,10000.0,30
NSGAII,DTLZ1,3,TTT_igd_x50,10000.0,10000.0,10000.0,30
NSGAII,DTLZ1,3,TTT_igd_x20,10000.0,10000.0,10000.0,30
NSGAII,DTLZ1,3,TTT_igd_x10,10000.0,10000.0,20000.0,30
NSGAII,DTLZ1,3,TTT_igd_x5,10000.0,10000.0,20000.0,30
NSGAII,DTLZ1,3,TTT_igd_x3,10000.0,10000.0,20000.0,30
NSGAII,DTLZ1,3,TTT_igd_x2,20000.0,10000.0,20000.0,30
NSGAII,DTLZ1,3,TTT_igd_x1.5,20000.0,20000.0,20000.0,30
NSGAII,DTLZ1,3,TTT_igd_x1.2,20000.0,20000.0,20000.0,30
NSGAII,DTLZ1,3,TTT_igd_x1.0,80000.0,70000.0,100000.0,30
NSGAII,DTLZ2,2,AUC_IGD,458.3951640709285,457.1197987763128,459.83385205874345,30
NSGAII,DTLZ2,2,AUC_HV,31188.399032976868,31186.133123006854,31191.35184910908,30
NSGAII,DTLZ2,2,Final_IGD,0.00516822718336565,0.005046096267325001,0.00525068396829535,30
NSGAII,DTLZ2,2,Final_HV,0.34650945029598784,0.34647203654240344,0.3466392480592516,30
NSGAII,DTLZ2,2,Best_IGD,0.00484776029816825,0.004791462064932099,0.00487005115559885,30
NSGAII,DTLZ2,2,Best_HV,0.3468104342035103,0.34678497648428214,0.3468636275841682,30
NSGAII,DTLZ2,2,TTT_igd_x100,10000.0,10000.0,10000.0,30
NSGAII,DTLZ2,2,TTT_igd_x50,10000.0,10000.0,10000.0,30
NSGAII,DTLZ2,2,TTT_igd_x20,10000.0,10000.0,10000.0,30
NSGAII,DTLZ2,2,TTT_igd_x10,10000.0,10000.0,10000.0,30
NSGAII,DTLZ2,2,TTT_igd_x5,10000.0,10000.0,10000.0,30
NSGAII,DTLZ2,2,TTT_igd_x3,10000.0,10000.0,10000.0,30
NSGAII,DTLZ2,2,TTT_igd_x2,10000.0,10000.0,10000.0,30
NSGAII,DTLZ2,2,TTT_igd_x1.5,10000.0,10000.0,10000.0,30
NSGAII,DTLZ2,2,TTT_igd_x1.2,10000.0,10000.0,10000.0,30
NSGAII,DTLZ2,2,TTT_igd_x1.0,60000.0,45000.0,75000.0,30
NSGAII,DTLZ2,3,AUC_IGD,6225.591424399947,6202.330507034338,6248.6866037194595,30
NSGAII,DTLZ2,3,AUC_HV,47866.590664408024,47791.64733208049,47924.13860532908,30
NSGAII,DTLZ2,3,Final_IGD,0.06999864965719016,0.06886560750428,0.0710410633719845,30
NSGAII,DTLZ2,3,Final_HV,0.5323494994806837,0.5286991122261377,0.5328578061583297,30
NSGAII,DTLZ2,3,Best_IGD,0.0655270823773597,0.06510967115292775,0.06618739793083475,30
NSGAII,DTLZ2,3,Best_HV,0.538288936160165,0.5379550611829929,0.5389807151781421,30
NSGAII,DTLZ2,3,TTT_igd_x100,10000.0,10000.0,10000.0,30
NSGAII,DTLZ2,3,TTT_igd_x50,10000.0,10000.0,10000.0,30
NSGAII,DTLZ2,3,TTT_igd_x20,10000.0,10000.0,10000.0,30
NSGAII,DTLZ2,3,TTT_igd_x10,10000.0,10000.0,10000.0,30
NSGAII,DTLZ2,3,TTT_igd_x5,10000.0,10000.0,10000.0,30
NSGAII,DTLZ2,3,TTT_igd_x3,10000.0,10000.0,10000.0,30
NSGAII,DTLZ2,3,TTT_igd_x2,10000.0,10000.0,10000.0,30
NSGAII,DTLZ2,3,TTT_igd_x1.5,10000.0,10000.0,10000.0,30
NSGAII,DTLZ2,3,TTT_igd_x1.2,10000.0,10000.0,10000.0,30
NSGAII,DTLZ2,3,TTT_igd_x1.0,65000.0,40000.0,70000.0,30
NSGAII,DTLZ3,2,AUC_IGD,37835.534654470874,31173.689166754,47982.29064539574,30
NSGAII,DTLZ3,2,AUC_HV,25787.60732000437,25496.93804764461,27316.59256772649,30
NSGAII,DTLZ3,2,Final_IGD,0.005257913348330451,0.00516495768194325,0.00542794884423075,30
NSGAII,DTLZ3,2,Final_HV,0.34565181408578033,0.3453288481311782,0.34599371420784364,30
NSGAII,DTLZ3,2,Best_IGD,0.00520391179611095,0.0049587896074619504,0.0053574914833301995,30
NSGAII,DTLZ3,2,Best_HV,0.34565181408578033,0.345318303070465,0.3460382699829452,30
NSGAII,DTLZ3,2,TTT_igd_x100,25000.0,20000.0,30000.0,30
NSGAII,DTLZ3,2,TTT_igd_x50,30000.0,20000.0,30000.0,30
NSGAII,DTLZ3,2,TTT_igd_x20,30000.0,30000.0,30000.0,30
NSGAII,DTLZ3,2,TTT_igd_x10,30000.0,30000.0,30000.0,30
NSGAII,DTLZ3,2,TTT_igd_x5,30000.0,30000.0,30000.0,30
NSGAII,DTLZ3,2,TTT_igd_x3,40000.0,30000.0,40000.0,30
NSGAII,DTLZ3,2,TTT_igd_x2,40000.0,40000.0,50000.0,30
NSGAII,DTLZ3,2,TTT_igd_x1.5,50000.0,40000.0,60000.0,30
NSGAII,DTLZ3,2,TTT_igd_x1.2,65000.0,60000.0,70000.0,30
NSGAII,DTLZ3,2,TTT_igd_x1.0,100000.0,90000.0,100000.0,30
NSGAII,DTLZ3,3,AUC_IGD,66515.15086077478,51261.82354770603,75496.33022702084,30
NSGAII,DTLZ3,3,AUC_HV,37167.452832231575,33714.03731391366,38468.41738106046,30
NSGAII,DTLZ3,3,Final_IGD,0.06868937540747405,0.0677314195998041,0.07025905041078526,30
NSGAII,DTLZ3,3,Final_HV,0.5317493781125406,0.5275392227270438,0.5353413275443462,30
NSGAII,DTLZ3,3,Best_IGD,0.06649171864431219,0.0655697519484425,0.06722321851140994,30
NSGAII,DTLZ3,3,Best_HV,0.5341589256973767,0.5320046826681909,0.5366826401526019,30
NSGAII,DTLZ3,3,TTT_igd_x100,20000.0,15000.0,20000.0,30
NSGAII,DTLZ3,3,TTT_igd_x50,20000.0,20000.0,20000.0,30
NSGAII,DTLZ3,3,TTT_igd_x20,30000.0,20000.0,30000.0,30
NSGAII,DTLZ3,3,TTT_igd_x10,30000.0,30000.0,40000.0,30
NSGAII,DTLZ3,3,TTT_igd_x5,30000.0,30000.0,40000.0,30
NSGAII,DTLZ3,3,TTT_igd_x3,30000.0,30000.0,40000.0,30
NSGAII,DTLZ3,3,TTT_igd_x2,35000.0,30000.0,40000.0,30
NSGAII,DTLZ3,3,TTT_igd_x1.5,40000.0,30000.0,40000.0,30
NSGAII,DTLZ3,3,TTT_igd_x1.2,50000.0,40000.0,50000.0,30
NSGAII,DTLZ3,3,TTT_igd_x1.0,80000.0,80000.0,90000.0,30
NSGAII,DTLZ4,2,AUC_IGD,461.3678395397752,458.7023967759952,468.3272754580645,30
NSGAII,DTLZ4,2,AUC_HV,31186.222478224823,31182.56168838829,31191.141240026638,30
NSGAII,DTLZ4,2,Final_IGD,0.00514155180241185,0.00508234109712425,0.0053225074639382,30
NSGAII,DTLZ4,2,Final_HV,0.3464929320895054,0.34635198827004987,0.3465874736679563,30
NSGAII,DTLZ4,2,Best_IGD,0.00491856889675925,0.00483879164557265,0.0049580848428294,30
NSGAII,DTLZ4,2,Best_HV,0.3467536228051452,0.34666586247480996,0.3468051684642016,30
NSGAII,DTLZ4,2,TTT_igd_x100,10000.0,10000.0,10000.0,30
NSGAII,DTLZ4,2,TTT_igd_x50,10000.0,10000.0,10000.0,30
NSGAII,DTLZ4,2,TTT_igd_x20,10000.0,10000.0,10000.0,30
NSGAII,DTLZ4,2,TTT_igd_x10,10000.0,10000.0,10000.0,30
NSGAII,DTLZ4,2,TTT_igd_x5,10000.0,10000.0,10000.0,30
NSGAII,DTLZ4,2,TTT_igd_x3,10000.0,10000.0,10000.0,30
NSGAII,DTLZ4,2,TTT_igd_x2,10000.0,10000.0,10000.0,30
NSGAII,DTLZ4,2,TTT_igd_x1.5,10000.0,10000.0,10000.0,30
NSGAII,DTLZ4,2,TTT_igd_x1.2,10000.0,10000.0,10000.0,30
NSGAII,DTLZ4,2,TTT_igd_x1.0,75000.0,60000.0,90000.0,30
NSGAII,DTLZ4,3,AUC_IGD,6117.178001662987,6090.945558467912,6167.362187118543,30
NSGAII,DTLZ4,3,AUC_HV,48095.326380129234,47994.133440894,48156.05360863339,30
NSGAII,DTLZ4,3,Final_IGD,0.0680349959424827,0.0668581589404263,0.06891173689738445,30
NSGAII,DTLZ4,3,Final_HV,0.5349263536620641,0.5339328426392383,0.5373291799290332,30
NSGAII,DTLZ4,3,Best_IGD,0.0647901351471709,0.06397531871425954,0.06568312283590624,30
NSGAII,DTLZ4,3,Best_HV,0.5397708977157165,0.5386966012360666,0.5408357639304318,30
NSGAII,DTLZ4,3,TTT_igd_x100,10000.0,10000.0,10000.0,30
NSGAII,DTLZ4,3,TTT_igd_x50,10000.0,10000.0,10000.0,30
NSGAII,DTLZ4,3,TTT_igd_x20,10000.0,10000.0,10000.0,30
NSGAII,DTLZ4,3,TTT_igd_x10,10000.0,10000.0,10000.0,30
NSGAII,DTLZ4,3,TTT_igd_x5,10000.0,10000.0,10000.0,30
NSGAII,DTLZ4,3,TTT_igd_x3,10000.0,10000.0,10000.0,30
NSGAII,DTLZ4,3,TTT_igd_x2,10000.0,10000.0,10000.0,30
NSGAII,DTLZ4,3,TTT_igd_x1.5,10000.0,10000.0,10000.0,30
NSGAII,DTLZ4,3,TTT_igd_x1.2,10000.0,10000.0,10000.0,30
NSGAII,DTLZ4,3,TTT_igd_x1.0,70000.0,50000.0,80000.0,30
NSGAII,DTLZ5,2,AUC_IGD,456.319871936947,454.59892441803,458.830749915042,30
NSGAII,DTLZ5,2,AUC_HV,31187.440018537825,31185.5554615952,31188.248783618325,30
NSGAII,DTLZ5,2,Final_IGD,0.0051231971566383,0.0050303743501287,0.0052183385205476,30
NSGAII,DTLZ5,2,Final_HV,0.3466251778427251,0.34648341975404695,0.3466995851401675,30
NSGAII,DTLZ5,2,Best_IGD,0.00483764040989365,0.0047968486835054,0.0048621188308791,30
NSGAII,DTLZ5,2,Best_HV,0.3468181624268269,0.34677544711330355,0.34683502426731144,30
NSGAII,DTLZ5,2,TTT_igd_x100,10000.0,10000.0,10000.0,30
NSGAII,DTLZ5,2,TTT_igd_x50,10000.0,10000.0,10000.0,30
NSGAII,DTLZ5,2,TTT_igd_x20,10000.0,10000.0,10000.0,30
NSGAII,DTLZ5,2,TTT_igd_x10,10000.0,10000.0,10000.0,30
NSGAII,DTLZ5,2,TTT_igd_x5,10000.0,10000.0,10000.0,30
NSGAII,DTLZ5,2,TTT_igd_x3,10000.0,10000.0,10000.0,30
NSGAII,DTLZ5,2,TTT_igd_x2,10000.0,10000.0,10000.0,30
NSGAII,DTLZ5,2,TTT_igd_x1.5,10000.0,10000.0,10000.0,30
NSGAII,DTLZ5,2,TTT_igd_x1.2,10000.0,10000.0,10000.0,30
NSGAII,DTLZ5,2,TTT_igd_x1.0,50000.0,35000.0,60000.0,30
NSGAII,DTLZ5,3,AUC_IGD,526.2074778641361,522.781718503123,529.0303514046612,30
NSGAII,DTLZ5,3,AUC_HV,17915.01738685617,17913.19474819304,17918.724150682236,30
NSGAII,DTLZ5,3,Final_IGD,0.0058265363712605,0.0057329699991348,0.0060153352283564,30
NSGAII,DTLZ5,3,Final_HV,0.19913948408828214,0.1990688452012638,0.19920281862617212,30
NSGAII,DTLZ5,3,Best_IGD,0.00537590029933515,0.005339995178972599,0.0054547409478538,30
NSGAII,DTLZ5,3,Best_HV,0.1993288871879136,0.1993063098828607,0.19938890893751635,30
NSGAII,DTLZ5,3,TTT_igd_x100,10000.0,10000.0,10000.0,30
NSGAII,DTLZ5,3,TTT_igd_x50,10000.0,10000.0,10000.0,30
NSGAII,DTLZ5,3,TTT_igd_x20,10000.0,10000.0,10000.0,30
NSGAII,DTLZ5,3,TTT_igd_x10,10000.0,10000.0,10000.0,30
NSGAII,DTLZ5,3,TTT_igd_x5,10000.0,10000.0,10000.0,30
NSGAII,DTLZ5,3,TTT_igd_x3,10000.0,10000.0,10000.0,30
NSGAII,DTLZ5,3,TTT_igd_x2,10000.0,10000.0,10000.0,30
NSGAII,DTLZ5,3,TTT_igd_x1.5,10000.0,10000.0,10000.0,30
NSGAII,DTLZ5,3,TTT_igd_x1.2,10000.0,10000.0,10000.0,30
NSGAII,DTLZ5,3,TTT_igd_x1.0,70000.0,45000.0,75000.0,30
NSGAII,DTLZ6,2,AUC_IGD,509.4987892623455,506.06456552851927,514.1824594063708,30
NSGAII,DTLZ6,2,AUC_HV,31177.343414397437,31174.824021001245,31179.32015707963,30
NSGAII,DTLZ6,2,Final_IGD,0.00563582980244875,0.0055740057089319495,0.0057758390821741005,30
NSGAII,DTLZ6,2,Final_HV,0.34643802349006647,0.34634590557863554,0.34647898393886706,30
NSGAII,DTLZ6,2,Best_IGD,0.00529045035367865,0.00524397304339295,0.0053373367206432,30
NSGAII,DTLZ6,2,Best_HV,0.34671479542171596,0.34667788427930496,0.3467576851467059,30
NSGAII,DTLZ6,2,TTT_igd_x100,10000.0,10000.0,10000.0,30
NSGAII,DTLZ6,2,TTT_igd_x50,10000.0,10000.0,10000.0,30
NSGAII,DTLZ6,2,TTT_igd_x20,10000.0,10000.0,10000.0,30
NSGAII,DTLZ6,2,TTT_igd_x10,10000.0,10000.0,10000.0,30
NSGAII,DTLZ6,2,TTT_igd_x5,10000.0,10000.0,10000.0,30
NSGAII,DTLZ6,2,TTT_igd_x3,10000.0,10000.0,10000.0,30
NSGAII,DTLZ6,2,TTT_igd_x2,10000.0,10000.0,10000.0,30
NSGAII,DTLZ6,2,TTT_igd_x1.5,10000.0,10000.0,10000.0,30
NSGAII,DTLZ6,2,TTT_igd_x1.2,10000.0,10000.0,10000.0,30
NSGAII,DTLZ6,2,TTT_igd_x1.0,50000.0,40000.0,60000.0,30
NSGAII,DTLZ6,3,AUC_IGD,532.3676771765063,530.5602914310815,535.5383638988475,30
NSGAII,DTLZ6,3,AUC_HV,17948.478402240944,17945.972368865234,17950.58673366176,30
NSGAII,DTLZ6,3,Final_IGD,0.0057859272376214,0.0057108386560917,0.00597970606339985,30
NSGAII,DTLZ6,3,Final_HV,0.19939348603668083,0.19934612213775615,0.19950115987719474,30
NSGAII,DTLZ6,3,Best_IGD,0.00546806708721405,0.0054093831012831505,0.00552538891947515,30
NSGAII,DTLZ6,3,Best_HV,0.1996533718972095,0.19962808650128128,0.19969390995667308,30
NSGAII,DTLZ6,3,TTT_igd_x100,10000.0,10000.0,10000.0,30
NSGAII,DTLZ6,3,TTT_igd_x50,10000.0,10000.0,10000.0,30
NSGAII,DTLZ6,3,TTT_igd_x20,10000.0,10000.0,10000.0,30
NSGAII,DTLZ6,3,TTT_igd_x10,10000.0,10000.0,10000.0,30
NSGAII,DTLZ6,3,TTT_igd_x5,10000.0,10000.0,10000.0,30
NSGAII,DTLZ6,3,TTT_igd_x3,10000.0,10000.0,10000.0,30
NSGAII,DTLZ6,3,TTT_igd_x2,10000.0,10000.0,10000.0,30
NSGAII,DTLZ6,3,TTT_igd_x1.5,10000.0,10000.0,10000.0,30
NSGAII,DTLZ6,3,TTT_igd_x1.2,10000.0,10000.0,10000.0,30
NSGAII,DTLZ6,3,TTT_igd_x1.0,45000.0,30000.0,60000.0,30
NSGAII,DTLZ7,2,AUC_IGD,486.3615727150998,483.68204271176825,490.4518811089172,30
NSGAII,DTLZ7,2,AUC_HV,21833.80186480092,21832.793119050115,21835.307905959344,30
NSGAII,DTLZ7,2,Final_IGD,0.0054129006344733,0.005300087962212751,0.0054451420333274,30
NSGAII,DTLZ7,2,Final_HV,0.24269399757250154,0.24267879088113806,0.24271913150833035,30
NSGAII,DTLZ7,2,Best_IGD,0.0050430816753533995,0.0050221285265147995,0.0050706723863044,30
NSGAII,DTLZ7,2,Best_HV,0.24277292252734373,0.2427653200017234,0.2427889878105675,30
NSGAII,DTLZ7,2,TTT_igd_x100,10000.0,10000.0,10000.0,30
NSGAII,DTLZ7,2,TTT_igd_x50,10000.0,10000.0,10000.0,30
NSGAII,DTLZ7,2,TTT_igd_x20,10000.0,10000.0,10000.0,30
NSGAII,DTLZ7,2,TTT_igd_x10,10000.0,10000.0,10000.0,30
NSGAII,DTLZ7,2,TTT_igd_x5,10000.0,10000.0,10000.0,30
NSGAII,DTLZ7,2,TTT_igd_x3,10000.0,10000.0,10000.0,30
NSGAII,DTLZ7,2,TTT_igd_x2,10000.0,10000.0,10000.0,30
NSGAII,DTLZ7,2,TTT_igd_x1.5,10000.0,10000.0,10000.0,30
NSGAII,DTLZ7,2,TTT_igd_x1.2,20000.0,20000.0,20000.0,30
NSGAII,DTLZ7,2,TTT_igd_x1.0,60000.0,40000.0,70000.0,30
NSGAII,DTLZ7,3,AUC_IGD,7014.956311606509,6975.335526849318,7117.014669788754,30
NSGAII,DTLZ7,3,AUC_HV,23979.797892598548,23955.614561924383,23998.551156016598,30
NSGAII,DTLZ7,3,Final_IGD,0.07517569636170379,0.07457488639327735,0.0799631755658416,30
NSGAII,DTLZ7,3,Final_HV,0.26876440851687156,0.2679394202238792,0.26984452847446994,30
NSGAII,DTLZ7,3,Best_IGD,0.07120146024794795,0.07009758338648095,0.07289489256420055,30
NSGAII,DTLZ7,3,Best_HV,0.27061971971141596,0.26997321512792416,0.2710842187659275,30
NSGAII,DTLZ7,3,TTT_igd_x100,10000.0,10000.0,10000.0,30
NSGAII,DTLZ7,3,TTT_igd_x50,10000.0,10000.0,10000.0,30
NSGAII,DTLZ7,3,TTT_igd_x20,10000.0,10000.0,10000.0,30
NSGAII,DTLZ7,3,TTT_igd_x10,10000.0,10000.0,10000.0,30
NSGAII,DTLZ7,3,TTT_igd_x5,10000.0,10000.0,10000.0,30
NSGAII,DTLZ7,3,TTT_igd_x3,10000.0,10000.0,10000.0,30
NSGAII,DTLZ7,3,TTT_igd_x2,10000.0,10000.0,10000.0,30
NSGAII,DTLZ7,3,TTT_igd_x1.5,10000.0,10000.0,10000.0,30
NSGAII,DTLZ7,3,TTT_igd_x1.2,20000.0,20000.0,20000.0,30
NSGAII,DTLZ7,3,TTT_igd_x1.0,70000.0,55000.0,80000.0,30
NSGAII,MaF1,2,AUC_IGD,414.3898144796995,412.88537141092206,418.9759783460745,30
NSGAII,MaF1,2,AUC_HV,52278.18737872831,52271.893924307966,52279.70717511809,30
NSGAII,MaF1,2,Final_IGD,0.0045702973458293505,0.00451078340134165,0.0046168380934398495,30
NSGAII,MaF1,2,Final_HV,0.5809406010588687,0.5808535825558514,0.5809779638692567,30
NSGAII,MaF1,2,Best_IGD,0.00438400953982835,0.0043525620988245,0.004429074293533199,30
NSGAII,MaF1,2,Best_HV,0.5811987139089311,0.5811420308308528,0.581230704414105,30
NSGAII,MaF1,2,TTT_igd_x100,10000.0,10000.0,10000.0,30
NSGAII,MaF1,2,TTT_igd_x50,10000.0,10000.0,10000.0,30
NSGAII,MaF1,2,TTT_igd_x20,10000.0,10000.0,10000.0,30
NSGAII,MaF1,2,TTT_igd_x10,10000.0,10000.0,10000.0,30
NSGAII,MaF1,2,TTT_igd_x5,10000.0,10000.0,10000.0,30
NSGAII,MaF1,2,TTT_igd_x3,10000.0,10000.0,10000.0,30
NSGAII,MaF1,2,TTT_igd_x2,10000.0,10000.0,10000.0,30
NSGAII,MaF1,2,TTT_igd_x1.5,10000.0,10000.0,10000.0,30
NSGAII,MaF1,2,TTT_igd_x1.2,10000.0,10000.0,10000.0,30
NSGAII,MaF1,2,TTT_igd_x1.0,60000.0,50000.0,70000.0,30
NSGAII,MaF1,3,AUC_IGD,5197.301134854283,5171.892468195259,5213.9893186866075,30
NSGAII,MaF1,3,AUC_HV,18350.673098949774,18332.808346854807,18372.6102292847,30
NSGAII,MaF1,3,Final_IGD,0.0578637514145051,0.05636124578031115,0.0582226341497827,30
NSGAII,MaF1,3,Final_HV,0.20399704334723157,0.203313659029351,0.2049963782701959,30
NSGAII,MaF1,3,Best_IGD,0.054294291228723895,0.0538457426775983,0.054929561348012704,30
NSGAII,MaF1,3,Best_HV,0.20676780808019024,0.20614256041805085,0.20742339255522918,30
NSGAII,MaF1,3,TTT_igd_x100,10000.0,10000.0,10000.0,30
NSGAII,MaF1,3,TTT_igd_x50,10000.0,10000.0,10000.0,30
NSGAII,MaF1,3,TTT_igd_x20,10000.0,10000.0,10000.0,30
NSGAII,MaF1,3,TTT_igd_x10,10000.0,10000.0,10000.0,30
NSGAII,MaF1,3,TTT_igd_x5,10000.0,10000.0,10000.0,30
NSGAII,MaF1,3,TTT_igd_x3,10000.0,10000.0,10000.0,30
NSGAII,MaF1,3,TTT_igd_x2,10000.0,10000.0,10000.0,30
NSGAII,MaF1,3,TTT_igd_x1.5,10000.0,10000.0,10000.0,30
NSGAII,MaF1,3,TTT_igd_x1.2,10000.0,10000.0,10000.0,30
NSGAII,MaF1,3,TTT_igd_x1.0,60000.0,40000.0,70000.0,30
NSGAII,MaF2,2,AUC_IGD,248.57500904794125,247.85025994630075,249.2671939055885,30
NSGAII,MaF2,2,AUC_HV,18608.246220587745,18607.481394970077,18608.51208671451,30
NSGAII,MaF2,2,Final_IGD,0.00277200468656315,0.0027282951589388,0.00281814294318015,30
NSGAII,MaF2,2,Final_HV,0.20676634674054356,0.20671087134990668,0.20678564355033252,30
NSGAII,MaF2,2,Best_IGD,0.0026070916895062,0.0025936317672587,0.00261655123654325,30
NSGAII,MaF2,2,Best_HV,0.2069038549703096,0.20688625001739508,0.20692565886678932,30
NSGAII,MaF2,2,TTT_igd_x100,10000.0,10000.0,10000.0,30
NSGAII,MaF2,2,TTT_igd_x50,10000.0,10000.0,10000.0,30
NSGAII,MaF2,2,TTT_igd_x20,10000.0,10000.0,10000.0,30
NSGAII,MaF2,2,TTT_igd_x10,10000.0,10000.0,10000.0,30
NSGAII,MaF2,2,TTT_igd_x5,10000.0,10000.0,10000.0,30
NSGAII,MaF2,2,TTT_igd_x3,10000.0,10000.0,10000.0,30
NSGAII,MaF2,2,TTT_igd_x2,10000.0,10000.0,10000.0,30
NSGAII,MaF2,2,TTT_igd_x1.5,10000.0,10000.0,10000.0,30
NSGAII,MaF2,2,TTT_igd_x1.2,10000.0,10000.0,10000.0,30
NSGAII,MaF2,2,TTT_igd_x1.0,60000.0,50000.0,75000.0,30
NSGAII,MaF2,3,AUC_IGD,4209.033626597795,4145.249223288109,4262.348236267409,30
NSGAII,MaF2,3,AUC_HV,21049.123191814415,21021.49345734759,21087.694888254155,30
NSGAII,MaF2,3,Final_IGD,0.0461371148365588,0.0444860400518473,0.04775481342831185,30
NSGAII,MaF2,3,Final_HV,0.23492234580271865,0.2341027714092807,0.23528098130663755,30
NSGAII,MaF2,3,Best_IGD,0.042119673703744254,0.0413948148274854,0.0432030433994839,30
NSGAII,MaF2,3,Best_HV,0.236647236333235,0.23621666692264395,0.2372499414003841,30
NSGAII,MaF2,3,TTT_igd_x100,10000.0,10000.0,10000.0,30
NSGAII,MaF2,3,TTT_igd_x50,10000.0,10000.0,10000.0,30
NSGAII,MaF2,3,TTT_igd_x20,10000.0,10000.0,10000.0,30
NSGAII,MaF2,3,TTT_igd_x10,10000.0,10000.0,10000.0,30
NSGAII,MaF2,3,TTT_igd_x5,10000.0,10000.0,10000.0,30
NSGAII,MaF2,3,TTT_igd_x3,10000.0,10000.0,10000.0,30
NSGAII,MaF2,3,TTT_igd_x2,10000.0,10000.0,10000.0,30
NSGAII,MaF2,3,TTT_igd_x1.5,10000.0,10000.0,10000.0,30
NSGAII,MaF2,3,TTT_igd_x1.2,10000.0,10000.0,10000.0,30
NSGAII,MaF2,3,TTT_igd_x1.0,55000.0,45000.0,60000.0,30
NSGAII,MaF3,2,AUC_IGD,240623.7668968314,126243.09003539855,298783.2433795542,30
NSGAII,MaF3,2,AUC_HV,53535.3800841405,53274.45141251912,59568.44742680446,30
NSGAII,MaF3,2,Final_IGD,0.0051799120257029,0.0048132397187112,0.00556959587192895,30
NSGAII,MaF3,2,Final_HV,0.7179657828190689,0.7171995798354003,0.7185539138583332,30
NSGAII,MaF3,2,Best_IGD,0.0050550120587988,0.004813008875945801,0.00543184499562855,30
NSGAII,MaF3,2,Best_HV,0.7180635730429423,0.7172333423686383,0.7185475750274012,30
NSGAII,MaF3,2,TTT_igd_x100,30000.0,20000.0,30000.0,30
NSGAII,MaF3,2,TTT_igd_x50,30000.0,20000.0,30000.0,30
NSGAII,MaF3,2,TTT_igd_x20,30000.0,25000.0,30000.0,30
NSGAII,MaF3,2,TTT_igd_x10,30000.0,30000.0,30000.0,30
NSGAII,MaF3,2,TTT_igd_x5,30000.0,30000.0,30000.0,30
NSGAII,MaF3,2,TTT_igd_x3,40000.0,35000.0,40000.0,30
NSGAII,MaF3,2,TTT_igd_x2,50000.0,40000.0,50000.0,30
NSGAII,MaF3,2,TTT_igd_x1.5,50000.0,50000.0,60000.0,30
NSGAII,MaF3,2,TTT_igd_x1.2,65000.0,60000.0,70000.0,30
NSGAII,MaF3,2,TTT_igd_x1.0,100000.0,90000.0,100000.0,30
NSGAII,MaF3,3,AUC_IGD,371168.8683201925,249467.2207182826,735696.1250132138,30
NSGAII,MaF3,3,AUC_HV,70697.18503685891,69717.85515518853,72137.41596914078,30
NSGAII,MaF3,3,Final_IGD,0.050901937581287,0.049209284982332555,0.059491133002384844,30
NSGAII,MaF3,3,Final_HV,0.9510339023944834,0.9494991672178694,0.9519686038707852,30
NSGAII,MaF3,3,Best_IGD,0.0464606419345637,0.0441579374896423,0.04746286094779825,30
NSGAII,MaF3,3,Best_HV,0.9544719173602223,0.9531519013338137,0.9549990966761241,30
NSGAII,MaF3,3,TTT_igd_x100,20000.0,20000.0,25000.0,30
NSGAII,MaF3,3,TTT_igd_x50,30000.0,20000.0,30000.0,30
NSGAII,MaF3,3,TTT_igd_x20,30000.0,25000.0,30000.0,30
NSGAII,MaF3,3,TTT_igd_x10,30000.0,30000.0,30000.0,30
NSGAII,MaF3,3,TTT_igd_x5,30000.0,30000.0,30000.0,30
NSGAII,MaF3,3,TTT_igd_x3,30000.0,30000.0,35000.0,30
NSGAII,MaF3,3,TTT_igd_x2,30000.0,30000.0,40000.0,30
NSGAII,MaF3,3,TTT_igd_x1.5,40000.0,40000.0,50000.0,30
NSGAII,MaF3,3,TTT_igd_x1.2,50000.0,50000.0,60000.0,30
NSGAII,MaF3,3,TTT_igd_x1.0,80000.0,70000.0,90000.0,30
NSGAII,MaF4,2,AUC_IGD,51518.17504211419,33127.79029521493,67170.93390766843,30
NSGAII,MaF4,2,AUC_HV,66530.54375739029,63268.529970095646,68914.52652763159,30
NSGAII,MaF4,2,Final_IGD,0.0156517614520965,0.0154645202497818,0.01575961439448985,30
NSGAII,MaF4,2,Final_HV,0.8181463875101916,0.8178744133663823,0.8183667090386484,30
NSGAII,MaF4,2,Best_IGD,0.0151986828397581,0.01504571178056155,0.015363320367395551,30
NSGAII,MaF4,2,Best_HV,0.8182786171384777,0.8179912405622332,0.8183709415759325,30
NSGAII,MaF4,2,TTT_igd_x100,20000.0,20000.0,20000.0,30
NSGAII,MaF4,2,TTT_igd_x50,20000.0,20000.0,30000.0,30
NSGAII,MaF4,2,TTT_igd_x20,30000.0,20000.0,30000.0,30
NSGAII,MaF4,2,TTT_igd_x10,30000.0,20000.0,30000.0,30
NSGAII,MaF4,2,TTT_igd_x5,30000.0,30000.0,30000.0,30
NSGAII,MaF4,2,TTT_igd_x3,30000.0,30000.0,30000.0,30
NSGAII,MaF4,2,TTT_igd_x2,30000.0,30000.0,30000.0,30
NSGAII,MaF4,2,TTT_igd_x1.5,40000.0,30000.0,40000.0,30
NSGAII,MaF4,2,TTT_igd_x1.2,50000.0,40000.0,50000.0,30
NSGAII,MaF4,2,TTT_igd_x1.0,90000.0,80000.0,90000.0,30
NSGAII,MaF4,3,AUC_IGD,198940.82880284183,163115.20110474664,281697.5458426521,30
NSGAII,MaF4,3,AUC_HV,37261.05496738895,33806.72134446121,38362.61067493684,30
NSGAII,MaF4,3,Final_IGD,0.29607261227607373,0.2944538651950278,0.3023259381838196,30
NSGAII,MaF4,3,Final_HV,0.5218228511491729,0.5204586397146282,0.5235732200097809,30
NSGAII,MaF4,3,Best_IGD,0.2857576189039025,0.28367297317291207,0.2887975491309772,30
NSGAII,MaF4,3,Best_HV,0.5232584389241497,0.5219256461541013,0.5248369469400301,30
NSGAII,MaF4,3,TTT_igd_x100,10000.0,10000.0,10000.0,30
NSGAII,MaF4,3,TTT_igd_x50,20000.0,20000.0,20000.0,30
NSGAII,MaF4,3,TTT_igd_x20,30000.0,20000.0,30000.0,30
NSGAII,MaF4,3,TTT_igd_x10,30000.0,30000.0,30000.0,30
NSGAII,MaF4,3,TTT_igd_x5,30000.0,30000.0,40000.0,30
NSGAII,MaF4,3,TTT_igd_x3,30000.0,30000.0,40000.0,30
NSGAII,MaF4,3,TTT_igd_x2,30000.0,30000.0,40000.0,30
NSGAII,MaF4,3,TTT_igd_x1.5,35000.0,30000.0,40000.0,30
NSGAII,MaF4,3,TTT_igd_x1.2,40000.0,30000.0,40000.0,30
NSGAII,MaF4,3,TTT_igd_x1.0,80000.0,70000.0,90000.0,30
NSGAII,MaF5,2,AUC_IGD,1408.6340310897679,1395.4720521090258,1414.5026911386599,30
NSGAII,MaF5,2,AUC_HV,31188.309429830886,31185.11427111286,31192.27001377491,30
NSGAII,MaF5,2,Final_IGD,0.01563039830337845,0.015328568436215651,0.015932226386281452,30
NSGAII,MaF5,2,Final_HV,0.3464344351888292,0.3463229052501059,0.3465261496344279,30
NSGAII,MaF5,2,Best_IGD,0.014832859186776449,0.0147256960691193,0.014986716032623401,30
NSGAII,MaF5,2,Best_HV,0.3468059271799371,0.34676155190659463,0.3468413471062277,30
NSGAII,MaF5,2,TTT_igd_x100,10000.0,10000.0,10000.0,30
NSGAII,MaF5,2,TTT_igd_x50,10000.0,10000.0,10000.0,30
NSGAII,MaF5,2,TTT_igd_x20,10000.0,10000.0,10000.0,30
NSGAII,MaF5,2,TTT_igd_x10,10000.0,10000.0,10000.0,30
NSGAII,MaF5,2,TTT_igd_x5,10000.0,10000.0,10000.0,30
NSGAII,MaF5,2,TTT_igd_x3,10000.0,10000.0,10000.0,30
NSGAII,MaF5,2,TTT_igd_x2,10000.0,10000.0,10000.0,30
NSGAII,MaF5,2,TTT_igd_x1.5,10000.0,10000.0,10000.0,30
NSGAII,MaF5,2,TTT_igd_x1.2,10000.0,10000.0,10000.0,30
NSGAII,MaF5,2,TTT_igd_x1.0,70000.0,45000.0,80000.0,30
NSGAII,MaF5,3,AUC_IGD,26917.853377256528,26723.774527464786,27157.96173935792,30
NSGAII,MaF5,3,AUC_HV,48084.69176344712,48013.797263331835,48154.851456203316,30
NSGAII,MaF5,3,Final_IGD,0.29692998002350557,0.2950143719598831,0.29998764108836723,30
NSGAII,MaF5,3,Final_HV,0.5348262493063194,0.5339079776881859,0.5357433024139223,30
NSGAII,MaF5,3,Best_IGD,0.28336816350381117,0.2810166254091341,0.2866588943104168,30
NSGAII,MaF5,3,Best_HV,0.539471822573651,0.5391585766799719,0.5401800165220438,30
NSGAII,MaF5,3,TTT_igd_x100,10000.0,10000.0,10000.0,30
NSGAII,MaF5,3,TTT_igd_x50,10000.0,10000.0,10000.0,30
NSGAII,MaF5,3,TTT_igd_x20,10000.0,10000.0,10000.0,30
NSGAII,MaF5,3,TTT_igd_x10,10000.0,10000.0,10000.0,30
NSGAII,MaF5,3,TTT_igd_x5,10000.0,10000.0,10000.0,30
NSGAII,MaF5,3,TTT_igd_x3,10000.0,10000.0,10000.0,30
NSGAII,MaF5,3,TTT_igd_x2,10000.0,10000.0,10000.0,30
NSGAII,MaF5,3,TTT_igd_x1.5,10000.0,10000.0,10000.0,30
NSGAII,MaF5,3,TTT_igd_x1.2,10000.0,10000.0,10000.0,30
NSGAII,MaF5,3,TTT_igd_x1.0,50000.0,40000.0,60000.0,30
NSGAII,MaF6,2,AUC_IGD,457.34317208602806,453.0984634692293,459.1013342592575,30
NSGAII,MaF6,2,AUC_HV,31209.789812802694,31206.200110714686,31213.429596893086,30
NSGAII,MaF6,2,Final_IGD,0.005023817073885099,0.0049362032168612,0.0050678465436051,30
NSGAII,MaF6,2,Final_HV,0.34705148302035954,0.3469599257104235,0.34710493637056816,30
NSGAII,MaF6,2,Best_IGD,0.0047738680400031,0.0047507058771052,0.004797967547863401,30
NSGAII,MaF6,2,Best_HV,0.3471618821444829,0.3471526751124083,0.34717596772764914,30
NSGAII,MaF6,2,TTT_igd_x100,10000.0,10000.0,10000.0,30
NSGAII,MaF6,2,TTT_igd_x50,10000.0,10000.0,10000.0,30
NSGAII,MaF6,2,TTT_igd_x20,10000.0,10000.0,10000.0,30
NSGAII,MaF6,2,TTT_igd_x10,10000.0,10000.0,10000.0,30
NSGAII,MaF6,2,TTT_igd_x5,10000.0,10000.0,10000.0,30
NSGAII,MaF6,2,TTT_igd_x3,10000.0,10000.0,10000.0,30
NSGAII,MaF6,2,TTT_igd_x2,10000.0,10000.0,10000.0,30
NSGAII,MaF6,2,TTT_igd_x1.5,10000.0,10000.0,10000.0,30
NSGAII,MaF6,2,TTT_igd_x1.2,20000.0,15000.0,20000.0,30
NSGAII,MaF6,2,TTT_igd_x1.0,60000.0,40000.0,80000.0,30
NSGAII,MaF6,3,AUC_IGD,477.03875917913797,474.319953973705,479.3835665255325,30
NSGAII,MaF6,3,AUC_HV,17964.972371639207,17963.06217695386,17966.558326038292,30
NSGAII,MaF6,3,Final_IGD,0.0053202254529363,0.0052236631163056005,0.00538826023832935,30
NSGAII,MaF6,3,Final_HV,0.1997450132057397,0.1997086020767686,0.19978630629935323,30
NSGAII,MaF6,3,Best_IGD,0.0049591865019637995,0.00492441427927595,0.0050184416040994,30
NSGAII,MaF6,3,Best_HV,0.19990465376359629,0.199880369390916,0.19993613645964992,30
NSGAII,MaF6,3,TTT_igd_x100,10000.0,10000.0,10000.0,30
NSGAII,MaF6,3,TTT_igd_x50,10000.0,10000.0,10000.0,30
NSGAII,MaF6,3,TTT_igd_x20,10000.0,10000.0,10000.0,30
NSGAII,MaF6,3,TTT_igd_x10,10000.0,10000.0,10000.0,30
NSGAII,MaF6,3,TTT_igd_x5,10000.0,10000.0,10000.0,30
NSGAII,MaF6,3,TTT_igd_x3,10000.0,10000.0,10000.0,30
NSGAII,MaF6,3,TTT_igd_x2,10000.0,10000.0,10000.0,30
NSGAII,MaF6,3,TTT_igd_x1.5,10000.0,10000.0,10000.0,30
NSGAII,MaF6,3,TTT_igd_x1.2,15000.0,10000.0,20000.0,30
NSGAII,MaF6,3,TTT_igd_x1.0,50000.0,40000.0,70000.0,30
NSGAII,MaF7,2,AUC_IGD,486.34370808712777,481.32091536922894,489.73369136890824,30
NSGAII,MaF7,2,AUC_HV,21834.356531478596,21832.35566504818,21836.2199774842,30
NSGAII,MaF7,2,Final_IGD,0.00533510323564745,0.0052888689047714006,0.005497243516417651,30
NSGAII,MaF7,2,Final_HV,0.24269793345756874,0.2426638003089071,0.24271988921198326,30
NSGAII,MaF7,2,Best_IGD,0.0050452876598003505,0.0050151748770891,0.00509445366800175,30
NSGAII,MaF7,2,Best_HV,0.24278509575831725,0.24277489215662534,0.24279341248456265,30
NSGAII,MaF7,2,TTT_igd_x100,10000.0,10000.0,10000.0,30
NSGAII,MaF7,2,TTT_igd_x50,10000.0,10000.0,10000.0,30
NSGAII,MaF7,2,TTT_igd_x20,10000.0,10000.0,10000.0,30
NSGAII,MaF7,2,TTT_igd_x10,10000.0,10000.0,10000.0,30
NSGAII,MaF7,2,TTT_igd_x5,10000.0,10000.0,10000.0,30
NSGAII,MaF7,2,TTT_igd_x3,10000.0,10000.0,10000.0,30
NSGAII,MaF7,2,TTT_igd_x2,10000.0,10000.0,10000.0,30
NSGAII,MaF7,2,TTT_igd_x1.5,10000.0,10000.0,10000.0,30
NSGAII,MaF7,2,TTT_igd_x1.2,20000.0,20000.0,20000.0,30
NSGAII,MaF7,2,TTT_igd_x1.0,60000.0,45000.0,75000.0,30
NSGAII,MaF7,3,AUC_IGD,6994.1325782093445,6922.554899569527,7059.341878101527,30
NSGAII,MaF7,3,AUC_HV,24012.592339828647,23975.452065307618,24026.152206996103,30
NSGAII,MaF7,3,Final_IGD,0.07823286347664014,0.07634437505314451,0.0800884242519445,30
NSGAII,MaF7,3,Final_HV,0.26782726435617976,0.2671549638902828,0.26886286111723845,30
NSGAII,MaF7,3,Best_IGD,0.07099126778424986,0.0703825300398576,0.0713664911638232,30
NSGAII,MaF7,3,Best_HV,0.27059479190871133,0.2702718851584251,0.2708089782417482,30
NSGAII,MaF7,3,TTT_igd_x100,10000.0,10000.0,10000.0,30
NSGAII,MaF7,3,TTT_igd_x50,10000.0,10000.0,10000.0,30
NSGAII,MaF7,3,TTT_igd_x20,10000.0,10000.0,10000.0,30
NSGAII,MaF7,3,TTT_igd_x10,10000.0,10000.0,10000.0,30
NSGAII,MaF7,3,TTT_igd_x5,10000.0,10000.0,10000.0,30
NSGAII,MaF7,3,TTT_igd_x3,10000.0,10000.0,10000.0,30
NSGAII,MaF7,3,TTT_igd_x2,10000.0,10000.0,10000.0,30
NSGAII,MaF7,3,TTT_igd_x1.5,10000.0,10000.0,10000.0,30
NSGAII,MaF7,3,TTT_igd_x1.2,20000.0,20000.0,20000.0,30
NSGAII,MaF7,3,TTT_igd_x1.0,70000.0,60000.0,80000.0,30
NSGAII,WFG1,2,AUC_IGD,5996.776516747444,5314.8490366234755,6293.272783926073,30
NSGAII,WFG1,2,AUC_HV,60518.78306038041,60257.0584121869,60642.03988195326,30
NSGAII,WFG1,2,Final_IGD,0.02050772414470865,0.01967280614301975,0.021935088173334748,30
NSGAII,WFG1,2,Final_HV,0.693084621396634,0.6920490222032446,0.69367474912595,30
NSGAII,WFG1,2,Best_IGD,0.02050772414470865,0.01967280614301975,0.021642407893807898,30
NSGAII,WFG1,2,Best_HV,0.693084621396634,0.6920490222032446,0.69367474912595,30
NSGAII,WFG1,2,TTT_igd_x100,10000.0,10000.0,10000.0,30
NSGAII,WFG1,2,TTT_igd_x50,10000.0,10000.0,10000.0,30
NSGAII,WFG1,2,TTT_igd_x20,10000.0,10000.0,10000.0,30
NSGAII,WFG1,2,TTT_igd_x10,20000.0,20000.0,20000.0,30
NSGAII,WFG1,2,TTT_igd_x5,30000.0,30000.0,35000.0,30
NSGAII,WFG1,2,TTT_igd_x3,40000.0,40000.0,50000.0,30
NSGAII,WFG1,2,TTT_igd_x2,50000.0,40000.0,50000.0,30
NSGAII,WFG1,2,TTT_igd_x1.5,50000.0,45000.0,60000.0,30
NSGAII,WFG1,2,TTT_igd_x1.2,60000.0,60000.0,70000.0,30
NSGAII,WFG1,2,TTT_igd_x1.0,100000.0,100000.0,100000.0,30
NSGAII,WFG1,3,AUC_IGD,22338.728432136526,21819.165708758086,22607.968792223728,30
NSGAII,WFG1,3,AUC_HV,82104.5317824705,81837.50018028497,82229.11359251713,30
NSGAII,WFG1,3,Final_IGD,0.22184410540312194,0.21766927048400708,0.23343319860165135,30
NSGAII,WFG1,3,Final_HV,0.930376878469388,0.929022299688312,0.9313455040350926,30
NSGAII,WFG1,3,Best_IGD,0.20764342697442545,0.2052911468099866,0.2093242505033233,30
NSGAII,WFG1,3,Best_HV,0.9337451196091684,0.9330191447855644,0.9351344059136883,30
NSGAII,WFG1,3,TTT_igd_x100,10000.0,10000.0,10000.0,30
NSGAII,WFG1,3,TTT_igd_x50,10000.0,10000.0,10000.0,30
NSGAII,WFG1,3,TTT_igd_x20,10000.0,10000.0,10000.0,30
NSGAII,WFG1,3,TTT_igd_x10,10000.0,10000.0,10000.0,30
NSGAII,WFG1,3,TTT_igd_x5,10000.0,10000.0,10000.0,30
NSGAII,WFG1,3,TTT_igd_x3,10000.0,10000.0,10000.0,30
NSGAII,WFG1,3,TTT_igd_x2,20000.0,20000.0,20000.0,30
NSGAII,WFG1,3,TTT_igd_x1.5,20000.0,20000.0,20000.0,30
NSGAII,WFG1,3,TTT_igd_x1.2,30000.0,30000.0,30000.0,30
NSGAII,WFG1,3,TTT_igd_x1.0,60000.0,50000.0,70000.0,30
NSGAII,WFG2,2,AUC_IGD,1194.5857033659995,1188.1719278572546,1203.2729455575782,30
NSGAII,WFG2,2,AUC_HV,56904.32704805895,56886.44060637467,56922.80694470153,30
NSGAII,WFG2,2,Final_IGD,0.0128952762255467,0.0127083141747376,0.01313088155088815,30
NSGAII,WFG2,2,Final_HV,0.6328904298540571,0.6327896705558174,0.6330449799295534,30
NSGAII,WFG2,2,Best_IGD,0.0124410490703288,0.0123122750644131,0.01253470264628705,30
NSGAII,WFG2,2,Best_HV,0.6329631043954849,0.632805473252623,0.6330601923630252,30
NSGAII,WFG2,2,TTT_igd_x100,10000.0,10000.0,10000.0,30
NSGAII,WFG2,2,TTT_igd_x50,10000.0,10000.0,10000.0,30
NSGAII,WFG2,2,TTT_igd_x20,10000.0,10000.0,10000.0,30
NSGAII,WFG2,2,TTT_igd_x10,10000.0,10000.0,10000.0,30
NSGAII,WFG2,2,TTT_igd_x5,10000.0,10000.0,10000.0,30
NSGAII,WFG2,2,TTT_igd_x3,10000.0,10000.0,10000.0,30
NSGAII,WFG2,2,TTT_igd_x2,10000.0,10000.0,10000.0,30
NSGAII,WFG2,2,TTT_igd_x1.5,10000.0,10000.0,10000.0,30
NSGAII,WFG2,2,TTT_igd_x1.2,20000.0,20000.0,20000.0,30
NSGAII,WFG2,2,TTT_igd_x1.0,80000.0,80000.0,90000.0,30
NSGAII,WFG2,3,AUC_IGD,19939.737256489003,19753.765517522617,20093.17607154162,30
NSGAII,WFG2,3,AUC_HV,82612.24447226571,82579.62468206343,82641.50299659322,30
NSGAII,WFG2,3,Final_IGD,0.21843652924085005,0.21522925495986978,0.2229672847560125,30
NSGAII,WFG2,3,Final_HV,0.9205143255137553,0.9192237528533607,0.9213886828556521,30
NSGAII,WFG2,3,Best_IGD,0.20414919566935666,0.20276946659629486,0.2062104338694686,30
NSGAII,WFG2,3,Best_HV,0.9227377453244785,0.9221672551489419,0.9232653205727273,30
NSGAII,WFG2,3,TTT_igd_x100,10000.0,10000.0,10000.0,30
NSGAII,WFG2,3,TTT_igd_x50,10000.0,10000.0,10000.0,30
NSGAII,WFG2,3,TTT_igd_x20,10000.0,10000.0,10000.0,30
NSGAII,WFG2,3,TTT_igd_x10,10000.0,10000.0,10000.0,30
NSGAII,WFG2,3,TTT_igd_x5,10000.0,10000.0,10000.0,30
NSGAII,WFG2,3,TTT_igd_x3,10000.0,10000.0,10000.0,30
NSGAII,WFG2,3,TTT_igd_x2,10000.0,10000.0,10000.0,30
NSGAII,WFG2,3,TTT_igd_x1.5,10000.0,10000.0,10000.0,30
NSGAII,WFG2,3,TTT_igd_x1.2,10000.0,10000.0,10000.0,30
NSGAII,WFG2,3,TTT_igd_x1.0,60000.0,55000.0,75000.0,30
NSGAII,WFG3,2,AUC_IGD,1391.0118008876998,1375.9352394965726,1412.3288296566905,30
NSGAII,WFG3,2,AUC_HV,52156.0798164328,52137.96287208174,52169.986041082724,30
NSGAII,WFG3,2,Final_IGD,0.01443967532459825,0.01433976776608075,0.014617457554478401,30
NSGAII,WFG3,2,Final_HV,0.5805362570796954,0.5803432697007129,0.5806810404775825,30
NSGAII,WFG3,2,Best_IGD,0.01412259296045165,0.01401093850787645,0.01420151263978365,30
NSGAII,WFG3,2,Best_HV,0.5806667260290554,0.580462952521867,0.5807585618960112,30
NSGAII,WFG3,2,TTT_igd_x100,10000.0,10000.0,10000.0,30
NSGAII,WFG3,2,TTT_igd_x50,10000.0,10000.0,10000.0,30
NSGAII,WFG3,2,TTT_igd_x20,10000.0,10000.0,10000.0,30
NSGAII,WFG3,2,TTT_igd_x10,10000.0,10000.0,10000.0,30
NSGAII,WFG3,2,TTT_igd_x5,10000.0,10000.0,10000.0,30
NSGAII,WFG3,2,TTT_igd_x3,10000.0,10000.0,10000.0,30
NSGAII,WFG3,2,TTT_igd_x2,10000.0,10000.0,10000.0,30
NSGAII,WFG3,2,TTT_igd_x1.5,20000.0,20000.0,20000.0,30
NSGAII,WFG3,2,TTT_igd_x1.2,20000.0,20000.0,30000.0,30
NSGAII,WFG3,2,TTT_igd_x1.0,80000.0,65000.0,90000.0,30
NSGAII,WFG3,3,AUC_IGD,8949.864863435114,8740.011173780482,9233.855857960141,30
NSGAII,WFG3,3,AUC_HV,35711.247905655546,35651.510521196695,35764.68703437642,30
NSGAII,WFG3,3,Final_IGD,0.09221778834449065,0.0847623717387623,0.09892902366376335,30
NSGAII,WFG3,3,Final_HV,0.4008388807832378,0.3996342509742747,0.40217641228625983,30
NSGAII,WFG3,3,Best_IGD,0.07729305450205995,0.07140556751683891,0.07948875782553849,30
NSGAII,WFG3,3,Best_HV,0.40383022888952763,0.4031331085360327,0.4047689803898912,30
NSGAII,WFG3,3,TTT_igd_x100,10000.0,10000.0,10000.0,30
NSGAII,WFG3,3,TTT_igd_x50,10000.0,10000.0,10000.0,30
NSGAII,WFG3,3,TTT_igd_x20,10000.0,10000.0,10000.0,30
NSGAII,WFG3,3,TTT_igd_x10,10000.0,10000.0,10000.0,30
NSGAII,WFG3,3,TTT_igd_x5,10000.0,10000.0,10000.0,30
NSGAII,WFG3,3,TTT_igd_x3,10000.0,10000.0,10000.0,30
NSGAII,WFG3,3,TTT_igd_x2,10000.0,10000.0,10000.0,30
NSGAII,WFG3,3,TTT_igd_x1.5,20000.0,20000.0,25000.0,30
NSGAII,WFG3,3,TTT_igd_x1.2,40000.0,30000.0,50000.0,30
NSGAII,WFG3,3,TTT_igd_x1.0,75000.0,60000.0,85000.0,30
NSGAII,WFG4,2,AUC_IGD,1413.7625495154323,1408.2818165009398,1429.75989506653,30
NSGAII,WFG4,2,AUC_HV,31133.10433202723,31125.5825523162,31137.870993428158,30
NSGAII,WFG4,2,Final_IGD,0.015232928469814451,0.0150193831857113,0.0154542778179888,30
NSGAII,WFG4,2,Final_HV,0.3465080388509651,0.34637021273807145,0.3466245130116866,30
NSGAII,WFG4,2,Best_IGD,0.014691770847803699,0.01459240259983055,0.0147366629246483,30
NSGAII,WFG4,2,Best_HV,0.34665652310005596,0.3466325145651946,0.34672017731130306,30
NSGAII,WFG4,2,TTT_igd_x100,10000.0,10000.0,10000.0,30
NSGAII,WFG4,2,TTT_igd_x50,10000.0,10000.0,10000.0,30
NSGAII,WFG4,2,TTT_igd_x20,10000.0,10000.0,10000.0,30
NSGAII,WFG4,2,TTT_igd_x10,10000.0,10000.0,10000.0,30
NSGAII,WFG4,2,TTT_igd_x5,10000.0,10000.0,10000.0,30
NSGAII,WFG4,2,TTT_igd_x3,10000.0,10000.0,10000.0,30
NSGAII,WFG4,2,TTT_igd_x2,10000.0,10000.0,10000.0,30
NSGAII,WFG4,2,TTT_igd_x1.5,10000.0,10000.0,10000.0,30
NSGAII,WFG4,2,TTT_igd_x1.2,20000.0,20000.0,20000.0,30
NSGAII,WFG4,2,TTT_igd_x1.0,60000.0,60000.0,70000.0,30
NSGAII,WFG4,3,AUC_IGD,24369.574537241995,24262.588658265726,24415.1522835333,30
NSGAII,WFG4,3,AUC_HV,46715.104286570524,46661.08746098395,46842.826333970166,30
NSGAII,WFG4,3,Final_IGD,0.2652504431163756,0.2628722560726394,0.26987424778748703,30
NSGAII,WFG4,3,Final_HV,0.5238097635571852,0.520792447456743,0.5249606929743869,30
NSGAII,WFG4,3,Best_IGD,0.25724026092982344,0.2558207373862614,0.25819825347559966,30
NSGAII,WFG4,3,Best_HV,0.5273495956399236,0.5268102730845157,0.5280774192277362,30
NSGAII,WFG4,3,TTT_igd_x100,10000.0,10000.0,10000.0,30
NSGAII,WFG4,3,TTT_igd_x50,10000.0,10000.0,10000.0,30
NSGAII,WFG4,3,TTT_igd_x20,10000.0,10000.0,10000.0,30
NSGAII,WFG4,3,TTT_igd_x10,10000.0,10000.0,10000.0,30
NSGAII,WFG4,3,TTT_igd_x5,10000.0,10000.0,10000.0,30
NSGAII,WFG4,3,TTT_igd_x3,10000.0,10000.0,10000.0,30
NSGAII,WFG4,3,TTT_igd_x2,10000.0,10000.0,10000.0,30
NSGAII,WFG4,3,TTT_igd_x1.5,10000.0,10000.0,10000.0,30
NSGAII,WFG4,3,TTT_igd_x1.2,10000.0,10000.0,10000.0,30
NSGAII,WFG4,3,TTT_igd_x1.0,50000.0,45000.0,60000.0,30
NSGAII,WFG5,2,AUC_IGD,5888.605655042395,5883.034879768827,5900.413234063779,30
NSGAII,WFG5,2,AUC_HV,28143.844351341668,28134.69619196518,28146.745827936968,30
NSGAII,WFG5,2,Final_IGD,0.06540536546023659,0.06508216568901225,0.06570845479158485,30
NSGAII,WFG5,2,Final_HV,0.31280026150008644,0.3127490945406207,0.31286170239642563,30
NSGAII,WFG5,2,Best_IGD,0.06482870360089091,0.06471384809132705,0.06490841862260796,30
NSGAII,WFG5,2,Best_HV,0.313079967899436,0.3130293382255127,0.3131127973176959,30
NSGAII,WFG5,2,TTT_igd_x100,10000.0,10000.0,10000.0,30
NSGAII,WFG5,2,TTT_igd_x50,10000.0,10000.0,10000.0,30
NSGAII,WFG5,2,TTT_igd_x20,10000.0,10000.0,10000.0,30
NSGAII,WFG5,2,TTT_igd_x10,10000.0,10000.0,10000.0,30
NSGAII,WFG5,2,TTT_igd_x5,10000.0,10000.0,10000.0,30
NSGAII,WFG5,2,TTT_igd_x3,10000.0,10000.0,10000.0,30
NSGAII,WFG5,2,TTT_igd_x2,10000.0,10000.0,10000.0,30
NSGAII,WFG5,2,TTT_igd_x1.5,10000.0,10000.0,10000.0,30
NSGAII,WFG5,2,TTT_igd_x1.2,10000.0,10000.0,10000.0,30
NSGAII,WFG5,2,TTT_igd_x1.0,70000.0,50000.0,85000.0,30
NSGAII,WFG5,3,AUC_IGD,25179.90670260422,25125.817955186074,25277.435949939652,30
NSGAII,WFG5,3,AUC_HV,44168.80845603404,44131.255518861944,44283.76880177826,30
NSGAII,WFG5,3,Final_IGD,0.2815513089861012,0.27734025665201006,0.286626008847494,30
NSGAII,WFG5,3,Final_HV,0.49269309818349455,0.4902932710537552,0.494725412578356,30
NSGAII,WFG5,3,Best_IGD,0.26637288550236904,0.26422909201224304,0.2679671682196606,30
NSGAII,WFG5,3,Best_HV,0.49719355342530336,0.49678716073821594,0.49847251663461967,30
NSGAII,WFG5,3,TTT_igd_x100,10000.0,10000.0,10000.0,30
NSGAII,WFG5,3,TTT_igd_x50,10000.0,10000.0,10000.0,30
NSGAII,WFG5,3,TTT_igd_x20,10000.0,10000.0,10000.0,30
NSGAII,WFG5,3,TTT_igd_x10,10000.0,10000.0,10000.0,30
NSGAII,WFG5,3,TTT_igd_x5,10000.0,10000.0,10000.0,30
NSGAII,WFG5,3,TTT_igd_x3,10000.0,10000.0,10000.0,30
NSGAII,WFG5,3,TTT_igd_x2,10000.0,10000.0,10000.0,30
NSGAII,WFG5,3,TTT_igd_x1.5,10000.0,10000.0,10000.0,30
NSGAII,WFG5,3,TTT_igd_x1.2,10000.0,10000.0,10000.0,30
NSGAII,WFG5,3,TTT_igd_x1.0,55000.0,45000.0,70000.0,30
NSGAII,WFG6,2,AUC_IGD,7803.964779706402,6705.953471298808,8605.39306849071,30
NSGAII,WFG6,2,AUC_HV,27076.641463518186,26630.858425012164,27681.66079134893,30
NSGAII,WFG6,2,Final_IGD,0.08552090327270004,0.0735369474066088,0.09350382492210045,30
NSGAII,WFG6,2,Final_HV,0.30152734188470276,0.2970114205130466,0.30813923757306755,30
NSGAII,WFG6,2,Best_IGD,0.08542621105747339,0.0729148601563944,0.09350382492210045,30
NSGAII,WFG6,2,Best_HV,0.3016094053195598,0.29711670785864647,0.3083763122697134,30
NSGAII,WFG6,2,TTT_igd_x100,10000.0,10000.0,10000.0,30
NSGAII,WFG6,2,TTT_igd_x50,10000.0,10000.0,10000.0,30
NSGAII,WFG6,2,TTT_igd_x20,10000.0,10000.0,10000.0,30
NSGAII,WFG6,2,TTT_igd_x10,10000.0,10000.0,10000.0,30
NSGAII,WFG6,2,TTT_igd_x5,10000.0,10000.0,10000.0,30
NSGAII,WFG6,2,TTT_igd_x3,10000.0,10000.0,10000.0,30
NSGAII,WFG6,2,TTT_igd_x2,10000.0,10000.0,10000.0,30
NSGAII,WFG6,2,TTT_igd_x1.5,10000.0,10000.0,10000.0,30
NSGAII,WFG6,2,TTT_igd_x1.2,10000.0,10000.0,10000.0,30
NSGAII,WFG6,2,TTT_igd_x1.0,90000.0,75000.0,100000.0,30
NSGAII,WFG6,3,AUC_IGD,27588.318477468398,26865.080106829995,28087.66715424251,30
NSGAII,WFG6,3,AUC_HV,42448.21766221919,41877.65177649811,43127.9374811344,30
NSGAII,WFG6,3,Final_IGD,0.2975196905029453,0.29377661788191317,0.3079498086554504,30
NSGAII,WFG6,3,Final_HV,0.47767242643705915,0.46926556256128926,0.4839651263505689,30
NSGAII,WFG6,3,Best_IGD,0.29108376382526524,0.28321171004526513,0.2955429491779794,30
NSGAII,WFG6,3,Best_HV,0.482147689360949,0.4757734860521482,0.4880920469007766,30
NSGAII,WFG6,3,TTT_igd_x100,10000.0,10000.0,10000.0,30
NSGAII,WFG6,3,TTT_igd_x50,10000.0,10000.0,10000.0,30
NSGAII,WFG6,3,TTT_igd_x20,10000.0,10000.0,10000.0,30
NSGAII,WFG6,3,TTT_igd_x10,10000.0,10000.0,10000.0,30
NSGAII,WFG6,3,TTT_igd_x5,10000.0,10000.0,10000.0,30
NSGAII,WFG6,3,TTT_igd_x3,10000.0,10000.0,10000.0,30
NSGAII,WFG6,3,TTT_igd_x2,10000.0,10000.0,10000.0,30
NSGAII,WFG6,3,TTT_igd_x1.5,10000.0,10000.0,10000.0,30
NSGAII,WFG6,3,TTT_igd_x1.2,10000.0,10000.0,10000.0,30
NSGAII,WFG6,3,TTT_igd_x1.0,70000.0,65000.0,85000.0,30
NSGAII,WFG7,2,AUC_IGD,1556.5896116537056,1551.0508234115096,1563.540098771256,30
NSGAII,WFG7,2,AUC_HV,31043.52063267694,31042.214597921084,31049.729261458815,30
NSGAII,WFG7,2,Final_IGD,0.017264724053412152,0.016916348701299447,0.017654582579526748,30
NSGAII,WFG7,2,Final_HV,0.3452031941490533,0.3450886525016874,0.34529752507785305,30
NSGAII,WFG7,2,Best_IGD,0.016201798259123,0.016134220473422348,0.01629909769058675,30
NSGAII,WFG7,2,Best_HV,0.3455334237585082,0.3454724873843489,0.345582570127259,30
NSGAII,WFG7,2,TTT_igd_x100,10000.0,10000.0,10000.0,30
NSGAII,WFG7,2,TTT_igd_x50,10000.0,10000.0,10000.0,30
NSGAII,WFG7,2,TTT_igd_x20,10000.0,10000.0,10000.0,30
NSGAII,WFG7,2,TTT_igd_x10,10000.0,10000.0,10000.0,30
NSGAII,WFG7,2,TTT_igd_x5,10000.0,10000.0,10000.0,30
NSGAII,WFG7,2,TTT_igd_x3,10000.0,10000.0,10000.0,30
NSGAII,WFG7,2,TTT_igd_x2,10000.0,10000.0,10000.0,30
NSGAII,WFG7,2,TTT_igd_x1.5,10000.0,10000.0,10000.0,30
NSGAII,WFG7,2,TTT_igd_x1.2,10000.0,10000.0,10000.0,30
NSGAII,WFG7,2,TTT_igd_x1.0,55000.0,40000.0,70000.0,30
NSGAII,WFG7,3,AUC_IGD,25089.88728670938,24959.936512118777,25193.245860973988,30
NSGAII,WFG7,3,AUC_HV,46917.61512267392,46881.96564289383,46945.81485998219,30
NSGAII,WFG7,3,Final_IGD,0.2795535451647546,0.2742234359970458,0.2887738904788181,30
NSGAII,WFG7,3,Final_HV,0.5202037785283407,0.5180305286222884,0.5237685860228902,30
NSGAII,WFG7,3,Best_IGD,0.2622626067106224,0.2614202629308183,0.26468054879270675,30
NSGAII,WFG7,3,Best_HV,0.528012095765368,0.5273567269589206,0.5290316834381625,30
NSGAII,WFG7,3,TTT_igd_x100,10000.0,10000.0,10000.0,30
NSGAII,WFG7,3,TTT_igd_x50,10000.0,10000.0,10000.0,30
NSGAII,WFG7,3,TTT_igd_x20,10000.0,10000.0,10000.0,30
NSGAII,WFG7,3,TTT_igd_x10,10000.0,10000.0,10000.0,30
NSGAII,WFG7,3,TTT_igd_x5,10000.0,10000.0,10000.0,30
NSGAII,WFG7,3,TTT_igd_x3,10000.0,10000.0,10000.0,30
NSGAII,WFG7,3,TTT_igd_x2,10000.0,10000.0,10000.0,30
NSGAII,WFG7,3,TTT_igd_x1.5,10000.0,10000.0,10000.0,30
NSGAII,WFG7,3,TTT_igd_x1.2,10000.0,10000.0,10000.0,30
NSGAII,WFG7,3,TTT_igd_x1.0,60000.0,50000.0,70000.0,30
NSGAII,WFG8,2,AUC_IGD,10022.180927593521,9964.278428341386,10055.272794055183,30
NSGAII,WFG8,2,AUC_HV,25890.014741125837,25880.691394286714,25919.980599719136,30
NSGAII,WFG8,2,Final_IGD,0.1095067985972716,0.1080525290681577,0.1100849432187429,30
NSGAII,WFG8,2,Final_HV,0.28869690717100516,0.2883596969126929,0.2895288057340264,30
NSGAII,WFG8,2,Best_IGD,0.1095067985972716,0.10792916098483896,0.10987641212726335,30
NSGAII,WFG8,2,Best_HV,0.2888440008110089,0.28852910374125784,0.2895288057340264,30
NSGAII,WFG8,2,TTT_igd_x100,10000.0,10000.0,10000.0,30
NSGAII,WFG8,2,TTT_igd_x50,10000.0,10000.0,10000.0,30
NSGAII,WFG8,2,TTT_igd_x20,10000.0,10000.0,10000.0,30
NSGAII,WFG8,2,TTT_igd_x10,10000.0,10000.0,10000.0,30
NSGAII,WFG8,2,TTT_igd_x5,10000.0,10000.0,10000.0,30
NSGAII,WFG8,2,TTT_igd_x3,10000.0,10000.0,10000.0,30
NSGAII,WFG8,2,TTT_igd_x2,10000.0,10000.0,10000.0,30
NSGAII,WFG8,2,TTT_igd_x1.5,10000.0,10000.0,10000.0,30
NSGAII,WFG8,2,TTT_igd_x1.2,10000.0,10000.0,10000.0,30
NSGAII,WFG8,2,TTT_igd_x1.0,100000.0,90000.0,100000.0,30
NSGAII,WFG8,3,AUC_IGD,33385.92624794264,33332.00199306927,33491.8107942079,30
NSGAII,WFG8,3,AUC_HV,39651.228771809605,39540.394047283466,39742.06767102856,30
NSGAII,WFG8,3,Final_IGD,0.3746654494185811,0.36842165031667606,0.3822543499612886,30
NSGAII,WFG8,3,Final_HV,0.443058405359983,0.44164664564279,0.4447155886241323,30
NSGAII,WFG8,3,Best_IGD,0.35727209100469937,0.353269275105516,0.3599456349492079,30
NSGAII,WFG8,3,Best_HV,0.4461204720367842,0.4452567068239608,0.4469609864012697,30
NSGAII,WFG8,3,TTT_igd_x100,10000.0,10000.0,10000.0,30
NSGAII,WFG8,3,TTT_igd_x50,10000.0,10000.0,10000.0,30
NSGAII,WFG8,3,TTT_igd_x20,10000.0,10000.0,10000.0,30
NSGAII,WFG8,3,TTT_igd_x10,10000.0,10000.0,10000.0,30
NSGAII,WFG8,3,TTT_igd_x5,10000.0,10000.0,10000.0,30
NSGAII,WFG8,3,TTT_igd_x3,10000.0,10000.0,10000.0,30
NSGAII,WFG8,3,TTT_igd_x2,10000.0,10000.0,10000.0,30
NSGAII,WFG8,3,TTT_igd_x1.5,10000.0,10000.0,10000.0,30
NSGAII,WFG8,3,TTT_igd_x1.2,10000.0,10000.0,10000.0,30
NSGAII,WFG8,3,TTT_igd_x1.0,50000.0,35000.0,65000.0,30
NSGAII,WFG9,2,AUC_IGD,1854.2999041692613,1813.7276607491658,1911.871076506025,30
NSGAII,WFG9,2,AUC_HV,30648.996186910314,30631.154335337676,30711.47234607384,30
NSGAII,WFG9,2,Final_IGD,0.0181877656010348,0.0178597699299168,0.019005547165539552,30
NSGAII,WFG9,2,Final_HV,0.3429019140129448,0.3423862884792655,0.3433695511355159,30
NSGAII,WFG9,2,Best_IGD,0.017484719350073848,0.017103808299762102,0.01812351371118215,30
NSGAII,WFG9,2,Best_HV,0.343189790455518,0.3424484915902999,0.3435904393337744,30
NSGAII,WFG9,2,TTT_igd_x100,10000.0,10000.0,10000.0,30
NSGAII,WFG9,2,TTT_igd_x50,10000.0,10000.0,10000.0,30
NSGAII,WFG9,2,TTT_igd_x20,10000.0,10000.0,10000.0,30
NSGAII,WFG9,2,TTT_igd_x10,10000.0,10000.0,10000.0,30
NSGAII,WFG9,2,TTT_igd_x5,10000.0,10000.0,10000.0,30
NSGAII,WFG9,2,TTT_igd_x3,10000.0,10000.0,10000.0,30
NSGAII,WFG9,2,TTT_igd_x2,10000.0,10000.0,10000.0,30
NSGAII,WFG9,2,TTT_igd_x1.5,20000.0,20000.0,20000.0,30
NSGAII,WFG9,2,TTT_igd_x1.2,40000.0,30000.0,40000.0,30
NSGAII,WFG9,2,TTT_igd_x1.0,85000.0,80000.0,90000.0,30
NSGAII,WFG9,3,AUC_IGD,24805.57184308235,24567.12151988495,24904.768156611302,30
NSGAII,WFG9,3,AUC_HV,44857.03182576501,44736.53955706765,45065.56054412374,30
NSGAII,WFG9,3,Final_IGD,0.2731402719646237,0.2682310488518392,0.2794728026081521,30
NSGAII,WFG9,3,Final_HV,0.5010597664541295,0.49993016637618726,0.5040104921969908,30
NSGAII,WFG9,3,Best_IGD,0.26056052743861385,0.2593658170037041,0.2626687427710991,30
NSGAII,WFG9,3,Best_HV,0.5080227052629229,0.5060119619667873,0.5098776777263473,30
NSGAII,WFG9,3,TTT_igd_x100,10000.0,10000.0,10000.0,30
NSGAII,WFG9,3,TTT_igd_x50,10000.0,10000.0,10000.0,30
NSGAII,WFG9,3,TTT_igd_x20,10000.0,10000.0,10000.0,30
NSGAII,WFG9,3,TTT_igd_x10,10000.0,10000.0,10000.0,30
NSGAII,WFG9,3,TTT_igd_x5,10000.0,10000.0,10000.0,30
NSGAII,WFG9,3,TTT_igd_x3,10000.0,10000.0,10000.0,30
NSGAII,WFG9,3,TTT_igd_x2,10000.0,10000.0,10000.0,30
NSGAII,WFG9,3,TTT_igd_x1.5,10000.0,10000.0,10000.0,30
NSGAII,WFG9,3,TTT_igd_x1.2,10000.0,10000.0,10000.0,30
NSGAII,WFG9,3,TTT_igd_x1.0,60000.0,50000.0,75000.0,30
NSGAII,ZDT1,2,AUC_IGD,473.050528489156,469.55294364571625,476.12815011829974,30
NSGAII,ZDT1,2,AUC_HV,64651.45624039196,64646.61289032939,64658.48755278182,30
NSGAII,ZDT1,2,Final_IGD,0.00486155328261725,0.00475419630287075,0.004936088418277749,30
NSGAII,ZDT1,2,Final_HV,0.7191927958575854,0.7190533664176867,0.7193107960292882,30
NSGAII,ZDT1,2,Best_IGD,0.004525167489678249,0.00451202896748315,0.00454023035869245,30
NSGAII,ZDT1,2,Best_HV,0.7195202844635773,0.7194539113112415,0.7195823236847199,30
NSGAII,ZDT1,2,TTT_igd_x100,10000.0,10000.0,10000.0,30
NSGAII,ZDT1,2,TTT_igd_x50,10000.0,10000.0,10000.0,30
NSGAII,ZDT1,2,TTT_igd_x20,10000.0,10000.0,10000.0,30
NSGAII,ZDT1,2,TTT_igd_x10,10000.0,10000.0,10000.0,30
NSGAII,ZDT1,2,TTT_igd_x5,10000.0,10000.0,10000.0,30
NSGAII,ZDT1,2,TTT_igd_x3,10000.0,10000.0,10000.0,30
NSGAII,ZDT1,2,TTT_igd_x2,20000.0,20000.0,20000.0,30
NSGAII,ZDT1,2,TTT_igd_x1.5,20000.0,20000.0,20000.0,30
NSGAII,ZDT1,2,TTT_igd_x1.2,20000.0,20000.0,20000.0,30
NSGAII,ZDT1,2,TTT_igd_x1.0,70000.0,60000.0,80000.0,30
NSGAII,ZDT2,2,AUC_IGD,490.7614014747092,486.12246083450924,496.7878044153407,30
NSGAII,ZDT2,2,AUC_HV,39856.892945047424,39845.14607483981,39863.49294106861,30
NSGAII,ZDT2,2,Final_IGD,0.0048852924751951,0.0048422032205942996,0.0049174039218774,30
NSGAII,ZDT2,2,Final_HV,0.4439891177137394,0.4439067368021544,0.44405940402758676,30
NSGAII,ZDT2,2,Best_IGD,0.00465266973479315,0.0046170388990707505,0.004669568047360699,30
NSGAII,ZDT2,2,Best_HV,0.444256739633329,0.4442268895446309,0.44429209019736327,30
NSGAII,ZDT2,2,TTT_igd_x100,10000.0,10000.0,10000.0,30
NSGAII,ZDT2,2,TTT_igd_x50,10000.0,10000.0,10000.0,30
NSGAII,ZDT2,2,TTT_igd_x20,10000.0,10000.0,10000.0,30
NSGAII,ZDT2,2,TTT_igd_x10,10000.0,10000.0,10000.0,30
NSGAII,ZDT2,2,TTT_igd_x5,10000.0,10000.0,10000.0,30
NSGAII,ZDT2,2,TTT_igd_x3,20000.0,15000.0,20000.0,30
NSGAII,ZDT2,2,TTT_igd_x2,20000.0,20000.0,20000.0,30
NSGAII,ZDT2,2,TTT_igd_x1.5,20000.0,20000.0,20000.0,30
NSGAII,ZDT2,2,TTT_igd_x1.2,20000.0,20000.0,20000.0,30
NSGAII,ZDT2,2,TTT_igd_x1.0,60000.0,50000.0,65000.0,30
NSGAII,ZDT3,2,AUC_IGD,515.4371558615237,508.92374302874896,524.6782255558028,30
NSGAII,ZDT3,2,AUC_HV,53912.44474096034,53904.23790647843,53915.54412467948,30
NSGAII,ZDT3,2,Final_IGD,0.00543680233857415,0.0053664029539853,0.00549824118611065,30
NSGAII,ZDT3,2,Final_HV,0.5994089928791264,0.5993724852028395,0.5994423310030025,30
NSGAII,ZDT3,2,Best_IGD,0.0051639691805352,0.005108929502140751,0.0051970997991879,30
NSGAII,ZDT3,2,Best_HV,0.5995191382431061,0.5995033481326906,0.5995451288780047,30
NSGAII,ZDT3,2,TTT_igd_x100,10000.0,10000.0,10000.0,30
NSGAII,ZDT3,2,TTT_igd_x50,10000.0,10000.0,10000.0,30
NSGAII,ZDT3,2,TTT_igd_x20,10000.0,10000.0,10000.0,30
NSGAII,ZDT3,2,TTT_igd_x10,10000.0,10000.0,10000.0,30
NSGAII,ZDT3,2,TTT_igd_x5,10000.0,10000.0,10000.0,30
NSGAII,ZDT3,2,TTT_igd_x3,10000.0,10000.0,10000.0,30
NSGAII,ZDT3,2,TTT_igd_x2,20000.0,10000.0,20000.0,30
NSGAII,ZDT3,2,TTT_igd_x1.5,20000.0,20000.0,20000.0,30
NSGAII,ZDT3,2,TTT_igd_x1.2,20000.0,20000.0,20000.0,30
NSGAII,ZDT3,2,TTT_igd_x1.0,70000.0,40000.0,70000.0,30
NSGAII,ZDT4,2,AUC_IGD,1481.0020567603801,1270.4141550901263,1742.786643210663,30
NSGAII,ZDT4,2,AUC_HV,63687.529701463136,63472.80758134877,64035.09250182544,30
NSGAII,ZDT4,2,Final_IGD,0.0045132987300185,0.0044506932418807,0.00457015653660485,30
NSGAII,ZDT4,2,Final_HV,0.7196348037014116,0.7195396732374848,0.7196993450937588,30
NSGAII,ZDT4,2,Best_IGD,0.0043792936565341,0.004315001584860201,0.0044169264432506496,30
NSGAII,ZDT4,2,Best_HV,0.7196993450937588,0.7196572532615184,0.719843098136822,30
NSGAII,ZDT4,2,TTT_igd_x100,10000.0,10000.0,10000.0,30
NSGAII,ZDT4,2,TTT_igd_x50,10000.0,10000.0,20000.0,30
NSGAII,ZDT4,2,TTT_igd_x20,20000.0,20000.0,20000.0,30
NSGAII,ZDT4,2,TTT_igd_x10,20000.0,20000.0,20000.0,30
NSGAII,ZDT4,2,TTT_igd_x5,20000.0,20000.0,20000.0,30
NSGAII,ZDT4,2,TTT_igd_x3,20000.0,20000.0,20000.0,30
NSGAII,ZDT4,2,TTT_igd_x2,20000.0,20000.0,30000.0,30
NSGAII,ZDT4,2,TTT_igd_x1.5,30000.0,30000.0,30000.0,30
NSGAII,ZDT4,2,TTT_igd_x1.2,40000.0,30000.0,40000.0,30
NSGAII,ZDT4,2,TTT_igd_x1.0,85000.0,70000.0,95000.0,30
NSGAII,ZDT6,2,AUC_IGD,609.3149790869097,592.484919371426,703.1102855727875,30
NSGAII,ZDT6,2,AUC_HV,34553.36953803373,34426.67170975634,34577.0963889042,30
NSGAII,ZDT6,2,Final_IGD,0.0036205404382279,0.0035744856578027,0.0036665127203748,30
NSGAII,ZDT6,2,Final_HV,0.3883784656156411,0.38831895286456725,0.38840878891487973,30
NSGAII,ZDT6,2,Best_IGD,0.0035119443164792,0.00348479077729955,0.00353871082145875,30
NSGAII,ZDT6,2,Best_HV,0.38845372683583057,0.38844093200483043,0.3884720763455094,30
NSGAII,ZDT6,2,TTT_igd_x100,10000.0,10000.0,10000.0,30
NSGAII,ZDT6,2,TTT_igd_x50,10000.0,10000.0,10000.0,30
NSGAII,ZDT6,2,TTT_igd_x20,10000.0,10000.0,20000.0,30
NSGAII,ZDT6,2,TTT_igd_x10,20000.0,20000.0,20000.0,30
NSGAII,ZDT6,2,TTT_igd_x5,20000.0,20000.0,20000.0,30
NSGAII,ZDT6,2,TTT_igd_x3,20000.0,20000.0,20000.0,30
NSGAII,ZDT6,2,TTT_igd_x2,20000.0,20000.0,20000.0,30
NSGAII,ZDT6,2,TTT_igd_x1.5,20000.0,20000.0,20000.0,30
NSGAII,ZDT6,2,TTT_igd_x1.2,30000.0,20000.0,30000.0,30
NSGAII,ZDT6,2,TTT_igd_x1.0,80000.0,65000.0,80000.0,30
NSGAIII,DTLZ1,2,AUC_IGD,595.8387649965517,379.435449225981,1981.9345809778295,30
NSGAIII,DTLZ1,2,AUC_HV,51141.71364718408,49494.08448426982,51756.0174936736,30
NSGAIII,DTLZ1,2,Final_IGD,0.0017860342030849,0.0017856645882563,0.0017878903423149501,30
NSGAIII,DTLZ1,2,Final_HV,0.5825539803608724,0.5824861719493599,0.582575457908544,30
NSGAIII,DTLZ1,2,Best_IGD,0.0017860342030849,0.0017856645882563,0.0017878903423149501,30
NSGAIII,DTLZ1,2,Best_HV,0.5825539803608724,0.5824861719493599,0.582575457908544,30
NSGAIII,DTLZ1,2,TTT_igd_x100,10000.0,10000.0,20000.0,30
NSGAIII,DTLZ1,2,TTT_igd_x50,15000.0,10000.0,20000.0,30
NSGAIII,DTLZ1,2,TTT_igd_x20,20000.0,20000.0,20000.0,30
NSGAIII,DTLZ1,2,TTT_igd_x10,20000.0,20000.0,20000.0,30
NSGAIII,DTLZ1,2,TTT_igd_x5,20000.0,20000.0,20000.0,30
NSGAIII,DTLZ1,2,TTT_igd_x3,20000.0,20000.0,20000.0,30
NSGAIII,DTLZ1,2,TTT_igd_x2,20000.0,20000.0,20000.0,30
NSGAIII,DTLZ1,2,TTT_igd_x1.5,20000.0,20000.0,30000.0,30
NSGAIII,DTLZ1,2,TTT_igd_x1.2,30000.0,30000.0,30000.0,30
NSGAIII,DTLZ1,2,TTT_igd_x1.0,100000.0,100000.0,100000.0,30
NSGAIII,DTLZ1,3,AUC_IGD,2574.4109380519562,2064.0659506268967,3286.2547685312456,30
NSGAIII,DTLZ1,3,AUC_HV,73645.68290460421,72248.64528518601,75238.16493544556,30
NSGAIII,DTLZ1,3,Final_IGD,0.02056161520981165,0.0205583845941908,0.02056811833771205,30
NSGAIII,DTLZ1,3,Final_HV,0.8416605960761334,0.8415615552317288,0.8416994840401513,30
NSGAIII,DTLZ1,3,Best_IGD,0.02056161520981165,0.0205582931211896,0.0205680052906851,30
NSGAIII,DTLZ1,3,Best_HV,0.8416605960761334,0.8415615552317288,0.8416994840401513,30
NSGAIII,DTLZ1,3,TTT_igd_x100,9991.0,9991.0,9991.0,30
NSGAIII,DTLZ1,3,TTT_igd_x50,9991.0,9991.0,9991.0,30
NSGAIII,DTLZ1,3,TTT_igd_x20,9991.0,9991.0,9991.0,30
NSGAIII,DTLZ1,3,TTT_igd_x10,9991.0,9991.0,19981.0,30
NSGAIII,DTLZ1,3,TTT_igd_x5,19981.0,9991.0,19981.0,30
NSGAIII,DTLZ1,3,TTT_igd_x3,19981.0,14986.0,19981.0,30
NSGAIII,DTLZ1,3,TTT_igd_x2,19981.0,19981.0,19981.0,30
NSGAIII,DTLZ1,3,TTT_igd_x1.5,19981.0,19981.0,19981.0,30
NSGAIII,DTLZ1,3,TTT_igd_x1.2,19981.0,19981.0,19981.0,30
NSGAIII,DTLZ1,3,TTT_igd_x1.0,100081.0,100081.0,100081.0,30
NSGAIII,DTLZ2,2,AUC_IGD,357.854977232077,357.72744979617994,358.02420001664774,30
NSGAIII,DTLZ2,2,AUC_HV,31246.53903877142,31246.16289317295,31246.73918718237,30
NSGAIII,DTLZ2,2,Final_IGD,0.003966037678771,0.00396603082466835,0.0039660508254455995,30
NSGAIII,DTLZ2,2,Final_HV,0.34721512214504147,0.34721508154747993,0.34721513470581256,30
NSGAIII,DTLZ2,2,Best_IGD,0.003966037678771,0.0039660278861406995,0.0039660488257567995,30
NSGAIII,DTLZ2,2,Best_HV,0.3472151338316997,0.3472151091853149,0.34721515041848783,30
NSGAIII,DTLZ2,2,TTT_igd_x100,10000.0,10000.0,10000.0,30
NSGAIII,DTLZ2,2,TTT_igd_x50,10000.0,10000.0,10000.0,30
NSGAIII,DTLZ2,2,TTT_igd_x20,10000.0,10000.0,10000.0,30
NSGAIII,DTLZ2,2,TTT_igd_x10,10000.0,10000.0,10000.0,30
NSGAIII,DTLZ2,2,TTT_igd_x5,10000.0,10000.0,10000.0,30
NSGAIII,DTLZ2,2,TTT_igd_x3,10000.0,10000.0,10000.0,30
NSGAIII,DTLZ2,2,TTT_igd_x2,10000.0,10000.0,10000.0,30
NSGAIII,DTLZ2,2,TTT_igd_x1.5,10000.0,10000.0,10000.0,30
NSGAIII,DTLZ2,2,TTT_igd_x1.2,10000.0,10000.0,10000.0,30
NSGAIII,DTLZ2,2,TTT_igd_x1.0,100000.0,100000.0,100000.0,30
NSGAIII,DTLZ2,3,AUC_IGD,4909.336694465543,4909.155665170726,4909.681144035523,30
NSGAIII,DTLZ2,3,AUC_HV,50390.36662017039,50388.10595586347,50392.129363139895,30
NSGAIII,DTLZ2,3,Final_IGD,0.0544641503995398,0.0544639408839107,0.0544644950611272,30
NSGAIII,DTLZ2,3,Final_HV,0.5596163119758173,0.559615126906408,0.5596174373229533,30
NSGAIII,DTLZ2,3,Best_IGD,0.054463659874688444,0.054463367754974554,0.0544638514251445,30
NSGAIII,DTLZ2,3,Best_HV,0.5596184738677479,0.5596171863457811,0.5596189057004188,30
NSGAIII,DTLZ2,3,TTT_igd_x100,9991.0,9991.0,9991.0,30
NSGAIII,DTLZ2,3,TTT_igd_x50,9991.0,9991.0,9991.0,30
NSGAIII,DTLZ2,3,TTT_igd_x20,9991.0,9991.0,9991.0,30
NSGAIII,DTLZ2,3,TTT_igd_x10,9991.0,9991.0,9991.0,30
NSGAIII,DTLZ2,3,TTT_igd_x5,9991.0,9991.0,9991.0,30
NSGAIII,DTLZ2,3,TTT_igd_x3,9991.0,9991.0,9991.0,30
NSGAIII,DTLZ2,3,TTT_igd_x2,9991.0,9991.0,9991.0,30
NSGAIII,DTLZ2,3,TTT_igd_x1.5,9991.0,9991.0,9991.0,30
NSGAIII,DTLZ2,3,TTT_igd_x1.2,9991.0,9991.0,9991.0,30
NSGAIII,DTLZ2,3,TTT_igd_x1.0,84916.0,79921.0,100081.0,30
NSGAIII,DTLZ3,2,AUC_IGD,49472.57917497722,37028.16262838407,51927.221143244824,30
NSGAIII,DTLZ3,2,AUC_HV,25448.64374895529,25068.964182015312,25856.58125364803,30
NSGAIII,DTLZ3,2,Final_IGD,0.004221532596863999,0.00407425125660645,0.00448705236376125,30
NSGAIII,DTLZ3,2,Final_HV,0.3458261364180312,0.3453345040439749,0.3463661375963092,30
NSGAIII,DTLZ3,2,Best_IGD,0.004221532596863999,0.00407425125660645,0.004474204413730301,30
NSGAIII,DTLZ3,2,Best_HV,0.3458261364180312,0.3453345040439749,0.3463661375963092,30
NSGAIII,DTLZ3,2,TTT_igd_x100,30000.0,20000.0,30000.0,30
NSGAIII,DTLZ3,2,TTT_igd_x50,30000.0,30000.0,30000.0,30
NSGAIII,DTLZ3,2,TTT_igd_x20,30000.0,30000.0,30000.0,30
NSGAIII,DTLZ3,2,TTT_igd_x10,30000.0,30000.0,40000.0,30
NSGAIII,DTLZ3,2,TTT_igd_x5,40000.0,40000.0,40000.0,30
NSGAIII,DTLZ3,2,TTT_igd_x3,40000.0,40000.0,50000.0,30
NSGAIII,DTLZ3,2,TTT_igd_x2,50000.0,45000.0,50000.0,30
NSGAIII,DTLZ3,2,TTT_igd_x1.5,50000.0,50000.0,60000.0,30
NSGAIII,DTLZ3,2,TTT_igd_x1.2,60000.0,60000.0,75000.0,30
NSGAIII,DTLZ3,2,TTT_igd_x1.0,100000.0,100000.0,100000.0,30
NSGAIII,DTLZ3,3,AUC_IGD,60382.631423074694,48644.282305151515,79366.72048039896,30
NSGAIII,DTLZ3,3,AUC_HV,39990.840461044194,38916.0371230186,41043.94310851461,30
NSGAIII,DTLZ3,3,Final_IGD,0.0546063861307204,0.0545481625174952,0.05472648433993912,30
NSGAIII,DTLZ3,3,Final_HV,0.5564411100450095,0.5550267725540217,0.5575507992410977,30
NSGAIII,DTLZ3,3,Best_IGD,0.0546063861307204,0.0545481625174952,0.054725988482952695,30
NSGAIII,DTLZ3,3,Best_HV,0.5564411100450095,0.5550267725540217,0.5575507992410977,30
NSGAIII,DTLZ3,3,TTT_igd_x100,19981.0,19981.0,19981.0,30
NSGAIII,DTLZ3,3,TTT_igd_x50,19981.0,19981.0,19981.0,30
NSGAIII,DTLZ3,3,TTT_igd_x20,29971.0,19981.0,29971.0,30
NSGAIII,DTLZ3,3,TTT_igd_x10,29971.0,29971.0,29971.0,30
NSGAIII,DTLZ3,3,TTT_igd_x5,29971.0,29971.0,29971.0,30
NSGAIII,DTLZ3,3,TTT_igd_x3,29971.0,29971.0,29971.0,30
NSGAIII,DTLZ3,3,TTT_igd_x2,29971.0,29971.0,39961.0,30
NSGAIII,DTLZ3,3,TTT_igd_x1.5,39961.0,29971.0,39961.0,30
NSGAIII,DTLZ3,3,TTT_igd_x1.2,39961.0,39961.0,49951.0,30
NSGAIII,DTLZ3,3,TTT_igd_x1.0,100081.0,100081.0,100081.0,30
NSGAIII,DTLZ4,2,AUC_IGD,358.16977790120745,357.99186498606025,358.3592348989795,30
NSGAIII,DTLZ4,2,AUC_HV,31246.16192559228,31245.735156699695,31246.423664223123,30
NSGAIII,DTLZ4,2,Final_IGD,0.00396614944577285,0.00396606876872025,0.0039666712681442,30
NSGAIII,DTLZ4,2,Final_HV,0.34721504692718613,0.3472132353870866,0.3472150924447457,30
NSGAIII,DTLZ4,2,Best_IGD,0.0039660751851643,0.0039660493829114,0.0039661025153321,30
NSGAIII,DTLZ4,2,Best_HV,0.3472151190816888,0.3472150908011218,0.3472151317237556,30
NSGAIII,DTLZ4,2,TTT_igd_x100,10000.0,10000.0,10000.0,30
NSGAIII,DTLZ4,2,TTT_igd_x50,10000.0,10000.0,10000.0,30
NSGAIII,DTLZ4,2,TTT_igd_x20,10000.0,10000.0,10000.0,30
NSGAIII,DTLZ4,2,TTT_igd_x10,10000.0,10000.0,10000.0,30
NSGAIII,DTLZ4,2,TTT_igd_x5,10000.0,10000.0,10000.0,30
NSGAIII,DTLZ4,2,TTT_igd_x3,10000.0,10000.0,10000.0,30
NSGAIII,DTLZ4,2,TTT_igd_x2,10000.0,10000.0,10000.0,30
NSGAIII,DTLZ4,2,TTT_igd_x1.5,10000.0,10000.0,10000.0,30
NSGAIII,DTLZ4,2,TTT_igd_x1.2,10000.0,10000.0,10000.0,30
NSGAIII,DTLZ4,2,TTT_igd_x1.0,100000.0,90000.0,100000.0,30
NSGAIII,DTLZ4,3,AUC_IGD,4911.628458473235,4910.842534957417,4913.456315557656,30
NSGAIII,DTLZ4,3,AUC_HV,50380.50368979803,50372.5095941039,50382.68469536827,30
NSGAIII,DTLZ4,3,Final_IGD,0.0544712174846049,0.05446608561933615,0.0545176049773813,30
NSGAIII,DTLZ4,3,Final_HV,0.5595440676141654,0.5591355708049155,0.5595954090124431,30
NSGAIII,DTLZ4,3,Best_IGD,0.0544651501246271,0.05446416532584555,0.0544664737371805,30
NSGAIII,DTLZ4,3,Best_HV,0.5596132404558993,0.5596030975345203,0.5596166186466878,30
NSGAIII,DTLZ4,3,TTT_igd_x100,9991.0,9991.0,9991.0,30
NSGAIII,DTLZ4,3,TTT_igd_x50,9991.0,9991.0,9991.0,30
NSGAIII,DTLZ4,3,TTT_igd_x20,9991.0,9991.0,9991.0,30
NSGAIII,DTLZ4,3,TTT_igd_x10,9991.0,9991.0,9991.0,30
NSGAIII,DTLZ4,3,TTT_igd_x5,9991.0,9991.0,9991.0,30
NSGAIII,DTLZ4,3,TTT_igd_x3,9991.0,9991.0,9991.0,30
NSGAIII,DTLZ4,3,TTT_igd_x2,9991.0,9991.0,9991.0,30
NSGAIII,DTLZ4,3,TTT_igd_x1.5,9991.0,9991.0,9991.0,30
NSGAIII,DTLZ4,3,TTT_igd_x1.2,9991.0,9991.0,9991.0,30
NSGAIII,DTLZ4,3,TTT_igd_x1.0,84916.0,69931.0,89911.0,30
NSGAIII,DTLZ5,2,AUC_IGD,357.8492390412663,357.5940625406482,358.22348781977826,30
NSGAIII,DTLZ5,2,AUC_HV,31246.32988036806,31245.993696025147,31246.676101583107,30
NSGAIII,DTLZ5,2,Final_IGD,0.0039660358374029,0.0039660255672108995,0.0039660499639678996,30
NSGAIII,DTLZ5,2,Final_HV,0.34721511004695144,0.347215077317723,0.3472151277710094,30
NSGAIII,DTLZ5,2,Best_IGD,0.0039660331823124,0.0039660255672108995,0.00396604571961755,30
NSGAIII,DTLZ5,2,Best_HV,0.3472151306071868,0.34721511310575065,0.34721514167797435,30
NSGAIII,DTLZ5,2,TTT_igd_x100,10000.0,10000.0,10000.0,30
NSGAIII,DTLZ5,2,TTT_igd_x50,10000.0,10000.0,10000.0,30
NSGAIII,DTLZ5,2,TTT_igd_x20,10000.0,10000.0,10000.0,30
NSGAIII,DTLZ5,2,TTT_igd_x10,10000.0,10000.0,10000.0,30
NSGAIII,DTLZ5,2,TTT_igd_x5,10000.0,10000.0,10000.0,30
NSGAIII,DTLZ5,2,TTT_igd_x3,10000.0,10000.0,10000.0,30
NSGAIII,DTLZ5,2,TTT_igd_x2,10000.0,10000.0,10000.0,30
NSGAIII,DTLZ5,2,TTT_igd_x1.5,10000.0,10000.0,10000.0,30
NSGAIII,DTLZ5,2,TTT_igd_x1.2,10000.0,10000.0,10000.0,30
NSGAIII,DTLZ5,2,TTT_igd_x1.0,100000.0,100000.0,100000.0,30
NSGAIII,DTLZ5,3,AUC_IGD,1138.3578355403515,1120.1461470778459,1168.9819384241005,30
NSGAIII,DTLZ5,3,AUC_HV,17460.589827051932,17441.985947373898,17472.28688067553,30
NSGAIII,DTLZ5,3,Final_IGD,0.0126101550199901,0.01192045650996185,0.01327400536905635,30
NSGAIII,DTLZ5,3,Final_HV,0.19375424082389026,0.1933510475816665,0.19433707070951522,30
NSGAIII,DTLZ5,3,Best_IGD,0.010348298833190099,0.01006609253266065,0.010615483288102301,30
NSGAIII,DTLZ5,3,Best_HV,0.1953250508083897,0.19503098126435503,0.1954974429311122,30
NSGAIII,DTLZ5,3,TTT_igd_x100,9991.0,9991.0,9991.0,30
NSGAIII,DTLZ5,3,TTT_igd_x50,9991.0,9991.0,9991.0,30
NSGAIII,DTLZ5,3,TTT_igd_x20,9991.0,9991.0,9991.0,30
NSGAIII,DTLZ5,3,TTT_igd_x10,9991.0,9991.0,9991.0,30
NSGAIII,DTLZ5,3,TTT_igd_x5,9991.0,9991.0,9991.0,30
NSGAIII,DTLZ5,3,TTT_igd_x3,9991.0,9991.0,9991.0,30
NSGAIII,DTLZ5,3,TTT_igd_x2,9991.0,9991.0,9991.0,30
NSGAIII,DTLZ5,3,TTT_igd_x1.5,9991.0,9991.0,9991.0,30
NSGAIII,DTLZ5,3,TTT_igd_x1.2,9991.0,9991.0,19981.0,30
NSGAIII,DTLZ5,3,TTT_igd_x1.0,49951.0,39961.0,64936.0,30
NSGAIII,DTLZ6,2,AUC_IGD,357.030706907561,357.01989837793576,357.05457295399924,30
NSGAIII,DTLZ6,2,AUC_HV,31249.28154234304,31249.262887625846,31249.29636709766,30
NSGAIII,DTLZ6,2,Final_IGD,0.0039659708133419,0.00396596676309595,0.0039659787160086,30
NSGAIII,DTLZ6,2,Final_HV,0.3472151579376018,0.34721515036059425,0.3472151671567145,30
NSGAIII,DTLZ6,2,Best_IGD,0.0039659708133419,0.00396596676309595,0.0039659787160086,30
NSGAIII,DTLZ6,2,Best_HV,0.3472151730379961,0.3472151681528026,0.347215183356565,30
NSGAIII,DTLZ6,2,TTT_igd_x100,10000.0,10000.0,10000.0,30
NSGAIII,DTLZ6,2,TTT_igd_x50,10000.0,10000.0,10000.0,30
NSGAIII,DTLZ6,2,TTT_igd_x20,10000.0,10000.0,10000.0,30
NSGAIII,DTLZ6,2,TTT_igd_x10,10000.0,10000.0,10000.0,30
NSGAIII,DTLZ6,2,TTT_igd_x5,10000.0,10000.0,10000.0,30
NSGAIII,DTLZ6,2,TTT_igd_x3,10000.0,10000.0,10000.0,30
NSGAIII,DTLZ6,2,TTT_igd_x2,10000.0,10000.0,10000.0,30
NSGAIII,DTLZ6,2,TTT_igd_x1.5,10000.0,10000.0,10000.0,30
NSGAIII,DTLZ6,2,TTT_igd_x1.2,10000.0,10000.0,10000.0,30
NSGAIII,DTLZ6,2,TTT_igd_x1.0,100000.0,100000.0,100000.0,30
NSGAIII,DTLZ6,3,AUC_IGD,1688.4763077551333,1631.9840144226882,1733.6377493713894,30
NSGAIII,DTLZ6,3,AUC_HV,17205.945537327338,17179.911839321292,17229.028905631072,30
NSGAIII,DTLZ6,3,Final_IGD,0.019477480179245547,0.0184976411055769,0.020284483847570402,30
NSGAIII,DTLZ6,3,Final_HV,0.19120780002120574,0.19043174364773,0.19169839568710312,30
NSGAIII,DTLZ6,3,Best_IGD,0.01532319665405645,0.0143404104227641,0.0157072227476952,30
NSGAIII,DTLZ6,3,Best_HV,0.19340096362503922,0.19281912228590856,0.19382076835838968,30
NSGAIII,DTLZ6,3,TTT_igd_x100,9991.0,9991.0,9991.0,30
NSGAIII,DTLZ6,3,TTT_igd_x50,9991.0,9991.0,9991.0,30
NSGAIII,DTLZ6,3,TTT_igd_x20,9991.0,9991.0,9991.0,30
NSGAIII,DTLZ6,3,TTT_igd_x10,9991.0,9991.0,9991.0,30
NSGAIII,DTLZ6,3,TTT_igd_x5,9991.0,9991.0,9991.0,30
NSGAIII,DTLZ6,3,TTT_igd_x3,9991.0,9991.0,9991.0,30
NSGAIII,DTLZ6,3,TTT_igd_x2,9991.0,9991.0,9991.0,30
NSGAIII,DTLZ6,3,TTT_igd_x1.5,9991.0,9991.0,9991.0,30
NSGAIII,DTLZ6,3,TTT_igd_x1.2,9991.0,9991.0,19981.0,30
NSGAIII,DTLZ6,3,TTT_igd_x1.0,49951.0,34966.0,54946.0,30
NSGAIII,DTLZ7,2,AUC_IGD,476.30540775672824,473.5085656481815,479.43125116581575,30
NSGAIII,DTLZ7,2,AUC_HV,21832.640445735018,21831.805593577417,21835.5462075205,30
NSGAIII,DTLZ7,2,Final_IGD,0.005099293316237,0.0050757183450406,0.00515148789919,30
NSGAIII,DTLZ7,2,Final_HV,0.2428062095304348,0.2427971483043086,0.24281127679998266,30
NSGAIII,DTLZ7,2,Best_IGD,0.00493703834674325,0.00491320821568745,0.004960695285154,30
NSGAIII,DTLZ7,2,Best_HV,0.24284010335259085,0.24283274824696685,0.24284466581954456,30
NSGAIII,DTLZ7,2,TTT_igd_x100,10000.0,10000.0,10000.0,30
NSGAIII,DTLZ7,2,TTT_igd_x50,10000.0,10000.0,10000.0,30
NSGAIII,DTLZ7,2,TTT_igd_x20,10000.0,10000.0,10000.0,30
NSGAIII,DTLZ7,2,TTT_igd_x10,10000.0,10000.0,10000.0,30
NSGAIII,DTLZ7,2,TTT_igd_x5,10000.0,10000.0,10000.0,30
NSGAIII,DTLZ7,2,TTT_igd_x3,10000.0,10000.0,10000.0,30
NSGAIII,DTLZ7,2,TTT_igd_x2,10000.0,10000.0,20000.0,30
NSGAIII,DTLZ7,2,TTT_igd_x1.5,20000.0,20000.0,20000.0,30
NSGAIII,DTLZ7,2,TTT_igd_x1.2,20000.0,20000.0,20000.0,30
NSGAIII,DTLZ7,2,TTT_igd_x1.0,70000.0,50000.0,70000.0,30
NSGAIII,DTLZ7,3,AUC_IGD,7013.906021611131,6941.8806396546715,7043.911739483128,30
NSGAIII,DTLZ7,3,AUC_HV,24098.317220720848,24077.43357236237,24117.092268971093,30
NSGAIII,DTLZ7,3,Final_IGD,0.07738583436072495,0.0752838775566287,0.07859769957121734,30
NSGAIII,DTLZ7,3,Final_HV,0.268631099818202,0.2677046295257197,0.2698190303917063,30
NSGAIII,DTLZ7,3,Best_IGD,0.07114853709491001,0.0707190134752057,0.07208377047969705,30
NSGAIII,DTLZ7,3,Best_HV,0.2713080607358713,0.2708546793077331,0.2717010144906402,30
NSGAIII,DTLZ7,3,TTT_igd_x100,9991.0,9991.0,9991.0,30
NSGAIII,DTLZ7,3,TTT_igd_x50,9991.0,9991.0,9991.0,30
NSGAIII,DTLZ7,3,TTT_igd_x20,9991.0,9991.0,9991.0,30
NSGAIII,DTLZ7,3,TTT_igd_x10,9991.0,9991.0,9991.0,30
NSGAIII,DTLZ7,3,TTT_igd_x5,9991.0,9991.0,9991.0,30
NSGAIII,DTLZ7,3,TTT_igd_x3,9991.0,9991.0,9991.0,30
NSGAIII,DTLZ7,3,TTT_igd_x2,9991.0,9991.0,9991.0,30
NSGAIII,DTLZ7,3,TTT_igd_x1.5,9991.0,9991.0,9991.0,30
NSGAIII,DTLZ7,3,TTT_igd_x1.2,19981.0,9991.0,19981.0,30
NSGAIII,DTLZ7,3,TTT_igd_x1.0,64936.0,49951.0,69931.0,30
NSGAIII,MaF1,2,AUC_IGD,321.78036953551776,321.7617296476408,321.81485768581723,30
NSGAIII,MaF1,2,AUC_HV,52431.08930401239,52430.69049591338,52431.18363165847,30
NSGAIII,MaF1,2,Final_IGD,0.0035707083461242,0.0035706954499988,0.0035707144909175497,30
NSGAIII,MaF1,2,Final_HV,0.5826020289337592,0.5826020229632527,0.5826020323030295,30
NSGAIII,MaF1,2,Best_IGD,0.00357070091164435,0.0035706933148445,0.00357070960715885,30
NSGAIII,MaF1,2,Best_HV,0.582602030148207,0.5826020277776796,0.5826020324292684,30
NSGAIII,MaF1,2,TTT_igd_x100,10000.0,10000.0,10000.0,30
NSGAIII,MaF1,2,TTT_igd_x50,10000.0,10000.0,10000.0,30
NSGAIII,MaF1,2,TTT_igd_x20,10000.0,10000.0,10000.0,30
NSGAIII,MaF1,2,TTT_igd_x10,10000.0,10000.0,10000.0,30
NSGAIII,MaF1,2,TTT_igd_x5,10000.0,10000.0,10000.0,30
NSGAIII,MaF1,2,TTT_igd_x3,10000.0,10000.0,10000.0,30
NSGAIII,MaF1,2,TTT_igd_x2,10000.0,10000.0,10000.0,30
NSGAIII,MaF1,2,TTT_igd_x1.5,10000.0,10000.0,10000.0,30
NSGAIII,MaF1,2,TTT_igd_x1.2,10000.0,10000.0,10000.0,30
NSGAIII,MaF1,2,TTT_igd_x1.0,100000.0,100000.0,100000.0,30
NSGAIII,MaF1,3,AUC_IGD,5419.420281345301,5401.443112794808,5457.326568212291,30
NSGAIII,MaF1,3,AUC_HV,18493.561952838376,18466.87675092399,18513.17735617476,30
NSGAIII,MaF1,3,Final_IGD,0.05983711376662865,0.059119084072983205,0.061135709691978596,30
NSGAIII,MaF1,3,Final_HV,0.2061166416772425,0.20470916593319544,0.20642552071823525,30
NSGAIII,MaF1,3,Best_IGD,0.057835419323350554,0.05747353014020845,0.05808736897603135,30
NSGAIII,MaF1,3,Best_HV,0.20762208547245695,0.20712640326862136,0.2080031491349283,30
NSGAIII,MaF1,3,TTT_igd_x100,9991.0,9991.0,9991.0,30
NSGAIII,MaF1,3,TTT_igd_x50,9991.0,9991.0,9991.0,30
NSGAIII,MaF1,3,TTT_igd_x20,9991.0,9991.0,9991.0,30
NSGAIII,MaF1,3,TTT_igd_x10,9991.0,9991.0,9991.0,30
NSGAIII,MaF1,3,TTT_igd_x5,9991.0,9991.0,9991.0,30
NSGAIII,MaF1,3,TTT_igd_x3,9991.0,9991.0,9991.0,30
NSGAIII,MaF1,3,TTT_igd_x2,9991.0,9991.0,9991.0,30
NSGAIII,MaF1,3,TTT_igd_x1.5,9991.0,9991.0,9991.0,30
NSGAIII,MaF1,3,TTT_igd_x1.2,9991.0,9991.0,9991.0,30
NSGAIII,MaF1,3,TTT_igd_x1.0,64936.0,49951.0,79921.0,30
NSGAIII,MaF2,2,AUC_IGD,181.63553469630074,181.56363668065077,181.80259755751598,30
NSGAIII,MaF2,2,AUC_HV,18676.744623418563,18676.47022623555,18676.975513427744,30
NSGAIII,MaF2,2,Final_IGD,0.0020068601352535497,0.00200655166220725,0.0020073810979937,30
NSGAIII,MaF2,2,Final_HV,0.20755925120627466,0.20755781169482923,0.2075604447479622,30
NSGAIII,MaF2,2,Best_IGD,0.00200656994183425,0.0020064973842699,0.0020066608032765004,30
NSGAIII,MaF2,2,Best_HV,0.20756045365675002,0.2075597256753966,0.20756085383295236,30
NSGAIII,MaF2,2,TTT_igd_x100,10000.0,10000.0,10000.0,30
NSGAIII,MaF2,2,TTT_igd_x50,10000.0,10000.0,10000.0,30
NSGAIII,MaF2,2,TTT_igd_x20,10000.0,10000.0,10000.0,30
NSGAIII,MaF2,2,TTT_igd_x10,10000.0,10000.0,10000.0,30
NSGAIII,MaF2,2,TTT_igd_x5,10000.0,10000.0,10000.0,30
NSGAIII,MaF2,2,TTT_igd_x3,10000.0,10000.0,10000.0,30
NSGAIII,MaF2,2,TTT_igd_x2,10000.0,10000.0,10000.0,30
NSGAIII,MaF2,2,TTT_igd_x1.5,10000.0,10000.0,10000.0,30
NSGAIII,MaF2,2,TTT_igd_x1.2,10000.0,10000.0,10000.0,30
NSGAIII,MaF2,2,TTT_igd_x1.0,90000.0,90000.0,100000.0,30
NSGAIII,MaF2,3,AUC_IGD,3239.9475990853884,3232.3036853266235,3256.396529924963,30
NSGAIII,MaF2,3,AUC_HV,21413.20548523584,21395.813402650812,21426.904058418655,30
NSGAIII,MaF2,3,Final_IGD,0.0359815653190223,0.03573155659797115,0.036128036880414,30
NSGAIII,MaF2,3,Final_HV,0.2378329103043074,0.2371536232216543,0.2383470807308021,30
NSGAIII,MaF2,3,Best_IGD,0.0348486801775342,0.0347898553623512,0.035087657653667004,30
NSGAIII,MaF2,3,Best_HV,0.23931441916878599,0.2392628686575585,0.23962519840006752,30
NSGAIII,MaF2,3,TTT_igd_x100,9991.0,9991.0,9991.0,30
NSGAIII,MaF2,3,TTT_igd_x50,9991.0,9991.0,9991.0,30
NSGAIII,MaF2,3,TTT_igd_x20,9991.0,9991.0,9991.0,30
NSGAIII,MaF2,3,TTT_igd_x10,9991.0,9991.0,9991.0,30
NSGAIII,MaF2,3,TTT_igd_x5,9991.0,9991.0,9991.0,30
NSGAIII,MaF2,3,TTT_igd_x3,9991.0,9991.0,9991.0,30
NSGAIII,MaF2,3,TTT_igd_x2,9991.0,9991.0,9991.0,30
NSGAIII,MaF2,3,TTT_igd_x1.5,9991.0,9991.0,9991.0,30
NSGAIII,MaF2,3,TTT_igd_x1.2,9991.0,9991.0,9991.0,30
NSGAIII,MaF2,3,TTT_igd_x1.0,64936.0,49951.0,79921.0,30
NSGAIII,MaF3,2,AUC_IGD,460702.91561928217,360080.9263021305,720618.7184542636,30
NSGAIII,MaF3,2,AUC_HV,53138.39368525635,52958.12197500415,53424.75208128277,30
NSGAIII,MaF3,2,Final_IGD,0.0065322656606685,0.00631626268839755,0.00690133493596225,30
NSGAIII,MaF3,2,Final_HV,0.7184319186490038,0.7176857902951451,0.7189174247220098,30
NSGAIII,MaF3,2,Best_IGD,0.0065320331434665,0.0063170140699097994,0.00690133493596225,30
NSGAIII,MaF3,2,Best_HV,0.7184319186490038,0.7176857902951451,0.7189174247220098,30
NSGAIII,MaF3,2,TTT_igd_x100,30000.0,30000.0,30000.0,30
NSGAIII,MaF3,2,TTT_igd_x50,30000.0,30000.0,30000.0,30
NSGAIII,MaF3,2,TTT_igd_x20,30000.0,30000.0,30000.0,30
NSGAIII,MaF3,2,TTT_igd_x10,30000.0,30000.0,30000.0,30
NSGAIII,MaF3,2,TTT_igd_x5,40000.0,30000.0,40000.0,30
NSGAIII,MaF3,2,TTT_igd_x3,40000.0,40000.0,40000.0,30
NSGAIII,MaF3,2,TTT_igd_x2,40000.0,40000.0,50000.0,30
NSGAIII,MaF3,2,TTT_igd_x1.5,50000.0,50000.0,50000.0,30
NSGAIII,MaF3,2,TTT_igd_x1.2,60000.0,50000.0,70000.0,30
NSGAIII,MaF3,2,TTT_igd_x1.0,100000.0,100000.0,100000.0,30
NSGAIII,MaF3,3,AUC_IGD,470522.9565141988,319472.7351467012,626485.158817743,30
NSGAIII,MaF3,3,AUC_HV,71463.09141276192,71309.03436745163,71627.48389316874,30
NSGAIII,MaF3,3,Final_IGD,0.04696051502703415,0.046646211694324896,0.04725769250788395,30
NSGAIII,MaF3,3,Final_HV,0.9574562117510261,0.9570592498043102,0.9576830719910838,30
NSGAIII,MaF3,3,Best_IGD,0.046880656614626356,0.046616308552795804,0.04725769250788395,30
NSGAIII,MaF3,3,Best_HV,0.957467547093511,0.9570592498043102,0.9576830719910838,30
NSGAIII,MaF3,3,TTT_igd_x100,19981.0,19981.0,29971.0,30
NSGAIII,MaF3,3,TTT_igd_x50,29971.0,29971.0,29971.0,30
NSGAIII,MaF3,3,TTT_igd_x20,29971.0,29971.0,29971.0,30
NSGAIII,MaF3,3,TTT_igd_x10,29971.0,29971.0,29971.0,30
NSGAIII,MaF3,3,TTT_igd_x5,29971.0,29971.0,29971.0,30
NSGAIII,MaF3,3,TTT_igd_x3,29971.0,29971.0,29971.0,30
NSGAIII,MaF3,3,TTT_igd_x2,29971.0,29971.0,29971.0,30
NSGAIII,MaF3,3,TTT_igd_x1.5,39961.0,29971.0,39961.0,30
NSGAIII,MaF3,3,TTT_igd_x1.2,39961.0,39961.0,39961.0,30
NSGAIII,MaF3,3,TTT_igd_x1.0,100081.0,89911.0,100081.0,30
NSGAIII,MaF4,2,AUC_IGD,57371.01677313172,50665.98541959288,76971.03405684356,30
NSGAIII,MaF4,2,AUC_HV,62071.41605485021,61274.87409428798,65582.10053262989,30
NSGAIII,MaF4,2,Final_IGD,0.0351683950047435,0.0349906566016142,0.0353407875812677,30
NSGAIII,MaF4,2,Final_HV,0.8178338156221818,0.8177045128584306,0.8180077614818648,30
NSGAIII,MaF4,2,Best_IGD,0.03512380347527405,0.0349906566016142,0.03520712590481185,30
NSGAIII,MaF4,2,Best_HV,0.8178701210461368,0.8177473511087356,0.8180078916834763,30
NSGAIII,MaF4,2,TTT_igd_x100,20000.0,20000.0,20000.0,30
NSGAIII,MaF4,2,TTT_igd_x50,20000.0,20000.0,25000.0,30
NSGAIII,MaF4,2,TTT_igd_x20,30000.0,30000.0,30000.0,30
NSGAIII,MaF4,2,TTT_igd_x10,30000.0,30000.0,30000.0,30
NSGAIII,MaF4,2,TTT_igd_x5,30000.0,30000.0,30000.0,30
NSGAIII,MaF4,2,TTT_igd_x3,30000.0,30000.0,30000.0,30
NSGAIII,MaF4,2,TTT_igd_x2,30000.0,30000.0,30000.0,30
NSGAIII,MaF4,2,TTT_igd_x1.5,30000.0,30000.0,30000.0,30
NSGAIII,MaF4,2,TTT_igd_x1.2,40000.0,40000.0,40000.0,30
NSGAIII,MaF4,2,TTT_igd_x1.0,100000.0,100000.0,100000.0,30
NSGAIII,MaF4,3,AUC_IGD,205752.55731761403,171043.46869437327,280495.9296767452,30
NSGAIII,MaF4,3,AUC_HV,37650.1756996156,35353.55279915653,38041.4047017814,30
NSGAIII,MaF4,3,Final_IGD,0.33960477844927983,0.3291303455632443,0.35523721962112287,30
NSGAIII,MaF4,3,Final_HV,0.5144105932914036,0.5127122223434011,0.5163637804476545,30
NSGAIII,MaF4,3,Best_IGD,0.32073487794187594,0.31784860414060784,0.3240250185539003,30
NSGAIII,MaF4,3,Best_HV,0.5167070213661191,0.514903273214484,0.5195217445544507,30
NSGAIII,MaF4,3,TTT_igd_x100,9991.0,9991.0,9991.0,30
NSGAIII,MaF4,3,TTT_igd_x50,19981.0,19981.0,19981.0,30
NSGAIII,MaF4,3,TTT_igd_x20,19981.0,19981.0,24976.0,30
NSGAIII,MaF4,3,TTT_igd_x10,29971.0,19981.0,29971.0,30
NSGAIII,MaF4,3,TTT_igd_x5,29971.0,29971.0,29971.0,30
NSGAIII,MaF4,3,TTT_igd_x3,29971.0,29971.0,34966.0,30
NSGAIII,MaF4,3,TTT_igd_x2,29971.0,29971.0,34966.0,30
NSGAIII,MaF4,3,TTT_igd_x1.5,29971.0,29971.0,39961.0,30
NSGAIII,MaF4,3,TTT_igd_x1.2,39961.0,29971.0,39961.0,30
NSGAIII,MaF4,3,TTT_igd_x1.0,74926.0,59941.0,79921.0,30
NSGAIII,MaF5,2,AUC_IGD,1104.538870422341,1103.5939392343694,1105.340958526677,30
NSGAIII,MaF5,2,AUC_HV,31246.1590365979,31245.519369992704,31246.425679344193,30
NSGAIII,MaF5,2,Final_IGD,0.01223102565867675,0.0122309955599821,0.012231353164334251,30
NSGAIII,MaF5,2,Final_HV,0.34721506410880976,0.3472146917598375,0.3472151134452783,30
NSGAIII,MaF5,2,Best_IGD,0.0122310123554767,0.01223098832003085,0.01223105777243245,30
NSGAIII,MaF5,2,Best_HV,0.3472151041242682,0.3472150834876314,0.3472151257600221,30
NSGAIII,MaF5,2,TTT_igd_x100,10000.0,10000.0,10000.0,30
NSGAIII,MaF5,2,TTT_igd_x50,10000.0,10000.0,10000.0,30
NSGAIII,MaF5,2,TTT_igd_x20,10000.0,10000.0,10000.0,30
NSGAIII,MaF5,2,TTT_igd_x10,10000.0,10000.0,10000.0,30
NSGAIII,MaF5,2,TTT_igd_x5,10000.0,10000.0,10000.0,30
NSGAIII,MaF5,2,TTT_igd_x3,10000.0,10000.0,10000.0,30
NSGAIII,MaF5,2,TTT_igd_x2,10000.0,10000.0,10000.0,30
NSGAIII,MaF5,2,TTT_igd_x1.5,10000.0,10000.0,10000.0,30
NSGAIII,MaF5,2,TTT_igd_x1.2,10000.0,10000.0,10000.0,30
NSGAIII,MaF5,2,TTT_igd_x1.0,100000.0,100000.0,100000.0,30
NSGAIII,MaF5,3,AUC_IGD,23418.221411159953,23415.770362456682,23423.317439614628,30
NSGAIII,MaF5,3,AUC_HV,50381.30582403536,50376.89102769642,50383.66257869222,30
NSGAIII,MaF5,3,Final_IGD,0.2597744172277292,0.25975247025260306,0.2598638703364309,30
NSGAIII,MaF5,3,Final_HV,0.5596037264296225,0.5594676072785927,0.5596149804958237,30
NSGAIII,MaF5,3,Best_IGD,0.259742665438104,0.25973459131256954,0.25975116955033917,30
NSGAIII,MaF5,3,Best_HV,0.5596157038557155,0.5596053931437942,0.5596175169438968,30
NSGAIII,MaF5,3,TTT_igd_x100,9991.0,9991.0,9991.0,30
NSGAIII,MaF5,3,TTT_igd_x50,9991.0,9991.0,9991.0,30
NSGAIII,MaF5,3,TTT_igd_x20,9991.0,9991.0,9991.0,30
NSGAIII,MaF5,3,TTT_igd_x10,9991.0,9991.0,9991.0,30
NSGAIII,MaF5,3,TTT_igd_x5,9991.0,9991.0,9991.0,30
NSGAIII,MaF5,3,TTT_igd_x3,9991.0,9991.0,9991.0,30
NSGAIII,MaF5,3,TTT_igd_x2,9991.0,9991.0,9991.0,30
NSGAIII,MaF5,3,TTT_igd_x1.5,9991.0,9991.0,9991.0,30
NSGAIII,MaF5,3,TTT_igd_x1.2,9991.0,9991.0,9991.0,30
NSGAIII,MaF5,3,TTT_igd_x1.0,59941.0,39961.0,89911.0,30
NSGAIII,MaF6,2,AUC_IGD,375.45063837145176,371.39846352767347,378.46734659947174,30
NSGAIII,MaF6,2,AUC_HV,31222.94869155821,31220.807276759213,31227.24482556002,30
NSGAIII,MaF6,2,Final_IGD,0.0039660811795808,0.0039660707669278,0.0039661004185999,30
NSGAIII,MaF6,2,Final_HV,0.3472144578757774,0.3472138753715589,0.34721474921608786,30
NSGAIII,MaF6,2,Best_IGD,0.0039660811795808,0.0039660707669237506,0.00396609397163075,30
NSGAIII,MaF6,2,Best_HV,0.3472144578757774,0.3472140142589536,0.34721475346437436,30
NSGAIII,MaF6,2,TTT_igd_x100,10000.0,10000.0,10000.0,30
NSGAIII,MaF6,2,TTT_igd_x50,10000.0,10000.0,10000.0,30
NSGAIII,MaF6,2,TTT_igd_x20,10000.0,10000.0,10000.0,30
NSGAIII,MaF6,2,TTT_igd_x10,10000.0,10000.0,10000.0,30
NSGAIII,MaF6,2,TTT_igd_x5,10000.0,10000.0,10000.0,30
NSGAIII,MaF6,2,TTT_igd_x3,10000.0,10000.0,10000.0,30
NSGAIII,MaF6,2,TTT_igd_x2,10000.0,10000.0,20000.0,30
NSGAIII,MaF6,2,TTT_igd_x1.5,20000.0,20000.0,20000.0,30
NSGAIII,MaF6,2,TTT_igd_x1.2,20000.0,20000.0,20000.0,30
NSGAIII,MaF6,2,TTT_igd_x1.0,100000.0,100000.0,100000.0,30
NSGAIII,MaF6,3,AUC_IGD,1347.4017265683492,1330.8902805589125,1362.2056603616084,30
NSGAIII,MaF6,3,AUC_HV,17376.332989507042,17360.446430803015,17383.174704551875,30
NSGAIII,MaF6,3,Final_IGD,0.01568062430432985,0.014978100558721851,0.015999082967018352,30
NSGAIII,MaF6,3,Final_HV,0.19257299972161265,0.1920268544371087,0.19307156116864585,30
NSGAIII,MaF6,3,Best_IGD,0.0117783239592158,0.01147728246666985,0.0122175794718588,30
NSGAIII,MaF6,3,Best_HV,0.1945901216861537,0.19434403639012066,0.1948127393263743,30
NSGAIII,MaF6,3,TTT_igd_x100,9991.0,9991.0,9991.0,30
NSGAIII,MaF6,3,TTT_igd_x50,9991.0,9991.0,9991.0,30
NSGAIII,MaF6,3,TTT_igd_x20,9991.0,9991.0,9991.0,30
NSGAIII,MaF6,3,TTT_igd_x10,9991.0,9991.0,9991.0,30
NSGAIII,MaF6,3,TTT_igd_x5,9991.0,9991.0,9991.0,30
NSGAIII,MaF6,3,TTT_igd_x3,9991.0,9991.0,9991.0,30
NSGAIII,MaF6,3,TTT_igd_x2,9991.0,9991.0,9991.0,30
NSGAIII,MaF6,3,TTT_igd_x1.5,9991.0,9991.0,9991.0,30
NSGAIII,MaF6,3,TTT_igd_x1.2,9991.0,9991.0,9991.0,30
NSGAIII,MaF6,3,TTT_igd_x1.0,9991.0,9991.0,19981.0,30
NSGAIII,MaF7,2,AUC_IGD,479.413596136201,477.06102391779723,487.61688033294104,30
NSGAIII,MaF7,2,AUC_HV,21831.2546599809,21826.304288478965,21833.890798165772,30
NSGAIII,MaF7,2,Final_IGD,0.0050737700936544505,0.0050458230051646,0.0050971666831491,30
NSGAIII,MaF7,2,Final_HV,0.2428082812641091,0.2428013886155747,0.2428151272325792,30
NSGAIII,MaF7,2,Best_IGD,0.00493041983292035,0.00490346096199205,0.00495392747024225,30
NSGAIII,MaF7,2,Best_HV,0.242841217064801,0.24283508084623973,0.2428466286908358,30
NSGAIII,MaF7,2,TTT_igd_x100,10000.0,10000.0,10000.0,30
NSGAIII,MaF7,2,TTT_igd_x50,10000.0,10000.0,10000.0,30
NSGAIII,MaF7,2,TTT_igd_x20,10000.0,10000.0,10000.0,30
NSGAIII,MaF7,2,TTT_igd_x10,10000.0,10000.0,10000.0,30
NSGAIII,MaF7,2,TTT_igd_x5,10000.0,10000.0,10000.0,30
NSGAIII,MaF7,2,TTT_igd_x3,10000.0,10000.0,10000.0,30
NSGAIII,MaF7,2,TTT_igd_x2,10000.0,10000.0,20000.0,30
NSGAIII,MaF7,2,TTT_igd_x1.5,20000.0,20000.0,20000.0,30
NSGAIII,MaF7,2,TTT_igd_x1.2,20000.0,20000.0,20000.0,30
NSGAIII,MaF7,2,TTT_igd_x1.0,55000.0,50000.0,65000.0,30
NSGAIII,MaF7,3,AUC_IGD,6980.94190296651,6936.845165074521,7096.90772247415,30
NSGAIII,MaF7,3,AUC_HV,24096.943954130882,24070.634709117596,24139.987345096255,30
NSGAIII,MaF7,3,Final_IGD,0.07715833975814146,0.0756275578945584,0.07898651224092515,30
NSGAIII,MaF7,3,Final_HV,0.26902508341316234,0.2682058857056623,0.269926011913702,30
NSGAIII,MaF7,3,Best_IGD,0.07152366756167661,0.07118302713965145,0.07247690976519641,30
NSGAIII,MaF7,3,Best_HV,0.27168910251874867,0.27100535383439267,0.2719810794670382,30
NSGAIII,MaF7,3,TTT_igd_x100,9991.0,9991.0,9991.0,30
NSGAIII,MaF7,3,TTT_igd_x50,9991.0,9991.0,9991.0,30
NSGAIII,MaF7,3,TTT_igd_x20,9991.0,9991.0,9991.0,30
NSGAIII,MaF7,3,TTT_igd_x10,9991.0,9991.0,9991.0,30
NSGAIII,MaF7,3,TTT_igd_x5,9991.0,9991.0,9991.0,30
NSGAIII,MaF7,3,TTT_igd_x3,9991.0,9991.0,9991.0,30
NSGAIII,MaF7,3,TTT_igd_x2,9991.0,9991.0,9991.0,30
NSGAIII,MaF7,3,TTT_igd_x1.5,9991.0,9991.0,9991.0,30
NSGAIII,MaF7,3,TTT_igd_x1.2,19981.0,19981.0,19981.0,30
NSGAIII,MaF7,3,TTT_igd_x1.0,69931.0,49951.0,79921.0,30
NSGAIII,WFG1,2,AUC_IGD,12525.313660051694,11866.643862600642,13411.95245552171,30
NSGAIII,WFG1,2,AUC_HV,57467.99429331136,57258.626614968925,57885.23829147505,30
NSGAIII,WFG1,2,Final_IGD,0.08997286189720895,0.07425054109644491,0.09661570003379519,30
NSGAIII,WFG1,2,Final_HV,0.6711042087835369,0.6687685376988683,0.6739256335007697,30
NSGAIII,WFG1,2,Best_IGD,0.08997286189720895,0.07425054109644491,0.09638373407979034,30
NSGAIII,WFG1,2,Best_HV,0.6711042087835369,0.6687685376988683,0.673828835613882,30
NSGAIII,WFG1,2,TTT_igd_x100,10000.0,10000.0,10000.0,30
NSGAIII,WFG1,2,TTT_igd_x50,10000.0,10000.0,10000.0,30
NSGAIII,WFG1,2,TTT_igd_x20,10000.0,10000.0,10000.0,30
NSGAIII,WFG1,2,TTT_igd_x10,10000.0,10000.0,10000.0,30
NSGAIII,WFG1,2,TTT_igd_x5,20000.0,10000.0,20000.0,30
NSGAIII,WFG1,2,TTT_igd_x3,20000.0,20000.0,30000.0,30
NSGAIII,WFG1,2,TTT_igd_x2,30000.0,30000.0,35000.0,30
NSGAIII,WFG1,2,TTT_igd_x1.5,40000.0,30000.0,65000.0,30
NSGAIII,WFG1,2,TTT_igd_x1.2,70000.0,60000.0,80000.0,30
NSGAIII,WFG1,2,TTT_igd_x1.0,100000.0,100000.0,100000.0,30
NSGAIII,WFG1,3,AUC_IGD,18735.47548398414,18110.42797529443,19372.252056334168,30
NSGAIII,WFG1,3,AUC_HV,82228.35824918302,81905.47357995159,82492.89832945896,30
NSGAIII,WFG1,3,Final_IGD,0.14807084432823736,0.1473105526454776,0.1485230921475667,30
NSGAIII,WFG1,3,Final_HV,0.9434269145742704,0.9431273206827135,0.9438101097997017,30
NSGAIII,WFG1,3,Best_IGD,0.14742642536863076,0.14697275410751687,0.1481912653170922,30
NSGAIII,WFG1,3,Best_HV,0.9435716356002837,0.9432298692888296,0.9438873412220457,30
NSGAIII,WFG1,3,TTT_igd_x100,9991.0,9991.0,9991.0,30
NSGAIII,WFG1,3,TTT_igd_x50,9991.0,9991.0,9991.0,30
NSGAIII,WFG1,3,TTT_igd_x20,9991.0,9991.0,9991.0,30
NSGAIII,WFG1,3,TTT_igd_x10,9991.0,9991.0,9991.0,30
NSGAIII,WFG1,3,TTT_igd_x5,9991.0,9991.0,9991.0,30
NSGAIII,WFG1,3,TTT_igd_x3,19981.0,19981.0,19981.0,30
NSGAIII,WFG1,3,TTT_igd_x2,29971.0,19981.0,29971.0,30
NSGAIII,WFG1,3,TTT_igd_x1.5,29971.0,29971.0,39961.0,30
NSGAIII,WFG1,3,TTT_igd_x1.2,39961.0,39961.0,49951.0,30
NSGAIII,WFG1,3,TTT_igd_x1.0,89911.0,79921.0,100081.0,30
NSGAIII,WFG2,2,AUC_IGD,1311.762650812763,1299.7023653013234,1322.2785776733317,30
NSGAIII,WFG2,2,AUC_HV,56823.38687423587,56812.896767784056,56837.901033063215,30
NSGAIII,WFG2,2,Final_IGD,0.01391687131393945,0.01370557111799325,0.014255160085073451,30
NSGAIII,WFG2,2,Final_HV,0.6322853062873091,0.6320828902689816,0.6323587457120046,30
NSGAIII,WFG2,2,Best_IGD,0.01347640956161585,0.01340433182584765,0.01356331243088825,30
NSGAIII,WFG2,2,Best_HV,0.6325029850748037,0.6323420057162488,0.6325896310948351,30
NSGAIII,WFG2,2,TTT_igd_x100,10000.0,10000.0,10000.0,30
NSGAIII,WFG2,2,TTT_igd_x50,10000.0,10000.0,10000.0,30
NSGAIII,WFG2,2,TTT_igd_x20,10000.0,10000.0,10000.0,30
NSGAIII,WFG2,2,TTT_igd_x10,10000.0,10000.0,10000.0,30
NSGAIII,WFG2,2,TTT_igd_x5,10000.0,10000.0,10000.0,30
NSGAIII,WFG2,2,TTT_igd_x3,10000.0,10000.0,10000.0,30
NSGAIII,WFG2,2,TTT_igd_x2,10000.0,10000.0,10000.0,30
NSGAIII,WFG2,2,TTT_igd_x1.5,20000.0,10000.0,20000.0,30
NSGAIII,WFG2,2,TTT_igd_x1.2,20000.0,20000.0,20000.0,30
NSGAIII,WFG2,2,TTT_igd_x1.0,60000.0,50000.0,85000.0,30
NSGAIII,WFG2,3,AUC_IGD,14779.250464051594,14763.021773471039,14809.415733552234,30
NSGAIII,WFG2,3,AUC_HV,83629.07630577059,83585.14034827217,83652.31485534486,30
NSGAIII,WFG2,3,Final_IGD,0.16475953705354796,0.1642809482008964,0.16497315618991684,30
NSGAIII,WFG2,3,Final_HV,0.9313651804750902,0.930947117689704,0.9315140099153133,30
NSGAIII,WFG2,3,Best_IGD,0.16179045030657405,0.1611608819383603,0.1621525966315239,30
NSGAIII,WFG2,3,Best_HV,0.9319390462437647,0.9315675221800608,0.9321684182564602,30
NSGAIII,WFG2,3,TTT_igd_x100,9991.0,9991.0,9991.0,30
NSGAIII,WFG2,3,TTT_igd_x50,9991.0,9991.0,9991.0,30
NSGAIII,WFG2,3,TTT_igd_x20,9991.0,9991.0,9991.0,30
NSGAIII,WFG2,3,TTT_igd_x10,9991.0,9991.0,9991.0,30
NSGAIII,WFG2,3,TTT_igd_x5,9991.0,9991.0,9991.0,30
NSGAIII,WFG2,3,TTT_igd_x3,9991.0,9991.0,9991.0,30
NSGAIII,WFG2,3,TTT_igd_x2,9991.0,9991.0,9991.0,30
NSGAIII,WFG2,3,TTT_igd_x1.5,9991.0,9991.0,9991.0,30
NSGAIII,WFG2,3,TTT_igd_x1.2,9991.0,9991.0,9991.0,30
NSGAIII,WFG2,3,TTT_igd_x1.0,29971.0,24976.0,34966.0,30
NSGAIII,WFG3,2,AUC_IGD,1127.682800533899,1114.8733329280276,1139.4932786483578,30
NSGAIII,WFG3,2,AUC_HV,52281.593746907034,52276.54055329399,52293.55155396832,30
NSGAIII,WFG3,2,Final_IGD,0.0113425980134316,0.011324039826027251,0.0113728604590832,30
NSGAIII,WFG3,2,Final_HV,0.5822540313857585,0.5821534537908527,0.5823404112717472,30
NSGAIII,WFG3,2,Best_IGD,0.0113425980134316,0.011324039826027251,0.0113704023818914,30
NSGAIII,WFG3,2,Best_HV,0.5822540313857585,0.5821534537908527,0.5823404112717472,30
NSGAIII,WFG3,2,TTT_igd_x100,10000.0,10000.0,10000.0,30
NSGAIII,WFG3,2,TTT_igd_x50,10000.0,10000.0,10000.0,30
NSGAIII,WFG3,2,TTT_igd_x20,10000.0,10000.0,10000.0,30
NSGAIII,WFG3,2,TTT_igd_x10,10000.0,10000.0,10000.0,30
NSGAIII,WFG3,2,TTT_igd_x5,10000.0,10000.0,10000.0,30
NSGAIII,WFG3,2,TTT_igd_x3,10000.0,10000.0,10000.0,30
NSGAIII,WFG3,2,TTT_igd_x2,20000.0,10000.0,20000.0,30
NSGAIII,WFG3,2,TTT_igd_x1.5,20000.0,20000.0,20000.0,30
NSGAIII,WFG3,2,TTT_igd_x1.2,30000.0,25000.0,30000.0,30
NSGAIII,WFG3,2,TTT_igd_x1.0,100000.0,100000.0,100000.0,30
NSGAIII,WFG3,3,AUC_IGD,10628.120326998707,10342.60733334445,10967.186099702383,30
NSGAIII,WFG3,3,AUC_HV,34144.42025229566,34006.57879855521,34318.727233259604,30
NSGAIII,WFG3,3,Final_IGD,0.1058570678914655,0.1001112678040666,0.11037387330353024,30
NSGAIII,WFG3,3,Final_HV,0.386887071799089,0.3847931270997853,0.39002061745580086,30
NSGAIII,WFG3,3,Best_IGD,0.09871285756587975,0.0944109736770837,0.10220520564276495,30
NSGAIII,WFG3,3,Best_HV,0.38878257377529013,0.38731642856743304,0.39239483623592963,30
NSGAIII,WFG3,3,TTT_igd_x100,9991.0,9991.0,9991.0,30
NSGAIII,WFG3,3,TTT_igd_x50,9991.0,9991.0,9991.0,30
NSGAIII,WFG3,3,TTT_igd_x20,9991.0,9991.0,9991.0,30
NSGAIII,WFG3,3,TTT_igd_x10,9991.0,9991.0,9991.0,30
NSGAIII,WFG3,3,TTT_igd_x5,9991.0,9991.0,9991.0,30
NSGAIII,WFG3,3,TTT_igd_x3,9991.0,9991.0,9991.0,30
NSGAIII,WFG3,3,TTT_igd_x2,9991.0,9991.0,9991.0,30
NSGAIII,WFG3,3,TTT_igd_x1.5,19981.0,19981.0,19981.0,30
NSGAIII,WFG3,3,TTT_igd_x1.2,34966.0,29971.0,39961.0,30
NSGAIII,WFG3,3,TTT_igd_x1.0,79921.0,69931.0,89911.0,30
NSGAIII,WFG4,2,AUC_IGD,1197.1169894056316,1185.3966567069679,1202.2402060328425,30
NSGAIII,WFG4,2,AUC_HV,31177.59360334844,31172.887430253322,31183.92501922861,30
NSGAIII,WFG4,2,Final_IGD,0.012232616422874851,0.01223239748201245,0.01223296696638055,30
NSGAIII,WFG4,2,Final_HV,0.34721352099766256,0.3472119306054823,0.34721452525182644,30
NSGAIII,WFG4,2,Best_IGD,0.0122324939431377,0.0122323908073424,0.012232811686527751,30
NSGAIII,WFG4,2,Best_HV,0.34721367913045564,0.3472125920014856,0.34721452525182644,30
NSGAIII,WFG4,2,TTT_igd_x100,10000.0,10000.0,10000.0,30
NSGAIII,WFG4,2,TTT_igd_x50,10000.0,10000.0,10000.0,30
NSGAIII,WFG4,2,TTT_igd_x20,10000.0,10000.0,10000.0,30
NSGAIII,WFG4,2,TTT_igd_x10,10000.0,10000.0,10000.0,30
NSGAIII,WFG4,2,TTT_igd_x5,10000.0,10000.0,10000.0,30
NSGAIII,WFG4,2,TTT_igd_x3,10000.0,10000.0,10000.0,30
NSGAIII,WFG4,2,TTT_igd_x2,10000.0,10000.0,10000.0,30
NSGAIII,WFG4,2,TTT_igd_x1.5,20000.0,20000.0,20000.0,30
NSGAIII,WFG4,2,TTT_igd_x1.2,30000.0,25000.0,30000.0,30
NSGAIII,WFG4,2,TTT_igd_x1.0,100000.0,100000.0,100000.0,30
NSGAIII,WFG4,3,AUC_IGD,19990.377998159223,19983.91818295828,19993.42908844958,30
NSGAIII,WFG4,3,AUC_HV,49917.24233368361,49891.26973046406,49948.50396360333,30
NSGAIII,WFG4,3,Final_IGD,0.22092809884264908,0.2209103690437681,0.22097397608387248,30
NSGAIII,WFG4,3,Final_HV,0.5589971317610377,0.5589181054517736,0.5591214151451709,30
NSGAIII,WFG4,3,Best_IGD,0.220875372824815,0.22084788966214963,0.2208958284712992,30
NSGAIII,WFG4,3,Best_HV,0.5589971317610377,0.5589181054517736,0.5591214151451709,30
NSGAIII,WFG4,3,TTT_igd_x100,9991.0,9991.0,9991.0,30
NSGAIII,WFG4,3,TTT_igd_x50,9991.0,9991.0,9991.0,30
NSGAIII,WFG4,3,TTT_igd_x20,9991.0,9991.0,9991.0,30
NSGAIII,WFG4,3,TTT_igd_x10,9991.0,9991.0,9991.0,30
NSGAIII,WFG4,3,TTT_igd_x5,9991.0,9991.0,9991.0,30
NSGAIII,WFG4,3,TTT_igd_x3,9991.0,9991.0,9991.0,30
NSGAIII,WFG4,3,TTT_igd_x2,9991.0,9991.0,9991.0,30
NSGAIII,WFG4,3,TTT_igd_x1.5,9991.0,9991.0,9991.0,30
NSGAIII,WFG4,3,TTT_igd_x1.2,9991.0,9991.0,9991.0,30
NSGAIII,WFG4,3,TTT_igd_x1.0,69931.0,64936.0,89911.0,30
NSGAIII,WFG5,2,AUC_IGD,5753.005704899371,5745.606736477458,5766.109379188607,30
NSGAIII,WFG5,2,AUC_HV,28149.83359726634,28132.559467669253,28162.12737483209,30
NSGAIII,WFG5,2,Final_IGD,0.06336994243206026,0.06336936634691079,0.0633727644674063,30
NSGAIII,WFG5,2,Final_HV,0.31337735246057363,0.3133703145609572,0.31338062856176696,30
NSGAIII,WFG5,2,Best_IGD,0.06336994243206026,0.06336936634691079,0.0633727644674063,30
NSGAIII,WFG5,2,Best_HV,0.31337736031752006,0.31337145332118094,0.3133806487912474,30
NSGAIII,WFG5,2,TTT_igd_x100,10000.0,10000.0,10000.0,30
NSGAIII,WFG5,2,TTT_igd_x50,10000.0,10000.0,10000.0,30
NSGAIII,WFG5,2,TTT_igd_x20,10000.0,10000.0,10000.0,30
NSGAIII,WFG5,2,TTT_igd_x10,10000.0,10000.0,10000.0,30
NSGAIII,WFG5,2,TTT_igd_x5,10000.0,10000.0,10000.0,30
NSGAIII,WFG5,2,TTT_igd_x3,10000.0,10000.0,10000.0,30
NSGAIII,WFG5,2,TTT_igd_x2,10000.0,10000.0,10000.0,30
NSGAIII,WFG5,2,TTT_igd_x1.5,10000.0,10000.0,10000.0,30
NSGAIII,WFG5,2,TTT_igd_x1.2,10000.0,10000.0,10000.0,30
NSGAIII,WFG5,2,TTT_igd_x1.0,100000.0,100000.0,100000.0,30
NSGAIII,WFG5,3,AUC_IGD,20762.38505012978,20757.819367695247,20769.94520480481,30
NSGAIII,WFG5,3,AUC_HV,46619.616913517166,46589.476034307896,46628.517419000505,30
NSGAIII,WFG5,3,Final_IGD,0.2298838637100314,0.2298711231245154,0.22989915084513973,30
NSGAIII,WFG5,3,Final_HV,0.5184368267165629,0.5184298061744135,0.5184441700153362,30
NSGAIII,WFG5,3,Best_IGD,0.2298568180210216,0.22984543999604465,0.2298713988446487,30
NSGAIII,WFG5,3,Best_HV,0.5184381451058993,0.5184313028015642,0.5184450931456916,30
NSGAIII,WFG5,3,TTT_igd_x100,9991.0,9991.0,9991.0,30
NSGAIII,WFG5,3,TTT_igd_x50,9991.0,9991.0,9991.0,30
NSGAIII,WFG5,3,TTT_igd_x20,9991.0,9991.0,9991.0,30
NSGAIII,WFG5,3,TTT_igd_x10,9991.0,9991.0,9991.0,30
NSGAIII,WFG5,3,TTT_igd_x5,9991.0,9991.0,9991.0,30
NSGAIII,WFG5,3,TTT_igd_x3,9991.0,9991.0,9991.0,30
NSGAIII,WFG5,3,TTT_igd_x2,9991.0,9991.0,9991.0,30
NSGAIII,WFG5,3,TTT_igd_x1.5,9991.0,9991.0,9991.0,30
NSGAIII,WFG5,3,TTT_igd_x1.2,9991.0,9991.0,9991.0,30
NSGAIII,WFG5,3,TTT_igd_x1.0,69931.0,59941.0,89911.0,30
NSGAIII,WFG6,2,AUC_IGD,8012.067809402325,7626.569315209581,8414.011117494341,30
NSGAIII,WFG6,2,AUC_HV,26933.766388134358,26716.922941176934,27155.309217965012,30
NSGAIII,WFG6,2,Final_IGD,0.0872921317759421,0.08225552497239924,0.09155478365909694,30
NSGAIII,WFG6,2,Final_HV,0.30017169248964864,0.297841821273142,0.30293316061544645,30
NSGAIII,WFG6,2,Best_IGD,0.0872921317759421,0.0818454426556572,0.0917208408694862,30
NSGAIII,WFG6,2,Best_HV,0.30017169248964864,0.297841821273142,0.30293316061544645,30
NSGAIII,WFG6,2,TTT_igd_x100,10000.0,10000.0,10000.0,30
NSGAIII,WFG6,2,TTT_igd_x50,10000.0,10000.0,10000.0,30
NSGAIII,WFG6,2,TTT_igd_x20,10000.0,10000.0,10000.0,30
NSGAIII,WFG6,2,TTT_igd_x10,10000.0,10000.0,10000.0,30
NSGAIII,WFG6,2,TTT_igd_x5,10000.0,10000.0,10000.0,30
NSGAIII,WFG6,2,TTT_igd_x3,10000.0,10000.0,10000.0,30
NSGAIII,WFG6,2,TTT_igd_x2,10000.0,10000.0,10000.0,30
NSGAIII,WFG6,2,TTT_igd_x1.5,10000.0,10000.0,10000.0,30
NSGAIII,WFG6,2,TTT_igd_x1.2,10000.0,10000.0,20000.0,30
NSGAIII,WFG6,2,TTT_igd_x1.0,100000.0,100000.0,100000.0,30
NSGAIII,WFG6,3,AUC_IGD,21882.826188647396,21521.34374030071,22255.159209105386,30
NSGAIII,WFG6,3,AUC_HV,45113.37183243849,44693.98422114506,45599.46831130028,30
NSGAIII,WFG6,3,Final_IGD,0.23805717679337518,0.23481885500956134,0.24098047256683786,30
NSGAIII,WFG6,3,Final_HV,0.5054230308341574,0.5014677753801378,0.5104635209299402,30
NSGAIII,WFG6,3,Best_IGD,0.23805717679337518,0.23481885500956134,0.24098047256683786,30
NSGAIII,WFG6,3,Best_HV,0.5054230308341574,0.5014677753801378,0.5106196060153319,30
NSGAIII,WFG6,3,TTT_igd_x100,9991.0,9991.0,9991.0,30
NSGAIII,WFG6,3,TTT_igd_x50,9991.0,9991.0,9991.0,30
NSGAIII,WFG6,3,TTT_igd_x20,9991.0,9991.0,9991.0,30
NSGAIII,WFG6,3,TTT_igd_x10,9991.0,9991.0,9991.0,30
NSGAIII,WFG6,3,TTT_igd_x5,9991.0,9991.0,9991.0,30
NSGAIII,WFG6,3,TTT_igd_x3,9991.0,9991.0,9991.0,30
NSGAIII,WFG6,3,TTT_igd_x2,9991.0,9991.0,9991.0,30
NSGAIII,WFG6,3,TTT_igd_x1.5,9991.0,9991.0,9991.0,30
NSGAIII,WFG6,3,TTT_igd_x1.2,9991.0,9991.0,9991.0,30
NSGAIII,WFG6,3,TTT_igd_x1.0,100081.0,100081.0,100081.0,30
NSGAIII,WFG7,2,AUC_IGD,1136.402197539406,1131.6836369146615,1139.8142754212267,30
NSGAIII,WFG7,2,AUC_HV,31208.156523142417,31201.548490690337,31209.306362808435,30
NSGAIII,WFG7,2,Final_IGD,0.012233981319114299,0.01223332863992405,0.01223429130689815,30
NSGAIII,WFG7,2,Final_HV,0.34717852470784183,0.34717485243244317,0.3471828650536065,30
NSGAIII,WFG7,2,Best_IGD,0.012233981319114299,0.01223332863992405,0.01223429130689815,30
NSGAIII,WFG7,2,Best_HV,0.34717852470784183,0.34717485243244317,0.3471828650536065,30
NSGAIII,WFG7,2,TTT_igd_x100,10000.0,10000.0,10000.0,30
NSGAIII,WFG7,2,TTT_igd_x50,10000.0,10000.0,10000.0,30
NSGAIII,WFG7,2,TTT_igd_x20,10000.0,10000.0,10000.0,30
NSGAIII,WFG7,2,TTT_igd_x10,10000.0,10000.0,10000.0,30
NSGAIII,WFG7,2,TTT_igd_x5,10000.0,10000.0,10000.0,30
NSGAIII,WFG7,2,TTT_igd_x3,10000.0,10000.0,10000.0,30
NSGAIII,WFG7,2,TTT_igd_x2,10000.0,10000.0,10000.0,30
NSGAIII,WFG7,2,TTT_igd_x1.5,10000.0,10000.0,10000.0,30
NSGAIII,WFG7,2,TTT_igd_x1.2,20000.0,20000.0,20000.0,30
NSGAIII,WFG7,2,TTT_igd_x1.0,100000.0,100000.0,100000.0,30
NSGAIII,WFG7,3,AUC_IGD,20023.804035703353,20016.056338142145,20039.693457587033,30
NSGAIII,WFG7,3,AUC_HV,49953.14012829437,49931.52950786142,49990.44154475615,30
NSGAIII,WFG7,3,Final_IGD,0.22108237909414624,0.221060007342342,0.22110917252232085,30
NSGAIII,WFG7,3,Final_HV,0.5585790315842232,0.5585214352218543,0.5586327141950113,30
NSGAIII,WFG7,3,Best_IGD,0.22108237909414624,0.2210596863265925,0.22110570500094578,30
NSGAIII,WFG7,3,Best_HV,0.5585790315842232,0.5585214352218543,0.5586327141950113,30
NSGAIII,WFG7,3,TTT_igd_x100,9991.0,9991.0,9991.0,30
NSGAIII,WFG7,3,TTT_igd_x50,9991.0,9991.0,9991.0,30
NSGAIII,WFG7,3,TTT_igd_x20,9991.0,9991.0,9991.0,30
NSGAIII,WFG7,3,TTT_igd_x10,9991.0,9991.0,9991.0,30
NSGAIII,WFG7,3,TTT_igd_x5,9991.0,9991.0,9991.0,30
NSGAIII,WFG7,3,TTT_igd_x3,9991.0,9991.0,9991.0,30
NSGAIII,WFG7,3,TTT_igd_x2,9991.0,9991.0,9991.0,30
NSGAIII,WFG7,3,TTT_igd_x1.5,9991.0,9991.0,9991.0,30
NSGAIII,WFG7,3,TTT_igd_x1.2,9991.0,9991.0,9991.0,30
NSGAIII,WFG7,3,TTT_igd_x1.0,100081.0,100081.0,100081.0,30
NSGAIII,WFG8,2,AUC_IGD,9804.761906024207,9772.383792731525,9830.089560433957,30
NSGAIII,WFG8,2,AUC_HV,26007.151899815733,25994.96577667048,26027.65181582135,30
NSGAIII,WFG8,2,Final_IGD,0.10562551497033901,0.1050373911361692,0.10650724276548645,30
NSGAIII,WFG8,2,Final_HV,0.2907156034283732,0.29031506432841336,0.29105016961813873,30
NSGAIII,WFG8,2,Best_IGD,0.10562551497033901,0.1050373911361692,0.106560951056425,30
NSGAIII,WFG8,2,Best_HV,0.2907156034283732,0.29031506432841336,0.29105016961813873,30
NSGAIII,WFG8,2,TTT_igd_x100,10000.0,10000.0,10000.0,30
NSGAIII,WFG8,2,TTT_igd_x50,10000.0,10000.0,10000.0,30
NSGAIII,WFG8,2,TTT_igd_x20,10000.0,10000.0,10000.0,30
NSGAIII,WFG8,2,TTT_igd_x10,10000.0,10000.0,10000.0,30
NSGAIII,WFG8,2,TTT_igd_x5,10000.0,10000.0,10000.0,30
NSGAIII,WFG8,2,TTT_igd_x3,10000.0,10000.0,10000.0,30
NSGAIII,WFG8,2,TTT_igd_x2,10000.0,10000.0,10000.0,30
NSGAIII,WFG8,2,TTT_igd_x1.5,10000.0,10000.0,10000.0,30
NSGAIII,WFG8,2,TTT_igd_x1.2,15000.0,10000.0,20000.0,30
NSGAIII,WFG8,2,TTT_igd_x1.0,100000.0,100000.0,100000.0,30
NSGAIII,WFG8,3,AUC_IGD,25988.66001496141,25920.596620603887,26094.9594637274,30
NSGAIII,WFG8,3,AUC_HV,42103.67572937584,42014.013289444556,42169.82103537338,30
NSGAIII,WFG8,3,Final_IGD,0.28007919676757664,0.27948697105616793,0.2824200170525957,30
NSGAIII,WFG8,3,Final_HV,0.47342609003187053,0.4729245257850329,0.4741196043015973,30
NSGAIII,WFG8,3,Best_IGD,0.2788272842876658,0.27738688757905483,0.27978313027277957,30
NSGAIII,WFG8,3,Best_HV,0.47381214964809615,0.4731801202593138,0.4747105039208654,30
NSGAIII,WFG8,3,TTT_igd_x100,9991.0,9991.0,9991.0,30
NSGAIII,WFG8,3,TTT_igd_x50,9991.0,9991.0,9991.0,30
NSGAIII,WFG8,3,TTT_igd_x20,9991.0,9991.0,9991.0,30
NSGAIII,WFG8,3,TTT_igd_x10,9991.0,9991.0,9991.0,30
NSGAIII,WFG8,3,TTT_igd_x5,9991.0,9991.0,9991.0,30
NSGAIII,WFG8,3,TTT_igd_x3,9991.0,9991.0,9991.0,30
NSGAIII,WFG8,3,TTT_igd_x2,9991.0,9991.0,9991.0,30
NSGAIII,WFG8,3,TTT_igd_x1.5,9991.0,9991.0,9991.0,30
NSGAIII,WFG8,3,TTT_igd_x1.2,9991.0,9991.0,9991.0,30
NSGAIII,WFG8,3,TTT_igd_x1.0,79921.0,79921.0,89911.0,30
NSGAIII,WFG9,2,AUC_IGD,1615.8131446328139,1589.9993645532072,1676.8853016752369,30
NSGAIII,WFG9,2,AUC_HV,30662.110903140354,30630.375997831718,30715.764597909554,30
NSGAIII,WFG9,2,Final_IGD,0.01455692861661975,0.0143799727765847,0.0149086041800175,30
NSGAIII,WFG9,2,Final_HV,0.3435935545864371,0.34322376807383004,0.3438823882407017,30
NSGAIII,WFG9,2,Best_IGD,0.01455692861661975,0.014299754079906898,0.0148910861208821,30
NSGAIII,WFG9,2,Best_HV,0.3435935545864371,0.34322376807383004,0.3438823882407017,30
NSGAIII,WFG9,2,TTT_igd_x100,10000.0,10000.0,10000.0,30
NSGAIII,WFG9,2,TTT_igd_x50,10000.0,10000.0,10000.0,30
NSGAIII,WFG9,2,TTT_igd_x20,10000.0,10000.0,10000.0,30
NSGAIII,WFG9,2,TTT_igd_x10,10000.0,10000.0,10000.0,30
NSGAIII,WFG9,2,TTT_igd_x5,10000.0,10000.0,10000.0,30
NSGAIII,WFG9,2,TTT_igd_x3,10000.0,10000.0,10000.0,30
NSGAIII,WFG9,2,TTT_igd_x2,20000.0,10000.0,20000.0,30
NSGAIII,WFG9,2,TTT_igd_x1.5,30000.0,30000.0,30000.0,30
NSGAIII,WFG9,2,TTT_igd_x1.2,50000.0,45000.0,50000.0,30
NSGAIII,WFG9,2,TTT_igd_x1.0,100000.0,100000.0,100000.0,30
NSGAIII,WFG9,3,AUC_IGD,20133.61716063179,20044.887623949,20183.479496386783,30
NSGAIII,WFG9,3,AUC_HV,47744.27305213016,47526.38547232645,47878.369768480945,30
NSGAIII,WFG9,3,Final_IGD,0.2214139661894858,0.2211536133754334,0.22182370104679225,30
NSGAIII,WFG9,3,Final_HV,0.5371137060956107,0.5362449303048232,0.5387052633545228,30
NSGAIII,WFG9,3,Best_IGD,0.2207638667113129,0.22033654350727955,0.2215029789719209,30
NSGAIII,WFG9,3,Best_HV,0.5371137060956107,0.5362942002092811,0.5387052633545228,30
NSGAIII,WFG9,3,TTT_igd_x100,9991.0,9991.0,9991.0,30
NSGAIII,WFG9,3,TTT_igd_x50,9991.0,9991.0,9991.0,30
NSGAIII,WFG9,3,TTT_igd_x20,9991.0,9991.0,9991.0,30
NSGAIII,WFG9,3,TTT_igd_x10,9991.0,9991.0,9991.0,30
NSGAIII,WFG9,3,TTT_igd_x5,9991.0,9991.0,9991.0,30
NSGAIII,WFG9,3,TTT_igd_x3,9991.0,9991.0,9991.0,30
NSGAIII,WFG9,3,TTT_igd_x2,9991.0,9991.0,9991.0,30
NSGAIII,WFG9,3,TTT_igd_x1.5,9991.0,9991.0,9991.0,30
NSGAIII,WFG9,3,TTT_igd_x1.2,9991.0,9991.0,9991.0,30
NSGAIII,WFG9,3,TTT_igd_x1.0,79921.0,69931.0,89911.0,30
NSGAIII,ZDT1,2,AUC_IGD,429.6720875739783,418.23636323671894,436.8422964544475,30
NSGAIII,ZDT1,2,AUC_HV,64689.042896389925,64679.294074519916,64706.56182567972,30
NSGAIII,ZDT1,2,Final_IGD,0.00388791589295775,0.00388788243370555,0.0038879748418774998,30
NSGAIII,ZDT1,2,Final_HV,0.7203053020813104,0.7203050593863867,0.7203054233088868,30
NSGAIII,ZDT1,2,Best_IGD,0.00388765906486115,0.00388726757840575,0.0038878460919581,30
NSGAIII,ZDT1,2,Best_HV,0.7203055687196632,0.720305334218136,0.7203060619189148,30
NSGAIII,ZDT1,2,TTT_igd_x100,10000.0,10000.0,10000.0,30
NSGAIII,ZDT1,2,TTT_igd_x50,10000.0,10000.0,10000.0,30
NSGAIII,ZDT1,2,TTT_igd_x20,10000.0,10000.0,10000.0,30
NSGAIII,ZDT1,2,TTT_igd_x10,10000.0,10000.0,10000.0,30
NSGAIII,ZDT1,2,TTT_igd_x5,10000.0,10000.0,20000.0,30
NSGAIII,ZDT1,2,TTT_igd_x3,20000.0,20000.0,20000.0,30
NSGAIII,ZDT1,2,TTT_igd_x2,20000.0,20000.0,20000.0,30
NSGAIII,ZDT1,2,TTT_igd_x1.5,20000.0,20000.0,20000.0,30
NSGAIII,ZDT1,2,TTT_igd_x1.2,20000.0,20000.0,20000.0,30
NSGAIII,ZDT1,2,TTT_igd_x1.0,75000.0,65000.0,100000.0,30
NSGAIII,ZDT2,2,AUC_IGD,470.13242833408304,456.9465258512995,480.426765036919,30
NSGAIII,ZDT2,2,AUC_HV,39845.15730313747,39830.51249175248,39861.35505465217,30
NSGAIII,ZDT2,2,Final_IGD,0.00380699219437345,0.0038069875327229,0.0038069967601061,30
NSGAIII,ZDT2,2,Final_HV,0.4450337483016913,0.44503374246485794,0.4450337600865437,30
NSGAIII,ZDT2,2,Best_IGD,0.00380699219437345,0.00380698585103615,0.0038069962420859502,30
NSGAIII,ZDT2,2,Best_HV,0.4450337515076266,0.4450337441355543,0.445033760277481,30
NSGAIII,ZDT2,2,TTT_igd_x100,10000.0,10000.0,10000.0,30
NSGAIII,ZDT2,2,TTT_igd_x50,10000.0,10000.0,10000.0,30
NSGAIII,ZDT2,2,TTT_igd_x20,10000.0,10000.0,10000.0,30
NSGAIII,ZDT2,2,TTT_igd_x10,10000.0,10000.0,10000.0,30
NSGAIII,ZDT2,2,TTT_igd_x5,20000.0,20000.0,20000.0,30
NSGAIII,ZDT2,2,TTT_igd_x3,20000.0,20000.0,20000.0,30
NSGAIII,ZDT2,2,TTT_igd_x2,20000.0,20000.0,20000.0,30
NSGAIII,ZDT2,2,TTT_igd_x1.5,20000.0,20000.0,20000.0,30
NSGAIII,ZDT2,2,TTT_igd_x1.2,20000.0,20000.0,20000.0,30
NSGAIII,ZDT2,2,TTT_igd_x1.0,100000.0,100000.0,100000.0,30
NSGAIII,ZDT3,2,AUC_IGD,606.4517522190847,596.7756216704897,620.896494043086,30
NSGAIII,ZDT3,2,AUC_HV,53822.27098186551,53811.1159012555,53829.78556197873,30
NSGAIII,ZDT3,2,Final_IGD,0.0061160709122258,0.0060221883358083,0.00621060205932235,30
NSGAIII,ZDT3,2,Final_HV,0.5988029262461949,0.5987585270137814,0.5988626251412899,30
NSGAIII,ZDT3,2,Best_IGD,0.00580640806422525,0.0057633233202853,0.00588032623106765,30
NSGAIII,ZDT3,2,Best_HV,0.5991695929626681,0.5991051533755134,0.5991979414771281,30
NSGAIII,ZDT3,2,TTT_igd_x100,10000.0,10000.0,10000.0,30
NSGAIII,ZDT3,2,TTT_igd_x50,10000.0,10000.0,10000.0,30
NSGAIII,ZDT3,2,TTT_igd_x20,10000.0,10000.0,10000.0,30
NSGAIII,ZDT3,2,TTT_igd_x10,10000.0,10000.0,10000.0,30
NSGAIII,ZDT3,2,TTT_igd_x5,10000.0,10000.0,10000.0,30
NSGAIII,ZDT3,2,TTT_igd_x3,10000.0,10000.0,20000.0,30
NSGAIII,ZDT3,2,TTT_igd_x2,20000.0,20000.0,20000.0,30
NSGAIII,ZDT3,2,TTT_igd_x1.5,20000.0,20000.0,20000.0,30
NSGAIII,ZDT3,2,TTT_igd_x1.2,20000.0,20000.0,20000.0,30
NSGAIII,ZDT3,2,TTT_igd_x1.0,65000.0,50000.0,80000.0,30
NSGAIII,ZDT4,2,AUC_IGD,3124.509242945538,2489.9071375708745,3537.6075988035045,30
NSGAIII,ZDT4,2,AUC_HV,61904.171416671605,61621.86449330261,62478.70092858991,30
NSGAIII,ZDT4,2,Final_IGD,0.0038943355057410997,0.00389057365274445,0.00389782426153565,30
NSGAIII,ZDT4,2,Final_HV,0.7201357290845001,0.7200944659437916,0.7201899122746716,30
NSGAIII,ZDT4,2,Best_IGD,0.0038943355057410997,0.0038905368732598,0.0038986692292648,30
NSGAIII,ZDT4,2,Best_HV,0.7201357290845001,0.7200883554064079,0.7201899122746716,30
NSGAIII,ZDT4,2,TTT_igd_x100,20000.0,15000.0,20000.0,30
NSGAIII,ZDT4,2,TTT_igd_x50,20000.0,20000.0,20000.0,30
NSGAIII,ZDT4,2,TTT_igd_x20,20000.0,20000.0,20000.0,30
NSGAIII,ZDT4,2,TTT_igd_x10,20000.0,20000.0,20000.0,30
NSGAIII,ZDT4,2,TTT_igd_x5,20000.0,20000.0,30000.0,30
NSGAIII,ZDT4,2,TTT_igd_x3,30000.0,20000.0,30000.0,30
NSGAIII,ZDT4,2,TTT_igd_x2,30000.0,30000.0,30000.0,30
NSGAIII,ZDT4,2,TTT_igd_x1.5,30000.0,30000.0,30000.0,30
NSGAIII,ZDT4,2,TTT_igd_x1.2,40000.0,30000.0,40000.0,30
NSGAIII,ZDT4,2,TTT_igd_x1.0,100000.0,100000.0,100000.0,30
NSGAIII,ZDT6,2,AUC_IGD,1162.6096097505938,1090.495949530491,1323.560508004734,30
NSGAIII,ZDT6,2,AUC_HV,33954.12374934193,33780.67171051706,34005.56139065086,30
NSGAIII,ZDT6,2,Final_IGD,0.0030012735898631,0.0030012661111461,0.00300127786553095,30
NSGAIII,ZDT6,2,Final_HV,0.38895584845053877,0.3889558428147622,0.38895585890814527,30
NSGAIII,ZDT6,2,Best_IGD,0.0030012735898631,0.0030012658681785502,0.0030012786065307,30
NSGAIII,ZDT6,2,Best_HV,0.38895584845053877,0.3889558428147622,0.38895585948066624,30
NSGAIII,ZDT6,2,TTT_igd_x100,10000.0,10000.0,10000.0,30
NSGAIII,ZDT6,2,TTT_igd_x50,20000.0,20000.0,20000.0,30
NSGAIII,ZDT6,2,TTT_igd_x20,20000.0,20000.0,20000.0,30
NSGAIII,ZDT6,2,TTT_igd_x10,20000.0,20000.0,20000.0,30
NSGAIII,ZDT6,2,TTT_igd_x5,20000.0,20000.0,20000.0,30
NSGAIII,ZDT6,2,TTT_igd_x3,20000.0,20000.0,20000.0,30
NSGAIII,ZDT6,2,TTT_igd_x2,20000.0,20000.0,30000.0,30
NSGAIII,ZDT6,2,TTT_igd_x1.5,30000.0,30000.0,30000.0,30
NSGAIII,ZDT6,2,TTT_igd_x1.2,30000.0,30000.0,30000.0,30
NSGAIII,ZDT6,2,TTT_igd_x1.0,100000.0,100000.0,100000.0,30
SPEA2,DTLZ1,2,AUC_IGD,261.708857785326,213.4006333529615,417.25637337081946,30
SPEA2,DTLZ1,2,AUC_HV,52112.09023539783,51695.18531028943,52224.69776158972,30
SPEA2,DTLZ1,2,Final_IGD,0.0018373203396421,0.0018340124479707,0.0018392429052008,30
SPEA2,DTLZ1,2,Final_HV,0.5823513069742123,0.5823130418689897,0.5824260214107799,30
SPEA2,DTLZ1,2,Best_IGD,0.0018289152866446,0.0018249759369783499,0.0018312712772631501,30
SPEA2,DTLZ1,2,Best_HV,0.5823875787223951,0.5823304511182024,0.5824290523211186,30
SPEA2,DTLZ1,2,TTT_igd_x100,10000.0,10000.0,10000.0,30
SPEA2,DTLZ1,2,TTT_igd_x50,10000.0,10000.0,10000.0,30
SPEA2,DTLZ1,2,TTT_igd_x20,10000.0,10000.0,20000.0,30
SPEA2,DTLZ1,2,TTT_igd_x10,10000.0,10000.0,20000.0,30
SPEA2,DTLZ1,2,TTT_igd_x5,20000.0,10000.0,20000.0,30
SPEA2,DTLZ1,2,TTT_igd_x3,20000.0,20000.0,20000.0,30
SPEA2,DTLZ1,2,TTT_igd_x2,20000.0,20000.0,20000.0,30
SPEA2,DTLZ1,2,TTT_igd_x1.5,20000.0,20000.0,30000.0,30
SPEA2,DTLZ1,2,TTT_igd_x1.2,30000.0,30000.0,30000.0,30
SPEA2,DTLZ1,2,TTT_igd_x1.0,80000.0,70000.0,90000.0,30
SPEA2,DTLZ1,3,AUC_IGD,1998.7239846049954,1911.7068957928082,2119.9042402640634,30
SPEA2,DTLZ1,3,AUC_HV,75284.25435009704,74969.82757401565,75481.60651837861,30
SPEA2,DTLZ1,3,Final_IGD,0.02016905963823245,0.0200897525799577,0.0202458047947286,30
SPEA2,DTLZ1,3,Final_HV,0.8424445208652016,0.8423361604274862,0.8425864756219694,30
SPEA2,DTLZ1,3,Best_IGD,0.019950255982618202,0.01990376234099065,0.01996712021191345,30
SPEA2,DTLZ1,3,Best_HV,0.8426780244632895,0.8426202105835714,0.8427446326404864,30
SPEA2,DTLZ1,3,TTT_igd_x100,10000.0,10000.0,10000.0,30
SPEA2,DTLZ1,3,TTT_igd_x50,10000.0,10000.0,10000.0,30
SPEA2,DTLZ1,3,TTT_igd_x20,10000.0,10000.0,10000.0,30
SPEA2,DTLZ1,3,TTT_igd_x10,10000.0,10000.0,10000.0,30
SPEA2,DTLZ1,3,TTT_igd_x5,10000.0,10000.0,10000.0,30
SPEA2,DTLZ1,3,TTT_igd_x3,10000.0,10000.0,20000.0,30
SPEA2,DTLZ1,3,TTT_igd_x2,20000.0,10000.0,20000.0,30
SPEA2,DTLZ1,3,TTT_igd_x1.5,20000.0,20000.0,20000.0,30
SPEA2,DTLZ1,3,TTT_igd_x1.2,20000.0,20000.0,20000.0,30
SPEA2,DTLZ1,3,TTT_igd_x1.0,80000.0,60000.0,90000.0,30
SPEA2,DTLZ2,2,AUC_IGD,376.609962444706,376.04332336863047,376.9502435512183,30
SPEA2,DTLZ2,2,AUC_HV,31251.34132683987,31250.7776320727,31252.33356039685,30
SPEA2,DTLZ2,2,Final_IGD,0.0041603100110842,0.00414347195957065,0.0041788031478131,30
SPEA2,DTLZ2,2,Final_HV,0.34728171691053267,0.34724556568633635,0.347299298440422,30
SPEA2,DTLZ2,2,Best_IGD,0.0041203866714249505,0.004108449507266651,0.0041287547928578,30
SPEA2,DTLZ2,2,Best_HV,0.3473942450714739,0.34736751066249993,0.3474115983357821,30
SPEA2,DTLZ2,2,TTT_igd_x100,10000.0,10000.0,10000.0,30
SPEA2,DTLZ2,2,TTT_igd_x50,10000.0,10000.0,10000.0,30
SPEA2,DTLZ2,2,TTT_igd_x20,10000.0,10000.0,10000.0,30
SPEA2,DTLZ2,2,TTT_igd_x10,10000.0,10000.0,10000.0,30
SPEA2,DTLZ2,2,TTT_igd_x5,10000.0,10000.0,10000.0,30
SPEA2,DTLZ2,2,TTT_igd_x3,10000.0,10000.0,10000.0,30
SPEA2,DTLZ2,2,TTT_igd_x2,10000.0,10000.0,10000.0,30
SPEA2,DTLZ2,2,TTT_igd_x1.5,10000.0,10000.0,10000.0,30
SPEA2,DTLZ2,2,TTT_igd_x1.2,10000.0,10000.0,10000.0,30
SPEA2,DTLZ2,2,TTT_igd_x1.0,60000.0,50000.0,85000.0,30
SPEA2,DTLZ2,3,AUC_IGD,4891.678083599703,4880.094684099556,4898.991378268118,30
SPEA2,DTLZ2,3,AUC_HV,49950.99144852329,49940.81351382362,49967.82968453632,30
SPEA2,DTLZ2,3,Final_IGD,0.054386426189269296,0.054333048595271646,0.05453419596909375,30
SPEA2,DTLZ2,3,Final_HV,0.5551060086028498,0.554524565198014,0.5556921012581783,30
SPEA2,DTLZ2,3,Best_IGD,0.053601746061457456,0.053423152502395044,0.053770873989850504,30
SPEA2,DTLZ2,3,Best_HV,0.5568766246918109,0.55659251411508,0.5570453645481468,30
SPEA2,DTLZ2,3,TTT_igd_x100,10000.0,10000.0,10000.0,30
SPEA2,DTLZ2,3,TTT_igd_x50,10000.0,10000.0,10000.0,30
SPEA2,DTLZ2,3,TTT_igd_x20,10000.0,10000.0,10000.0,30
SPEA2,DTLZ2,3,TTT_igd_x10,10000.0,10000.0,10000.0,30
SPEA2,DTLZ2,3,TTT_igd_x5,10000.0,10000.0,10000.0,30
SPEA2,DTLZ2,3,TTT_igd_x3,10000.0,10000.0,10000.0,30
SPEA2,DTLZ2,3,TTT_igd_x2,10000.0,10000.0,10000.0,30
SPEA2,DTLZ2,3,TTT_igd_x1.5,10000.0,10000.0,10000.0,30
SPEA2,DTLZ2,3,TTT_igd_x1.2,10000.0,10000.0,10000.0,30
SPEA2,DTLZ2,3,TTT_igd_x1.0,50000.0,40000.0,65000.0,30
SPEA2,DTLZ3,2,AUC_IGD,36131.16029386258,23534.169328038246,42949.75475849068,30
SPEA2,DTLZ3,2,AUC_HV,26131.481577485054,25659.59310697893,27727.16335857514,30
SPEA2,DTLZ3,2,Final_IGD,0.00424853817581415,0.00419314793358435,0.0043543443425304,30
SPEA2,DTLZ3,2,Final_HV,0.3464119977679224,0.3460741557109276,0.34676722890795963,30
SPEA2,DTLZ3,2,Best_IGD,0.00424853817581415,0.00418012771602305,0.0043286077819818004,30
SPEA2,DTLZ3,2,Best_HV,0.3464119977679224,0.34608309697485157,0.34679003282678633,30
SPEA2,DTLZ3,2,TTT_igd_x100,20000.0,20000.0,30000.0,30
SPEA2,DTLZ3,2,TTT_igd_x50,30000.0,20000.0,30000.0,30
SPEA2,DTLZ3,2,TTT_igd_x20,30000.0,25000.0,30000.0,30
SPEA2,DTLZ3,2,TTT_igd_x10,30000.0,30000.0,30000.0,30
SPEA2,DTLZ3,2,TTT_igd_x5,30000.0,30000.0,30000.0,30
SPEA2,DTLZ3,2,TTT_igd_x3,40000.0,35000.0,40000.0,30
SPEA2,DTLZ3,2,TTT_igd_x2,50000.0,40000.0,50000.0,30
SPEA2,DTLZ3,2,TTT_igd_x1.5,60000.0,50000.0,65000.0,30
SPEA2,DTLZ3,2,TTT_igd_x1.2,70000.0,60000.0,70000.0,30
SPEA2,DTLZ3,2,TTT_igd_x1.0,100000.0,100000.0,100000.0,30
SPEA2,DTLZ3,3,AUC_IGD,57690.92393480477,46897.53036837364,100935.1660993048,30
SPEA2,DTLZ3,3,AUC_HV,41054.89644239891,40623.22406104527,41156.227443050484,30
SPEA2,DTLZ3,3,Final_IGD,0.053316170316422856,0.0530717087407163,0.05364478861013801,30
SPEA2,DTLZ3,3,Final_HV,0.5591989583795987,0.5580502664981726,0.5603823723071718,30
SPEA2,DTLZ3,3,Best_IGD,0.052935204392781904,0.05279840702063595,0.05308856959031423,30
SPEA2,DTLZ3,3,Best_HV,0.5600320238500324,0.5585944428528762,0.5606516281681977,30
SPEA2,DTLZ3,3,TTT_igd_x100,20000.0,20000.0,20000.0,30
SPEA2,DTLZ3,3,TTT_igd_x50,20000.0,20000.0,20000.0,30
SPEA2,DTLZ3,3,TTT_igd_x20,30000.0,30000.0,30000.0,30
SPEA2,DTLZ3,3,TTT_igd_x10,30000.0,30000.0,30000.0,30
SPEA2,DTLZ3,3,TTT_igd_x5,30000.0,30000.0,30000.0,30
SPEA2,DTLZ3,3,TTT_igd_x3,30000.0,30000.0,30000.0,30
SPEA2,DTLZ3,3,TTT_igd_x2,30000.0,30000.0,30000.0,30
SPEA2,DTLZ3,3,TTT_igd_x1.5,30000.0,30000.0,40000.0,30
SPEA2,DTLZ3,3,TTT_igd_x1.2,40000.0,40000.0,40000.0,30
SPEA2,DTLZ3,3,TTT_igd_x1.0,90000.0,80000.0,90000.0,30
SPEA2,DTLZ4,2,AUC_IGD,375.74268817556276,374.8986887398378,377.0580293212805,30
SPEA2,DTLZ4,2,AUC_HV,31253.261939203647,31251.386614903186,31254.163251484904,30
SPEA2,DTLZ4,2,Final_IGD,0.004170932248304849,0.00414851865399875,0.00423552394277725,30
SPEA2,DTLZ4,2,Final_HV,0.34727769043697465,0.3471721357643762,0.34733085477647363,30
SPEA2,DTLZ4,2,Best_IGD,0.0041161433448820995,0.00410535595970035,0.0041285164705638505,30
SPEA2,DTLZ4,2,Best_HV,0.3474020350800169,0.34734327819768734,0.3474151670120717,30
SPEA2,DTLZ4,2,TTT_igd_x100,10000.0,10000.0,10000.0,30
SPEA2,DTLZ4,2,TTT_igd_x50,10000.0,10000.0,10000.0,30
SPEA2,DTLZ4,2,TTT_igd_x20,10000.0,10000.0,10000.0,30
SPEA2,DTLZ4,2,TTT_igd_x10,10000.0,10000.0,10000.0,30
SPEA2,DTLZ4,2,TTT_igd_x5,10000.0,10000.0,10000.0,30
SPEA2,DTLZ4,2,TTT_igd_x3,10000.0,10000.0,10000.0,30
SPEA2,DTLZ4,2,TTT_igd_x2,10000.0,10000.0,10000.0,30
SPEA2,DTLZ4,2,TTT_igd_x1.5,10000.0,10000.0,10000.0,30
SPEA2,DTLZ4,2,TTT_igd_x1.2,10000.0,10000.0,10000.0,30
SPEA2,DTLZ4,2,TTT_igd_x1.0,75000.0,60000.0,90000.0,30
SPEA2,DTLZ4,3,AUC_IGD,26817.778885739106,4926.120148308641,48676.23827094043,30
SPEA2,DTLZ4,3,AUC_HV,40498.74534374355,31248.89309693415,49830.692945741364,30
SPEA2,DTLZ4,3,Final_IGD,0.298225461186583,0.05470781303494355,0.5408342529776046,30
SPEA2,DTLZ4,3,Final_HV,0.44968490318732174,0.347303656733826,0.5533284039035054,30
SPEA2,DTLZ4,3,Best_IGD,0.29757417455524166,0.054114348602566795,0.5408335533491614,30
SPEA2,DTLZ4,3,Best_HV,0.45052931990826384,0.3473944380554541,0.5555533264713364,30
SPEA2,DTLZ4,3,TTT_igd_x100,10000.0,10000.0,10000.0,30
SPEA2,DTLZ4,3,TTT_igd_x50,10000.0,10000.0,10000.0,30
SPEA2,DTLZ4,3,TTT_igd_x20,10000.0,10000.0,10000.0,30
SPEA2,DTLZ4,3,TTT_igd_x10,10000.0,10000.0,10000.0,30
SPEA2,DTLZ4,3,TTT_igd_x5,10000.0,10000.0,10000.0,30
SPEA2,DTLZ4,3,TTT_igd_x3,10000.0,10000.0,10000.0,30
SPEA2,DTLZ4,3,TTT_igd_x2,10000.0,10000.0,10000.0,30
SPEA2,DTLZ4,3,TTT_igd_x1.5,10000.0,10000.0,10000.0,30
SPEA2,DTLZ4,3,TTT_igd_x1.2,10000.0,10000.0,10000.0,30
SPEA2,DTLZ4,3,TTT_igd_x1.0,70000.0,45000.0,80000.0,30
SPEA2,DTLZ5,2,AUC_IGD,376.054978697696,375.3475626337255,376.2900907539652,30
SPEA2,DTLZ5,2,AUC_HV,31251.943510399688,31250.70093113061,31252.826459479904,30
SPEA2,DTLZ5,2,Final_IGD,0.0041445077371352005,0.0041257318018059,0.0041556392183477505,30
SPEA2,DTLZ5,2,Final_HV,0.347276655112636,0.34723044498158173,0.3473114541776041,30
SPEA2,DTLZ5,2,Best_IGD,0.0041045182222289,0.0041006518431677495,0.004109656495923949,30
SPEA2,DTLZ5,2,Best_HV,0.34739233552273696,0.34737445604201506,0.347411324744844,30
SPEA2,DTLZ5,2,TTT_igd_x100,10000.0,10000.0,10000.0,30
SPEA2,DTLZ5,2,TTT_igd_x50,10000.0,10000.0,10000.0,30
SPEA2,DTLZ5,2,TTT_igd_x20,10000.0,10000.0,10000.0,30
SPEA2,DTLZ5,2,TTT_igd_x10,10000.0,10000.0,10000.0,30
SPEA2,DTLZ5,2,TTT_igd_x5,10000.0,10000.0,10000.0,30
SPEA2,DTLZ5,2,TTT_igd_x3,10000.0,10000.0,10000.0,30
SPEA2,DTLZ5,2,TTT_igd_x2,10000.0,10000.0,10000.0,30
SPEA2,DTLZ5,2,TTT_igd_x1.5,10000.0,10000.0,10000.0,30
SPEA2,DTLZ5,2,TTT_igd_x1.2,10000.0,10000.0,10000.0,30
SPEA2,DTLZ5,2,TTT_igd_x1.0,60000.0,50000.0,75000.0,30
SPEA2,DTLZ5,3,AUC_IGD,402.83114782062876,401.42345194111897,404.8541797463892,30
SPEA2,DTLZ5,3,AUC_HV,17953.55650024816,17952.151173144797,17955.313607989978,30
SPEA2,DTLZ5,3,Final_IGD,0.0044068836025246,0.0043347121837033,0.004435832398959,30
SPEA2,DTLZ5,3,Final_HV,0.19964570331059028,0.1995817902774767,0.19967776662324946,30
SPEA2,DTLZ5,3,Best_IGD,0.0042921267570683996,0.0042767958755914,0.00431862809947625,30
SPEA2,DTLZ5,3,Best_HV,0.19976156881969245,0.19974039181756045,0.1997848113520326,30
SPEA2,DTLZ5,3,TTT_igd_x100,10000.0,10000.0,10000.0,30
SPEA2,DTLZ5,3,TTT_igd_x50,10000.0,10000.0,10000.0,30
SPEA2,DTLZ5,3,TTT_igd_x20,10000.0,10000.0,10000.0,30
SPEA2,DTLZ5,3,TTT_igd_x10,10000.0,10000.0,10000.0,30
SPEA2,DTLZ5,3,TTT_igd_x5,10000.0,10000.0,10000.0,30
SPEA2,DTLZ5,3,TTT_igd_x3,10000.0,10000.0,10000.0,30
SPEA2,DTLZ5,3,TTT_igd_x2,10000.0,10000.0,10000.0,30
SPEA2,DTLZ5,3,TTT_igd_x1.5,10000.0,10000.0,10000.0,30
SPEA2,DTLZ5,3,TTT_igd_x1.2,20000.0,10000.0,20000.0,30
SPEA2,DTLZ5,3,TTT_igd_x1.0,70000.0,60000.0,80000.0,30
SPEA2,DTLZ6,2,AUC_IGD,368.093551572024,367.38081701639874,368.332668453809,30
SPEA2,DTLZ6,2,AUC_HV,31279.871693686564,31279.62192811928,31280.30652447173,30
SPEA2,DTLZ6,2,Final_IGD,0.0040941225912245,0.00406840703177545,0.00409893487678865,30
SPEA2,DTLZ6,2,Final_HV,0.34754135197427205,0.34752675567914637,0.34758215451099495,30
SPEA2,DTLZ6,2,Best_IGD,0.004045391475430199,0.0040396550500798,0.004050187741389899,30
SPEA2,DTLZ6,2,Best_HV,0.3476053900034246,0.3476007973598739,0.3476182127107475,30
SPEA2,DTLZ6,2,TTT_igd_x100,10000.0,10000.0,10000.0,30
SPEA2,DTLZ6,2,TTT_igd_x50,10000.0,10000.0,10000.0,30
SPEA2,DTLZ6,2,TTT_igd_x20,10000.0,10000.0,10000.0,30
SPEA2,DTLZ6,2,TTT_igd_x10,10000.0,10000.0,10000.0,30
SPEA2,DTLZ6,2,TTT_igd_x5,10000.0,10000.0,10000.0,30
SPEA2,DTLZ6,2,TTT_igd_x3,10000.0,10000.0,10000.0,30
SPEA2,DTLZ6,2,TTT_igd_x2,10000.0,10000.0,10000.0,30
SPEA2,DTLZ6,2,TTT_igd_x1.5,10000.0,10000.0,10000.0,30
SPEA2,DTLZ6,2,TTT_igd_x1.2,10000.0,10000.0,10000.0,30
SPEA2,DTLZ6,2,TTT_igd_x1.0,75000.0,45000.0,80000.0,30
SPEA2,DTLZ6,3,AUC_IGD,368.17719036224946,367.62217333768,368.549365646208,30
SPEA2,DTLZ6,3,AUC_HV,18005.812923135643,18005.20543109312,18006.58690751422,30
SPEA2,DTLZ6,3,Final_IGD,0.00409552577353765,0.0040854825505419,0.00410420778915845,30
SPEA2,DTLZ6,3,Final_HV,0.20006251251472204,0.20005084677645,0.20007431053639765,30
SPEA2,DTLZ6,3,Best_IGD,0.0040474463911786,0.0040421076307359995,0.0040560780309064,30
SPEA2,DTLZ6,3,Best_HV,0.20012899396090375,0.2001192855693171,0.20013490602872985,30
SPEA2,DTLZ6,3,TTT_igd_x100,10000.0,10000.0,10000.0,30
SPEA2,DTLZ6,3,TTT_igd_x50,10000.0,10000.0,10000.0,30
SPEA2,DTLZ6,3,TTT_igd_x20,10000.0,10000.0,10000.0,30
SPEA2,DTLZ6,3,TTT_igd_x10,10000.0,10000.0,10000.0,30
SPEA2,DTLZ6,3,TTT_igd_x5,10000.0,10000.0,10000.0,30
SPEA2,DTLZ6,3,TTT_igd_x3,10000.0,10000.0,10000.0,30
SPEA2,DTLZ6,3,TTT_igd_x2,10000.0,10000.0,10000.0,30
SPEA2,DTLZ6,3,TTT_igd_x1.5,10000.0,10000.0,10000.0,30
SPEA2,DTLZ6,3,TTT_igd_x1.2,10000.0,10000.0,10000.0,30
SPEA2,DTLZ6,3,TTT_igd_x1.0,50000.0,40000.0,55000.0,30
SPEA2,DTLZ7,2,AUC_IGD,448.1121081302545,446.75438689169096,450.0030477617835,30
SPEA2,DTLZ7,2,AUC_HV,21842.35821587759,21839.896045070636,21843.53591742853,30
SPEA2,DTLZ7,2,Final_IGD,0.0047981172845934,0.0047756887355552505,0.004816855347575401,30
SPEA2,DTLZ7,2,Final_HV,0.24288085769962145,0.24287584753304015,0.24289303737895884,30
SPEA2,DTLZ7,2,Best_IGD,0.00465952166573665,0.0046402376357548,0.00468064586625235,30
SPEA2,DTLZ7,2,Best_HV,0.242914953404193,0.24291150331796718,0.24292087237434656,30
SPEA2,DTLZ7,2,TTT_igd_x100,10000.0,10000.0,10000.0,30
SPEA2,DTLZ7,2,TTT_igd_x50,10000.0,10000.0,10000.0,30
SPEA2,DTLZ7,2,TTT_igd_x20,10000.0,10000.0,10000.0,30
SPEA2,DTLZ7,2,TTT_igd_x10,10000.0,10000.0,10000.0,30
SPEA2,DTLZ7,2,TTT_igd_x5,10000.0,10000.0,10000.0,30
SPEA2,DTLZ7,2,TTT_igd_x3,10000.0,10000.0,10000.0,30
SPEA2,DTLZ7,2,TTT_igd_x2,10000.0,10000.0,10000.0,30
SPEA2,DTLZ7,2,TTT_igd_x1.5,20000.0,20000.0,20000.0,30
SPEA2,DTLZ7,2,TTT_igd_x1.2,20000.0,20000.0,20000.0,30
SPEA2,DTLZ7,2,TTT_igd_x1.0,60000.0,50000.0,70000.0,30
SPEA2,DTLZ7,3,AUC_IGD,5501.976683907751,5481.402304715388,5525.33523828846,30
SPEA2,DTLZ7,3,AUC_HV,24795.29857776282,24779.297182771024,24818.93236014869,30
SPEA2,DTLZ7,3,Final_IGD,0.06044747212979905,0.060055554336137296,0.06103537686467275,30
SPEA2,DTLZ7,3,Final_HV,0.27686295861521937,0.276665113383236,0.2772603223601733,30
SPEA2,DTLZ7,3,Best_IGD,0.0582849744175481,0.0580501389476881,0.05866047156751475,30
SPEA2,DTLZ7,3,Best_HV,0.2779148549782487,0.2776381529585128,0.2781644949402144,30
SPEA2,DTLZ7,3,TTT_igd_x100,10000.0,10000.0,10000.0,30
SPEA2,DTLZ7,3,TTT_igd_x50,10000.0,10000.0,10000.0,30
SPEA2,DTLZ7,3,TTT_igd_x20,10000.0,10000.0,10000.0,30
SPEA2,DTLZ7,3,TTT_igd_x10,10000.0,10000.0,10000.0,30
SPEA2,DTLZ7,3,TTT_igd_x5,10000.0,10000.0,10000.0,30
SPEA2,DTLZ7,3,TTT_igd_x3,10000.0,10000.0,10000.0,30
SPEA2,DTLZ7,3,TTT_igd_x2,10000.0,10000.0,10000.0,30
SPEA2,DTLZ7,3,TTT_igd_x1.5,10000.0,10000.0,10000.0,30
SPEA2,DTLZ7,3,TTT_igd_x1.2,20000.0,20000.0,20000.0,30
SPEA2,DTLZ7,3,TTT_igd_x1.0,70000.0,50000.0,75000.0,30
SPEA2,MaF1,2,AUC_IGD,343.92597025237296,343.2920346825081,344.73731198031476,30
SPEA2,MaF1,2,AUC_HV,52381.05520724565,52379.75545708892,52382.4788966989,30
SPEA2,MaF1,2,Final_IGD,0.0038083160278321,0.0037916353826660002,0.0038246084659523,30
SPEA2,MaF1,2,Final_HV,0.5820655320745826,0.5820287504321768,0.5820885509979589,30
SPEA2,MaF1,2,Best_IGD,0.0037474654140116003,0.0037383870098695003,0.0037573328359199,30
SPEA2,MaF1,2,Best_HV,0.5821719347913679,0.5821475786360008,0.5822029230018286,30
SPEA2,MaF1,2,TTT_igd_x100,10000.0,10000.0,10000.0,30
SPEA2,MaF1,2,TTT_igd_x50,10000.0,10000.0,10000.0,30
SPEA2,MaF1,2,TTT_igd_x20,10000.0,10000.0,10000.0,30
SPEA2,MaF1,2,TTT_igd_x10,10000.0,10000.0,10000.0,30
SPEA2,MaF1,2,TTT_igd_x5,10000.0,10000.0,10000.0,30
SPEA2,MaF1,2,TTT_igd_x3,10000.0,10000.0,10000.0,30
SPEA2,MaF1,2,TTT_igd_x2,10000.0,10000.0,10000.0,30
SPEA2,MaF1,2,TTT_igd_x1.5,10000.0,10000.0,10000.0,30
SPEA2,MaF1,2,TTT_igd_x1.2,10000.0,10000.0,10000.0,30
SPEA2,MaF1,2,TTT_igd_x1.0,70000.0,60000.0,80000.0,30
SPEA2,MaF1,3,AUC_IGD,3763.741689819269,3758.262194811217,3771.7903210561794,30
SPEA2,MaF1,3,AUC_HV,19659.372028682006,19635.528221005676,19665.319539969376,30
SPEA2,MaF1,3,Final_IGD,0.0418297281589151,0.04152614833931095,0.0420388687369019,30
SPEA2,MaF1,3,Final_HV,0.21867142978593718,0.21828484948707882,0.21887930903676145,30
SPEA2,MaF1,3,Best_IGD,0.0412164416251703,0.04105577434895485,0.04130066647282945,30
SPEA2,MaF1,3,Best_HV,0.21952833526513577,0.2193123188371039,0.2197084961066351,30
SPEA2,MaF1,3,TTT_igd_x100,10000.0,10000.0,10000.0,30
SPEA2,MaF1,3,TTT_igd_x50,10000.0,10000.0,10000.0,30
SPEA2,MaF1,3,TTT_igd_x20,10000.0,10000.0,10000.0,30
SPEA2,MaF1,3,TTT_igd_x10,10000.0,10000.0,10000.0,30
SPEA2,MaF1,3,TTT_igd_x5,10000.0,10000.0,10000.0,30
SPEA2,MaF1,3,TTT_igd_x3,10000.0,10000.0,10000.0,30
SPEA2,MaF1,3,TTT_igd_x2,10000.0,10000.0,10000.0,30
SPEA2,MaF1,3,TTT_igd_x1.5,10000.0,10000.0,10000.0,30
SPEA2,MaF1,3,TTT_igd_x1.2,10000.0,10000.0,10000.0,30
SPEA2,MaF1,3,TTT_igd_x1.0,70000.0,50000.0,80000.0,30
SPEA2,MaF2,2,AUC_IGD,197.14426869278776,196.7117277356935,197.58799671042652,30
SPEA2,MaF2,2,AUC_HV,18651.561145656884,18651.07742569828,18652.097735146202,30
SPEA2,MaF2,2,Final_IGD,0.00219034999001895,0.00218639645504865,0.0022033487019174503,30
SPEA2,MaF2,2,Final_HV,0.2072495961993887,0.2072231151205649,0.20725843813545713,30
SPEA2,MaF2,2,Best_IGD,0.00214339087843525,0.0021378039875523,0.00215399863758445,30
SPEA2,MaF2,2,Best_HV,0.20731806448239543,0.2072981167869476,0.20733273072279168,30
SPEA2,MaF2,2,TTT_igd_x100,10000.0,10000.0,10000.0,30
SPEA2,MaF2,2,TTT_igd_x50,10000.0,10000.0,10000.0,30
SPEA2,MaF2,2,TTT_igd_x20,10000.0,10000.0,10000.0,30
SPEA2,MaF2,2,TTT_igd_x10,10000.0,10000.0,10000.0,30
SPEA2,MaF2,2,TTT_igd_x5,10000.0,10000.0,10000.0,30
SPEA2,MaF2,2,TTT_igd_x3,10000.0,10000.0,10000.0,30
SPEA2,MaF2,2,TTT_igd_x2,10000.0,10000.0,10000.0,30
SPEA2,MaF2,2,TTT_igd_x1.5,10000.0,10000.0,10000.0,30
SPEA2,MaF2,2,TTT_igd_x1.2,10000.0,10000.0,10000.0,30
SPEA2,MaF2,2,TTT_igd_x1.0,60000.0,45000.0,70000.0,30
SPEA2,MaF2,3,AUC_IGD,2889.609421472186,2862.2601873297635,2921.6762471046904,30
SPEA2,MaF2,3,AUC_HV,21518.54967020153,21494.264377120606,21538.737038845207,30
SPEA2,MaF2,3,Final_IGD,0.0316255189433903,0.0311783041719964,0.03249169657555865,30
SPEA2,MaF2,3,Final_HV,0.2393092095508199,0.2389588435427653,0.23986955491242995,30
SPEA2,MaF2,3,Best_IGD,0.03071796525297225,0.030373152426398903,0.03099260104242445,30
SPEA2,MaF2,3,Best_HV,0.24097391934735615,0.2406266225957462,0.2413017327195136,30
SPEA2,MaF2,3,TTT_igd_x100,10000.0,10000.0,10000.0,30
SPEA2,MaF2,3,TTT_igd_x50,10000.0,10000.0,10000.0,30
SPEA2,MaF2,3,TTT_igd_x20,10000.0,10000.0,10000.0,30
SPEA2,MaF2,3,TTT_igd_x10,10000.0,10000.0,10000.0,30
SPEA2,MaF2,3,TTT_igd_x5,10000.0,10000.0,10000.0,30
SPEA2,MaF2,3,TTT_igd_x3,10000.0,10000.0,10000.0,30
SPEA2,MaF2,3,TTT_igd_x2,10000.0,10000.0,10000.0,30
SPEA2,MaF2,3,TTT_igd_x1.5,10000.0,10000.0,10000.0,30
SPEA2,MaF2,3,TTT_igd_x1.2,10000.0,10000.0,10000.0,30
SPEA2,MaF2,3,TTT_igd_x1.0,70000.0,55000.0,80000.0,30
SPEA2,MaF3,2,AUC_IGD,261174.11856402073,158620.35555611085,341257.9230444693,30
SPEA2,MaF3,2,AUC_HV,53460.94281175613,53236.71319370948,53570.2497790355,30
SPEA2,MaF3,2,Final_IGD,0.0042621014271873505,0.004157555706643249,0.0045469568633132,30
SPEA2,MaF3,2,Final_HV,0.7188396344879733,0.7183443609165123,0.7192396855725192,30
SPEA2,MaF3,2,Best_IGD,0.0042575845519845,0.0041359687750377495,0.004546451083833751,30
SPEA2,MaF3,2,Best_HV,0.7188396344879733,0.7183443609165123,0.7192080990851364,30
SPEA2,MaF3,2,TTT_igd_x100,30000.0,30000.0,30000.0,30
SPEA2,MaF3,2,TTT_igd_x50,30000.0,30000.0,30000.0,30
SPEA2,MaF3,2,TTT_igd_x20,30000.0,30000.0,30000.0,30
SPEA2,MaF3,2,TTT_igd_x10,30000.0,30000.0,30000.0,30
SPEA2,MaF3,2,TTT_igd_x5,40000.0,40000.0,40000.0,30
SPEA2,MaF3,2,TTT_igd_x3,40000.0,40000.0,50000.0,30
SPEA2,MaF3,2,TTT_igd_x2,50000.0,40000.0,60000.0,30
SPEA2,MaF3,2,TTT_igd_x1.5,60000.0,50000.0,65000.0,30
SPEA2,MaF3,2,TTT_igd_x1.2,70000.0,70000.0,80000.0,30
SPEA2,MaF3,2,TTT_igd_x1.0,100000.0,100000.0,100000.0,30
SPEA2,MaF3,3,AUC_IGD,367938.26488469547,189531.85296332624,672263.1920355834,30
SPEA2,MaF3,3,AUC_HV,71718.31248799583,71421.44071927693,73487.96583841747,30
SPEA2,MaF3,3,Final_IGD,0.0331729103561416,0.03291385541322715,0.033451251513020946,30
SPEA2,MaF3,3,Final_HV,0.9624800318705878,0.9621849383860785,0.9627683605543951,30
SPEA2,MaF3,3,Best_IGD,0.032840882883268696,0.03245268177231335,0.0332488202742786,30
SPEA2,MaF3,3,Best_HV,0.9625241483610758,0.9621833387514148,0.9628114111019038,30
SPEA2,MaF3,3,TTT_igd_x100,25000.0,20000.0,30000.0,30
SPEA2,MaF3,3,TTT_igd_x50,30000.0,25000.0,30000.0,30
SPEA2,MaF3,3,TTT_igd_x20,30000.0,25000.0,30000.0,30
SPEA2,MaF3,3,TTT_igd_x10,30000.0,30000.0,30000.0,30
SPEA2,MaF3,3,TTT_igd_x5,30000.0,30000.0,30000.0,30
SPEA2,MaF3,3,TTT_igd_x3,30000.0,30000.0,30000.0,30
SPEA2,MaF3,3,TTT_igd_x2,40000.0,30000.0,40000.0,30
SPEA2,MaF3,3,TTT_igd_x1.5,40000.0,40000.0,40000.0,30
SPEA2,MaF3,3,TTT_igd_x1.2,50000.0,40000.0,50000.0,30
SPEA2,MaF3,3,TTT_igd_x1.0,100000.0,90000.0,100000.0,30
SPEA2,MaF4,2,AUC_IGD,41869.07973449656,30824.896966852517,47657.54576559139,30
SPEA2,MaF4,2,AUC_HV,67473.57935675871,64830.414995562925,68969.33169539718,30
SPEA2,MaF4,2,Final_IGD,0.012725519378616549,0.0126397387230845,0.0128765252330815,30
SPEA2,MaF4,2,Final_HV,0.8186248876796451,0.8184173204842615,0.8187829900755728,30
SPEA2,MaF4,2,Best_IGD,0.01265912848575435,0.012573030636062,0.01276482451333655,30
SPEA2,MaF4,2,Best_HV,0.8186248876796451,0.8184247046542035,0.8187875113584306,30
SPEA2,MaF4,2,TTT_igd_x100,20000.0,20000.0,20000.0,30
SPEA2,MaF4,2,TTT_igd_x50,25000.0,20000.0,30000.0,30
SPEA2,MaF4,2,TTT_igd_x20,25000.0,20000.0,30000.0,30
SPEA2,MaF4,2,TTT_igd_x10,30000.0,20000.0,30000.0,30
SPEA2,MaF4,2,TTT_igd_x5,30000.0,30000.0,30000.0,30
SPEA2,MaF4,2,TTT_igd_x3,30000.0,30000.0,30000.0,30
SPEA2,MaF4,2,TTT_igd_x2,30000.0,30000.0,40000.0,30
SPEA2,MaF4,2,TTT_igd_x1.5,40000.0,40000.0,40000.0,30
SPEA2,MaF4,2,TTT_igd_x1.2,50000.0,40000.0,50000.0,30
SPEA2,MaF4,2,TTT_igd_x1.0,95000.0,90000.0,100000.0,30
SPEA2,MaF4,3,AUC_IGD,160026.07344811177,127126.8168795276,235412.035312446,30
SPEA2,MaF4,3,AUC_HV,38723.15321408646,38070.72640066741,39116.63235393884,30
SPEA2,MaF4,3,Final_IGD,0.24092848099513214,0.23947251103877382,0.2431331965510469,30
SPEA2,MaF4,3,Final_HV,0.5306714601590726,0.5303154788333492,0.5315429318674154,30
SPEA2,MaF4,3,Best_IGD,0.23918123109816264,0.2377872075708264,0.2402703874683254,30
SPEA2,MaF4,3,Best_HV,0.531238838189858,0.5305800017924176,0.5316966550592612,30
SPEA2,MaF4,3,TTT_igd_x100,10000.0,10000.0,20000.0,30
SPEA2,MaF4,3,TTT_igd_x50,20000.0,20000.0,20000.0,30
SPEA2,MaF4,3,TTT_igd_x20,20000.0,20000.0,30000.0,30
SPEA2,MaF4,3,TTT_igd_x10,30000.0,30000.0,30000.0,30
SPEA2,MaF4,3,TTT_igd_x5,30000.0,30000.0,30000.0,30
SPEA2,MaF4,3,TTT_igd_x3,30000.0,30000.0,30000.0,30
SPEA2,MaF4,3,TTT_igd_x2,30000.0,30000.0,30000.0,30
SPEA2,MaF4,3,TTT_igd_x1.5,30000.0,30000.0,40000.0,30
SPEA2,MaF4,3,TTT_igd_x1.2,40000.0,40000.0,40000.0,30
SPEA2,MaF4,3,TTT_igd_x1.0,90000.0,80000.0,90000.0,30
SPEA2,MaF5,2,AUC_IGD,1157.5918254274875,1155.823118419612,1161.99417715523,30
SPEA2,MaF5,2,AUC_HV,31243.8073540164,31242.54004768541,31245.576575384104,30
SPEA2,MaF5,2,Final_IGD,0.01286566700817905,0.0127902418612371,0.0129557718135415,30
SPEA2,MaF5,2,Final_HV,0.34717772523099744,0.3470645858850131,0.34721404421387964,30
SPEA2,MaF5,2,Best_IGD,0.012624364549672251,0.01259492177634335,0.0126653627428835,30
SPEA2,MaF5,2,Best_HV,0.34732466762933,0.34727270432617485,0.34735054006428046,30
SPEA2,MaF5,2,TTT_igd_x100,10000.0,10000.0,10000.0,30
SPEA2,MaF5,2,TTT_igd_x50,10000.0,10000.0,10000.0,30
SPEA2,MaF5,2,TTT_igd_x20,10000.0,10000.0,10000.0,30
SPEA2,MaF5,2,TTT_igd_x10,10000.0,10000.0,10000.0,30
SPEA2,MaF5,2,TTT_igd_x5,10000.0,10000.0,10000.0,30
SPEA2,MaF5,2,TTT_igd_x3,10000.0,10000.0,10000.0,30
SPEA2,MaF5,2,TTT_igd_x2,10000.0,10000.0,10000.0,30
SPEA2,MaF5,2,TTT_igd_x1.5,10000.0,10000.0,10000.0,30
SPEA2,MaF5,2,TTT_igd_x1.2,10000.0,10000.0,10000.0,30
SPEA2,MaF5,2,TTT_igd_x1.0,80000.0,65000.0,90000.0,30
SPEA2,MaF5,3,AUC_IGD,22067.905077772004,22038.480389308468,22153.32881031065,30
SPEA2,MaF5,3,AUC_HV,49839.48931945331,49805.59752614109,49852.709844136116,30
SPEA2,MaF5,3,Final_IGD,0.24581387893965967,0.24376696969709621,0.2486842021062952,30
SPEA2,MaF5,3,Final_HV,0.5538907253916872,0.552668539492319,0.5545674746466669,30
SPEA2,MaF5,3,Best_IGD,0.24112939073653206,0.2403887685048477,0.2430175789975197,30
SPEA2,MaF5,3,Best_HV,0.5557096482793455,0.5549473726381209,0.5558943752079727,30
SPEA2,MaF5,3,TTT_igd_x100,10000.0,10000.0,10000.0,30
SPEA2,MaF5,3,TTT_igd_x50,10000.0,10000.0,10000.0,30
SPEA2,MaF5,3,TTT_igd_x20,10000.0,10000.0,10000.0,30
SPEA2,MaF5,3,TTT_igd_x10,10000.0,10000.0,10000.0,30
SPEA2,MaF5,3,TTT_igd_x5,10000.0,10000.0,10000.0,30
SPEA2,MaF5,3,TTT_igd_x3,10000.0,10000.0,10000.0,30
SPEA2,MaF5,3,TTT_igd_x2,10000.0,10000.0,10000.0,30
SPEA2,MaF5,3,TTT_igd_x1.5,10000.0,10000.0,10000.0,30
SPEA2,MaF5,3,TTT_igd_x1.2,10000.0,10000.0,10000.0,30
SPEA2,MaF5,3,TTT_igd_x1.0,70000.0,55000.0,85000.0,30
SPEA2,MaF6,2,AUC_IGD,375.31986854934155,374.6278471784158,377.11838636574396,30
SPEA2,MaF6,2,AUC_HV,31258.775520530704,31256.510596278793,31259.927918405283,30
SPEA2,MaF6,2,Final_IGD,0.00408301388497345,0.0040717585015203495,0.00409901587605205,30
SPEA2,MaF6,2,Final_HV,0.34751246118468815,0.347480149003228,0.34753552400952326,30
SPEA2,MaF6,2,Best_IGD,0.00403874546966355,0.0040310485259467,0.0040465878034884,30
SPEA2,MaF6,2,Best_HV,0.34758423511062697,0.34756632206182847,0.34760233987572914,30
SPEA2,MaF6,2,TTT_igd_x100,10000.0,10000.0,10000.0,30
SPEA2,MaF6,2,TTT_igd_x50,10000.0,10000.0,10000.0,30
SPEA2,MaF6,2,TTT_igd_x20,10000.0,10000.0,10000.0,30
SPEA2,MaF6,2,TTT_igd_x10,10000.0,10000.0,10000.0,30
SPEA2,MaF6,2,TTT_igd_x5,10000.0,10000.0,10000.0,30
SPEA2,MaF6,2,TTT_igd_x3,10000.0,10000.0,10000.0,30
SPEA2,MaF6,2,TTT_igd_x2,10000.0,10000.0,10000.0,30
SPEA2,MaF6,2,TTT_igd_x1.5,10000.0,10000.0,10000.0,30
SPEA2,MaF6,2,TTT_igd_x1.2,20000.0,20000.0,20000.0,30
SPEA2,MaF6,2,TTT_igd_x1.0,60000.0,40000.0,80000.0,30
SPEA2,MaF6,3,AUC_IGD,375.82997376589174,374.28536065053174,377.7026949119312,30
SPEA2,MaF6,3,AUC_HV,17988.73517140119,17986.83125025741,17989.965979541885,30
SPEA2,MaF6,3,Final_IGD,0.0040812512125467,0.0040614160664754,0.00410099838375595,30
SPEA2,MaF6,3,Final_HV,0.2000475405715906,0.2000357181836806,0.20008312462964156,30
SPEA2,MaF6,3,Best_IGD,0.00404258804186125,0.00403873306545075,0.00404914413146395,30
SPEA2,MaF6,3,Best_HV,0.20011353890820288,0.2001042777797311,0.2001215186292697,30
SPEA2,MaF6,3,TTT_igd_x100,10000.0,10000.0,10000.0,30
SPEA2,MaF6,3,TTT_igd_x50,10000.0,10000.0,10000.0,30
SPEA2,MaF6,3,TTT_igd_x20,10000.0,10000.0,10000.0,30
SPEA2,MaF6,3,TTT_igd_x10,10000.0,10000.0,10000.0,30
SPEA2,MaF6,3,TTT_igd_x5,10000.0,10000.0,10000.0,30
SPEA2,MaF6,3,TTT_igd_x3,10000.0,10000.0,10000.0,30
SPEA2,MaF6,3,TTT_igd_x2,10000.0,10000.0,10000.0,30
SPEA2,MaF6,3,TTT_igd_x1.5,10000.0,10000.0,10000.0,30
SPEA2,MaF6,3,TTT_igd_x1.2,20000.0,20000.0,20000.0,30
SPEA2,MaF6,3,TTT_igd_x1.0,70000.0,55000.0,90000.0,30
SPEA2,MaF7,2,AUC_IGD,447.0764210329055,442.0383503559675,451.1451272920529,30
SPEA2,MaF7,2,AUC_HV,21843.55377961207,21840.488022189937,21844.95897211339,30
SPEA2,MaF7,2,Final_IGD,0.0047641139461375,0.0047164516357286,0.0048074875730547,30
SPEA2,MaF7,2,Final_HV,0.24288838843131189,0.2428765288933409,0.24289993150020134,30
SPEA2,MaF7,2,Best_IGD,0.0046285600442924,0.0046139686485704,0.00466093134101815,30
SPEA2,MaF7,2,Best_HV,0.24292019200696746,0.2429118101112323,0.24292307413585856,30
SPEA2,MaF7,2,TTT_igd_x100,10000.0,10000.0,10000.0,30
SPEA2,MaF7,2,TTT_igd_x50,10000.0,10000.0,10000.0,30
SPEA2,MaF7,2,TTT_igd_x20,10000.0,10000.0,10000.0,30
SPEA2,MaF7,2,TTT_igd_x10,10000.0,10000.0,10000.0,30
SPEA2,MaF7,2,TTT_igd_x5,10000.0,10000.0,10000.0,30
SPEA2,MaF7,2,TTT_igd_x3,10000.0,10000.0,10000.0,30
SPEA2,MaF7,2,TTT_igd_x2,10000.0,10000.0,10000.0,30
SPEA2,MaF7,2,TTT_igd_x1.5,20000.0,20000.0,20000.0,30
SPEA2,MaF7,2,TTT_igd_x1.2,20000.0,20000.0,20000.0,30
SPEA2,MaF7,2,TTT_igd_x1.0,60000.0,50000.0,70000.0,30
SPEA2,MaF7,3,AUC_IGD,5508.771559507817,5492.283481792913,5526.667322717671,30
SPEA2,MaF7,3,AUC_HV,24800.63906455465,24787.742361867153,24817.72200722243,30
SPEA2,MaF7,3,Final_IGD,0.06019439281436295,0.059762629557588105,0.060678425395596,30
SPEA2,MaF7,3,Final_HV,0.27700550757123277,0.27674901845718614,0.27715396173391305,30
SPEA2,MaF7,3,Best_IGD,0.05855386700817205,0.058298708212376746,0.0590689031336131,30
SPEA2,MaF7,3,Best_HV,0.27796381418180194,0.2777914282237895,0.27810728255537204,30
SPEA2,MaF7,3,TTT_igd_x100,10000.0,10000.0,10000.0,30
SPEA2,MaF7,3,TTT_igd_x50,10000.0,10000.0,10000.0,30
SPEA2,MaF7,3,TTT_igd_x20,10000.0,10000.0,10000.0,30
SPEA2,MaF7,3,TTT_igd_x10,10000.0,10000.0,10000.0,30
SPEA2,MaF7,3,TTT_igd_x5,10000.0,10000.0,10000.0,30
SPEA2,MaF7,3,TTT_igd_x3,10000.0,10000.0,10000.0,30
SPEA2,MaF7,3,TTT_igd_x2,10000.0,10000.0,10000.0,30
SPEA2,MaF7,3,TTT_igd_x1.5,10000.0,10000.0,10000.0,30
SPEA2,MaF7,3,TTT_igd_x1.2,20000.0,20000.0,20000.0,30
SPEA2,MaF7,3,TTT_igd_x1.0,65000.0,50000.0,80000.0,30
SPEA2,WFG1,2,AUC_IGD,8801.704676632562,8054.9696409935,9360.657371813353,30
SPEA2,WFG1,2,AUC_HV,59320.73518767046,59131.55093427815,59731.99359662565,30
SPEA2,WFG1,2,Final_IGD,0.0314401916987426,0.0211831930515602,0.04551473668509565,30
SPEA2,WFG1,2,Final_HV,0.6844634582958393,0.6815058174628583,0.687349890608389,30
SPEA2,WFG1,2,Best_IGD,0.0314401916987426,0.0212697313614339,0.04551473668509565,30
SPEA2,WFG1,2,Best_HV,0.6844634582958393,0.6815058174628583,0.687349890608389,30
SPEA2,WFG1,2,TTT_igd_x100,10000.0,10000.0,10000.0,30
SPEA2,WFG1,2,TTT_igd_x50,10000.0,10000.0,10000.0,30
SPEA2,WFG1,2,TTT_igd_x20,10000.0,10000.0,10000.0,30
SPEA2,WFG1,2,TTT_igd_x10,10000.0,10000.0,20000.0,30
SPEA2,WFG1,2,TTT_igd_x5,20000.0,20000.0,30000.0,30
SPEA2,WFG1,2,TTT_igd_x3,40000.0,20000.0,60000.0,30
SPEA2,WFG1,2,TTT_igd_x2,70000.0,60000.0,80000.0,30
SPEA2,WFG1,2,TTT_igd_x1.5,80000.0,80000.0,90000.0,30
SPEA2,WFG1,2,TTT_igd_x1.2,90000.0,85000.0,100000.0,30
SPEA2,WFG1,2,TTT_igd_x1.0,100000.0,100000.0,100000.0,30
SPEA2,WFG1,3,AUC_IGD,16421.25434010898,16210.321176255817,16863.290143365954,30
SPEA2,WFG1,3,AUC_HV,83078.03287621566,82937.39768371882,83273.86397073464,30
SPEA2,WFG1,3,Final_IGD,0.1524297701956699,0.15105661292704364,0.15356207190342056,30
SPEA2,WFG1,3,Final_HV,0.9444968133101949,0.9439282671335802,0.9448136486035411,30
SPEA2,WFG1,3,Best_IGD,0.14812861552402595,0.1470674824603374,0.148726689927358,30
SPEA2,WFG1,3,Best_HV,0.945244348051713,0.9449031770848544,0.9458041065459881,30
SPEA2,WFG1,3,TTT_igd_x100,10000.0,10000.0,10000.0,30
SPEA2,WFG1,3,TTT_igd_x50,10000.0,10000.0,10000.0,30
SPEA2,WFG1,3,TTT_igd_x20,10000.0,10000.0,10000.0,30
SPEA2,WFG1,3,TTT_igd_x10,10000.0,10000.0,10000.0,30
SPEA2,WFG1,3,TTT_igd_x5,10000.0,10000.0,10000.0,30
SPEA2,WFG1,3,TTT_igd_x3,20000.0,20000.0,20000.0,30
SPEA2,WFG1,3,TTT_igd_x2,20000.0,20000.0,20000.0,30
SPEA2,WFG1,3,TTT_igd_x1.5,25000.0,20000.0,30000.0,30
SPEA2,WFG1,3,TTT_igd_x1.2,30000.0,30000.0,30000.0,30
SPEA2,WFG1,3,TTT_igd_x1.0,65000.0,60000.0,85000.0,30
SPEA2,WFG2,2,AUC_IGD,1048.5944894263114,1037.7469963751814,1056.6296643836206,30
SPEA2,WFG2,2,AUC_HV,56914.15020423407,56902.97740129529,56929.88866534928,30
SPEA2,WFG2,2,Final_IGD,0.01109908731323465,0.01096182309403175,0.0111997350051283,30
SPEA2,WFG2,2,Final_HV,0.6331953519031287,0.633021805714765,0.6333146817100974,30
SPEA2,WFG2,2,Best_IGD,0.01089546599465515,0.010822557240597951,0.010954083831665351,30
SPEA2,WFG2,2,Best_HV,0.6332197517587634,0.6330356902381895,0.6333229141193417,30
SPEA2,WFG2,2,TTT_igd_x100,10000.0,10000.0,10000.0,30
SPEA2,WFG2,2,TTT_igd_x50,10000.0,10000.0,10000.0,30
SPEA2,WFG2,2,TTT_igd_x20,10000.0,10000.0,10000.0,30
SPEA2,WFG2,2,TTT_igd_x10,10000.0,10000.0,10000.0,30
SPEA2,WFG2,2,TTT_igd_x5,10000.0,10000.0,10000.0,30
SPEA2,WFG2,2,TTT_igd_x3,10000.0,10000.0,10000.0,30
SPEA2,WFG2,2,TTT_igd_x2,10000.0,10000.0,10000.0,30
SPEA2,WFG2,2,TTT_igd_x1.5,20000.0,10000.0,20000.0,30
SPEA2,WFG2,2,TTT_igd_x1.2,20000.0,20000.0,20000.0,30
SPEA2,WFG2,2,TTT_igd_x1.0,90000.0,75000.0,90000.0,30
SPEA2,WFG2,3,AUC_IGD,15499.355455882162,15427.506405069314,15543.687634641816,30
SPEA2,WFG2,3,AUC_HV,83491.28315622573,83456.17938310461,83529.6970644187,30
SPEA2,WFG2,3,Final_IGD,0.1723969135917819,0.1693291573245967,0.1758885402546102,30
SPEA2,WFG2,3,Final_HV,0.9301887429643373,0.929491060316466,0.9306570886069487,30
SPEA2,WFG2,3,Best_IGD,0.1643969713712249,0.1637716406462639,0.1650515477608269,30
SPEA2,WFG2,3,Best_HV,0.9313738911877936,0.9307941466005418,0.9315791116568408,30
SPEA2,WFG2,3,TTT_igd_x100,10000.0,10000.0,10000.0,30
SPEA2,WFG2,3,TTT_igd_x50,10000.0,10000.0,10000.0,30
SPEA2,WFG2,3,TTT_igd_x20,10000.0,10000.0,10000.0,30
SPEA2,WFG2,3,TTT_igd_x10,10000.0,10000.0,10000.0,30
SPEA2,WFG2,3,TTT_igd_x5,10000.0,10000.0,10000.0,30
SPEA2,WFG2,3,TTT_igd_x3,10000.0,10000.0,10000.0,30
SPEA2,WFG2,3,TTT_igd_x2,10000.0,10000.0,10000.0,30
SPEA2,WFG2,3,TTT_igd_x1.5,10000.0,10000.0,10000.0,30
SPEA2,WFG2,3,TTT_igd_x1.2,10000.0,10000.0,10000.0,30
SPEA2,WFG2,3,TTT_igd_x1.0,60000.0,45000.0,75000.0,30
SPEA2,WFG3,2,AUC_IGD,1180.2124275357714,1160.098921081441,1194.5279794805942,30
SPEA2,WFG3,2,AUC_HV,52252.44875183594,52236.971200842076,52283.07869221046,30
SPEA2,WFG3,2,Final_IGD,0.012011643710919,0.0119401638786409,0.0120630293541623,30
SPEA2,WFG3,2,Final_HV,0.5817653760048627,0.5816221587344932,0.5818843531600004,30
SPEA2,WFG3,2,Best_IGD,0.0118942631323778,0.0118332784742784,0.0119333529030453,30
SPEA2,WFG3,2,Best_HV,0.5818208392333557,0.5816940105155504,0.5819308665409433,30
SPEA2,WFG3,2,TTT_igd_x100,10000.0,10000.0,10000.0,30
SPEA2,WFG3,2,TTT_igd_x50,10000.0,10000.0,10000.0,30
SPEA2,WFG3,2,TTT_igd_x20,10000.0,10000.0,10000.0,30
SPEA2,WFG3,2,TTT_igd_x10,10000.0,10000.0,10000.0,30
SPEA2,WFG3,2,TTT_igd_x5,10000.0,10000.0,10000.0,30
SPEA2,WFG3,2,TTT_igd_x3,10000.0,10000.0,10000.0,30
SPEA2,WFG3,2,TTT_igd_x2,15000.0,10000.0,20000.0,30
SPEA2,WFG3,2,TTT_igd_x1.5,20000.0,20000.0,20000.0,30
SPEA2,WFG3,2,TTT_igd_x1.2,20000.0,20000.0,30000.0,30
SPEA2,WFG3,2,TTT_igd_x1.0,90000.0,80000.0,90000.0,30
SPEA2,WFG3,3,AUC_IGD,9518.232409111957,9450.699339158324,9690.4010641987,30
SPEA2,WFG3,3,AUC_HV,34488.99430669781,34425.8537909149,34577.447401051744,30
SPEA2,WFG3,3,Final_IGD,0.0997067392008333,0.09545563041009471,0.1023611913860362,30
SPEA2,WFG3,3,Final_HV,0.3881711414645525,0.38651516242207185,0.3891176831045614,30
SPEA2,WFG3,3,Best_IGD,0.09143109272993735,0.08758571252431535,0.0931057731096815,30
SPEA2,WFG3,3,Best_HV,0.39065080158445187,0.38998876281660666,0.39206735003482784,30
SPEA2,WFG3,3,TTT_igd_x100,10000.0,10000.0,10000.0,30
SPEA2,WFG3,3,TTT_igd_x50,10000.0,10000.0,10000.0,30
SPEA2,WFG3,3,TTT_igd_x20,10000.0,10000.0,10000.0,30
SPEA2,WFG3,3,TTT_igd_x10,10000.0,10000.0,10000.0,30
SPEA2,WFG3,3,TTT_igd_x5,10000.0,10000.0,10000.0,30
SPEA2,WFG3,3,TTT_igd_x3,10000.0,10000.0,10000.0,30
SPEA2,WFG3,3,TTT_igd_x2,10000.0,10000.0,10000.0,30
SPEA2,WFG3,3,TTT_igd_x1.5,20000.0,15000.0,20000.0,30
SPEA2,WFG3,3,TTT_igd_x1.2,30000.0,30000.0,40000.0,30
SPEA2,WFG3,3,TTT_igd_x1.0,80000.0,70000.0,90000.0,30
SPEA2,WFG4,2,AUC_IGD,1223.6498993694277,1219.0818154120657,1232.905634606733,30
SPEA2,WFG4,2,AUC_HV,31174.569341502352,31165.512131811785,31185.528776680294,30
SPEA2,WFG4,2,Final_IGD,0.0128515134585068,0.012794916644242899,0.0129380306584437,30
SPEA2,WFG4,2,Final_HV,0.34706196713528237,0.3469955944573634,0.3471526473725258,30
SPEA2,WFG4,2,Best_IGD,0.012690060439403149,0.012643673195024099,0.01274308759666105,30
SPEA2,WFG4,2,Best_HV,0.3471795684571034,0.34714538309679877,0.3472204842390463,30
SPEA2,WFG4,2,TTT_igd_x100,10000.0,10000.0,10000.0,30
SPEA2,WFG4,2,TTT_igd_x50,10000.0,10000.0,10000.0,30
SPEA2,WFG4,2,TTT_igd_x20,10000.0,10000.0,10000.0,30
SPEA2,WFG4,2,TTT_igd_x10,10000.0,10000.0,10000.0,30
SPEA2,WFG4,2,TTT_igd_x5,10000.0,10000.0,10000.0,30
SPEA2,WFG4,2,TTT_igd_x3,10000.0,10000.0,10000.0,30
SPEA2,WFG4,2,TTT_igd_x2,10000.0,10000.0,10000.0,30
SPEA2,WFG4,2,TTT_igd_x1.5,20000.0,20000.0,20000.0,30
SPEA2,WFG4,2,TTT_igd_x1.2,20000.0,20000.0,20000.0,30
SPEA2,WFG4,2,TTT_igd_x1.0,85000.0,80000.0,90000.0,30
SPEA2,WFG4,3,AUC_IGD,19532.88914908102,19498.04231566129,19581.73843149221,30
SPEA2,WFG4,3,AUC_HV,48577.77609653138,48516.093939063896,48611.922438885995,30
SPEA2,WFG4,3,Final_IGD,0.21486985830387073,0.21450171871825902,0.2170364340621906,30
SPEA2,WFG4,3,Final_HV,0.5428253057480978,0.5423058458750837,0.544349424641245,30
SPEA2,WFG4,3,Best_IGD,0.2128070881805085,0.21250043555945364,0.21329321279569935,30
SPEA2,WFG4,3,Best_HV,0.5454719677951361,0.5442617647398628,0.5460576612591348,30
SPEA2,WFG4,3,TTT_igd_x100,10000.0,10000.0,10000.0,30
SPEA2,WFG4,3,TTT_igd_x50,10000.0,10000.0,10000.0,30
SPEA2,WFG4,3,TTT_igd_x20,10000.0,10000.0,10000.0,30
SPEA2,WFG4,3,TTT_igd_x10,10000.0,10000.0,10000.0,30
SPEA2,WFG4,3,TTT_igd_x5,10000.0,10000.0,10000.0,30
SPEA2,WFG4,3,TTT_igd_x3,10000.0,10000.0,10000.0,30
SPEA2,WFG4,3,TTT_igd_x2,10000.0,10000.0,10000.0,30
SPEA2,WFG4,3,TTT_igd_x1.5,10000.0,10000.0,10000.0,30
SPEA2,WFG4,3,TTT_igd_x1.2,10000.0,10000.0,10000.0,30
SPEA2,WFG4,3,TTT_igd_x1.0,65000.0,50000.0,80000.0,30
SPEA2,WFG5,2,AUC_IGD,5740.844810155671,5736.417394016144,5750.847916593575,30
SPEA2,WFG5,2,AUC_HV,28200.159648360524,28186.124676788815,28202.483319661413,30
SPEA2,WFG5,2,Final_IGD,0.06365885930492955,0.0636077981209074,0.06368037407607699,30
SPEA2,WFG5,2,Final_HV,0.3134396292387885,0.31339483051777456,0.3134740443805917,30
SPEA2,WFG5,2,Best_IGD,0.0634762441832098,0.0634603563197017,0.06350276598651955,30
SPEA2,WFG5,2,Best_HV,0.3135729726535751,0.3135545180669689,0.31359649145076296,30
SPEA2,WFG5,2,TTT_igd_x100,10000.0,10000.0,10000.0,30
SPEA2,WFG5,2,TTT_igd_x50,10000.0,10000.0,10000.0,30
SPEA2,WFG5,2,TTT_igd_x20,10000.0,10000.0,10000.0,30
SPEA2,WFG5,2,TTT_igd_x10,10000.0,10000.0,10000.0,30
SPEA2,WFG5,2,TTT_igd_x5,10000.0,10000.0,10000.0,30
SPEA2,WFG5,2,TTT_igd_x3,10000.0,10000.0,10000.0,30
SPEA2,WFG5,2,TTT_igd_x2,10000.0,10000.0,10000.0,30
SPEA2,WFG5,2,TTT_igd_x1.5,10000.0,10000.0,10000.0,30
SPEA2,WFG5,2,TTT_igd_x1.2,10000.0,10000.0,10000.0,30
SPEA2,WFG5,2,TTT_igd_x1.0,90000.0,70000.0,90000.0,30
SPEA2,WFG5,3,AUC_IGD,20092.067377524276,20077.01529575338,20130.758375036694,30
SPEA2,WFG5,3,AUC_HV,46121.84366153661,46084.695017091995,46158.091204037766,30
SPEA2,WFG5,3,Final_IGD,0.2229670589262649,0.22199603349078872,0.2236441254374955,30
SPEA2,WFG5,3,Final_HV,0.5139402876648176,0.5133860884986596,0.5145216087486044,30
SPEA2,WFG5,3,Best_IGD,0.22004447393423143,0.21945309955214531,0.22029880982424294,30
SPEA2,WFG5,3,Best_HV,0.5156062396870091,0.5155183839081151,0.5158595503806692,30
SPEA2,WFG5,3,TTT_igd_x100,10000.0,10000.0,10000.0,30
SPEA2,WFG5,3,TTT_igd_x50,10000.0,10000.0,10000.0,30
SPEA2,WFG5,3,TTT_igd_x20,10000.0,10000.0,10000.0,30
SPEA2,WFG5,3,TTT_igd_x10,10000.0,10000.0,10000.0,30
SPEA2,WFG5,3,TTT_igd_x5,10000.0,10000.0,10000.0,30
SPEA2,WFG5,3,TTT_igd_x3,10000.0,10000.0,10000.0,30
SPEA2,WFG5,3,TTT_igd_x2,10000.0,10000.0,10000.0,30
SPEA2,WFG5,3,TTT_igd_x1.5,10000.0,10000.0,10000.0,30
SPEA2,WFG5,3,TTT_igd_x1.2,10000.0,10000.0,10000.0,30
SPEA2,WFG5,3,TTT_igd_x1.0,70000.0,60000.0,80000.0,30
SPEA2,WFG6,2,AUC_IGD,7496.586774409818,6855.276315312682,9011.7873781337,30
SPEA2,WFG6,2,AUC_HV,27236.12899648947,26410.41669252736,27592.28314645702,30
SPEA2,WFG6,2,Final_IGD,0.0820069030135793,0.07492709592456985,0.09871602425756265,30
SPEA2,WFG6,2,Final_HV,0.3032264557328588,0.2941430670268499,0.3071666514263943,30
SPEA2,WFG6,2,Best_IGD,0.08185748228327025,0.07481587147282436,0.09858504174993815,30
SPEA2,WFG6,2,Best_HV,0.3033825792291793,0.2942645697634706,0.30727783724216395,30
SPEA2,WFG6,2,TTT_igd_x100,10000.0,10000.0,10000.0,30
SPEA2,WFG6,2,TTT_igd_x50,10000.0,10000.0,10000.0,30
SPEA2,WFG6,2,TTT_igd_x20,10000.0,10000.0,10000.0,30
SPEA2,WFG6,2,TTT_igd_x10,10000.0,10000.0,10000.0,30
SPEA2,WFG6,2,TTT_igd_x5,10000.0,10000.0,10000.0,30
SPEA2,WFG6,2,TTT_igd_x3,10000.0,10000.0,10000.0,30
SPEA2,WFG6,2,TTT_igd_x2,10000.0,10000.0,10000.0,30
SPEA2,WFG6,2,TTT_igd_x1.5,10000.0,10000.0,10000.0,30
SPEA2,WFG6,2,TTT_igd_x1.2,10000.0,10000.0,10000.0,30
SPEA2,WFG6,2,TTT_igd_x1.0,90000.0,80000.0,100000.0,30
SPEA2,WFG6,3,AUC_IGD,21813.17992037173,21494.921145825716,22175.502555669605,30
SPEA2,WFG6,3,AUC_HV,44755.68238051377,44228.30556507781,45045.565433495,30
SPEA2,WFG6,3,Final_IGD,0.23975466181770624,0.23506970774146346,0.24413869001949806,30
SPEA2,WFG6,3,Final_HV,0.5001503766589543,0.4941893424373195,0.5040536004894701,30
SPEA2,WFG6,3,Best_IGD,0.23639495935745494,0.23159614377528676,0.23827155930030247,30
SPEA2,WFG6,3,Best_HV,0.5019968161395316,0.4965888208294926,0.5058070828535173,30
SPEA2,WFG6,3,TTT_igd_x100,10000.0,10000.0,10000.0,30
SPEA2,WFG6,3,TTT_igd_x50,10000.0,10000.0,10000.0,30
SPEA2,WFG6,3,TTT_igd_x20,10000.0,10000.0,10000.0,30
SPEA2,WFG6,3,TTT_igd_x10,10000.0,10000.0,10000.0,30
SPEA2,WFG6,3,TTT_igd_x5,10000.0,10000.0,10000.0,30
SPEA2,WFG6,3,TTT_igd_x3,10000.0,10000.0,10000.0,30
SPEA2,WFG6,3,TTT_igd_x2,10000.0,10000.0,10000.0,30
SPEA2,WFG6,3,TTT_igd_x1.5,10000.0,10000.0,10000.0,30
SPEA2,WFG6,3,TTT_igd_x1.2,10000.0,10000.0,10000.0,30
SPEA2,WFG6,3,TTT_igd_x1.0,75000.0,70000.0,90000.0,30
SPEA2,WFG7,2,AUC_IGD,1255.614542964246,1249.8084438998546,1261.6272219665289,30
SPEA2,WFG7,2,AUC_HV,31140.313176712967,31135.25536394821,31144.41724777841,30
SPEA2,WFG7,2,Final_IGD,0.013674135317704651,0.013594897879828951,0.01378240056099265,30
SPEA2,WFG7,2,Final_HV,0.3463405016244237,0.3461810363756716,0.3464019406269398,30
SPEA2,WFG7,2,Best_IGD,0.01335686433224675,0.01324334797800465,0.013437469581674799,30
SPEA2,WFG7,2,Best_HV,0.3464828985199248,0.34643560009986474,0.34654718435221443,30
SPEA2,WFG7,2,TTT_igd_x100,10000.0,10000.0,10000.0,30
SPEA2,WFG7,2,TTT_igd_x50,10000.0,10000.0,10000.0,30
SPEA2,WFG7,2,TTT_igd_x20,10000.0,10000.0,10000.0,30
SPEA2,WFG7,2,TTT_igd_x10,10000.0,10000.0,10000.0,30
SPEA2,WFG7,2,TTT_igd_x5,10000.0,10000.0,10000.0,30
SPEA2,WFG7,2,TTT_igd_x3,10000.0,10000.0,10000.0,30
SPEA2,WFG7,2,TTT_igd_x2,10000.0,10000.0,10000.0,30
SPEA2,WFG7,2,TTT_igd_x1.5,10000.0,10000.0,10000.0,30
SPEA2,WFG7,2,TTT_igd_x1.2,20000.0,10000.0,20000.0,30
SPEA2,WFG7,2,TTT_igd_x1.0,75000.0,70000.0,90000.0,30
SPEA2,WFG7,3,AUC_IGD,19590.66552498714,19575.504475506088,19621.455654602694,30
SPEA2,WFG7,3,AUC_HV,48796.6086518844,48761.14344622601,48832.22340612144,30
SPEA2,WFG7,3,Final_IGD,0.2170294598800761,0.216285659150607,0.2177863006938822,30
SPEA2,WFG7,3,Final_HV,0.5437166959860416,0.542745397417759,0.5445962202657719,30
SPEA2,WFG7,3,Best_IGD,0.21405067644313758,0.2134371880194598,0.2146055291395491,30
SPEA2,WFG7,3,Best_HV,0.5465219616637975,0.5460706348220496,0.5470841084613326,30
SPEA2,WFG7,3,TTT_igd_x100,10000.0,10000.0,10000.0,30
SPEA2,WFG7,3,TTT_igd_x50,10000.0,10000.0,10000.0,30
SPEA2,WFG7,3,TTT_igd_x20,10000.0,10000.0,10000.0,30
SPEA2,WFG7,3,TTT_igd_x10,10000.0,10000.0,10000.0,30
SPEA2,WFG7,3,TTT_igd_x5,10000.0,10000.0,10000.0,30
SPEA2,WFG7,3,TTT_igd_x3,10000.0,10000.0,10000.0,30
SPEA2,WFG7,3,TTT_igd_x2,10000.0,10000.0,10000.0,30
SPEA2,WFG7,3,TTT_igd_x1.5,10000.0,10000.0,10000.0,30
SPEA2,WFG7,3,TTT_igd_x1.2,10000.0,10000.0,10000.0,30
SPEA2,WFG7,3,TTT_igd_x1.0,60000.0,50000.0,60000.0,30
SPEA2,WFG8,2,AUC_IGD,9865.687960969586,9813.338765217799,9890.552989024607,30
SPEA2,WFG8,2,AUC_HV,25992.93394932227,25971.628387200355,26012.120308364276,30
SPEA2,WFG8,2,Final_IGD,0.10700725321358895,0.106791557848114,0.10739406868195615,30
SPEA2,WFG8,2,Final_HV,0.2901648437513341,0.28992783225467406,0.290386378127958,30
SPEA2,WFG8,2,Best_IGD,0.10700725321358895,0.10669315454353476,0.1073504295828086,30
SPEA2,WFG8,2,Best_HV,0.2901648437513341,0.2899577898474037,0.2903918021982602,30
SPEA2,WFG8,2,TTT_igd_x100,10000.0,10000.0,10000.0,30
SPEA2,WFG8,2,TTT_igd_x50,10000.0,10000.0,10000.0,30
SPEA2,WFG8,2,TTT_igd_x20,10000.0,10000.0,10000.0,30
SPEA2,WFG8,2,TTT_igd_x10,10000.0,10000.0,10000.0,30
SPEA2,WFG8,2,TTT_igd_x5,10000.0,10000.0,10000.0,30
SPEA2,WFG8,2,TTT_igd_x3,10000.0,10000.0,10000.0,30
SPEA2,WFG8,2,TTT_igd_x2,10000.0,10000.0,10000.0,30
SPEA2,WFG8,2,TTT_igd_x1.5,10000.0,10000.0,10000.0,30
SPEA2,WFG8,2,TTT_igd_x1.2,10000.0,10000.0,10000.0,30
SPEA2,WFG8,2,TTT_igd_x1.0,100000.0,100000.0,100000.0,30
SPEA2,WFG8,3,AUC_IGD,26901.275982774747,26759.58943939364,27001.5324970113,30
SPEA2,WFG8,3,AUC_HV,41086.12413769458,41010.730425211324,41171.344478479674,30
SPEA2,WFG8,3,Final_IGD,0.2946369982960376,0.2920582658794849,0.2968639827609157,30
SPEA2,WFG8,3,Final_HV,0.4596333391319024,0.45769512543438706,0.46069179297402363,30
SPEA2,WFG8,3,Best_IGD,0.2887883336862192,0.28827095438962635,0.2897073551107736,30
SPEA2,WFG8,3,Best_HV,0.4620798301967582,0.4613273920012112,0.46322469597926463,30
SPEA2,WFG8,3,TTT_igd_x100,10000.0,10000.0,10000.0,30
SPEA2,WFG8,3,TTT_igd_x50,10000.0,10000.0,10000.0,30
SPEA2,WFG8,3,TTT_igd_x20,10000.0,10000.0,10000.0,30
SPEA2,WFG8,3,TTT_igd_x10,10000.0,10000.0,10000.0,30
SPEA2,WFG8,3,TTT_igd_x5,10000.0,10000.0,10000.0,30
SPEA2,WFG8,3,TTT_igd_x3,10000.0,10000.0,10000.0,30
SPEA2,WFG8,3,TTT_igd_x2,10000.0,10000.0,10000.0,30
SPEA2,WFG8,3,TTT_igd_x1.5,10000.0,10000.0,10000.0,30
SPEA2,WFG8,3,TTT_igd_x1.2,10000.0,10000.0,10000.0,30
SPEA2,WFG8,3,TTT_igd_x1.0,90000.0,70000.0,90000.0,30
SPEA2,WFG9,2,AUC_IGD,1682.1264557704249,1630.9080839471198,1764.8041411140066,30
SPEA2,WFG9,2,AUC_HV,30657.16439616096,30605.830215994363,30712.229542756766,30
SPEA2,WFG9,2,Final_IGD,0.0156949491570422,0.01498965478161815,0.016675160581359552,30
SPEA2,WFG9,2,Final_HV,0.3432530350631803,0.34221967393716246,0.3437529668727034,30
SPEA2,WFG9,2,Best_IGD,0.0156949491570422,0.01498965478161815,0.0166616410230137,30
SPEA2,WFG9,2,Best_HV,0.3433233014645952,0.3422817291484028,0.3438998962089665,30
SPEA2,WFG9,2,TTT_igd_x100,10000.0,10000.0,10000.0,30
SPEA2,WFG9,2,TTT_igd_x50,10000.0,10000.0,10000.0,30
SPEA2,WFG9,2,TTT_igd_x20,10000.0,10000.0,10000.0,30
SPEA2,WFG9,2,TTT_igd_x10,10000.0,10000.0,10000.0,30
SPEA2,WFG9,2,TTT_igd_x5,10000.0,10000.0,10000.0,30
SPEA2,WFG9,2,TTT_igd_x3,10000.0,10000.0,10000.0,30
SPEA2,WFG9,2,TTT_igd_x2,10000.0,10000.0,10000.0,30
SPEA2,WFG9,2,TTT_igd_x1.5,20000.0,20000.0,30000.0,30
SPEA2,WFG9,2,TTT_igd_x1.2,40000.0,40000.0,50000.0,30
SPEA2,WFG9,2,TTT_igd_x1.0,100000.0,100000.0,100000.0,30
SPEA2,WFG9,3,AUC_IGD,19620.859961427443,19579.660084118786,19639.56824546886,30
SPEA2,WFG9,3,AUC_HV,46134.16241344258,46062.55282566043,46295.96430062388,30
SPEA2,WFG9,3,Final_IGD,0.21622417319068127,0.2150011025309367,0.21771400329319213,30
SPEA2,WFG9,3,Final_HV,0.5149797827646743,0.5137056195672468,0.5182958384932195,30
SPEA2,WFG9,3,Best_IGD,0.21307482371730574,0.21230828630639234,0.21373040281294609,30
SPEA2,WFG9,3,Best_HV,0.519671801183919,0.5182094365740642,0.5212297665793503,30
SPEA2,WFG9,3,TTT_igd_x100,10000.0,10000.0,10000.0,30
SPEA2,WFG9,3,TTT_igd_x50,10000.0,10000.0,10000.0,30
SPEA2,WFG9,3,TTT_igd_x20,10000.0,10000.0,10000.0,30
SPEA2,WFG9,3,TTT_igd_x10,10000.0,10000.0,10000.0,30
SPEA2,WFG9,3,TTT_igd_x5,10000.0,10000.0,10000.0,30
SPEA2,WFG9,3,TTT_igd_x3,10000.0,10000.0,10000.0,30
SPEA2,WFG9,3,TTT_igd_x2,10000.0,10000.0,10000.0,30
SPEA2,WFG9,3,TTT_igd_x1.5,10000.0,10000.0,10000.0,30
SPEA2,WFG9,3,TTT_igd_x1.2,10000.0,10000.0,10000.0,30
SPEA2,WFG9,3,TTT_igd_x1.0,65000.0,50000.0,80000.0,30
SPEA2,ZDT1,2,AUC_IGD,418.27450551367144,411.07054728087394,425.9450312482345,30
SPEA2,ZDT1,2,AUC_HV,64716.801039490776,64705.43673847792,64729.97068149295,30
SPEA2,ZDT1,2,Final_IGD,0.0039666712473904,0.00394010596914625,0.003986572633080851,30
SPEA2,ZDT1,2,Final_HV,0.7202812279299011,0.7202382430108731,0.7203155935034318,30
SPEA2,ZDT1,2,Best_IGD,0.0038722127915401,0.00386376243904305,0.0038862973589039998,30
SPEA2,ZDT1,2,Best_HV,0.7204197320494137,0.7204021300774361,0.7204481914016739,30
SPEA2,ZDT1,2,TTT_igd_x100,10000.0,10000.0,10000.0,30
SPEA2,ZDT1,2,TTT_igd_x50,10000.0,10000.0,10000.0,30
SPEA2,ZDT1,2,TTT_igd_x20,10000.0,10000.0,10000.0,30
SPEA2,ZDT1,2,TTT_igd_x10,10000.0,10000.0,10000.0,30
SPEA2,ZDT1,2,TTT_igd_x5,10000.0,10000.0,10000.0,30
SPEA2,ZDT1,2,TTT_igd_x3,20000.0,20000.0,20000.0,30
SPEA2,ZDT1,2,TTT_igd_x2,20000.0,20000.0,20000.0,30
SPEA2,ZDT1,2,TTT_igd_x1.5,20000.0,20000.0,20000.0,30
SPEA2,ZDT1,2,TTT_igd_x1.2,20000.0,20000.0,20000.0,30
SPEA2,ZDT1,2,TTT_igd_x1.0,75000.0,50000.0,80000.0,30
SPEA2,ZDT2,2,AUC_IGD,436.88659714194625,428.451000480116,441.04179832810627,30
SPEA2,ZDT2,2,AUC_HV,39895.782965385406,39886.47029418564,39916.07411487412,30
SPEA2,ZDT2,2,Final_IGD,0.003915169475691651,0.00389823721130925,0.00394961595822045,30
SPEA2,ZDT2,2,Final_HV,0.4449963232675458,0.4449359500621842,0.4450334919260288,30
SPEA2,ZDT2,2,Best_IGD,0.0038504124860643998,0.00383354264193075,0.00385938868351525,30
SPEA2,ZDT2,2,Best_HV,0.4450643395987163,0.445030765067216,0.4450747822826181,30
SPEA2,ZDT2,2,TTT_igd_x100,10000.0,10000.0,10000.0,30
SPEA2,ZDT2,2,TTT_igd_x50,10000.0,10000.0,10000.0,30
SPEA2,ZDT2,2,TTT_igd_x20,10000.0,10000.0,10000.0,30
SPEA2,ZDT2,2,TTT_igd_x10,10000.0,10000.0,10000.0,30
SPEA2,ZDT2,2,TTT_igd_x5,15000.0,10000.0,20000.0,30
SPEA2,ZDT2,2,TTT_igd_x3,20000.0,20000.0,20000.0,30
SPEA2,ZDT2,2,TTT_igd_x2,20000.0,20000.0,20000.0,30
SPEA2,ZDT2,2,TTT_igd_x1.5,20000.0,20000.0,20000.0,30
SPEA2,ZDT2,2,TTT_igd_x1.2,20000.0,20000.0,20000.0,30
SPEA2,ZDT2,2,TTT_igd_x1.0,55000.0,40000.0,80000.0,30
SPEA2,ZDT3,2,AUC_IGD,483.0178712834872,477.9451436653605,495.52481236087317,30
SPEA2,ZDT3,2,AUC_HV,53914.27093256365,53905.41906599603,53917.30636500276,30
SPEA2,ZDT3,2,Final_IGD,0.0048291151676270495,0.0048110386482063,0.00494367372969775,30
SPEA2,ZDT3,2,Final_HV,0.5996477094428059,0.5996096034883172,0.5996573251595623,30
SPEA2,ZDT3,2,Best_IGD,0.0047567939642677,0.0047241977942085005,0.0047772489685556,30
SPEA2,ZDT3,2,Best_HV,0.5997000014203993,0.5996804133999374,0.5997222508606614,30
SPEA2,ZDT3,2,TTT_igd_x100,10000.0,10000.0,10000.0,30
SPEA2,ZDT3,2,TTT_igd_x50,10000.0,10000.0,10000.0,30
SPEA2,ZDT3,2,TTT_igd_x20,10000.0,10000.0,10000.0,30
SPEA2,ZDT3,2,TTT_igd_x10,10000.0,10000.0,10000.0,30
SPEA2,ZDT3,2,TTT_igd_x5,10000.0,10000.0,10000.0,30
SPEA2,ZDT3,2,TTT_igd_x3,10000.0,10000.0,20000.0,30
SPEA2,ZDT3,2,TTT_igd_x2,20000.0,20000.0,20000.0,30
SPEA2,ZDT3,2,TTT_igd_x1.5,20000.0,20000.0,20000.0,30
SPEA2,ZDT3,2,TTT_igd_x1.2,20000.0,20000.0,20000.0,30
SPEA2,ZDT3,2,TTT_igd_x1.0,65000.0,50000.0,90000.0,30
SPEA2,ZDT4,2,AUC_IGD,1374.4433777149748,1138.7269250983263,1604.6083811768374,30
SPEA2,ZDT4,2,AUC_HV,63702.34248558563,63319.71285189399,63997.59461046975,30
SPEA2,ZDT4,2,Final_IGD,0.00384944582694075,0.0038309355801925,0.0038611210782844,30
SPEA2,ZDT4,2,Final_HV,0.7203675220934982,0.7202580390843613,0.720487216253165,30
SPEA2,ZDT4,2,Best_IGD,0.00381336278738175,0.0037999924067068,0.0038237495895596,30
SPEA2,ZDT4,2,Best_HV,0.7203984355650828,0.7202580390843613,0.7204920482178231,30
SPEA2,ZDT4,2,TTT_igd_x100,10000.0,10000.0,10000.0,30
SPEA2,ZDT4,2,TTT_igd_x50,15000.0,10000.0,20000.0,30
SPEA2,ZDT4,2,TTT_igd_x20,20000.0,20000.0,20000.0,30
SPEA2,ZDT4,2,TTT_igd_x10,20000.0,20000.0,20000.0,30
SPEA2,ZDT4,2,TTT_igd_x5,20000.0,20000.0,20000.0,30
SPEA2,ZDT4,2,TTT_igd_x3,20000.0,20000.0,20000.0,30
SPEA2,ZDT4,2,TTT_igd_x2,20000.0,20000.0,30000.0,30
SPEA2,ZDT4,2,TTT_igd_x1.5,30000.0,20000.0,30000.0,30
SPEA2,ZDT4,2,TTT_igd_x1.2,40000.0,30000.0,40000.0,30
SPEA2,ZDT4,2,TTT_igd_x1.0,90000.0,80000.0,100000.0,30
SPEA2,ZDT6,2,AUC_IGD,548.0522752649953,489.9143090525107,646.5030400742435,30
SPEA2,ZDT6,2,AUC_HV,34619.485564006245,34489.98140237189,34693.32875658105,30
SPEA2,ZDT6,2,Final_IGD,0.0030863315175731,0.0030794297660713,0.0030942168235768997,30
SPEA2,ZDT6,2,Final_HV,0.3889067636259036,0.38889904770593,0.38891322069280854,30
SPEA2,ZDT6,2,Best_IGD,0.00305737451550735,0.0030553679285992,0.00306045719267205,30
SPEA2,ZDT6,2,Best_HV,0.38892854541100697,0.3889257231898732,0.3889318291199151,30
SPEA2,ZDT6,2,TTT_igd_x100,10000.0,10000.0,10000.0,30
SPEA2,ZDT6,2,TTT_igd_x50,10000.0,10000.0,10000.0,30
SPEA2,ZDT6,2,TTT_igd_x20,10000.0,10000.0,20000.0,30
SPEA2,ZDT6,2,TTT_igd_x10,20000.0,20000.0,20000.0,30
SPEA2,ZDT6,2,TTT_igd_x5,20000.0,20000.0,20000.0,30
SPEA2,ZDT6,2,TTT_igd_x3,20000.0,20000.0,20000.0,30
SPEA2,ZDT6,2,TTT_igd_x2,20000.0,20000.0,20000.0,30
SPEA2,ZDT6,2,TTT_igd_x1.5,20000.0,20000.0,30000.0,30
SPEA2,ZDT6,2,TTT_igd_x1.2,30000.0,20000.0,30000.0,30
SPEA2,ZDT6,2,TTT_igd_x1.0,80000.0,70000.0,80000.0,30
