algo,problem,group,M,D,run,IGD,HV,runtime
IVFNSGAII,DTLZ1,DTLZ,2,6,4001,0.0022386908668058743,0.5815396873270173,2.0583739999999984
IVFNSGAII,DTLZ1,DTLZ,2,6,4002,0.002067702204804528,0.5818964111973226,2.128366999999999
IVFNSGAII,DTLZ1,DTLZ,2,6,4003,0.002293626040332714,0.5813868099705657,2.445483
IVFNSGAII,DTLZ1,DTLZ,2,6,4004,0.002243303825456195,0.581338457215896,2.02247
IVFNSGAII,DTLZ1,DTLZ,2,6,4005,0.0022403676378115397,0.5815045768509455,1.888705000000002
IVFNSGAII,DTLZ1,DTLZ,2,6,4006,0.002169453881985754,0.581640805423766,2.050274999999998
IVFNSGAII,DTLZ1,DTLZ,2,6,4007,0.0021451491511451245,0.5817204463196493,1.9602360000000005
IVFNSGAII,DTLZ1,DTLZ,2,6,4008,0.002306877330741079,0.5812426453020725,2.049837999999999
IVFNSGAII,DTLZ1,DTLZ,2,6,4009,0.002132876665134063,0.5816420628425417,2.014805
IVFNSGAII,DTLZ1,DTLZ,2,6,4010,0.002164929224808961,0.5816605188950887,2.1830730000000016
IVFNSGAII,DTLZ1,DTLZ,2,6,4011,0.0022123022691080286,0.5813965819420293,2.216526999999997
IVFNSGAII,DTLZ1,DTLZ,2,6,4012,0.0023298885911334772,0.5812875068684622,2.2214020000000017
IVFNSGAII,DTLZ1,DTLZ,2,6,4013,0.0022044292994589194,0.5816163693685739,2.072005000000001
IVFNSGAII,DTLZ1,DTLZ,2,6,4014,0.0022901548131627984,0.5812483188797635,2.1787959999999953
IVFNSGAII,DTLZ1,DTLZ,2,6,4015,0.0021744229190832753,0.581674734058897,2.270946000000004
IVFNSGAII,DTLZ1,DTLZ,2,6,4016,0.002130906703875961,0.5817302065103309,1.987750000000003
IVFNSGAII,DTLZ1,DTLZ,2,6,4017,0.002303643272591066,0.5810648089182087,2.0890370000000016
IVFNSGAII,DTLZ1,DTLZ,2,6,4018,0.0022157803940463564,0.5815283551459167,2.663192000000001
IVFNSGAII,DTLZ1,DTLZ,2,6,4019,0.0022904583895594923,0.5814212904154523,1.909631000000003
IVFNSGAII,DTLZ1,DTLZ,2,6,4020,0.0022357609644482294,0.5811916477111809,2.449363999999995
IVFNSGAII,DTLZ1,DTLZ,2,6,4021,0.0022941618225553123,0.5812365710086735,2.2512959999999986
IVFNSGAII,DTLZ1,DTLZ,2,6,4022,0.0021980691897123834,0.5811485761871014,1.8699459999999992
IVFNSGAII,DTLZ1,DTLZ,2,6,4023,0.0022633965199685894,0.581451899445872,2.1309169999999966
IVFNSGAII,DTLZ1,DTLZ,2,6,4024,0.0022521053686451412,0.5815027500366406,2.125694000000003
IVFNSGAII,DTLZ1,DTLZ,2,6,4025,0.0023729811633203726,0.5810186644049438,2.498827000000001
IVFNSGAII,DTLZ1,DTLZ,2,6,4026,0.0020434143864374995,0.5819867913555077,1.7393060000000045
IVFNSGAII,DTLZ1,DTLZ,2,6,4027,0.0022348041728586926,0.5812077310991144,1.9969659999999982
IVFNSGAII,DTLZ1,DTLZ,2,6,4028,0.0024355290998665565,0.5810545689750672,2.146259
IVFNSGAII,DTLZ1,DTLZ,2,6,4029,0.0021910533674519956,0.5816224609822085,2.2027760000000014
IVFNSGAII,DTLZ1,DTLZ,2,6,4030,0.002168421394899115,0.5816676809583406,2.484967999999996
IVFNSGAII,DTLZ1,DTLZ,3,7,4001,0.02734916332140319,0.8246156581864398,2.253762000000003
IVFNSGAII,DTLZ1,DTLZ,3,7,4002,0.027895938971219014,0.8251162824968127,2.269917999999997
IVFNSGAII,DTLZ1,DTLZ,3,7,4003,0.027092406774132143,0.8235537781022452,1.8758070000000016
IVFNSGAII,DTLZ1,DTLZ,3,7,4004,0.025374575119162975,0.8255251528860285,2.248547999999997
IVFNSGAII,DTLZ1,DTLZ,3,7,4005,0.029289167601641863,0.8190826391959477,1.8588620000000002
IVFNSGAII,DTLZ1,DTLZ,3,7,4006,0.02628039819976583,0.8294099712014367,1.8843449999999986
IVFNSGAII,DTLZ1,DTLZ,3,7,4007,0.027265746271528602,0.8255781932272082,1.9539459999999982
IVFNSGAII,DTLZ1,DTLZ,3,7,4008,0.02672201386785889,0.8229350056658049,1.8352139999999983
IVFNSGAII,DTLZ1,DTLZ,3,7,4009,0.02649072218996204,0.8259681024466852,1.8427190000000009
IVFNSGAII,DTLZ1,DTLZ,3,7,4010,0.027018206502808697,0.8297526051006517,2.400030999999999
IVFNSGAII,DTLZ1,DTLZ,3,7,4011,0.02806484214788851,0.8165365979149725,1.9408039999999995
IVFNSGAII,DTLZ1,DTLZ,3,7,4012,0.02738953473215949,0.8284009123186727,2.063514999999998
IVFNSGAII,DTLZ1,DTLZ,3,7,4013,0.027952226531239965,0.824474866087164,1.869061999999998
IVFNSGAII,DTLZ1,DTLZ,3,7,4014,0.026780462608837884,0.8236878437990837,1.9615560000000014
IVFNSGAII,DTLZ1,DTLZ,3,7,4015,0.025344668121372288,0.8233701619273701,2.7269339999999986
IVFNSGAII,DTLZ1,DTLZ,3,7,4016,0.02635191409295639,0.8273063183195932,2.6699689999999996
IVFNSGAII,DTLZ1,DTLZ,3,7,4017,0.025985232073531126,0.8280008422364334,2.442582000000003
IVFNSGAII,DTLZ1,DTLZ,3,7,4018,0.02738398543827453,0.8250616083020758,2.5630160000000037
IVFNSGAII,DTLZ1,DTLZ,3,7,4019,0.025253059958310568,0.8295682147968431,2.5901150000000017
IVFNSGAII,DTLZ1,DTLZ,3,7,4020,0.027791516366463886,0.8257692477828458,1.8096910000000006
IVFNSGAII,DTLZ1,DTLZ,3,7,4021,0.026594443094479343,0.8313611468311345,1.8408349999999989
IVFNSGAII,DTLZ1,DTLZ,3,7,4022,0.02854579230915822,0.824578360191969,2.3300550000000007
IVFNSGAII,DTLZ1,DTLZ,3,7,4023,0.02581819849684235,0.8295010955213431,1.8448449999999994
IVFNSGAII,DTLZ1,DTLZ,3,7,4024,0.026015816394448034,0.8241485545267767,1.797450000000001
IVFNSGAII,DTLZ1,DTLZ,3,7,4025,0.02679704264650409,0.8267908596936034,1.8321459999999972
IVFNSGAII,DTLZ1,DTLZ,3,7,4026,0.026509957403300678,0.8241398804999376,1.5142050000000016
IVFNSGAII,DTLZ1,DTLZ,3,7,4027,0.027813875942030344,0.8229997049414417,1.5325950000000024
IVFNSGAII,DTLZ1,DTLZ,3,7,4028,0.026108418779257084,0.8291555421049193,1.6446049999999983
IVFNSGAII,DTLZ1,DTLZ,3,7,4029,0.026632000265150845,0.8280351491748088,1.9753329999999987
IVFNSGAII,DTLZ1,DTLZ,3,7,4030,0.029135221931619285,0.8245292271088912,2.2368029999999997
IVFNSGAII,DTLZ2,DTLZ,2,11,4001,0.004965120692360764,0.346614073174849,2.3774719999999987
IVFNSGAII,DTLZ2,DTLZ,2,11,4002,0.005050239559229094,0.3466511269402866,2.190020000000003
IVFNSGAII,DTLZ2,DTLZ,2,11,4003,0.005203989662893907,0.34641950969974494,2.5464339999999988
IVFNSGAII,DTLZ2,DTLZ,2,11,4004,0.005411147087152182,0.3466922054071464,2.459971999999998
IVFNSGAII,DTLZ2,DTLZ,2,11,4005,0.0048727626392106324,0.34647611437142856,2.226890000000002
IVFNSGAII,DTLZ2,DTLZ,2,11,4006,0.0051543551767989325,0.3463920898078967,2.299714000000006
IVFNSGAII,DTLZ2,DTLZ,2,11,4007,0.004932876650356216,0.3468018500565632,2.0795019999999975
IVFNSGAII,DTLZ2,DTLZ,2,11,4008,0.005138512778833906,0.3465376894252946,2.8019779999999974
IVFNSGAII,DTLZ2,DTLZ,2,11,4009,0.004804272340283494,0.34675996909847645,2.0891509999999993
IVFNSGAII,DTLZ2,DTLZ,2,11,4010,0.0052030296051723355,0.34658461782814964,2.577849000000002
IVFNSGAII,DTLZ2,DTLZ,2,11,4011,0.005168149221576686,0.34647046995692254,1.958950999999999
IVFNSGAII,DTLZ2,DTLZ,2,11,4012,0.005184961226921972,0.34663329630158085,2.2670039999999996
IVFNSGAII,DTLZ2,DTLZ,2,11,4013,0.005222709254852512,0.34630075176364533,1.9214499999999997
IVFNSGAII,DTLZ2,DTLZ,2,11,4014,0.004987820919276175,0.346731579593857,2.500267000000003
IVFNSGAII,DTLZ2,DTLZ,2,11,4015,0.004973895675344245,0.3468329698037096,2.1132710000000006
IVFNSGAII,DTLZ2,DTLZ,2,11,4016,0.005196005241239128,0.3467725337675436,2.570068999999999
IVFNSGAII,DTLZ2,DTLZ,2,11,4017,0.005419135149263411,0.3464785407303721,2.2505410000000023
IVFNSGAII,DTLZ2,DTLZ,2,11,4018,0.00493843595257975,0.34658080958411225,2.5305449999999996
IVFNSGAII,DTLZ2,DTLZ,2,11,4019,0.005097608700393902,0.34653236082029015,1.9487700000000003
IVFNSGAII,DTLZ2,DTLZ,2,11,4020,0.004898208880397597,0.34655431158889416,2.0994840000000026
IVFNSGAII,DTLZ2,DTLZ,2,11,4021,0.004888077981653966,0.3467805270071114,2.100012000000001
IVFNSGAII,DTLZ2,DTLZ,2,11,4022,0.005400314833527285,0.34641641726448164,1.708422000000001
IVFNSGAII,DTLZ2,DTLZ,2,11,4023,0.005356954936831786,0.3464158210135551,1.8447350000000011
IVFNSGAII,DTLZ2,DTLZ,2,11,4024,0.0050627169978942205,0.3467738972091503,1.772040999999999
IVFNSGAII,DTLZ2,DTLZ,2,11,4025,0.004891066116605973,0.34672054463414403,2.5090929999999934
IVFNSGAII,DTLZ2,DTLZ,2,11,4026,0.005406913452164352,0.3461220834530182,2.122546999999996
IVFNSGAII,DTLZ2,DTLZ,2,11,4027,0.004946572628309746,0.3467744761351335,2.0042620000000033
IVFNSGAII,DTLZ2,DTLZ,2,11,4028,0.005323118238605884,0.3463791065897832,2.663793000000001
IVFNSGAII,DTLZ2,DTLZ,2,11,4029,0.00493710690076463,0.346558330749664,1.9882339999999987
IVFNSGAII,DTLZ2,DTLZ,2,11,4030,0.005255398102643563,0.3467487585090129,1.9415790000000015
IVFNSGAII,DTLZ2,DTLZ,3,12,4001,0.07163630979645745,0.5331610867479071,2.381024999999998
IVFNSGAII,DTLZ2,DTLZ,3,12,4002,0.07231883073483031,0.5341662344736172,2.463522999999998
IVFNSGAII,DTLZ2,DTLZ,3,12,4003,0.06807102008709658,0.52536303754746,2.651795000000001
IVFNSGAII,DTLZ2,DTLZ,3,12,4004,0.06940082255241964,0.5327928240149031,2.487063999999999
IVFNSGAII,DTLZ2,DTLZ,3,12,4005,0.06678618435862718,0.5337000625891404,2.799085000000004
IVFNSGAII,DTLZ2,DTLZ,3,12,4006,0.07300769459391893,0.5282392633229228,2.6070419999999985
IVFNSGAII,DTLZ2,DTLZ,3,12,4007,0.06823112978109161,0.5297205674503112,1.6906889999999992
IVFNSGAII,DTLZ2,DTLZ,3,12,4008,0.07050514008308409,0.5399324933441922,2.4046149999999984
IVFNSGAII,DTLZ2,DTLZ,3,12,4009,0.06616325965262695,0.5412330055550155,2.6291990000000007
IVFNSGAII,DTLZ2,DTLZ,3,12,4010,0.06539026953445563,0.5365692247226974,2.611097999999998
IVFNSGAII,DTLZ2,DTLZ,3,12,4011,0.07248977729786747,0.5327160192770958,2.5489429999999964
IVFNSGAII,DTLZ2,DTLZ,3,12,4012,0.06677941553763503,0.5395301520232864,2.162918999999998
IVFNSGAII,DTLZ2,DTLZ,3,12,4013,0.06754511086668484,0.5407803632412693,2.0656600000000007
IVFNSGAII,DTLZ2,DTLZ,3,12,4014,0.06951042656263605,0.5301710589730049,2.6261520000000034
IVFNSGAII,DTLZ2,DTLZ,3,12,4015,0.06934194475271313,0.5331695485530084,2.325527000000002
IVFNSGAII,DTLZ2,DTLZ,3,12,4016,0.07029584143099758,0.5298422952622859,2.3398149999999998
IVFNSGAII,DTLZ2,DTLZ,3,12,4017,0.06845533347571081,0.5351142272290179,2.601465000000002
IVFNSGAII,DTLZ2,DTLZ,3,12,4018,0.07042660988094919,0.529547417449077,2.8098380000000036
IVFNSGAII,DTLZ2,DTLZ,3,12,4019,0.0693600674676279,0.5232513930248702,2.3765350000000023
IVFNSGAII,DTLZ2,DTLZ,3,12,4020,0.07160867566962337,0.525516018327052,2.596768000000003
IVFNSGAII,DTLZ2,DTLZ,3,12,4021,0.06731691601303032,0.5327839328990702,2.574314000000003
IVFNSGAII,DTLZ2,DTLZ,3,12,4022,0.06714438877824547,0.537112656008004,2.526708999999999
IVFNSGAII,DTLZ2,DTLZ,3,12,4023,0.06523249674946369,0.5374303379197439,2.644616999999998
IVFNSGAII,DTLZ2,DTLZ,3,12,4024,0.06893764144852906,0.5374078064428516,2.8532669999999984
IVFNSGAII,DTLZ2,DTLZ,3,12,4025,0.07079875988772745,0.5321554784935385,2.4041819999999987
IVFNSGAII,DTLZ2,DTLZ,3,12,4026,0.06888070901263565,0.5365930084740782,2.710533000000003
IVFNSGAII,DTLZ2,DTLZ,3,12,4027,0.06993886999764772,0.5356353854438042,2.1948229999999977
IVFNSGAII,DTLZ2,DTLZ,3,12,4028,0.07109241158777856,0.5320460748924247,2.6255150000000014
IVFNSGAII,DTLZ2,DTLZ,3,12,4029,0.06540003990770826,0.5315193478397425,2.0230690000000005
IVFNSGAII,DTLZ2,DTLZ,3,12,4030,0.06682338936016097,0.5316778514485148,2.6170220000000026
IVFNSGAII,DTLZ3,DTLZ,2,11,4001,0.005351790401191654,0.34577347037661704,1.9667329999999976
IVFNSGAII,DTLZ3,DTLZ,2,11,4002,0.005339518326441326,0.3457871304747638,2.6432720000000014
IVFNSGAII,DTLZ3,DTLZ,2,11,4003,0.00477999816117547,0.3469033102559827,2.0290259999999987
IVFNSGAII,DTLZ3,DTLZ,2,11,4004,0.00509507414682548,0.34657100858217993,2.361041999999999
IVFNSGAII,DTLZ3,DTLZ,2,11,4005,0.0051599045693893186,0.3468362419687622,2.0544249999999997
IVFNSGAII,DTLZ3,DTLZ,2,11,4006,0.005448426132814706,0.34564335050096984,2.48626
IVFNSGAII,DTLZ3,DTLZ,2,11,4007,0.0058077148852421,0.34394746872863075,2.2474070000000004
IVFNSGAII,DTLZ3,DTLZ,2,11,4008,0.005103855096397606,0.3465289022920498,2.0711799999999982
IVFNSGAII,DTLZ3,DTLZ,2,11,4009,0.004926408251213112,0.34666888736584317,2.297939999999995
IVFNSGAII,DTLZ3,DTLZ,2,11,4010,0.005280098810012265,0.34654307259040124,2.8847150000000057
IVFNSGAII,DTLZ3,DTLZ,2,11,4011,0.00524286042871058,0.34520377843999506,2.082969999999999
IVFNSGAII,DTLZ3,DTLZ,2,11,4012,0.005098455900903863,0.3454836851539006,2.2165850000000002
IVFNSGAII,DTLZ3,DTLZ,2,11,4013,0.004890653529061858,0.34701397857316485,2.5371859999999993
IVFNSGAII,DTLZ3,DTLZ,2,11,4014,0.005257822373021882,0.3449422270715744,2.997174999999998
IVFNSGAII,DTLZ3,DTLZ,2,11,4015,0.004952902438462331,0.3460682410909339,2.1073709999999957
IVFNSGAII,DTLZ3,DTLZ,2,11,4016,0.00547340558216706,0.3454098416451768,3.0517249999999976
IVFNSGAII,DTLZ3,DTLZ,2,11,4017,0.006135046310758299,0.3429624382251906,2.026038
IVFNSGAII,DTLZ3,DTLZ,2,11,4018,0.0051297401000189825,0.345178039520122,2.110397999999999
IVFNSGAII,DTLZ3,DTLZ,2,11,4019,0.005228218716238893,0.3456036401963548,2.565621999999998
IVFNSGAII,DTLZ3,DTLZ,2,11,4020,0.0057528279128477855,0.34412641760917545,2.090323
IVFNSGAII,DTLZ3,DTLZ,2,11,4021,0.004841052146198862,0.34589267809223523,2.2185999999999955
IVFNSGAII,DTLZ3,DTLZ,2,11,4022,0.005495222454650687,0.3449140082406377,1.963378000000002
IVFNSGAII,DTLZ3,DTLZ,2,11,4023,0.0050330356402996275,0.34617093233517526,2.0456059999999963
IVFNSGAII,DTLZ3,DTLZ,2,11,4024,0.00567452085926972,0.3447146014785661,2.1071339999999963
IVFNSGAII,DTLZ3,DTLZ,2,11,4025,0.005871617353815435,0.3432283615075942,2.052470000000002
IVFNSGAII,DTLZ3,DTLZ,2,11,4026,0.005289040626619832,0.345174912901509,2.2572749999999995
IVFNSGAII,DTLZ3,DTLZ,2,11,4027,0.005058073685341958,0.3464325076554437,2.0560469999999986
IVFNSGAII,DTLZ3,DTLZ,2,11,4028,0.005050205396433947,0.346301056831288,2.5191090000000007
IVFNSGAII,DTLZ3,DTLZ,2,11,4029,0.005328753600524263,0.34513220499316793,2.627328999999999
IVFNSGAII,DTLZ3,DTLZ,2,11,4030,0.004854773580440777,0.34700080665425276,2.3019700000000007
IVFNSGAII,DTLZ3,DTLZ,3,12,4001,0.06293665003613239,0.542498857400035,2.0186369999999965
IVFNSGAII,DTLZ3,DTLZ,3,12,4002,0.07126530240978955,0.5191139665272617,2.1535280000000014
IVFNSGAII,DTLZ3,DTLZ,3,12,4003,0.06702674902558044,0.5348151980802063,2.0261220000000004
IVFNSGAII,DTLZ3,DTLZ,3,12,4004,0.06866432459498344,0.5298930796191272,2.086902999999999
IVFNSGAII,DTLZ3,DTLZ,3,12,4005,0.0679323770674318,0.5290799090336623,2.176759000000001
IVFNSGAII,DTLZ3,DTLZ,3,12,4006,0.06705786416799442,0.5328908891287318,2.0185979999999977
IVFNSGAII,DTLZ3,DTLZ,3,12,4007,0.06993458859361541,0.5309089153367144,2.727937
IVFNSGAII,DTLZ3,DTLZ,3,12,4008,0.06865337161220138,0.5295836138420604,2.5300350000000007
IVFNSGAII,DTLZ3,DTLZ,3,12,4009,0.06886886569442774,0.5298783624058405,2.503207000000001
IVFNSGAII,DTLZ3,DTLZ,3,12,4010,0.06459486898821777,0.5375820779686507,1.9254950000000017
IVFNSGAII,DTLZ3,DTLZ,3,12,4011,0.06865231843138464,0.5368422581450334,2.686837000000003
IVFNSGAII,DTLZ3,DTLZ,3,12,4012,0.06436539558964219,0.5263920372815716,2.074396
IVFNSGAII,DTLZ3,DTLZ,3,12,4013,0.07094102226344354,0.5296929257580507,2.204698000000003
IVFNSGAII,DTLZ3,DTLZ,3,12,4014,0.06989819511536118,0.5287019401440575,2.6944470000000003
IVFNSGAII,DTLZ3,DTLZ,3,12,4015,0.06770557423430971,0.5372569602108691,2.7770939999999977
IVFNSGAII,DTLZ3,DTLZ,3,12,4016,0.06849103753078195,0.5387115018220492,1.978204999999998
IVFNSGAII,DTLZ3,DTLZ,3,12,4017,0.06498648576035623,0.5324973901126364,2.3979420000000027
IVFNSGAII,DTLZ3,DTLZ,3,12,4018,0.07121912079231181,0.5347766799534258,2.1836999999999995
IVFNSGAII,DTLZ3,DTLZ,3,12,4019,0.07670249025703413,0.5205608249795914,1.9667929999999991
IVFNSGAII,DTLZ3,DTLZ,3,12,4020,0.06654248127638723,0.5377845825340747,2.0971940000000036
IVFNSGAII,DTLZ3,DTLZ,3,12,4021,0.06301567768328241,0.534915316130435,2.080743
IVFNSGAII,DTLZ3,DTLZ,3,12,4022,0.06500712510987888,0.5236374027487494,2.3558320000000004
IVFNSGAII,DTLZ3,DTLZ,3,12,4023,0.06490895353450109,0.5331036644613408,2.455305
IVFNSGAII,DTLZ3,DTLZ,3,12,4024,0.06829868896446345,0.5286272300326897,2.1005109999999996
IVFNSGAII,DTLZ3,DTLZ,3,12,4025,0.06779660106190316,0.5391258845729611,2.130558999999999
IVFNSGAII,DTLZ3,DTLZ,3,12,4026,0.07061117146565934,0.5328943020899923,2.2616540000000005
IVFNSGAII,DTLZ3,DTLZ,3,12,4027,0.07551206721084189,0.5152815286637826,1.9184209999999984
IVFNSGAII,DTLZ3,DTLZ,3,12,4028,0.0708158382366455,0.5295947816384698,1.6781199999999976
IVFNSGAII,DTLZ3,DTLZ,3,12,4029,0.06982817651307115,0.5316470466043791,2.3490810000000018
IVFNSGAII,DTLZ3,DTLZ,3,12,4030,0.06591876033763418,0.5463537627429527,1.588066000000001
IVFNSGAII,DTLZ4,DTLZ,2,11,4001,0.005317643306859626,0.34635329407525417,2.332934
IVFNSGAII,DTLZ4,DTLZ,2,11,4002,0.004965431813476434,0.34662388888145373,2.652520999999995
IVFNSGAII,DTLZ4,DTLZ,2,11,4003,0.005189724603549985,0.346421868086363,2.163972999999999
IVFNSGAII,DTLZ4,DTLZ,2,11,4004,0.005082542117380032,0.34650157767349465,2.0586660000000014
IVFNSGAII,DTLZ4,DTLZ,2,11,4005,0.005194262553420924,0.34618891458405326,2.211815999999998
IVFNSGAII,DTLZ4,DTLZ,2,11,4006,0.005239003402508772,0.34670457204210375,2.7983489999999978
IVFNSGAII,DTLZ4,DTLZ,2,11,4007,0.005128795853006743,0.34669267695969663,2.6963269999999993
IVFNSGAII,DTLZ4,DTLZ,2,11,4008,0.005198619653017202,0.3462452044783381,2.906280999999999
IVFNSGAII,DTLZ4,DTLZ,2,11,4009,0.0053080745408865685,0.3463407305073106,2.275400999999999
IVFNSGAII,DTLZ4,DTLZ,2,11,4010,0.0051335616523832325,0.3465870022450707,2.966810000000003
IVFNSGAII,DTLZ4,DTLZ,2,11,4011,0.005313263479764889,0.34658472953053404,2.2107569999999996
IVFNSGAII,DTLZ4,DTLZ,2,11,4012,0.005158651903132021,0.3466163484943832,2.9568410000000034
IVFNSGAII,DTLZ4,DTLZ,2,11,4013,0.005544902919735199,0.3465871867416932,1.9258199999999999
IVFNSGAII,DTLZ4,DTLZ,2,11,4014,0.005144845042556881,0.34635097168251594,2.373984000000001
IVFNSGAII,DTLZ4,DTLZ,2,11,4015,0.005046239166067735,0.346596307951523,2.249208000000002
IVFNSGAII,DTLZ4,DTLZ,2,11,4016,0.005081600267218536,0.3466721975507592,2.3017859999999994
IVFNSGAII,DTLZ4,DTLZ,2,11,4017,0.005094489761523914,0.3464304809595971,2.0082600000000026
IVFNSGAII,DTLZ4,DTLZ,2,11,4018,0.7420913395391106,0.09090908849679658,2.936852000000002
IVFNSGAII,DTLZ4,DTLZ,2,11,4019,0.00480524005590718,0.34685559901327173,2.357914000000001
IVFNSGAII,DTLZ4,DTLZ,2,11,4020,0.0052326913589845064,0.34633517022584004,2.113099
IVFNSGAII,DTLZ4,DTLZ,2,11,4021,0.004836998453712601,0.34680070426036147,1.8857979999999985
IVFNSGAII,DTLZ4,DTLZ,2,11,4022,0.742091338992484,0.09090908983607315,2.712882000000003
IVFNSGAII,DTLZ4,DTLZ,2,11,4023,0.7420913404056111,0.0909090863738049,2.7902849999999995
IVFNSGAII,DTLZ4,DTLZ,2,11,4024,0.005201526808130181,0.3466974948501671,1.815998000000001
IVFNSGAII,DTLZ4,DTLZ,2,11,4025,0.005125063370822249,0.3467391953064058,2.12477
IVFNSGAII,DTLZ4,DTLZ,2,11,4026,0.7420913390101136,0.09090908979287748,2.9316349999999933
IVFNSGAII,DTLZ4,DTLZ,2,11,4027,0.005181726440690983,0.3464439051311121,2.6426009999999978
IVFNSGAII,DTLZ4,DTLZ,2,11,4028,0.004869584191524891,0.3466812909692638,2.2547930000000025
IVFNSGAII,DTLZ4,DTLZ,2,11,4029,0.004850140063297363,0.3468335638224066,2.057301
IVFNSGAII,DTLZ4,DTLZ,2,11,4030,0.004985467908849282,0.34661173411591406,2.504422000000002
IVFNSGAII,DTLZ4,DTLZ,3,12,4001,0.9459249267867877,0.09090908922144003,2.1466399999999957
IVFNSGAII,DTLZ4,DTLZ,3,12,4002,0.06836825452512717,0.5336471263103326,1.9301730000000015
IVFNSGAII,DTLZ4,DTLZ,3,12,4003,0.06490413212121227,0.5371590921386977,2.0585050000000016
IVFNSGAII,DTLZ4,DTLZ,3,12,4004,0.06486381239089516,0.538409128024964,2.2961570000000022
IVFNSGAII,DTLZ4,DTLZ,3,12,4005,0.06717477099372003,0.5373799779320835,2.333441
IVFNSGAII,DTLZ4,DTLZ,3,12,4006,0.06810317250449936,0.5401061145666217,1.8361689999999984
IVFNSGAII,DTLZ4,DTLZ,3,12,4007,0.06279422089132153,0.5395168079352743,1.912005999999999
IVFNSGAII,DTLZ4,DTLZ,3,12,4008,0.06218380366063273,0.5414672554878253,3.2454340000000013
IVFNSGAII,DTLZ4,DTLZ,3,12,4009,0.06539562055431034,0.5409637663476603,2.2607970000000006
IVFNSGAII,DTLZ4,DTLZ,3,12,4010,0.07235319733643465,0.522956311816582,2.5111280000000002
IVFNSGAII,DTLZ4,DTLZ,3,12,4011,0.0652029804719622,0.5296524998604553,2.3556709999999974
IVFNSGAII,DTLZ4,DTLZ,3,12,4012,0.06651901385933885,0.5394275834678783,2.283682000000002
IVFNSGAII,DTLZ4,DTLZ,3,12,4013,0.06538983587403105,0.538697684978709,3.028997999999999
IVFNSGAII,DTLZ4,DTLZ,3,12,4014,0.06597465523384151,0.5334998471550365,2.7500790000000004
IVFNSGAII,DTLZ4,DTLZ,3,12,4015,0.9459249261410931,0.09090909046254358,2.1884690000000027
IVFNSGAII,DTLZ4,DTLZ,3,12,4016,0.07294633018286377,0.5368347537145275,2.2976939999999986
IVFNSGAII,DTLZ4,DTLZ,3,12,4017,0.06790415490695695,0.5375848603001255,1.9258280000000023
IVFNSGAII,DTLZ4,DTLZ,3,12,4018,0.07121871309760967,0.5302644528347014,2.009808
IVFNSGAII,DTLZ4,DTLZ,3,12,4019,0.06517841651100893,0.5403689440139346,1.908954999999999
IVFNSGAII,DTLZ4,DTLZ,3,12,4020,0.0668704755605125,0.5335366447922161,2.130828999999996
IVFNSGAII,DTLZ4,DTLZ,3,12,4021,0.06696082260914561,0.5317336376650748,2.078667999999999
IVFNSGAII,DTLZ4,DTLZ,3,12,4022,0.06803327971128144,0.5342534709718538,1.786999000000001
IVFNSGAII,DTLZ4,DTLZ,3,12,4023,0.0662450083325669,0.5315424007375247,1.4770209999999995
IVFNSGAII,DTLZ4,DTLZ,3,12,4024,0.06593921733877202,0.5328074716881808,2.050478
IVFNSGAII,DTLZ4,DTLZ,3,12,4025,0.06758669144062132,0.5396349182183665,2.167137999999997
IVFNSGAII,DTLZ4,DTLZ,3,12,4026,0.06768518187412752,0.5286865468903937,1.5915919999999988
IVFNSGAII,DTLZ4,DTLZ,3,12,4027,0.06812648308369246,0.5357516586978994,1.9248719999999993
IVFNSGAII,DTLZ4,DTLZ,3,12,4028,0.0670215945649875,0.5381621043719675,2.0471970000000006
IVFNSGAII,DTLZ4,DTLZ,3,12,4029,0.07171415706287103,0.535984463980665,1.9860640000000005
IVFNSGAII,DTLZ4,DTLZ,3,12,4030,0.06962243768972036,0.5229050136404368,2.4151640000000003
IVFNSGAII,DTLZ5,DTLZ,2,11,4001,0.005025978457857232,0.3464959748922441,2.2128000000000023
IVFNSGAII,DTLZ5,DTLZ,2,11,4002,0.00505842829885321,0.3465158171518191,2.9818200000000017
IVFNSGAII,DTLZ5,DTLZ,2,11,4003,0.004842031297794862,0.3466794194382332,2.085013000000001
IVFNSGAII,DTLZ5,DTLZ,2,11,4004,0.00503039910778448,0.34657763874780345,2.2081580000000036
IVFNSGAII,DTLZ5,DTLZ,2,11,4005,0.004966866422133781,0.346783991466374,2.1836139999999995
IVFNSGAII,DTLZ5,DTLZ,2,11,4006,0.005187507495966718,0.34631510168276786,2.420231
IVFNSGAII,DTLZ5,DTLZ,2,11,4007,0.005417007210629812,0.3463032674403368,2.5132410000000025
IVFNSGAII,DTLZ5,DTLZ,2,11,4008,0.005247872432107188,0.3461399339264661,2.1008019999999994
IVFNSGAII,DTLZ5,DTLZ,2,11,4009,0.005296848311589348,0.3465537735333523,2.1246059999999996
IVFNSGAII,DTLZ5,DTLZ,2,11,4010,0.005234009376658226,0.3464705621194163,2.408131000000003
IVFNSGAII,DTLZ5,DTLZ,2,11,4011,0.005382487984291757,0.34647321968378675,2.8179909999999957
IVFNSGAII,DTLZ5,DTLZ,2,11,4012,0.005361479201731687,0.34657562350367715,2.5244969999999993
IVFNSGAII,DTLZ5,DTLZ,2,11,4013,0.0055202149770068485,0.3465246706835412,2.444945
IVFNSGAII,DTLZ5,DTLZ,2,11,4014,0.005439694338145694,0.34661487317900225,1.9791730000000016
IVFNSGAII,DTLZ5,DTLZ,2,11,4015,0.0048560137788030856,0.34703681273690107,2.155469999999999
IVFNSGAII,DTLZ5,DTLZ,2,11,4016,0.00530830073811298,0.3460976201949343,2.149391000000001
IVFNSGAII,DTLZ5,DTLZ,2,11,4017,0.005089546265382293,0.3468164469087758,2.947821
IVFNSGAII,DTLZ5,DTLZ,2,11,4018,0.005628321888757039,0.3465072711251239,3.114985999999999
IVFNSGAII,DTLZ5,DTLZ,2,11,4019,0.0054954136117124335,0.3466708657529649,2.264839000000001
IVFNSGAII,DTLZ5,DTLZ,2,11,4020,0.005252755323193789,0.34648872633364963,2.7125049999999997
IVFNSGAII,DTLZ5,DTLZ,2,11,4021,0.004773635870464102,0.34679026395811663,2.0092450000000013
IVFNSGAII,DTLZ5,DTLZ,2,11,4022,0.005102310475148842,0.3465978696236183,2.074427999999999
IVFNSGAII,DTLZ5,DTLZ,2,11,4023,0.005049369079849321,0.34633053601050123,3.184169999999995
IVFNSGAII,DTLZ5,DTLZ,2,11,4024,0.005185662348992592,0.3465943145593549,2.544838
IVFNSGAII,DTLZ5,DTLZ,2,11,4025,0.004907468738289181,0.3468062845732011,2.9066780000000025
IVFNSGAII,DTLZ5,DTLZ,2,11,4026,0.005079715299662861,0.34664920168560354,3.2405779999999966
IVFNSGAII,DTLZ5,DTLZ,2,11,4027,0.004945265397369773,0.3469477688757765,2.702163000000005
IVFNSGAII,DTLZ5,DTLZ,2,11,4028,0.005311279045092415,0.3465955318924283,2.8763270000000003
IVFNSGAII,DTLZ5,DTLZ,2,11,4029,0.0048390488632734955,0.3466605759154372,2.807568999999994
IVFNSGAII,DTLZ5,DTLZ,2,11,4030,0.005004428228389632,0.34654192944951717,2.3422390000000006
IVFNSGAII,DTLZ5,DTLZ,3,12,4001,0.005807247555949869,0.19898180617767589,2.5810579999999956
IVFNSGAII,DTLZ5,DTLZ,3,12,4002,0.005552885836721822,0.19910137852397622,2.610698000000001
IVFNSGAII,DTLZ5,DTLZ,3,12,4003,0.006286593194260215,0.19909721698570643,2.4906549999999976
IVFNSGAII,DTLZ5,DTLZ,3,12,4004,0.006232774858950384,0.1990792019415469,2.8040770000000004
IVFNSGAII,DTLZ5,DTLZ,3,12,4005,0.005501370661474087,0.1991612784171326,2.4587200000000036
IVFNSGAII,DTLZ5,DTLZ,3,12,4006,0.005968542220686434,0.1990527665398961,2.5974049999999993
IVFNSGAII,DTLZ5,DTLZ,3,12,4007,0.006004688043834095,0.19914001013810367,2.0666440000000024
IVFNSGAII,DTLZ5,DTLZ,3,12,4008,0.00601326151202972,0.1988800960878694,2.177223000000002
IVFNSGAII,DTLZ5,DTLZ,3,12,4009,0.005742711684259498,0.19905983330415977,2.0704159999999967
IVFNSGAII,DTLZ5,DTLZ,3,12,4010,0.005900151425457086,0.19918272548759086,2.494386000000004
IVFNSGAII,DTLZ5,DTLZ,3,12,4011,0.006137643408341005,0.1989939756384647,1.9290960000000024
IVFNSGAII,DTLZ5,DTLZ,3,12,4012,0.00548167773574969,0.19952116609770276,2.774860000000001
IVFNSGAII,DTLZ5,DTLZ,3,12,4013,0.005961839042578877,0.1988918921722829,1.7558870000000022
IVFNSGAII,DTLZ5,DTLZ,3,12,4014,0.005535176768629901,0.19923692659391387,2.099914999999998
IVFNSGAII,DTLZ5,DTLZ,3,12,4015,0.005551800440653085,0.19934575149677353,2.256695999999998
IVFNSGAII,DTLZ5,DTLZ,3,12,4016,0.0055867878312610645,0.19930996199613027,2.3379680000000023
IVFNSGAII,DTLZ5,DTLZ,3,12,4017,0.006140843428453394,0.1991405106674777,2.406494999999998
IVFNSGAII,DTLZ5,DTLZ,3,12,4018,0.0062291447519677344,0.19921608413018263,2.192128000000001
IVFNSGAII,DTLZ5,DTLZ,3,12,4019,0.006557181343659394,0.19930794961665993,2.518561999999998
IVFNSGAII,DTLZ5,DTLZ,3,12,4020,0.0060268264443250836,0.19921454123763646,2.8405919999999996
IVFNSGAII,DTLZ5,DTLZ,3,12,4021,0.005969782460529529,0.19892692406088483,2.1851510000000016
IVFNSGAII,DTLZ5,DTLZ,3,12,4022,0.005838370503065571,0.19924133652767828,3.0631219999999972
IVFNSGAII,DTLZ5,DTLZ,3,12,4023,0.006450896518463128,0.19899560977391645,2.7842260000000034
IVFNSGAII,DTLZ5,DTLZ,3,12,4024,0.006072383644482355,0.19900689784088496,2.578239999999999
IVFNSGAII,DTLZ5,DTLZ,3,12,4025,0.006275438222428321,0.19922716404121693,1.7617030000000014
IVFNSGAII,DTLZ5,DTLZ,3,12,4026,0.00633050067197643,0.19900556454432877,1.8930199999999988
IVFNSGAII,DTLZ5,DTLZ,3,12,4027,0.005728086904735141,0.19925292973412426,2.153765
IVFNSGAII,DTLZ5,DTLZ,3,12,4028,0.006304326784096374,0.19902431754663727,1.7807180000000018
IVFNSGAII,DTLZ5,DTLZ,3,12,4029,0.005263785862883503,0.1992613734860587,2.2822389999999984
IVFNSGAII,DTLZ5,DTLZ,3,12,4030,0.005399209710849098,0.19931851658511726,2.2138969999999984
IVFNSGAII,DTLZ6,DTLZ,2,11,4001,0.0055922140430280775,0.3467664135276462,2.5789759999999973
IVFNSGAII,DTLZ6,DTLZ,2,11,4002,0.005394351563611441,0.34657441527705507,2.194067999999999
IVFNSGAII,DTLZ6,DTLZ,2,11,4003,0.005805110824540297,0.3460672538550543,2.6694390000000037
IVFNSGAII,DTLZ6,DTLZ,2,11,4004,0.005422781744621359,0.34650670439608056,2.3177069999999995
IVFNSGAII,DTLZ6,DTLZ,2,11,4005,0.005701053572637245,0.3464104148682812,2.2215620000000023
IVFNSGAII,DTLZ6,DTLZ,2,11,4006,0.005864540909602066,0.3465554230975385,2.281211
IVFNSGAII,DTLZ6,DTLZ,2,11,4007,0.005585278313296066,0.34652562107814455,2.312750999999997
IVFNSGAII,DTLZ6,DTLZ,2,11,4008,0.005609361930427422,0.3465843193340716,2.9204839999999987
IVFNSGAII,DTLZ6,DTLZ,2,11,4009,0.0054813402110402846,0.34647663318138877,2.0239320000000003
IVFNSGAII,DTLZ6,DTLZ,2,11,4010,0.005643852689821577,0.3466197547907857,2.9700969999999933
IVFNSGAII,DTLZ6,DTLZ,2,11,4011,0.005626433818814878,0.34641718813666084,2.489580000000003
IVFNSGAII,DTLZ6,DTLZ,2,11,4012,0.005885241503727752,0.3464407503457245,2.3102099999999983
IVFNSGAII,DTLZ6,DTLZ,2,11,4013,0.006315127824375023,0.34609060479742015,2.1320820000000014
IVFNSGAII,DTLZ6,DTLZ,2,11,4014,0.0062602493335751465,0.3464499078646685,1.798417
IVFNSGAII,DTLZ6,DTLZ,2,11,4015,0.005651947543469031,0.3460250734516976,2.6215740000000007
IVFNSGAII,DTLZ6,DTLZ,2,11,4016,0.005346018876418567,0.3464962442343846,2.501312000000005
IVFNSGAII,DTLZ6,DTLZ,2,11,4017,0.005872221428721435,0.34602490286783916,2.138901000000002
IVFNSGAII,DTLZ6,DTLZ,2,11,4018,0.005464266123213195,0.3464758290813827,2.180587999999998
IVFNSGAII,DTLZ6,DTLZ,2,11,4019,0.005553091473787289,0.34663239440504073,2.102099000000001
IVFNSGAII,DTLZ6,DTLZ,2,11,4020,0.005836717664497648,0.34641398212034635,2.313326999999999
IVFNSGAII,DTLZ6,DTLZ,2,11,4021,0.005389932950129022,0.346531768606661,2.2317749999999994
IVFNSGAII,DTLZ6,DTLZ,2,11,4022,0.005664682620655104,0.3463096243067495,1.929684000000001
IVFNSGAII,DTLZ6,DTLZ,2,11,4023,0.005659680196512784,0.3464217131893639,2.1191860000000027
IVFNSGAII,DTLZ6,DTLZ,2,11,4024,0.005912748677981897,0.34627744670629235,2.0605799999999976
IVFNSGAII,DTLZ6,DTLZ,2,11,4025,0.005760447135179747,0.3465117850466679,2.4098090000000005
IVFNSGAII,DTLZ6,DTLZ,2,11,4026,0.006012587725989859,0.34645167822959594,2.396793000000002
IVFNSGAII,DTLZ6,DTLZ,2,11,4027,0.005963554140391351,0.3465050099335493,2.157099000000002
IVFNSGAII,DTLZ6,DTLZ,2,11,4028,0.005811931733143306,0.34619041370862946,1.8681450000000006
IVFNSGAII,DTLZ6,DTLZ,2,11,4029,0.006031648520588719,0.3464957471981508,1.899380999999999
IVFNSGAII,DTLZ6,DTLZ,2,11,4030,0.005901914865226097,0.3462876582368333,2.082489000000002
IVFNSGAII,DTLZ6,DTLZ,3,12,4001,0.00589786320035602,0.19964448022130826,2.3619570000000008
IVFNSGAII,DTLZ6,DTLZ,3,12,4002,0.005718364798461621,0.19929376383401892,2.0417719999999977
IVFNSGAII,DTLZ6,DTLZ,3,12,4003,0.006204354879195379,0.19962638429207383,1.9757160000000018
IVFNSGAII,DTLZ6,DTLZ,3,12,4004,0.006329004390700891,0.19928533959872874,2.0086770000000005
IVFNSGAII,DTLZ6,DTLZ,3,12,4005,0.006053861581654082,0.19944441762936754,1.9809550000000007
IVFNSGAII,DTLZ6,DTLZ,3,12,4006,0.0058559244218040745,0.1995428782229341,1.7032019999999988
IVFNSGAII,DTLZ6,DTLZ,3,12,4007,0.0057699903743876355,0.19960460332677893,1.9319290000000002
IVFNSGAII,DTLZ6,DTLZ,3,12,4008,0.006140134603288844,0.1993942904407281,1.9674480000000003
IVFNSGAII,DTLZ6,DTLZ,3,12,4009,0.0054436958644467825,0.1993612227623918,2.3684020000000046
IVFNSGAII,DTLZ6,DTLZ,3,12,4010,0.006542990756574682,0.19928200625650272,2.7620529999999985
IVFNSGAII,DTLZ6,DTLZ,3,12,4011,0.00602545721327313,0.1992518440247641,1.8444079999999994
IVFNSGAII,DTLZ6,DTLZ,3,12,4012,0.0056216050239722894,0.1995498340356543,2.5314089999999956
IVFNSGAII,DTLZ6,DTLZ,3,12,4013,0.006353049901282803,0.1993353083498666,2.8434150000000016
IVFNSGAII,DTLZ6,DTLZ,3,12,4014,0.005891203399268532,0.19949255581423334,2.9312129999999983
IVFNSGAII,DTLZ6,DTLZ,3,12,4015,0.005785334213412416,0.19932604328668396,1.8997200000000019
IVFNSGAII,DTLZ6,DTLZ,3,12,4016,0.005941825548279491,0.19959689675287032,1.9478869999999997
IVFNSGAII,DTLZ6,DTLZ,3,12,4017,0.005811486395072664,0.19902230953744177,2.802563000000001
IVFNSGAII,DTLZ6,DTLZ,3,12,4018,0.006138348854791296,0.1992337543141459,3.103284000000005
IVFNSGAII,DTLZ6,DTLZ,3,12,4019,0.005530412316876139,0.19932283000700532,1.7247880000000013
IVFNSGAII,DTLZ6,DTLZ,3,12,4020,0.005729809735936044,0.19948273417093781,2.518058999999998
IVFNSGAII,DTLZ6,DTLZ,3,12,4021,0.006069154126470456,0.1995279393320351,2.108232999999999
IVFNSGAII,DTLZ6,DTLZ,3,12,4022,0.006392543465114994,0.19935132230240937,2.1699350000000006
IVFNSGAII,DTLZ6,DTLZ,3,12,4023,0.006201604148716036,0.19924654965397484,2.0667470000000003
IVFNSGAII,DTLZ6,DTLZ,3,12,4024,0.005973344468742363,0.1993991528344051,2.380656999999998
IVFNSGAII,DTLZ6,DTLZ,3,12,4025,0.005612871332151742,0.19958330547747752,2.638630999999999
IVFNSGAII,DTLZ6,DTLZ,3,12,4026,0.005714939037790611,0.1993645071968672,2.2230909999999993
IVFNSGAII,DTLZ6,DTLZ,3,12,4027,0.005471250202146402,0.19958188304784277,2.3039300000000007
IVFNSGAII,DTLZ6,DTLZ,3,12,4028,0.00540838686450629,0.19941043081543164,2.4205519999999967
IVFNSGAII,DTLZ6,DTLZ,3,12,4029,0.0062878423192941355,0.1994801791153524,2.3926670000000008
IVFNSGAII,DTLZ6,DTLZ,3,12,4030,0.0060176696976848906,0.19958766370517858,2.2428020000000015
IVFNSGAII,DTLZ7,DTLZ,2,21,4001,0.005866927902430288,0.24257237274387378,2.5322550000000006
IVFNSGAII,DTLZ7,DTLZ,2,21,4002,0.005721997575264738,0.24263652443194822,2.473839
IVFNSGAII,DTLZ7,DTLZ,2,21,4003,0.00500125333251003,0.24278663959076274,2.8269109999999986
IVFNSGAII,DTLZ7,DTLZ,2,21,4004,0.005400188381767544,0.2426636290632516,2.5720320000000045
IVFNSGAII,DTLZ7,DTLZ,2,21,4005,0.005297233760870422,0.2427694792788763,2.255842999999996
IVFNSGAII,DTLZ7,DTLZ,2,21,4006,0.00515923626786076,0.24278471896066772,2.418682999999999
IVFNSGAII,DTLZ7,DTLZ,2,21,4007,0.005514830560958015,0.24266133743548418,2.811191000000002
IVFNSGAII,DTLZ7,DTLZ,2,21,4008,0.005374613486546544,0.24272557750270624,2.5192830000000015
IVFNSGAII,DTLZ7,DTLZ,2,21,4009,0.005474470954914695,0.24266605182021347,2.3566110000000027
IVFNSGAII,DTLZ7,DTLZ,2,21,4010,0.005640008443647021,0.24262709283404807,2.2636860000000003
IVFNSGAII,DTLZ7,DTLZ,2,21,4011,0.005288691637025602,0.2427334972855022,2.6277319999999955
IVFNSGAII,DTLZ7,DTLZ,2,21,4012,0.0052834808593756385,0.24272336407259254,2.440262999999997
IVFNSGAII,DTLZ7,DTLZ,2,21,4013,0.005563908268342557,0.24261253667592347,2.9190409999999978
IVFNSGAII,DTLZ7,DTLZ,2,21,4014,0.005424569742561468,0.24267700040815088,2.223047999999997
IVFNSGAII,DTLZ7,DTLZ,2,21,4015,0.005449842183446949,0.24272263838141533,2.177602000000001
IVFNSGAII,DTLZ7,DTLZ,2,21,4016,0.00581966919594865,0.24255865451125525,2.605077000000002
IVFNSGAII,DTLZ7,DTLZ,2,21,4017,0.005736535256406134,0.2426420968443115,2.638114999999998
IVFNSGAII,DTLZ7,DTLZ,2,21,4018,0.005448122555295088,0.24266801887590161,3.1497719999999974
IVFNSGAII,DTLZ7,DTLZ,2,21,4019,0.005544168329413002,0.2426537139881476,3.189586000000002
IVFNSGAII,DTLZ7,DTLZ,2,21,4020,0.005509666909086837,0.2426930561815021,2.1877070000000023
IVFNSGAII,DTLZ7,DTLZ,2,21,4021,0.005484183722072894,0.24267671406033148,2.726938
IVFNSGAII,DTLZ7,DTLZ,2,21,4022,0.005112921714040403,0.24277864703439475,3.522217
IVFNSGAII,DTLZ7,DTLZ,2,21,4023,0.005409560489579447,0.2426116322467759,2.0895689999999996
IVFNSGAII,DTLZ7,DTLZ,2,21,4024,0.00550792571431465,0.24266749657394102,3.0855089999999996
IVFNSGAII,DTLZ7,DTLZ,2,21,4025,0.005709577179424491,0.24261857899567396,2.7666860000000026
IVFNSGAII,DTLZ7,DTLZ,2,21,4026,0.0056342524268822415,0.2426049396464441,3.114480000000001
IVFNSGAII,DTLZ7,DTLZ,2,21,4027,0.005468099773183541,0.2426267547810672,2.9638639999999965
IVFNSGAII,DTLZ7,DTLZ,2,21,4028,0.0055652376754893335,0.24266725977567113,2.6263499999999986
IVFNSGAII,DTLZ7,DTLZ,2,21,4029,0.005950915680672628,0.24254485823333896,2.319355000000002
IVFNSGAII,DTLZ7,DTLZ,2,21,4030,0.005305788248751898,0.24269430453980972,2.208725999999998
IVFNSGAII,DTLZ7,DTLZ,3,22,4001,0.07206031758611077,0.27072512859797415,2.130828000000002
IVFNSGAII,DTLZ7,DTLZ,3,22,4002,0.07351004896503817,0.2687614725592353,1.8249510000000009
IVFNSGAII,DTLZ7,DTLZ,3,22,4003,0.08243138827311731,0.2698477328784581,1.9567690000000024
IVFNSGAII,DTLZ7,DTLZ,3,22,4004,0.0813513297591979,0.26212238500807145,2.1238440000000014
IVFNSGAII,DTLZ7,DTLZ,3,22,4005,0.06822088055556529,0.2682421552106817,2.106322
IVFNSGAII,DTLZ7,DTLZ,3,22,4006,0.07503090037522829,0.2664506906554681,2.789120999999999
IVFNSGAII,DTLZ7,DTLZ,3,22,4007,0.07932517981165815,0.2698913043006994,2.311883
IVFNSGAII,DTLZ7,DTLZ,3,22,4008,0.08539130178085734,0.266709845322039,3.2465270000000053
IVFNSGAII,DTLZ7,DTLZ,3,22,4009,0.07108618114018236,0.2695663788447066,2.3709760000000033
IVFNSGAII,DTLZ7,DTLZ,3,22,4010,0.07660850930197532,0.2633535780205761,3.1018179999999957
IVFNSGAII,DTLZ7,DTLZ,3,22,4011,0.07829794061578055,0.2689246208393535,2.2124809999999973
IVFNSGAII,DTLZ7,DTLZ,3,22,4012,0.07170411347622527,0.26677631934366075,3.2635720000000017
IVFNSGAII,DTLZ7,DTLZ,3,22,4013,0.08616382522384865,0.27079201323608626,1.8909800000000005
IVFNSGAII,DTLZ7,DTLZ,3,22,4014,0.07462542509964248,0.27035813629230016,3.3192859999999986
IVFNSGAII,DTLZ7,DTLZ,3,22,4015,0.07818559816466632,0.26829491710538783,2.665101000000002
IVFNSGAII,DTLZ7,DTLZ,3,22,4016,0.07302299840358344,0.27089083717817,3.241966999999996
IVFNSGAII,DTLZ7,DTLZ,3,22,4017,0.07405399412950504,0.26984823731775753,2.2082930000000003
IVFNSGAII,DTLZ7,DTLZ,3,22,4018,0.34796893057094225,0.24023572908882168,3.0407639999999994
IVFNSGAII,DTLZ7,DTLZ,3,22,4019,0.07949177850793963,0.27259152751244653,3.323017000000003
IVFNSGAII,DTLZ7,DTLZ,3,22,4020,0.07522430915282842,0.2706501406948024,3.5372830000000013
IVFNSGAII,DTLZ7,DTLZ,3,22,4021,0.07971121835775849,0.2686543366110647,3.5199450000000008
IVFNSGAII,DTLZ7,DTLZ,3,22,4022,0.0777794605241271,0.2705434920404343,3.0647149999999983
IVFNSGAII,DTLZ7,DTLZ,3,22,4023,0.07672236800034359,0.26854097806019195,2.7756860000000003
IVFNSGAII,DTLZ7,DTLZ,3,22,4024,0.0803389465400836,0.26888177985243666,3.147712999999997
IVFNSGAII,DTLZ7,DTLZ,3,22,4025,0.0719070967195772,0.27109811427101166,2.6813430000000036
IVFNSGAII,DTLZ7,DTLZ,3,22,4026,0.07321249020346289,0.269652009289943,2.028423
IVFNSGAII,DTLZ7,DTLZ,3,22,4027,0.07441640612762757,0.2708157961994974,1.9769619999999999
IVFNSGAII,DTLZ7,DTLZ,3,22,4028,0.07806995380110884,0.2713221698461726,2.7108810000000014
IVFNSGAII,DTLZ7,DTLZ,3,22,4029,0.08133088386670245,0.26988755344086357,2.074159000000004
IVFNSGAII,DTLZ7,DTLZ,3,22,4030,0.07162362176613289,0.2707987570487404,1.975155999999997
IVFNSGAII,MaF1,MaF,2,11,4001,0.0045425564413822655,0.581120461125824,2.161263000000001
IVFNSGAII,MaF1,MaF,2,11,4002,0.004547077578423657,0.5809315677051146,1.7470720000000008
IVFNSGAII,MaF1,MaF,2,11,4003,0.004949171031173004,0.5803837428857154,2.0827630000000013
IVFNSGAII,MaF1,MaF,2,11,4004,0.004457513185607874,0.5811190850052024,1.830288999999999
IVFNSGAII,MaF1,MaF,2,11,4005,0.004607846222398756,0.5809858405739523,2.186301
IVFNSGAII,MaF1,MaF,2,11,4006,0.004689748107262297,0.580790853817935,2.272616999999999
IVFNSGAII,MaF1,MaF,2,11,4007,0.0047832400772472436,0.580719276445063,2.3501880000000006
IVFNSGAII,MaF1,MaF,2,11,4008,0.004518952245118578,0.5809930637228284,2.1464390000000035
IVFNSGAII,MaF1,MaF,2,11,4009,0.0049152875607923864,0.5805812002209579,2.319654000000001
IVFNSGAII,MaF1,MaF,2,11,4010,0.004470469904118606,0.5810172890021634,1.8040999999999998
IVFNSGAII,MaF1,MaF,2,11,4011,0.0047971087550414526,0.5805321321279693,2.0388550000000034
IVFNSGAII,MaF1,MaF,2,11,4012,0.004653246327005247,0.580744583123381,1.8832509999999996
IVFNSGAII,MaF1,MaF,2,11,4013,0.004607090327509182,0.5808911917318216,1.9757129999999974
IVFNSGAII,MaF1,MaF,2,11,4014,0.004591260385465414,0.5809723616855703,2.2697479999999945
IVFNSGAII,MaF1,MaF,2,11,4015,0.004727365631841232,0.5807427883726122,1.8379519999999998
IVFNSGAII,MaF1,MaF,2,11,4016,0.004668791722229791,0.580844750068164,2.059992
IVFNSGAII,MaF1,MaF,2,11,4017,0.004374366304686065,0.5812028327021579,2.4473300000000004
IVFNSGAII,MaF1,MaF,2,11,4018,0.004745469106510839,0.5809107929277234,2.175535999999999
IVFNSGAII,MaF1,MaF,2,11,4019,0.004357614605906068,0.5812470040826412,2.4231790000000024
IVFNSGAII,MaF1,MaF,2,11,4020,0.004617756179417709,0.5808409260976651,2.065319
IVFNSGAII,MaF1,MaF,2,11,4021,0.004636312242327812,0.5809469900364828,1.8886149999999995
IVFNSGAII,MaF1,MaF,2,11,4022,0.004775007458004494,0.5807534611695079,1.9818929999999986
IVFNSGAII,MaF1,MaF,2,11,4023,0.004664394532120303,0.5807977937270783,2.3151419999999994
IVFNSGAII,MaF1,MaF,2,11,4024,0.004565300432670962,0.5809095546323501,1.9894350000000012
IVFNSGAII,MaF1,MaF,2,11,4025,0.004755832350878046,0.5805755059488733,1.7972559999999977
IVFNSGAII,MaF1,MaF,2,11,4026,0.00447816172990776,0.581104034862237,1.9038020000000015
IVFNSGAII,MaF1,MaF,2,11,4027,0.004458478153845739,0.5810335322538669,1.7311249999999998
IVFNSGAII,MaF1,MaF,2,11,4028,0.0044297856487948645,0.5812138618590358,1.5446440000000001
IVFNSGAII,MaF1,MaF,2,11,4029,0.004502816563994974,0.5810430999982265,1.6138700000000015
IVFNSGAII,MaF1,MaF,2,11,4030,0.004553099356526656,0.5810363636115996,1.5253300000000016
IVFNSGAII,MaF1,MaF,3,12,4001,0.0583524324509189,0.20308375847925872,2.3160560000000006
IVFNSGAII,MaF1,MaF,3,12,4002,0.05967111003237749,0.203824139314315,2.4364009999999987
IVFNSGAII,MaF1,MaF,3,12,4003,0.05715593300866235,0.20528228203162388,2.636653
IVFNSGAII,MaF1,MaF,3,12,4004,0.05799197896317367,0.20496175179120793,2.6107829999999987
IVFNSGAII,MaF1,MaF,3,12,4005,0.059556787014257324,0.2041393514426754,2.401642
IVFNSGAII,MaF1,MaF,3,12,4006,0.05211421177584002,0.20801835057966775,2.37992
IVFNSGAII,MaF1,MaF,3,12,4007,0.05662623544590193,0.2035961851585798,1.9878139999999975
IVFNSGAII,MaF1,MaF,3,12,4008,0.061475040459335495,0.20127438422542784,3.2025250000000054
IVFNSGAII,MaF1,MaF,3,12,4009,0.054779029004956,0.20787799648012964,1.9422580000000007
IVFNSGAII,MaF1,MaF,3,12,4010,0.0575071684995634,0.2050641216695171,2.606350000000002
IVFNSGAII,MaF1,MaF,3,12,4011,0.054462891913385506,0.20652370627030067,2.3476320000000004
IVFNSGAII,MaF1,MaF,3,12,4012,0.05795003520306711,0.20365294367322778,2.0645869999999986
IVFNSGAII,MaF1,MaF,3,12,4013,0.05486468465345544,0.20682648504023624,2.398752000000001
IVFNSGAII,MaF1,MaF,3,12,4014,0.05444386820359889,0.2073867120520126,2.5865420000000023
IVFNSGAII,MaF1,MaF,3,12,4015,0.057670634345493216,0.20372361141947684,1.9940230000000023
IVFNSGAII,MaF1,MaF,3,12,4016,0.05861095736752565,0.20264965603476848,2.155097000000003
IVFNSGAII,MaF1,MaF,3,12,4017,0.056370466760977705,0.20577337656353456,2.340115999999999
IVFNSGAII,MaF1,MaF,3,12,4018,0.05866909772595618,0.20310912227610364,2.3320499999999984
IVFNSGAII,MaF1,MaF,3,12,4019,0.057904428824389766,0.20392722721253714,2.147128000000001
IVFNSGAII,MaF1,MaF,3,12,4020,0.05557961136549918,0.20503532144632625,2.6062929999999978
IVFNSGAII,MaF1,MaF,3,12,4021,0.0582717780989813,0.2035905911202749,2.2809959999999974
IVFNSGAII,MaF1,MaF,3,12,4022,0.05590895475259319,0.2046951349331796,2.5017169999999975
IVFNSGAII,MaF1,MaF,3,12,4023,0.05815232501517007,0.20366256908347755,3.0511210000000015
IVFNSGAII,MaF1,MaF,3,12,4024,0.05832838059486772,0.20305563989268188,2.4152279999999977
IVFNSGAII,MaF1,MaF,3,12,4025,0.05899617183024033,0.2024148018242511,1.7015680000000009
IVFNSGAII,MaF1,MaF,3,12,4026,0.058680610347992636,0.20278340577703188,1.970272999999997
IVFNSGAII,MaF1,MaF,3,12,4027,0.05478312231558669,0.2071631261450407,1.7809730000000017
IVFNSGAII,MaF1,MaF,3,12,4028,0.05190426928006569,0.20775959860055757,1.4964330000000001
IVFNSGAII,MaF1,MaF,3,12,4029,0.0577453810918222,0.20488038018231117,1.7046629999999992
IVFNSGAII,MaF1,MaF,3,12,4030,0.05667368311542466,0.20482017630993082,2.3538289999999993
IVFNSGAII,MaF2,MaF,2,11,4001,0.002603808906247967,0.20698714870235152,2.684360000000001
IVFNSGAII,MaF2,MaF,2,11,4002,0.00270448791052218,0.20694370265483172,1.784208
IVFNSGAII,MaF2,MaF,2,11,4003,0.002713861061278592,0.206762133715857,1.9386209999999975
IVFNSGAII,MaF2,MaF,2,11,4004,0.002798919716048177,0.20680514268903052,2.131481999999999
IVFNSGAII,MaF2,MaF,2,11,4005,0.003057636980781147,0.2065845831077276,2.3662359999999953
IVFNSGAII,MaF2,MaF,2,11,4006,0.0025574762866898497,0.20695702276825736,2.1841040000000005
IVFNSGAII,MaF2,MaF,2,11,4007,0.0028172031378006076,0.2067986899061507,2.4607009999999994
IVFNSGAII,MaF2,MaF,2,11,4008,0.0027322223927333067,0.20684569498363733,2.213667000000002
IVFNSGAII,MaF2,MaF,2,11,4009,0.002680248263630536,0.2068409733582374,2.118842000000001
IVFNSGAII,MaF2,MaF,2,11,4010,0.0025416836368844014,0.20700655612042762,2.0096899999999973
IVFNSGAII,MaF2,MaF,2,11,4011,0.00271936640283607,0.206874016257634,2.0635490000000014
IVFNSGAII,MaF2,MaF,2,11,4012,0.0028230213549635488,0.20671625877994076,2.1278920000000006
IVFNSGAII,MaF2,MaF,2,11,4013,0.0027331782426481036,0.20688010005793162,2.833842999999999
IVFNSGAII,MaF2,MaF,2,11,4014,0.002688795533225862,0.20687451314207872,2.3538729999999988
IVFNSGAII,MaF2,MaF,2,11,4015,0.002713202652021697,0.20686602806029403,2.3166290000000007
IVFNSGAII,MaF2,MaF,2,11,4016,0.002712039532410179,0.2067409050797664,2.0288530000000002
IVFNSGAII,MaF2,MaF,2,11,4017,0.002555257005033639,0.20703128592061315,3.1566099999999997
IVFNSGAII,MaF2,MaF,2,11,4018,0.0026809381554419804,0.2068820380008239,2.246865000000005
IVFNSGAII,MaF2,MaF,2,11,4019,0.0027989037376035314,0.20678020988288187,1.916180999999997
IVFNSGAII,MaF2,MaF,2,11,4020,0.0028461000981221327,0.20670463315410303,1.9588959999999993
IVFNSGAII,MaF2,MaF,2,11,4021,0.0026483545599084116,0.20690978706099206,2.812358999999995
IVFNSGAII,MaF2,MaF,2,11,4022,0.0026456863318294675,0.20686521906033173,2.098268000000002
IVFNSGAII,MaF2,MaF,2,11,4023,0.002902337828140286,0.20666861942032905,1.9337649999999995
IVFNSGAII,MaF2,MaF,2,11,4024,0.0028467938151686602,0.20677486206762,2.5040140000000024
IVFNSGAII,MaF2,MaF,2,11,4025,0.0025637852547239085,0.2070643842940586,2.7179609999999994
IVFNSGAII,MaF2,MaF,2,11,4026,0.0027391405673930598,0.20686144077744337,3.2260259999999987
IVFNSGAII,MaF2,MaF,2,11,4027,0.0028251105999660318,0.2067513829205952,2.2901039999999995
IVFNSGAII,MaF2,MaF,2,11,4028,0.0026850897120144434,0.20690284473480003,2.385474999999999
IVFNSGAII,MaF2,MaF,2,11,4029,0.0027863795082279713,0.20684073447781026,2.6033989999999974
IVFNSGAII,MaF2,MaF,2,11,4030,0.002779329549565482,0.20685066775510583,2.117303000000002
IVFNSGAII,MaF2,MaF,3,12,4001,0.042824928016223236,0.23783090617937097,2.792123
IVFNSGAII,MaF2,MaF,3,12,4002,0.045850548759681045,0.2346463302685557,2.436730000000003
IVFNSGAII,MaF2,MaF,3,12,4003,0.05032535022923063,0.2337210151283685,2.5644310000000003
IVFNSGAII,MaF2,MaF,3,12,4004,0.04872381235786046,0.23595523254614426,2.3708190000000036
IVFNSGAII,MaF2,MaF,3,12,4005,0.04821941401846183,0.2379875695683861,2.167032999999999
IVFNSGAII,MaF2,MaF,3,12,4006,0.04301897930769886,0.23849697519550803,2.4384259999999975
IVFNSGAII,MaF2,MaF,3,12,4007,0.04376387691720781,0.23616561180937773,2.0185359999999988
IVFNSGAII,MaF2,MaF,3,12,4008,0.05056116084137568,0.23573800999686448,2.2264309999999963
IVFNSGAII,MaF2,MaF,3,12,4009,0.04150874517612838,0.23810537659453695,1.9702949999999992
IVFNSGAII,MaF2,MaF,3,12,4010,0.04365559892811251,0.2356824410385642,2.108939000000001
IVFNSGAII,MaF2,MaF,3,12,4011,0.04758298562788577,0.2347032034207574,1.9313529999999985
IVFNSGAII,MaF2,MaF,3,12,4012,0.041534514178774885,0.238389935035064,2.124866999999998
IVFNSGAII,MaF2,MaF,3,12,4013,0.04703275993012272,0.2323962800443117,2.1336969999999993
IVFNSGAII,MaF2,MaF,3,12,4014,0.04358429895443727,0.23755551316605222,2.3152239999999975
IVFNSGAII,MaF2,MaF,3,12,4015,0.04283164698102135,0.23732640281892825,1.9921240000000007
IVFNSGAII,MaF2,MaF,3,12,4016,0.042042749274555084,0.23782152600654588,2.2578890000000014
IVFNSGAII,MaF2,MaF,3,12,4017,0.04521589177524819,0.2377172226470062,2.128395999999998
IVFNSGAII,MaF2,MaF,3,12,4018,0.04453849025365446,0.2346894637269188,2.8546649999999993
IVFNSGAII,MaF2,MaF,3,12,4019,0.048330474141290526,0.2346746571874884,1.4584039999999987
IVFNSGAII,MaF2,MaF,3,12,4020,0.050646270895930864,0.23435938043218235,1.1912440000000013
IVFNSGAII,MaF2,MaF,3,12,4021,0.04590275620066232,0.23673448898340593,1.5680879999999977
IVFNSGAII,MaF2,MaF,3,12,4022,0.04817862498626691,0.23374800107844584,1.5770630000000005
IVFNSGAII,MaF2,MaF,3,12,4023,0.04700351844641394,0.23175339057883806,1.8613839999999988
IVFNSGAII,MaF2,MaF,3,12,4024,0.04527831322791896,0.23874580126254974,1.2977269999999985
IVFNSGAII,MaF2,MaF,3,12,4025,0.043559391232232125,0.23752918218409694,1.6215369999999985
IVFNSGAII,MaF2,MaF,3,12,4026,0.048214641487525,0.2357325960061451,2.169944999999998
IVFNSGAII,MaF2,MaF,3,12,4027,0.04799799542453013,0.23550167914119616,1.933697000000001
IVFNSGAII,MaF2,MaF,3,12,4028,0.047982363014813095,0.23809144366073842,2.1695910000000014
IVFNSGAII,MaF2,MaF,3,12,4029,0.04434861356034491,0.2330586137301579,2.3169500000000003
IVFNSGAII,MaF2,MaF,3,12,4030,0.044283700696560645,0.23195923179983335,2.058715000000001
IVFNSGAII,MaF3,MaF,2,11,4001,0.004607301684507293,0.7194365705226458,2.6045329999999995
IVFNSGAII,MaF3,MaF,2,11,4002,0.004696213179598199,0.7187631587960599,2.247665
IVFNSGAII,MaF3,MaF,2,11,4003,0.004298844627096959,0.7198227629088898,2.139322000000001
IVFNSGAII,MaF3,MaF,2,11,4004,0.0058304380043026115,0.7163863772040725,2.6736869999999993
IVFNSGAII,MaF3,MaF,2,11,4005,0.00440651169274652,0.719363009087492,1.9925470000000018
IVFNSGAII,MaF3,MaF,2,11,4006,0.004936513273160207,0.7182519160854159,2.563389000000004
IVFNSGAII,MaF3,MaF,2,11,4007,0.005070543686344009,0.7180622611616316,2.542431000000004
IVFNSGAII,MaF3,MaF,2,11,4008,0.004531954351486697,0.7196510790870855,2.9448209999999966
IVFNSGAII,MaF3,MaF,2,11,4009,0.004994541405686324,0.7180348083157423,2.545584000000003
IVFNSGAII,MaF3,MaF,2,11,4010,0.0051163408237125335,0.7185587893960194,2.3912700000000013
IVFNSGAII,MaF3,MaF,2,11,4011,0.005119633771087908,0.7180937177185639,2.291775999999999
IVFNSGAII,MaF3,MaF,2,11,4012,0.00577909277555166,0.716875517171675,2.850393000000005
IVFNSGAII,MaF3,MaF,2,11,4013,0.005170154820043557,0.7178256556274836,2.3244970000000014
IVFNSGAII,MaF3,MaF,2,11,4014,0.005280593703086263,0.7188337193633038,2.2189370000000026
IVFNSGAII,MaF3,MaF,2,11,4015,0.004716292153283407,0.7193020781876723,2.2531200000000005
IVFNSGAII,MaF3,MaF,2,11,4016,0.004428783359653522,0.719921708646596,2.002845000000003
IVFNSGAII,MaF3,MaF,2,11,4017,0.004637102650414483,0.7193295587234877,2.2343019999999982
IVFNSGAII,MaF3,MaF,2,11,4018,0.004822118893644351,0.7182602239108569,2.440965000000003
IVFNSGAII,MaF3,MaF,2,11,4019,0.0046035460808635026,0.7189861105640075,2.511692999999999
IVFNSGAII,MaF3,MaF,2,11,4020,0.00549932550089602,0.7172655360084996,2.214617000000001
IVFNSGAII,MaF3,MaF,2,11,4021,0.0045125764126591646,0.7190114265669342,2.4299359999999997
IVFNSGAII,MaF3,MaF,2,11,4022,0.005152551562190891,0.7182143806596274,2.1675929999999974
IVFNSGAII,MaF3,MaF,2,11,4023,0.004678378155087427,0.7190777191458861,1.8934290000000027
IVFNSGAII,MaF3,MaF,2,11,4024,0.005065867348407538,0.7181537171862759,2.555202000000001
IVFNSGAII,MaF3,MaF,2,11,4025,0.005196405068860686,0.7178682822180187,2.8735469999999976
IVFNSGAII,MaF3,MaF,2,11,4026,0.004533150650497894,0.719059116920864,3.126915000000001
IVFNSGAII,MaF3,MaF,2,11,4027,0.006745785304472204,0.7143077664018938,3.031902
IVFNSGAII,MaF3,MaF,2,11,4028,0.0051182506828207405,0.7185723586768082,3.069867999999999
IVFNSGAII,MaF3,MaF,2,11,4029,0.004794531101696582,0.7186177075659983,2.364446999999999
IVFNSGAII,MaF3,MaF,2,11,4030,0.004595846710509589,0.7196554875612725,2.2625000000000037
IVFNSGAII,MaF3,MaF,3,12,4001,0.04952091853851118,0.9523227827039831,1.6892710000000013
IVFNSGAII,MaF3,MaF,3,12,4002,0.050233600477122824,0.9533068867646395,1.768042999999998
IVFNSGAII,MaF3,MaF,3,12,4003,0.052679009032486235,0.9423381006616924,1.7858840000000016
IVFNSGAII,MaF3,MaF,3,12,4004,0.0534377346919152,0.9496958637142601,1.9121390000000003
IVFNSGAII,MaF3,MaF,3,12,4005,0.05290890704999153,0.9520991474645648,1.7608250000000023
IVFNSGAII,MaF3,MaF,3,12,4006,0.05109820296566334,0.9521095910636713,1.9268260000000028
IVFNSGAII,MaF3,MaF,3,12,4007,0.047116914303648096,0.9539821124412939,2.611363000000004
IVFNSGAII,MaF3,MaF,3,12,4008,0.05097936379567174,0.9521137257270336,1.7679489999999993
IVFNSGAII,MaF3,MaF,3,12,4009,0.04533691518175288,0.9541452120944837,1.7865319999999987
IVFNSGAII,MaF3,MaF,3,12,4010,0.06043301348379609,0.943020009373336,2.4253529999999976
IVFNSGAII,MaF3,MaF,3,12,4011,0.06253218868341398,0.9448917184149344,2.2700629999999986
IVFNSGAII,MaF3,MaF,3,12,4012,0.05251078260434569,0.9467411282120994,2.7950300000000006
IVFNSGAII,MaF3,MaF,3,12,4013,0.05321735652990099,0.9518130468390389,1.6875660000000008
IVFNSGAII,MaF3,MaF,3,12,4014,0.04380524581396012,0.9550786147562573,1.9793149999999988
IVFNSGAII,MaF3,MaF,3,12,4015,0.04505420355163228,0.9558744385564639,2.450443
IVFNSGAII,MaF3,MaF,3,12,4016,0.06314693572897807,0.9468978318266887,2.9001759999999988
IVFNSGAII,MaF3,MaF,3,12,4017,0.04704719081574695,0.9528531897717352,2.14755
IVFNSGAII,MaF3,MaF,3,12,4018,0.055302516711353784,0.9501034968012863,2.357217
IVFNSGAII,MaF3,MaF,3,12,4019,0.051358262350005165,0.9527776177889414,2.176031
IVFNSGAII,MaF3,MaF,3,12,4020,0.08223990325546998,0.9279739733426258,1.7410080000000012
IVFNSGAII,MaF3,MaF,3,12,4021,0.04625224990310903,0.9538822293447489,2.1577499999999987
IVFNSGAII,MaF3,MaF,3,12,4022,0.055651565874532884,0.9526346522536351,2.428989999999997
IVFNSGAII,MaF3,MaF,3,12,4023,0.043779377158974314,0.9559714358033797,2.199867999999997
IVFNSGAII,MaF3,MaF,3,12,4024,0.060293047528147535,0.946208844578428,3.000485000000001
IVFNSGAII,MaF3,MaF,3,12,4025,0.04315496394736272,0.9554701662257038,1.8881750000000006
IVFNSGAII,MaF3,MaF,3,12,4026,0.04749169763368047,0.9524849092210631,2.046726999999998
IVFNSGAII,MaF3,MaF,3,12,4027,0.04939256880468684,0.9522639100614767,2.3487949999999995
IVFNSGAII,MaF3,MaF,3,12,4028,0.04767092771953994,0.9552353603832242,1.9704599999999997
IVFNSGAII,MaF3,MaF,3,12,4029,0.05040724594686453,0.9514723510856082,1.9652439999999998
IVFNSGAII,MaF3,MaF,3,12,4030,0.0548873247700167,0.9464529886177684,1.660816000000001
IVFNSGAII,MaF4,MaF,2,11,4001,0.015256378666126915,0.8178894875753627,2.166475000000001
IVFNSGAII,MaF4,MaF,2,11,4002,0.016321299789685106,0.8170059050750886,2.5023459999999993
IVFNSGAII,MaF4,MaF,2,11,4003,0.016729879253919052,0.8182904005437327,2.633359000000002
IVFNSGAII,MaF4,MaF,2,11,4004,0.016752926241190493,0.8166322094180758,2.213173000000001
IVFNSGAII,MaF4,MaF,2,11,4005,0.015840977362910316,0.8174400652949648,2.1650660000000004
IVFNSGAII,MaF4,MaF,2,11,4006,0.015082609511022787,0.8181991887688951,1.9809089999999985
IVFNSGAII,MaF4,MaF,2,11,4007,0.015117038385990154,0.8180527058932338,2.606400000000003
IVFNSGAII,MaF4,MaF,2,11,4008,0.0158606751897413,0.8181626165471492,2.177731999999997
IVFNSGAII,MaF4,MaF,2,11,4009,0.01608369508712962,0.8171413284238013,2.0723990000000003
IVFNSGAII,MaF4,MaF,2,11,4010,0.015730327678432535,0.8177955317555344,2.039084999999997
IVFNSGAII,MaF4,MaF,2,11,4011,0.014573563162012217,0.8184674146573251,2.229170000000001
IVFNSGAII,MaF4,MaF,2,11,4012,0.015736898637231978,0.8180362200210501,2.3297920000000008
IVFNSGAII,MaF4,MaF,2,11,4013,0.014793115088556977,0.8188233729967632,2.1114969999999986
IVFNSGAII,MaF4,MaF,2,11,4014,0.015524059314336858,0.8173816607229182,2.1264179999999984
IVFNSGAII,MaF4,MaF,2,11,4015,0.015045109899323728,0.8187594346260112,2.292105999999999
IVFNSGAII,MaF4,MaF,2,11,4016,0.018584703009705997,0.8183340442443838,2.5704200000000017
IVFNSGAII,MaF4,MaF,2,11,4017,0.015080649048003374,0.8184630870164018,1.8263229999999975
IVFNSGAII,MaF4,MaF,2,11,4018,0.01689349113801398,0.8180877358622806,2.033933000000001
IVFNSGAII,MaF4,MaF,2,11,4019,0.014994282050435981,0.8183390646252777,2.656831999999996
IVFNSGAII,MaF4,MaF,2,11,4020,0.015107550596202217,0.8183161483058717,2.3511270000000017
IVFNSGAII,MaF4,MaF,2,11,4021,0.015208590090733498,0.8179323157976529,2.0721579999999995
IVFNSGAII,MaF4,MaF,2,11,4022,0.015136945241577132,0.8182267073806166,2.1130809999999975
IVFNSGAII,MaF4,MaF,2,11,4023,0.015338451940241964,0.8177416908944596,2.146717000000002
IVFNSGAII,MaF4,MaF,2,11,4024,0.016495468487101556,0.8176061270322177,1.9326980000000058
IVFNSGAII,MaF4,MaF,2,11,4025,0.016128377966216932,0.8182952089426789,1.8269189999999986
IVFNSGAII,MaF4,MaF,2,11,4026,0.016575683032164272,0.8183147198693583,1.6163129999999988
IVFNSGAII,MaF4,MaF,2,11,4027,0.015262448118441083,0.8176380330542488,1.750842999999999
IVFNSGAII,MaF4,MaF,2,11,4028,0.015713277762207985,0.8183247678131964,1.2668579999999998
IVFNSGAII,MaF4,MaF,2,11,4029,0.016838466106234937,0.8172260093925148,1.3512099999999994
IVFNSGAII,MaF4,MaF,2,11,4030,0.015936500891617515,0.8174681323479956,1.6437749999999993
IVFNSGAII,MaF4,MaF,3,12,4001,0.30221040012750966,0.5240819856172982,2.9010939999999974
IVFNSGAII,MaF4,MaF,3,12,4002,0.2984356404554646,0.521029415339661,2.9542810000000044
IVFNSGAII,MaF4,MaF,3,12,4003,0.29697922720486336,0.519391469228224,2.827502999999998
IVFNSGAII,MaF4,MaF,3,12,4004,0.30014237789342524,0.5204074811967708,2.7444279999999974
IVFNSGAII,MaF4,MaF,3,12,4005,0.29353412078519847,0.5259267184383134,2.116876000000002
IVFNSGAII,MaF4,MaF,3,12,4006,0.30938115090022117,0.520982569175738,2.4991959999999978
IVFNSGAII,MaF4,MaF,3,12,4007,0.2879622242370855,0.5247762024937545,2.3630779999999967
IVFNSGAII,MaF4,MaF,3,12,4008,0.2826668682812287,0.5257149732535042,2.0429880000000007
IVFNSGAII,MaF4,MaF,3,12,4009,0.30423302632534066,0.5229641443619854,2.0682030000000005
IVFNSGAII,MaF4,MaF,3,12,4010,0.28981030261489826,0.5244090580170429,2.0532660000000003
IVFNSGAII,MaF4,MaF,3,12,4011,0.3151860594283672,0.5243355984312994,2.048705000000003
IVFNSGAII,MaF4,MaF,3,12,4012,0.3161704468853224,0.5196595668025206,2.124196999999997
IVFNSGAII,MaF4,MaF,3,12,4013,0.29331989824115035,0.5244593851313271,2.2653250000000007
IVFNSGAII,MaF4,MaF,3,12,4014,0.28404641476013964,0.5259493986396152,1.8042440000000006
IVFNSGAII,MaF4,MaF,3,12,4015,0.2878580081394781,0.5277490650134826,1.8194529999999995
IVFNSGAII,MaF4,MaF,3,12,4016,0.2846708547921117,0.5238512943922998,1.8601039999999995
IVFNSGAII,MaF4,MaF,3,12,4017,0.308920252781571,0.5245592725517665,2.0424559999999996
IVFNSGAII,MaF4,MaF,3,12,4018,0.3061974579071827,0.5238222003552445,1.9577000000000002
IVFNSGAII,MaF4,MaF,3,12,4019,0.2924472363037559,0.5206154245312667,2.0458620000000005
IVFNSGAII,MaF4,MaF,3,12,4020,0.2807331460133049,0.5206381427893638,2.076896
IVFNSGAII,MaF4,MaF,3,12,4021,0.3017618836058597,0.5184805221561875,2.5452869999999974
IVFNSGAII,MaF4,MaF,3,12,4022,0.2994864448159235,0.5210397271706682,2.2753649999999976
IVFNSGAII,MaF4,MaF,3,12,4023,0.30866143851927286,0.5232227332863372,2.3462220000000005
IVFNSGAII,MaF4,MaF,3,12,4024,0.29340376996334394,0.5234106900711647,2.0210909999999993
IVFNSGAII,MaF4,MaF,3,12,4025,0.32030523791549737,0.5183482165297181,1.9592489999999976
IVFNSGAII,MaF4,MaF,3,12,4026,0.29402295691113417,0.5245784757184502,2.468202000000001
IVFNSGAII,MaF4,MaF,3,12,4027,0.340313328173854,0.5054732951851605,2.063434000000004
IVFNSGAII,MaF4,MaF,3,12,4028,0.2954583257051241,0.5214327170509248,2.3383700000000025
IVFNSGAII,MaF4,MaF,3,12,4029,0.28508946421835324,0.5218335641191826,1.9640070000000023
IVFNSGAII,MaF4,MaF,3,12,4030,0.2778888655314622,0.5227244580317133,2.052760000000002
IVFNSGAII,MaF5,MaF,2,11,4001,0.016385535738871197,0.3467108244435435,2.5449559999999987
IVFNSGAII,MaF5,MaF,2,11,4002,0.015630174319487575,0.34669840974062344,1.9616249999999988
IVFNSGAII,MaF5,MaF,2,11,4003,2.008377446854833,0.09090908542701182,2.6783360000000003
IVFNSGAII,MaF5,MaF,2,11,4004,2.008377443590659,0.09090908675614862,2.840759000000003
IVFNSGAII,MaF5,MaF,2,11,4005,0.016889918670694753,0.34651167465037636,2.114417999999999
IVFNSGAII,MaF5,MaF,2,11,4006,0.01566864322887432,0.34649158940614244,1.942661
IVFNSGAII,MaF5,MaF,2,11,4007,0.015339404039100961,0.34671188568104555,2.4604789999999985
IVFNSGAII,MaF5,MaF,2,11,4008,2.0083774394003258,0.09090908846240653,2.8198289999999986
IVFNSGAII,MaF5,MaF,2,11,4009,0.014928482107375407,0.34660163851362613,2.229864000000002
IVFNSGAII,MaF5,MaF,2,11,4010,0.014993331971181663,0.3467196998530104,2.7555459999999985
IVFNSGAII,MaF5,MaF,2,11,4011,0.016028102612249746,0.3464633173217286,2.356997000000002
IVFNSGAII,MaF5,MaF,2,11,4012,0.01610791656542915,0.34661724566040597,2.828103000000001
IVFNSGAII,MaF5,MaF,2,11,4013,0.014716722146037992,0.3467609620874586,2.163596999999998
IVFNSGAII,MaF5,MaF,2,11,4014,0.015206752447678098,0.34679696974382523,2.6160309999999996
IVFNSGAII,MaF5,MaF,2,11,4015,0.015076407239539827,0.3468196040333763,2.433655000000002
IVFNSGAII,MaF5,MaF,2,11,4016,2.008377434475255,0.09090909046784523,2.700189999999998
IVFNSGAII,MaF5,MaF,2,11,4017,2.008377453596909,0.09090908268171649,3.084187000000001
IVFNSGAII,MaF5,MaF,2,11,4018,0.015564780387168351,0.3464977200310445,2.0600449999999975
IVFNSGAII,MaF5,MaF,2,11,4019,0.016640246788674377,0.3466502624615271,1.9121099999999993
IVFNSGAII,MaF5,MaF,2,11,4020,0.017139582189873367,0.34661555912523595,1.9647450000000004
IVFNSGAII,MaF5,MaF,2,11,4021,0.016319107866517028,0.3465953705276202,1.9448019999999988
IVFNSGAII,MaF5,MaF,2,11,4022,0.016018196359110157,0.34645875737165605,1.9845529999999987
IVFNSGAII,MaF5,MaF,2,11,4023,2.0083774437521638,0.09090908669038422,2.3177140000000005
IVFNSGAII,MaF5,MaF,2,11,4024,0.01576221917571304,0.3463785315217582,1.9573309999999984
IVFNSGAII,MaF5,MaF,2,11,4025,2.0083774413741082,0.09090908765870476,2.2480539999999953
IVFNSGAII,MaF5,MaF,2,11,4026,0.014786248954042566,0.3469348436517603,1.8006969999999984
IVFNSGAII,MaF5,MaF,2,11,4027,0.016069244331902616,0.3465279099014666,2.272877000000008
IVFNSGAII,MaF5,MaF,2,11,4028,0.015515615466228096,0.346824176009947,2.1364670000000006
IVFNSGAII,MaF5,MaF,2,11,4029,0.01572706768611498,0.3467806198552781,2.2661289999999967
IVFNSGAII,MaF5,MaF,2,11,4030,0.01601023090291742,0.34665127675699003,2.0772539999999986
IVFNSGAII,MaF5,MaF,3,12,4001,0.30466609110694914,0.5311297940375441,2.725117000000001
IVFNSGAII,MaF5,MaF,3,12,4002,0.29965922820447305,0.5334099769781913,2.740624000000002
IVFNSGAII,MaF5,MaF,3,12,4003,0.31008607657578174,0.5294588968313547,2.636962
IVFNSGAII,MaF5,MaF,3,12,4004,0.2989864615341681,0.5401889889635955,2.735927999999996
IVFNSGAII,MaF5,MaF,3,12,4005,0.3016541322586481,0.5335412561069153,2.376657
IVFNSGAII,MaF5,MaF,3,12,4006,0.298865836311106,0.5354997050349581,2.5954849999999987
IVFNSGAII,MaF5,MaF,3,12,4007,0.30261306766648083,0.5336391229985407,2.1896260000000014
IVFNSGAII,MaF5,MaF,3,12,4008,0.2933363536880207,0.5390198969437405,2.865675000000001
IVFNSGAII,MaF5,MaF,3,12,4009,0.3083277101335086,0.5392997452292561,2.243360000000003
IVFNSGAII,MaF5,MaF,3,12,4010,4.8884956986782955,0.09090908987511193,2.7266969999999997
IVFNSGAII,MaF5,MaF,3,12,4011,0.2967266112746851,0.5354487391924976,2.3859779999999993
IVFNSGAII,MaF5,MaF,3,12,4012,0.3041229386381782,0.5295513302047172,2.5265600000000017
IVFNSGAII,MaF5,MaF,3,12,4013,0.30378884663714517,0.5372200597699874,1.968576000000001
IVFNSGAII,MaF5,MaF,3,12,4014,0.3068406248735916,0.5353781543891311,2.687980000000002
IVFNSGAII,MaF5,MaF,3,12,4015,0.2788617953144449,0.5376304541827186,1.9588789999999985
IVFNSGAII,MaF5,MaF,3,12,4016,0.2982590884698941,0.536533141786095,2.4046949999999985
IVFNSGAII,MaF5,MaF,3,12,4017,0.29361142101076004,0.539277852595915,3.1231649999999958
IVFNSGAII,MaF5,MaF,3,12,4018,4.88849571597662,0.09090908728251546,2.321280000000003
IVFNSGAII,MaF5,MaF,3,12,4019,0.2882284565452932,0.5422756504799129,2.829647000000002
IVFNSGAII,MaF5,MaF,3,12,4020,0.29794483941641753,0.5378448916242451,2.2897599999999994
IVFNSGAII,MaF5,MaF,3,12,4021,0.3076214239637306,0.5344753537052186,2.9417679999999997
IVFNSGAII,MaF5,MaF,3,12,4022,0.29050508341020675,0.5402067896183318,2.516832000000002
IVFNSGAII,MaF5,MaF,3,12,4023,0.31076721793988454,0.5403682991750426,2.4456890000000007
IVFNSGAII,MaF5,MaF,3,12,4024,0.3094061550498733,0.5398225038737117,2.0244989999999987
IVFNSGAII,MaF5,MaF,3,12,4025,0.3156142509261817,0.5354239401397971,2.5706879999999983
IVFNSGAII,MaF5,MaF,3,12,4026,0.29740318225549595,0.5374662229925076,2.2967740000000028
IVFNSGAII,MaF5,MaF,3,12,4027,0.30623980071437756,0.5301612055222644,2.180580000000002
IVFNSGAII,MaF5,MaF,3,12,4028,0.30154424415054626,0.5415663219978375,2.1550070000000012
IVFNSGAII,MaF5,MaF,3,12,4029,0.31183933084507764,0.5262565865026291,1.8437089999999998
IVFNSGAII,MaF5,MaF,3,12,4030,4.888495705157525,0.09090908890403293,2.3194410000000056
IVFNSGAII,MaF6,MaF,2,11,4001,0.005405836381634784,0.34689141645767174,2.166762000000002
IVFNSGAII,MaF6,MaF,2,11,4002,0.005071701993670299,0.346927860461858,2.1138500000000002
IVFNSGAII,MaF6,MaF,2,11,4003,0.004776002688468529,0.34715338942280527,2.388658999999997
IVFNSGAII,MaF6,MaF,2,11,4004,0.005065245298482824,0.34712227925968,2.1963380000000003
IVFNSGAII,MaF6,MaF,2,11,4005,0.00482514435061686,0.3470654914194196,2.6064219999999962
IVFNSGAII,MaF6,MaF,2,11,4006,0.0051925423543233845,0.3470256794241237,2.2386060000000003
IVFNSGAII,MaF6,MaF,2,11,4007,0.005034385291810903,0.3469313586317481,2.616846999999995
IVFNSGAII,MaF6,MaF,2,11,4008,0.005175900080799586,0.3467144379800235,2.0471640000000013
IVFNSGAII,MaF6,MaF,2,11,4009,0.0048481002983629465,0.3471276531483597,2.0562969999999985
IVFNSGAII,MaF6,MaF,2,11,4010,0.005452309151766239,0.3470464199749992,2.475523999999997
IVFNSGAII,MaF6,MaF,2,11,4011,0.005012086800052837,0.34724718863520854,2.0759899999999987
IVFNSGAII,MaF6,MaF,2,11,4012,0.005186572573906662,0.3471352316550432,2.7004999999999986
IVFNSGAII,MaF6,MaF,2,11,4013,0.005151107815123095,0.3467252698385111,2.4313600000000006
IVFNSGAII,MaF6,MaF,2,11,4014,0.004925775785541311,0.3472158566047962,2.265739000000001
IVFNSGAII,MaF6,MaF,2,11,4015,0.005174379298694649,0.34716193567715364,2.1003639999999986
IVFNSGAII,MaF6,MaF,2,11,4016,0.004829179498612585,0.34711607504731584,2.260219000000003
IVFNSGAII,MaF6,MaF,2,11,4017,0.004791539378403839,0.3471247685217839,2.3145899999999995
IVFNSGAII,MaF6,MaF,2,11,4018,0.005024383467367991,0.3469194976801893,2.170306999999999
IVFNSGAII,MaF6,MaF,2,11,4019,0.004652304495305003,0.3471734891922648,1.5226430000000013
IVFNSGAII,MaF6,MaF,2,11,4020,0.004800001680972514,0.3469455469548641,1.9138439999999999
IVFNSGAII,MaF6,MaF,2,11,4021,0.005004911906459593,0.3470312288948439,1.6482130000000013
IVFNSGAII,MaF6,MaF,2,11,4022,0.005072003346570125,0.3471739990563426,1.6312019999999987
IVFNSGAII,MaF6,MaF,2,11,4023,0.00520332642290015,0.3469631009532336,2.1061819999999996
IVFNSGAII,MaF6,MaF,2,11,4024,0.004894474597160059,0.34699437171146386,2.389253000000002
IVFNSGAII,MaF6,MaF,2,11,4025,0.0047474214163533745,0.34713237184149887,2.8713630000000028
IVFNSGAII,MaF6,MaF,2,11,4026,0.00495431321228742,0.3471624141438014,2.1052670000000018
IVFNSGAII,MaF6,MaF,2,11,4027,0.0048781393347286095,0.346988266490403,2.4785399999999975
IVFNSGAII,MaF6,MaF,2,11,4028,0.005355376201029583,0.3471997217030931,2.798978999999998
IVFNSGAII,MaF6,MaF,2,11,4029,0.005321216319475017,0.34694871025119495,2.2780549999999993
IVFNSGAII,MaF6,MaF,2,11,4030,0.005231463309391442,0.3470299833613116,2.0431740000000023
IVFNSGAII,MaF6,MaF,3,12,4001,0.005337675045311409,0.19976220678597298,2.2822509999999987
IVFNSGAII,MaF6,MaF,3,12,4002,0.00545442369831451,0.19993980340841727,3.0492959999999982
IVFNSGAII,MaF6,MaF,3,12,4003,0.005603862836955478,0.19967096438345788,2.200623
IVFNSGAII,MaF6,MaF,3,12,4004,0.005463946474462183,0.19975627275482524,2.3085590000000007
IVFNSGAII,MaF6,MaF,3,12,4005,0.004758415297108633,0.199936740729282,2.3574460000000044
IVFNSGAII,MaF6,MaF,3,12,4006,0.005301818013064042,0.19977283279953145,3.0460750000000054
IVFNSGAII,MaF6,MaF,3,12,4007,0.005499493246639807,0.19975903408578544,2.2369089999999976
IVFNSGAII,MaF6,MaF,3,12,4008,0.005446334339148934,0.19979499437703147,1.8269679999999986
IVFNSGAII,MaF6,MaF,3,12,4009,0.005092998039530048,0.19968765944877775,2.396294999999998
IVFNSGAII,MaF6,MaF,3,12,4010,0.004821661205495947,0.19969031529079825,2.1462639999999995
IVFNSGAII,MaF6,MaF,3,12,4011,0.005346252134560383,0.19961867474048092,2.190817000000001
IVFNSGAII,MaF6,MaF,3,12,4012,0.005601134647837846,0.19986763110802927,1.8150239999999984
IVFNSGAII,MaF6,MaF,3,12,4013,0.004942308518053158,0.19985540319540834,2.01922
IVFNSGAII,MaF6,MaF,3,12,4014,0.005166949986404671,0.19977543198671566,3.4204639999999955
IVFNSGAII,MaF6,MaF,3,12,4015,0.005149310879390888,0.19960614046489175,1.9025129999999983
IVFNSGAII,MaF6,MaF,3,12,4016,0.00496309088563026,0.19979402691905437,2.0130049999999975
IVFNSGAII,MaF6,MaF,3,12,4017,0.0054669949625874865,0.19988652997029913,2.4184330000000034
IVFNSGAII,MaF6,MaF,3,12,4018,0.005668284927578921,0.19988818448439313,2.193627999999998
IVFNSGAII,MaF6,MaF,3,12,4019,0.005283607758550285,0.199860969608836,1.847842999999998
IVFNSGAII,MaF6,MaF,3,12,4020,0.005450674537116366,0.19963838873081718,1.671594
IVFNSGAII,MaF6,MaF,3,12,4021,0.005219247490057703,0.19969781189805888,1.7017360000000004
IVFNSGAII,MaF6,MaF,3,12,4022,0.00492218386298056,0.19994700961513034,1.7121200000000008
IVFNSGAII,MaF6,MaF,3,12,4023,0.005037395963137762,0.19978980587827036,1.5963120000000004
IVFNSGAII,MaF6,MaF,3,12,4024,0.0053323601382413675,0.19986519826013696,1.733222999999997
IVFNSGAII,MaF6,MaF,3,12,4025,0.005514592940591222,0.19987172833443528,2.0364030000000004
IVFNSGAII,MaF6,MaF,3,12,4026,0.005060374158400385,0.1998147396407385,2.7687489999999997
IVFNSGAII,MaF6,MaF,3,12,4027,0.00519986084676698,0.19976931287195396,1.9905960000000007
IVFNSGAII,MaF6,MaF,3,12,4028,0.005527922226597308,0.19992157369175265,2.7318370000000036
IVFNSGAII,MaF6,MaF,3,12,4029,0.005323597285681172,0.1999094096182114,2.0659380000000023
IVFNSGAII,MaF6,MaF,3,12,4030,0.004965647867592858,0.19976424923950212,2.383644999999999
IVFNSGAII,MaF7,MaF,2,21,4001,0.005368790598063001,0.2427210596116529,2.031573000000001
IVFNSGAII,MaF7,MaF,2,21,4002,0.005161784904999917,0.24274610548981515,1.8316360000000005
IVFNSGAII,MaF7,MaF,2,21,4003,0.005434961363254134,0.2426879150326242,2.3995700000000006
IVFNSGAII,MaF7,MaF,2,21,4004,0.005180459304301728,0.242687793025049,1.8714279999999983
IVFNSGAII,MaF7,MaF,2,21,4005,0.00581921855765449,0.24260887174898396,1.7841909999999985
IVFNSGAII,MaF7,MaF,2,21,4006,0.005871956158838502,0.2426200299276467,2.0718200000000015
IVFNSGAII,MaF7,MaF,2,21,4007,0.00535633423225235,0.24270995374567225,2.061714
IVFNSGAII,MaF7,MaF,2,21,4008,0.44294935727454465,0.17601772048157677,2.251893999999997
IVFNSGAII,MaF7,MaF,2,21,4009,0.006073482257401794,0.24256899040987875,2.9642410000000026
IVFNSGAII,MaF7,MaF,2,21,4010,0.005321496601225068,0.24269952026185368,2.3042080000000005
IVFNSGAII,MaF7,MaF,2,21,4011,0.0052408483409990434,0.2427465171589225,2.4778890000000007
IVFNSGAII,MaF7,MaF,2,21,4012,0.005462966616227024,0.24268060652635437,1.991062
IVFNSGAII,MaF7,MaF,2,21,4013,0.005258126096695959,0.2427592539159919,2.5149840000000006
IVFNSGAII,MaF7,MaF,2,21,4014,0.005459085040455911,0.24272664134140037,2.142266999999997
IVFNSGAII,MaF7,MaF,2,21,4015,0.0054150614997733664,0.24268428747706378,2.986039999999998
IVFNSGAII,MaF7,MaF,2,21,4016,0.005511906475116723,0.24267205587239613,2.6720300000000003
IVFNSGAII,MaF7,MaF,2,21,4017,0.005341070195217776,0.24271110957210879,2.1495970000000026
IVFNSGAII,MaF7,MaF,2,21,4018,0.005678992025947465,0.242615474746321,2.070466
IVFNSGAII,MaF7,MaF,2,21,4019,0.005722463789370762,0.24261538380794184,2.485708
IVFNSGAII,MaF7,MaF,2,21,4020,0.005544650406249902,0.24266431565753036,1.9671650000000003
IVFNSGAII,MaF7,MaF,2,21,4021,0.005472096165831499,0.24269681333709336,2.5863649999999994
IVFNSGAII,MaF7,MaF,2,21,4022,0.005933703733861953,0.24255947910735964,2.2823230000000003
IVFNSGAII,MaF7,MaF,2,21,4023,0.005139432716610758,0.24273219330702445,1.6845210000000017
IVFNSGAII,MaF7,MaF,2,21,4024,0.005335816868649949,0.24270751087094078,2.37949
IVFNSGAII,MaF7,MaF,2,21,4025,0.005658463017393376,0.24267452399897382,1.9848179999999982
IVFNSGAII,MaF7,MaF,2,21,4026,0.005738362215232721,0.2426157031958265,1.7033730000000007
IVFNSGAII,MaF7,MaF,2,21,4027,0.005483714516181908,0.24262807506635678,2.223841000000001
IVFNSGAII,MaF7,MaF,2,21,4028,0.005367451518317258,0.2426513900225636,1.7315259999999992
IVFNSGAII,MaF7,MaF,2,21,4029,0.005446744262105646,0.24266728184010836,1.7792940000000002
IVFNSGAII,MaF7,MaF,2,21,4030,0.005601748246453841,0.24263893029679273,1.7962880000000008
IVFNSGAII,MaF7,MaF,3,22,4001,0.07738511838941936,0.2694246248908167,1.9815509999999998
IVFNSGAII,MaF7,MaF,3,22,4002,0.07691284693730457,0.2694428990479466,1.9438840000000002
IVFNSGAII,MaF7,MaF,3,22,4003,0.07780212475765573,0.2637449442071544,1.883023999999999
IVFNSGAII,MaF7,MaF,3,22,4004,0.0775642325135909,0.26646664686716576,1.9637149999999999
IVFNSGAII,MaF7,MaF,3,22,4005,0.08728358642432554,0.2659579669874678,1.8894170000000012
IVFNSGAII,MaF7,MaF,3,22,4006,0.06896455348202522,0.2706367202371064,1.8279140000000014
IVFNSGAII,MaF7,MaF,3,22,4007,0.08222929030681103,0.26966189505113025,2.034823999999999
IVFNSGAII,MaF7,MaF,3,22,4008,0.08018037796387982,0.2682294712108283,2.174285000000004
IVFNSGAII,MaF7,MaF,3,22,4009,0.08501237668542819,0.2683758665495368,2.4164740000000022
IVFNSGAII,MaF7,MaF,3,22,4010,0.07362333278843776,0.2680808717712086,1.8108309999999992
IVFNSGAII,MaF7,MaF,3,22,4011,0.08163029597346447,0.2684552426667205,2.3102249999999964
IVFNSGAII,MaF7,MaF,3,22,4012,0.07268535387552817,0.2677276286708389,2.115018000000002
IVFNSGAII,MaF7,MaF,3,22,4013,0.0757528295892644,0.2675086130163106,2.444398000000002
IVFNSGAII,MaF7,MaF,3,22,4014,0.08091550769688556,0.26953519026891504,2.8582979999999996
IVFNSGAII,MaF7,MaF,3,22,4015,0.08201585355840264,0.26835919269238573,2.235187000000001
IVFNSGAII,MaF7,MaF,3,22,4016,0.07332656510904807,0.269387798916358,1.9649600000000003
IVFNSGAII,MaF7,MaF,3,22,4017,0.08134531530950417,0.26998787463075824,1.8253570000000015
IVFNSGAII,MaF7,MaF,3,22,4018,0.07702706287798892,0.2672462969438723,1.9966370000000002
IVFNSGAII,MaF7,MaF,3,22,4019,0.07769925601160464,0.2679698836285495,2.3528070000000025
IVFNSGAII,MaF7,MaF,3,22,4020,0.07637433516272213,0.26928187122806896,1.9366839999999999
IVFNSGAII,MaF7,MaF,3,22,4021,0.08822513407049389,0.26717987014988664,2.2313029999999996
IVFNSGAII,MaF7,MaF,3,22,4022,0.08582144168556805,0.26586309572550876,2.363381000000002
IVFNSGAII,MaF7,MaF,3,22,4023,0.07914850881433955,0.26953599482220697,1.800600999999998
IVFNSGAII,MaF7,MaF,3,22,4024,0.07673814902365308,0.26834360477410396,2.5399629999999935
IVFNSGAII,MaF7,MaF,3,22,4025,0.07562056643077529,0.2670223964115931,2.047370999999999
IVFNSGAII,MaF7,MaF,3,22,4026,0.07734782530852354,0.2645614124965908,1.956585
IVFNSGAII,MaF7,MaF,3,22,4027,0.07279364907760445,0.2688834652006119,1.8867109999999998
IVFNSGAII,MaF7,MaF,3,22,4028,0.34808334874713737,0.23876548150488566,1.6459440000000034
IVFNSGAII,MaF7,MaF,3,22,4029,0.07246331223451499,0.2697015849443043,1.7442240000000013
IVFNSGAII,MaF7,MaF,3,22,4030,0.0742996773068656,0.26980270054432853,1.3175640000000022
IVFNSGAII,RWMOP9,RWMOP,2,4,4001,0.03723859505587116,0.4089694472252688,2.182451000000002
IVFNSGAII,RWMOP9,RWMOP,2,4,4002,0.03723859505587116,0.40918784386449447,1.9974900000000004
IVFNSGAII,RWMOP9,RWMOP,2,4,4003,0.03723859505587116,0.40930511750440673,2.0257419999999984
IVFNSGAII,RWMOP9,RWMOP,2,4,4004,0.03723859505587116,0.4089397963313978,1.8991270000000018
IVFNSGAII,RWMOP9,RWMOP,2,4,4005,0.03723859505587116,0.4092803714906117,2.314032000000001
IVFNSGAII,RWMOP9,RWMOP,2,4,4006,0.03723859505587116,0.40936330428932044,2.1814089999999995
IVFNSGAII,RWMOP9,RWMOP,2,4,4007,0.03723859505587116,0.4089351344092099,1.5599810000000007
IVFNSGAII,RWMOP9,RWMOP,2,4,4008,0.03723859505587116,0.4090832925518896,2.0708520000000017
IVFNSGAII,RWMOP9,RWMOP,2,4,4009,0.03723859505587116,0.40907879992391316,1.530024
IVFNSGAII,RWMOP9,RWMOP,2,4,4010,0.03723859505587116,0.40908286741056005,1.663468999999999
IVFNSGAII,RWMOP9,RWMOP,2,4,4011,0.03723859505587116,0.40923987133784545,1.6953359999999997
IVFNSGAII,RWMOP9,RWMOP,2,4,4012,0.03723859505587116,0.40906154166442704,1.723948000000002
IVFNSGAII,RWMOP9,RWMOP,2,4,4013,0.03723859505587116,0.40912129629160393,1.8197020000000017
IVFNSGAII,RWMOP9,RWMOP,2,4,4014,0.03723859505587116,0.40927936159047223,1.807573999999999
IVFNSGAII,RWMOP9,RWMOP,2,4,4015,0.03723859505587116,0.40908168687034285,1.5276889999999979
IVFNSGAII,RWMOP9,RWMOP,2,4,4016,0.03723859505587116,0.40892405188641995,1.6459329999999983
IVFNSGAII,RWMOP9,RWMOP,2,4,4017,0.03723859505587116,0.40924196985288147,1.446636000000001
IVFNSGAII,RWMOP9,RWMOP,2,4,4018,0.03723859505587116,0.4089218956175962,2.033929000000004
IVFNSGAII,RWMOP9,RWMOP,2,4,4019,0.03723859505587116,0.408956895133662,1.599476
IVFNSGAII,RWMOP9,RWMOP,2,4,4020,0.03723859505587116,0.4091440239387348,2.0590270000000013
IVFNSGAII,RWMOP9,RWMOP,2,4,4021,0.03723859505587116,0.4092911956488727,1.7215890000000038
IVFNSGAII,RWMOP9,RWMOP,2,4,4022,0.03723859505587116,0.4090214930860993,1.9396170000000013
IVFNSGAII,RWMOP9,RWMOP,2,4,4023,0.03723859505587116,0.40933639871546185,1.8677129999999988
IVFNSGAII,RWMOP9,RWMOP,2,4,4024,0.03723859505587116,0.40900987432553504,1.8879089999999998
IVFNSGAII,RWMOP9,RWMOP,2,4,4025,0.03723859505587116,0.40916320255400723,1.2729530000000022
IVFNSGAII,RWMOP9,RWMOP,2,4,4026,0.03723859505587116,0.4091657247218183,1.1673629999999993
IVFNSGAII,RWMOP9,RWMOP,2,4,4027,0.03723859505587116,0.4090753742366759,1.3546629999999984
IVFNSGAII,RWMOP9,RWMOP,2,4,4028,0.03723859505587116,0.4093568619420884,1.5097870000000018
IVFNSGAII,RWMOP9,RWMOP,2,4,4029,0.03723859505587116,0.4089089582693951,1.7512069999999997
IVFNSGAII,RWMOP9,RWMOP,2,4,4030,0.03723859505587116,0.4090142296981511,1.635680999999999
IVFNSGAII,WFG1,WFG,2,11,4001,0.017162505163840023,0.6950444535386942,3.5596900000000016
IVFNSGAII,WFG1,WFG,2,11,4002,0.01959459531142829,0.694289243711316,3.569132
IVFNSGAII,WFG1,WFG,2,11,4003,0.017851089320963468,0.6948621585638637,3.3316599999999976
IVFNSGAII,WFG1,WFG,2,11,4004,0.01811352093139187,0.6946526606611224,3.2129339999999997
IVFNSGAII,WFG1,WFG,2,11,4005,0.016787162869613376,0.6951339216884368,3.4692460000000023
IVFNSGAII,WFG1,WFG,2,11,4006,0.018850126522700714,0.6943707530323282,3.6202019999999964
IVFNSGAII,WFG1,WFG,2,11,4007,0.016995754343757795,0.695015084546537,3.491140999999997
IVFNSGAII,WFG1,WFG,2,11,4008,0.018215913834974985,0.6948193991636367,4.203719999999999
IVFNSGAII,WFG1,WFG,2,11,4009,0.019436920200276726,0.6943480927199885,3.426765000000004
IVFNSGAII,WFG1,WFG,2,11,4010,0.017094619366916725,0.6951186812505795,2.7203909999999984
IVFNSGAII,WFG1,WFG,2,11,4011,0.018193189830301337,0.6947610973361124,3.634322000000002
IVFNSGAII,WFG1,WFG,2,11,4012,0.018500088053398683,0.6944014055321989,3.269240000000003
IVFNSGAII,WFG1,WFG,2,11,4013,0.016947324471574078,0.6950996459002495,3.339391000000005
IVFNSGAII,WFG1,WFG,2,11,4014,0.018671584411784417,0.6946515836842581,3.2541530000000027
IVFNSGAII,WFG1,WFG,2,11,4015,0.01812130671069536,0.6947826014832859,3.328589999999996
IVFNSGAII,WFG1,WFG,2,11,4016,0.019395246059261264,0.6944790392494758,3.4726719999999984
IVFNSGAII,WFG1,WFG,2,11,4017,0.016799624082451316,0.6950441304427936,3.5459769999999966
IVFNSGAII,WFG1,WFG,2,11,4018,0.01793483851929257,0.6948609333626008,3.254746999999997
IVFNSGAII,WFG1,WFG,2,11,4019,0.017686727454275547,0.6949462970128036,3.140957999999993
IVFNSGAII,WFG1,WFG,2,11,4020,0.017943421615534878,0.6946962558369838,2.7786579999999983
IVFNSGAII,WFG1,WFG,2,11,4021,0.017704863424120247,0.6946908725013305,2.9951910000000015
IVFNSGAII,WFG1,WFG,2,11,4022,0.020613163074613555,0.693824327383195,3.714517999999997
IVFNSGAII,WFG1,WFG,2,11,4023,0.01883386330279994,0.6945606122767041,3.691876000000002
IVFNSGAII,WFG1,WFG,2,11,4024,0.019925740442859594,0.6941276411357539,3.2871780000000044
IVFNSGAII,WFG1,WFG,2,11,4025,0.018926826922327854,0.6944953374372288,2.868801999999999
IVFNSGAII,WFG1,WFG,2,11,4026,0.01963478535907303,0.6942027692618755,2.640857000000001
IVFNSGAII,WFG1,WFG,2,11,4027,0.016782756554777085,0.69512071577108,2.391302999999997
IVFNSGAII,WFG1,WFG,2,11,4028,0.017875428941088446,0.6948428054522833,2.527563999999995
IVFNSGAII,WFG1,WFG,2,11,4029,0.01839003782394056,0.6947008560579667,1.6757689999999994
IVFNSGAII,WFG1,WFG,2,11,4030,0.018146446354951287,0.694752216688627,1.1437339999999996
IVFNSGAII,WFG1,WFG,3,12,4001,0.23967164700696988,0.9257302065307673,2.0974389999999974
IVFNSGAII,WFG1,WFG,3,12,4002,0.23359726063636346,0.9288841361367625,2.5942049999999974
IVFNSGAII,WFG1,WFG,3,12,4003,0.25315735917007404,0.9312782025986983,2.0214170000000005
IVFNSGAII,WFG1,WFG,3,12,4004,0.2578458352149855,0.9318067657424006,2.302114999999997
IVFNSGAII,WFG1,WFG,3,12,4005,0.23109432390329476,0.9313086480298338,2.155586999999999
IVFNSGAII,WFG1,WFG,3,12,4006,0.2310246861255678,0.9291535646894006,2.0490169999999974
IVFNSGAII,WFG1,WFG,3,12,4007,0.22898098740104914,0.9306257987779905,2.394834
IVFNSGAII,WFG1,WFG,3,12,4008,0.2346436612873091,0.9306376729106124,2.7680400000000005
IVFNSGAII,WFG1,WFG,3,12,4009,0.22426066083035642,0.9367126468335714,2.1806969999999994
IVFNSGAII,WFG1,WFG,3,12,4010,0.2430310931033285,0.9304021839695333,2.3542770000000024
IVFNSGAII,WFG1,WFG,3,12,4011,0.2170981362400832,0.930124346818925,2.5104620000000017
IVFNSGAII,WFG1,WFG,3,12,4012,0.2304074765307506,0.9329352453833221,2.013083
IVFNSGAII,WFG1,WFG,3,12,4013,0.22330547941793086,0.9287892834289672,2.2805899999999997
IVFNSGAII,WFG1,WFG,3,12,4014,0.2566995540081623,0.9280411454056238,2.3947289999999994
IVFNSGAII,WFG1,WFG,3,12,4015,0.2671611001060803,0.9164135371213712,2.178041000000001
IVFNSGAII,WFG1,WFG,3,12,4016,0.23182282351809405,0.9228208262707143,2.096996999999998
IVFNSGAII,WFG1,WFG,3,12,4017,0.251881822047516,0.9297096574326684,2.3494940000000013
IVFNSGAII,WFG1,WFG,3,12,4018,0.23342038732607853,0.9291266820477049,1.8932790000000013
IVFNSGAII,WFG1,WFG,3,12,4019,0.2325659791412386,0.9307647086463718,1.9770480000000026
IVFNSGAII,WFG1,WFG,3,12,4020,0.21800599442472093,0.9332087949693582,2.6489110000000022
IVFNSGAII,WFG1,WFG,3,12,4021,0.22266443193832702,0.9329257393478972,1.904652
IVFNSGAII,WFG1,WFG,3,12,4022,0.24495736342788776,0.9293261235998682,2.371492
IVFNSGAII,WFG1,WFG,3,12,4023,0.26821613309095343,0.9266730704922457,2.018311000000001
IVFNSGAII,WFG1,WFG,3,12,4024,0.23400897978227234,0.9308365997786541,2.346121999999996
IVFNSGAII,WFG1,WFG,3,12,4025,0.2480104776132066,0.9284640162146706,2.2917490000000007
IVFNSGAII,WFG1,WFG,3,12,4026,0.23651147310001489,0.935279142979794,1.158637000000001
IVFNSGAII,WFG1,WFG,3,12,4027,0.22563534769053573,0.9291772313373347,1.8696269999999986
IVFNSGAII,WFG1,WFG,3,12,4028,0.21972238611428332,0.9311209268023087,1.2819000000000005
IVFNSGAII,WFG1,WFG,3,12,4029,0.23248190846352668,0.926714161140754,1.0520279999999986
IVFNSGAII,WFG1,WFG,3,12,4030,0.2449808750442851,0.9275572079405978,1.2608029999999992
IVFNSGAII,WFG2,WFG,2,11,4001,0.014034841761523795,0.632324276193285,3.193245
IVFNSGAII,WFG2,WFG,2,11,4002,0.01288537928815704,0.6324801092029148,3.832803000000003
IVFNSGAII,WFG2,WFG,2,11,4003,0.013609001861659725,0.6320152865704438,3.833312000000006
IVFNSGAII,WFG2,WFG,2,11,4004,0.013724674167924734,0.632584429278391,3.9946130000000006
IVFNSGAII,WFG2,WFG,2,11,4005,0.012930183860360302,0.6330677826669565,3.672096999999997
IVFNSGAII,WFG2,WFG,2,11,4006,0.013354779980060955,0.6326459561059475,3.8645059999999964
IVFNSGAII,WFG2,WFG,2,11,4007,0.012595384439685166,0.6331356772308055,2.992675
IVFNSGAII,WFG2,WFG,2,11,4008,0.012682157563961495,0.632841349105584,2.8756550000000014
IVFNSGAII,WFG2,WFG,2,11,4009,0.013253740409683917,0.632531044652099,3.642172000000004
IVFNSGAII,WFG2,WFG,2,11,4010,0.012749453385286488,0.6323321741311885,3.940969
IVFNSGAII,WFG2,WFG,2,11,4011,0.013479198758486311,0.6330582728630781,4.085717000000002
IVFNSGAII,WFG2,WFG,2,11,4012,0.0134329856158253,0.6319111887013528,4.059081000000002
IVFNSGAII,WFG2,WFG,2,11,4013,0.01397290744278159,0.6316780177563395,3.355414999999997
IVFNSGAII,WFG2,WFG,2,11,4014,0.012865680604668951,0.632164348748783,2.9329600000000013
IVFNSGAII,WFG2,WFG,2,11,4015,0.012546524159224916,0.6329478744210044,3.694468000000004
IVFNSGAII,WFG2,WFG,2,11,4016,0.012763749126754863,0.6329995500420187,3.2035799999999997
IVFNSGAII,WFG2,WFG,2,11,4017,0.01286279152449138,0.6318652719954594,3.7515750000000043
IVFNSGAII,WFG2,WFG,2,11,4018,0.012867370346662483,0.6321490594025119,3.049764000000005
IVFNSGAII,WFG2,WFG,2,11,4019,0.013221087720737665,0.6322959818394351,4.105498999999996
IVFNSGAII,WFG2,WFG,2,11,4020,0.013358744878075214,0.6324542063833473,3.8365400000000034
IVFNSGAII,WFG2,WFG,2,11,4021,0.01373023129961816,0.6316958428697118,3.5463829999999987
IVFNSGAII,WFG2,WFG,2,11,4022,0.013145058850812727,0.6329392890042226,4.418590000000008
IVFNSGAII,WFG2,WFG,2,11,4023,0.012833739930715895,0.6323603156981531,4.135331000000003
IVFNSGAII,WFG2,WFG,2,11,4024,0.013412255960517967,0.6322193291559598,4.224698
IVFNSGAII,WFG2,WFG,2,11,4025,0.013129979078411142,0.6329056128658062,3.577623999999991
IVFNSGAII,WFG2,WFG,2,11,4026,0.013322987307350632,0.6318433813881069,4.013159000000007
IVFNSGAII,WFG2,WFG,2,11,4027,0.01331989514018363,0.6323925406139124,3.3689939999999985
IVFNSGAII,WFG2,WFG,2,11,4028,0.013551062171665684,0.6324817644802859,2.165066
IVFNSGAII,WFG2,WFG,2,11,4029,0.013375180614141467,0.6321622551999225,2.446688999999994
IVFNSGAII,WFG2,WFG,2,11,4030,0.01305024456722582,0.6321578989377264,1.4868349999999981
IVFNSGAII,WFG2,WFG,3,12,4001,0.22524977122351977,0.919852919879361,2.7366600000000036
IVFNSGAII,WFG2,WFG,3,12,4002,0.21791470298516716,0.9184406186213011,2.726621000000001
IVFNSGAII,WFG2,WFG,3,12,4003,0.2589853001849186,0.9127751036194006,2.704594999999998
IVFNSGAII,WFG2,WFG,3,12,4004,0.22405433968428554,0.9196028720022985,2.2438380000000038
IVFNSGAII,WFG2,WFG,3,12,4005,0.24229340707824396,0.9209749611732999,2.6666290000000004
IVFNSGAII,WFG2,WFG,3,12,4006,0.23334794347262428,0.9189050524536585,2.5693910000000044
IVFNSGAII,WFG2,WFG,3,12,4007,0.2512065214365004,0.9157660890873904,2.770487000000003
IVFNSGAII,WFG2,WFG,3,12,4008,0.22237285253209552,0.9216154011704877,2.489628999999999
IVFNSGAII,WFG2,WFG,3,12,4009,0.2292658200264428,0.9204007611006515,2.9026620000000016
IVFNSGAII,WFG2,WFG,3,12,4010,0.24750288590674008,0.9160787879881893,2.805093000000005
IVFNSGAII,WFG2,WFG,3,12,4011,0.2594492489917732,0.9154291189388464,2.954948999999994
IVFNSGAII,WFG2,WFG,3,12,4012,0.21770181662888607,0.9216265242561793,2.3953970000000013
IVFNSGAII,WFG2,WFG,3,12,4013,0.20964496367429,0.9226377076768888,2.9232939999999994
IVFNSGAII,WFG2,WFG,3,12,4014,0.21644721771005968,0.9196763523632749,2.471173000000003
IVFNSGAII,WFG2,WFG,3,12,4015,0.22596082318272226,0.9191754180906131,2.881733
IVFNSGAII,WFG2,WFG,3,12,4016,0.2352357092512789,0.9204559059450244,3.2733779999999997
IVFNSGAII,WFG2,WFG,3,12,4017,0.21552211913730052,0.9208906896134876,2.696888000000001
IVFNSGAII,WFG2,WFG,3,12,4018,0.2128919625359767,0.9211468447433723,2.6536580000000027
IVFNSGAII,WFG2,WFG,3,12,4019,0.2308193140621526,0.9145629144178669,2.7415500000000006
IVFNSGAII,WFG2,WFG,3,12,4020,0.26040524889461336,0.9160648534237849,2.986031000000001
IVFNSGAII,WFG2,WFG,3,12,4021,0.2102187489162595,0.9218018448655211,2.7201569999999977
IVFNSGAII,WFG2,WFG,3,12,4022,0.2127025868977569,0.9203745378615843,3.2573290000000052
IVFNSGAII,WFG2,WFG,3,12,4023,0.22262366860566274,0.9192929038131037,3.3230729999999986
IVFNSGAII,WFG2,WFG,3,12,4024,0.20318451306364763,0.9190560647429908,3.02281
IVFNSGAII,WFG2,WFG,3,12,4025,0.22825163568033716,0.9210549190498434,3.271659999999998
IVFNSGAII,WFG2,WFG,3,12,4026,0.2253745100030379,0.9200898199909453,2.9950529999999995
IVFNSGAII,WFG2,WFG,3,12,4027,0.22364041927678976,0.9194360130637294,2.6196189999999957
IVFNSGAII,WFG2,WFG,3,12,4028,0.22157999622630686,0.9168754395606655,2.2038269999999995
IVFNSGAII,WFG2,WFG,3,12,4029,0.2323166482070361,0.9172004686899258,2.2497020000000036
IVFNSGAII,WFG2,WFG,3,12,4030,0.2370321330931051,0.9146984687384367,1.658733999999997
IVFNSGAII,WFG3,WFG,2,11,4001,0.014477496720050564,0.5800134426468166,3.211440999999995
IVFNSGAII,WFG3,WFG,2,11,4002,0.01374535568238391,0.5805722003979708,4.198134999999999
IVFNSGAII,WFG3,WFG,2,11,4003,0.014708506901787533,0.5802295975856072,3.8723549999999958
IVFNSGAII,WFG3,WFG,2,11,4004,0.014545799177234859,0.580263693640861,3.6891870000000013
IVFNSGAII,WFG3,WFG,2,11,4005,0.014201885647594536,0.5799996384628854,3.932169000000005
IVFNSGAII,WFG3,WFG,2,11,4006,0.014846847282853168,0.5797710395905944,4.274420000000002
IVFNSGAII,WFG3,WFG,2,11,4007,0.013624970421377764,0.5810790458783346,3.8106850000000017
IVFNSGAII,WFG3,WFG,2,11,4008,0.015149584475383225,0.579845001668976,3.7931100000000013
IVFNSGAII,WFG3,WFG,2,11,4009,0.015879088301003905,0.578929706692321,4.0235120000000055
IVFNSGAII,WFG3,WFG,2,11,4010,0.015472433998661266,0.579932491145033,3.961373999999995
IVFNSGAII,WFG3,WFG,2,11,4011,0.01493122610016079,0.5799060956063368,3.180094000000002
IVFNSGAII,WFG3,WFG,2,11,4012,0.014326111167775213,0.5803063882991762,3.5549479999999987
IVFNSGAII,WFG3,WFG,2,11,4013,0.014299065454193528,0.5810157987737309,3.6499949999999926
IVFNSGAII,WFG3,WFG,2,11,4014,0.014447326584990924,0.5798098068344015,3.919096999999998
IVFNSGAII,WFG3,WFG,2,11,4015,0.014614150700164657,0.5803595974968333,3.332147000000003
IVFNSGAII,WFG3,WFG,2,11,4016,0.01443557962993961,0.5803935329622589,3.4692170000000004
IVFNSGAII,WFG3,WFG,2,11,4017,0.014732299918002607,0.5800479529104892,3.536396000000003
IVFNSGAII,WFG3,WFG,2,11,4018,0.014171628469406556,0.5802302421123402,3.457027999999995
IVFNSGAII,WFG3,WFG,2,11,4019,0.013999295056143378,0.5806486831832857,4.108227000000004
IVFNSGAII,WFG3,WFG,2,11,4020,0.014909876047862303,0.5803651243792283,4.262377
IVFNSGAII,WFG3,WFG,2,11,4021,0.015808453989164407,0.579195786461893,4.729439000000012
IVFNSGAII,WFG3,WFG,2,11,4022,0.01483581708170703,0.5803520508657696,3.9137430000000037
IVFNSGAII,WFG3,WFG,2,11,4023,0.015048489981142665,0.5797207060270435,4.214149999999997
IVFNSGAII,WFG3,WFG,2,11,4024,0.015262304510863203,0.5795589515464987,3.7657659999999993
IVFNSGAII,WFG3,WFG,2,11,4025,0.013888593115622115,0.5806604568774935,3.0489290000000016
IVFNSGAII,WFG3,WFG,2,11,4026,0.01442704558011224,0.5805586010453059,3.146739999999999
IVFNSGAII,WFG3,WFG,2,11,4027,0.01423502400878887,0.5803837934105998,3.9060790000000023
IVFNSGAII,WFG3,WFG,2,11,4028,0.015536320874456635,0.5793656237634326,3.331367999999999
IVFNSGAII,WFG3,WFG,2,11,4029,0.014368025893605597,0.5802833637235935,3.7919529999999995
IVFNSGAII,WFG3,WFG,2,11,4030,0.015297060746467264,0.5793382668396219,3.808412000000003
IVFNSGAII,WFG3,WFG,3,12,4001,0.0961588052197128,0.40270548005108225,4.461873999999993
IVFNSGAII,WFG3,WFG,3,12,4002,0.08734706871960687,0.40125074405253247,2.9283159999999957
IVFNSGAII,WFG3,WFG,3,12,4003,0.07237939156119354,0.40628959461606573,3.1304510000000003
IVFNSGAII,WFG3,WFG,3,12,4004,0.096438223438731,0.40193271138719133,3.2820719999999963
IVFNSGAII,WFG3,WFG,3,12,4005,0.1313769629176767,0.39901169017841176,3.4561809999999995
IVFNSGAII,WFG3,WFG,3,12,4006,0.10841163820191586,0.39527503772767747,2.787207000000002
IVFNSGAII,WFG3,WFG,3,12,4007,0.10976858473919181,0.40059315304257825,2.5883769999999924
IVFNSGAII,WFG3,WFG,3,12,4008,0.10153265638413142,0.4000883617614982,2.4524899999999956
IVFNSGAII,WFG3,WFG,3,12,4009,0.11117790390291697,0.4010026864607304,3.2877949999999987
IVFNSGAII,WFG3,WFG,3,12,4010,0.0864704143818265,0.4031065402634154,2.4332690000000032
IVFNSGAII,WFG3,WFG,3,12,4011,0.07815055509776798,0.4043734273799357,2.8791629999999975
IVFNSGAII,WFG3,WFG,3,12,4012,0.07789944765588412,0.40306599846434116,2.4730630000000042
IVFNSGAII,WFG3,WFG,3,12,4013,0.09112051987542409,0.4028934309253766,3.589989000000003
IVFNSGAII,WFG3,WFG,3,12,4014,0.11512947935413081,0.400061653147566,2.3422989999999952
IVFNSGAII,WFG3,WFG,3,12,4015,0.08934256165633031,0.40416614688575186,3.259186999999998
IVFNSGAII,WFG3,WFG,3,12,4016,0.08885914481503243,0.4046665915057186,2.3258370000000013
IVFNSGAII,WFG3,WFG,3,12,4017,0.08679716506043385,0.4021498241636542,3.107692999999999
IVFNSGAII,WFG3,WFG,3,12,4018,0.08077746906436793,0.40418910303877026,3.067850000000002
IVFNSGAII,WFG3,WFG,3,12,4019,0.10585768860814251,0.4013261789241482,2.570775999999998
IVFNSGAII,WFG3,WFG,3,12,4020,0.0811463263420436,0.4037056263224181,2.0804259999999997
IVFNSGAII,WFG3,WFG,3,12,4021,0.07811138333221235,0.40477624399229867,2.1690500000000035
IVFNSGAII,WFG3,WFG,3,12,4022,0.10024718312736144,0.39988445447090587,2.469865
IVFNSGAII,WFG3,WFG,3,12,4023,0.10257855043244278,0.3979733334548449,2.5938519999999987
IVFNSGAII,WFG3,WFG,3,12,4024,0.0993311146794023,0.3994713467527141,2.8729360000000015
IVFNSGAII,WFG3,WFG,3,12,4025,0.07196909002932554,0.4033027493843913,3.0430070000000002
IVFNSGAII,WFG3,WFG,3,12,4026,0.1150864178412881,0.3991820721446682,2.6488470000000017
IVFNSGAII,WFG3,WFG,3,12,4027,0.09230690235201748,0.3981514168248893,2.874741999999998
IVFNSGAII,WFG3,WFG,3,12,4028,0.11935130845466968,0.3951780362497997,2.4934920000000043
IVFNSGAII,WFG3,WFG,3,12,4029,0.10455501848039714,0.4010748646535709,1.610637000000003
IVFNSGAII,WFG3,WFG,3,12,4030,0.07404436905463768,0.4043153319600749,1.6540569999999974
IVFNSGAII,WFG4,WFG,2,11,4001,0.014913094203767284,0.34656292019757085,2.7215279999999975
IVFNSGAII,WFG4,WFG,2,11,4002,0.014876795172232607,0.3467373091470528,2.493757999999998
IVFNSGAII,WFG4,WFG,2,11,4003,0.015547901114856745,0.3466107640364906,2.1600089999999983
IVFNSGAII,WFG4,WFG,2,11,4004,0.01570658314922502,0.346706612765204,2.2069330000000007
IVFNSGAII,WFG4,WFG,2,11,4005,0.016333622166931665,0.3464778016465877,2.682492999999997
IVFNSGAII,WFG4,WFG,2,11,4006,0.014573096544074628,0.34654275048082295,2.7292110000000016
IVFNSGAII,WFG4,WFG,2,11,4007,0.014811899516145718,0.3467053688686448,2.439619000000002
IVFNSGAII,WFG4,WFG,2,11,4008,0.015060051455792308,0.34666632872960385,2.2877480000000014
IVFNSGAII,WFG4,WFG,2,11,4009,0.01545310071978733,0.34658008530449347,2.6469280000000017
IVFNSGAII,WFG4,WFG,2,11,4010,0.015084206805815757,0.3467798268357224,2.168631000000002
IVFNSGAII,WFG4,WFG,2,11,4011,0.015509833021632207,0.3468835686786922,2.3176349999999997
IVFNSGAII,WFG4,WFG,2,11,4012,0.014855395638021508,0.34675165877937736,2.0429759999999977
IVFNSGAII,WFG4,WFG,2,11,4013,0.01641805930636876,0.3461303537811035,2.2752020000000024
IVFNSGAII,WFG4,WFG,2,11,4014,0.014594134294084429,0.34665468908677505,2.0704279999999993
IVFNSGAII,WFG4,WFG,2,11,4015,0.015285478182286314,0.34683259285523316,1.997781000000002
IVFNSGAII,WFG4,WFG,2,11,4016,0.015729090077916008,0.3467120560556615,2.377844999999998
IVFNSGAII,WFG4,WFG,2,11,4017,0.013916146383490934,0.3469159528833723,2.808209000000001
IVFNSGAII,WFG4,WFG,2,11,4018,0.015565020123378662,0.34634037546885704,2.3541620000000023
IVFNSGAII,WFG4,WFG,2,11,4019,0.01524262660655936,0.3468437659351387,2.526362000000002
IVFNSGAII,WFG4,WFG,2,11,4020,0.01533506274204703,0.3463246418760325,2.245755999999999
IVFNSGAII,WFG4,WFG,2,11,4021,0.014446394553456421,0.3467849446074744,2.1007599999999997
IVFNSGAII,WFG4,WFG,2,11,4022,0.014882650264254236,0.346695998898022,2.4313749999999987
IVFNSGAII,WFG4,WFG,2,11,4023,0.015743169062523453,0.34656828489930425,2.715160000000004
IVFNSGAII,WFG4,WFG,2,11,4024,0.01528510151662981,0.3465249420245173,2.4112069999999997
IVFNSGAII,WFG4,WFG,2,11,4025,0.016117655103439273,0.34652750726788206,2.307409000000002
IVFNSGAII,WFG4,WFG,2,11,4026,0.014980241454401213,0.34670204379343356,2.6785109999999985
IVFNSGAII,WFG4,WFG,2,11,4027,0.014915691148832826,0.3464972260251595,2.333968
IVFNSGAII,WFG4,WFG,2,11,4028,0.015352972040060038,0.3467186251526052,2.537536000000002
IVFNSGAII,WFG4,WFG,2,11,4029,0.014355988928092811,0.34687199595011214,2.0187259999999974
IVFNSGAII,WFG4,WFG,2,11,4030,0.01510157921308044,0.3466455169763941,2.331539000000001
IVFNSGAII,WFG4,WFG,3,12,4001,0.26001153424066115,0.5299162492992007,2.9882139999999966
IVFNSGAII,WFG4,WFG,3,12,4002,0.2612521426530874,0.5135623065592312,3.456751000000004
IVFNSGAII,WFG4,WFG,3,12,4003,0.2654788628903618,0.5166996538355614,3.1592570000000015
IVFNSGAII,WFG4,WFG,3,12,4004,0.2820401459563362,0.5312271133198208,3.5198479999999996
IVFNSGAII,WFG4,WFG,3,12,4005,0.26383393175847747,0.5265738867197549,3.4771109999999994
IVFNSGAII,WFG4,WFG,3,12,4006,0.26272829005366477,0.5319865425666426,3.597676000000002
IVFNSGAII,WFG4,WFG,3,12,4007,0.2660466501588776,0.5159377220843225,2.6637419999999974
IVFNSGAII,WFG4,WFG,3,12,4008,0.2732933953423869,0.5296148007609519,2.8874370000000007
IVFNSGAII,WFG4,WFG,3,12,4009,0.26764149348773875,0.5235090502515837,2.898980999999998
IVFNSGAII,WFG4,WFG,3,12,4010,0.27881174754125393,0.5184232201166775,2.856286999999993
IVFNSGAII,WFG4,WFG,3,12,4011,0.2559544434761038,0.5279037045976692,3.3197930000000033
IVFNSGAII,WFG4,WFG,3,12,4012,0.28666606096893404,0.5206262777997627,2.75363
IVFNSGAII,WFG4,WFG,3,12,4013,0.2555645103784379,0.524127408814266,2.884650999999996
IVFNSGAII,WFG4,WFG,3,12,4014,0.27159217734381164,0.5322933482563795,2.302477999999999
IVFNSGAII,WFG4,WFG,3,12,4015,0.26640309713360805,0.5306106242000184,2.7063040000000025
IVFNSGAII,WFG4,WFG,3,12,4016,0.27427541300476516,0.5220358709518352,2.540087999999999
IVFNSGAII,WFG4,WFG,3,12,4017,0.2773922191286706,0.528927792248691,3.661857000000004
IVFNSGAII,WFG4,WFG,3,12,4018,0.2565869831119791,0.5293819906884712,2.9693949999999925
IVFNSGAII,WFG4,WFG,3,12,4019,0.26118311300489483,0.5253232624341994,2.8785700000000007
IVFNSGAII,WFG4,WFG,3,12,4020,0.2762821153796238,0.5269497228117024,2.697418
IVFNSGAII,WFG4,WFG,3,12,4021,0.26053267545300135,0.5244081652629928,2.895808000000001
IVFNSGAII,WFG4,WFG,3,12,4022,0.26756673155920224,0.5281905725537339,3.346567000000003
IVFNSGAII,WFG4,WFG,3,12,4023,0.2546105613576544,0.5332394789094815,3.0368519999999974
IVFNSGAII,WFG4,WFG,3,12,4024,0.2628027883629374,0.5271110357412039,3.3731210000000056
IVFNSGAII,WFG4,WFG,3,12,4025,0.26416691665657194,0.5263623650217961,2.4717970000000014
IVFNSGAII,WFG4,WFG,3,12,4026,0.2729255203577943,0.5173283246980811,2.9368460000000036
IVFNSGAII,WFG4,WFG,3,12,4027,0.2590310678579257,0.5283653493107443,2.6100499999999984
IVFNSGAII,WFG4,WFG,3,12,4028,0.2552150256552319,0.5312362313218605,2.9133330000000006
IVFNSGAII,WFG4,WFG,3,12,4029,0.2592483331110679,0.5264548208381438,3.106038000000001
IVFNSGAII,WFG4,WFG,3,12,4030,0.262529288613527,0.5286338808065083,2.931368999999999
IVFNSGAII,WFG5,WFG,2,11,4001,0.06487947613249662,0.3130072933836745,2.201248000000001
IVFNSGAII,WFG5,WFG,2,11,4002,0.06525231525257512,0.3126540479997487,2.1105670000000023
IVFNSGAII,WFG5,WFG,2,11,4003,0.06536486299794904,0.31269184010297585,2.1082710000000007
IVFNSGAII,WFG5,WFG,2,11,4004,0.06479429756874508,0.31307372196563193,2.5812319999999973
IVFNSGAII,WFG5,WFG,2,11,4005,0.06482251865538229,0.3131134971029543,3.0154420000000033
IVFNSGAII,WFG5,WFG,2,11,4006,0.06508701077117182,0.31285141335757455,2.492471999999998
IVFNSGAII,WFG5,WFG,2,11,4007,0.06528614185318968,0.3128242860998941,1.954204000000002
IVFNSGAII,WFG5,WFG,2,11,4008,0.06486886686880318,0.3128132579745919,2.1144100000000012
IVFNSGAII,WFG5,WFG,2,11,4009,0.06504303363253423,0.3130471953036289,2.2408470000000014
IVFNSGAII,WFG5,WFG,2,11,4010,0.0653015177869449,0.31288953504857137,2.474396
IVFNSGAII,WFG5,WFG,2,11,4011,0.0650020180586391,0.3124490498835868,2.8293419999999974
IVFNSGAII,WFG5,WFG,2,11,4012,0.06526917423773265,0.3129234055483815,2.669514000000002
IVFNSGAII,WFG5,WFG,2,11,4013,0.06549350980508664,0.3129342630220191,2.332909000000001
IVFNSGAII,WFG5,WFG,2,11,4014,0.0651506906146971,0.31280036373465797,2.3021240000000005
IVFNSGAII,WFG5,WFG,2,11,4015,0.06699660735642958,0.3129806594128939,2.082830000000001
IVFNSGAII,WFG5,WFG,2,11,4016,0.06507454177010999,0.3127102670057623,2.176557000000003
IVFNSGAII,WFG5,WFG,2,11,4017,0.06522729826415959,0.31266412207346633,2.2529380000000008
IVFNSGAII,WFG5,WFG,2,11,4018,0.06572399146758563,0.3127121202991381,2.6036840000000017
IVFNSGAII,WFG5,WFG,2,11,4019,0.06484151680214888,0.3131675539369717,2.619999999999995
IVFNSGAII,WFG5,WFG,2,11,4020,0.06548499870561471,0.31276892624554464,2.201639999999997
IVFNSGAII,WFG5,WFG,2,11,4021,0.0652884568549144,0.3126017625836293,2.7265529999999956
IVFNSGAII,WFG5,WFG,2,11,4022,0.06530239579755165,0.31288255825024136,2.345024000000001
IVFNSGAII,WFG5,WFG,2,11,4023,0.06495552243633461,0.31281544796438676,1.9960090000000024
IVFNSGAII,WFG5,WFG,2,11,4024,0.06571297616293682,0.3129576979300578,2.1243199999999987
IVFNSGAII,WFG5,WFG,2,11,4025,0.06496067441073691,0.3129006254790978,2.237106999999998
IVFNSGAII,WFG5,WFG,2,11,4026,0.06642230849471298,0.31261422251510357,2.774756999999996
IVFNSGAII,WFG5,WFG,2,11,4027,0.06521375458851131,0.3127470510610965,2.762787000000002
IVFNSGAII,WFG5,WFG,2,11,4028,0.06556462950087019,0.3126119448275326,2.0900980000000016
IVFNSGAII,WFG5,WFG,2,11,4029,0.06528754146280344,0.312713500522684,2.5801230000000017
IVFNSGAII,WFG5,WFG,2,11,4030,0.06529475653586275,0.31286729741276686,2.0285170000000017
IVFNSGAII,WFG5,WFG,3,12,4001,0.25988125983079335,0.4976955082722253,2.6546779999999983
IVFNSGAII,WFG5,WFG,3,12,4002,0.27814702581656753,0.4990919955322144,2.480598999999996
IVFNSGAII,WFG5,WFG,3,12,4003,0.28507035056083596,0.49437805586781486,2.7715569999999965
IVFNSGAII,WFG5,WFG,3,12,4004,0.28966823378825923,0.49753252124717445,2.4399389999999994
IVFNSGAII,WFG5,WFG,3,12,4005,0.28353607910244105,0.49900840666198854,2.6861060000000028
IVFNSGAII,WFG5,WFG,3,12,4006,0.2895823815408537,0.4960295212467973,2.535413000000004
IVFNSGAII,WFG5,WFG,3,12,4007,0.2785973139762938,0.4967486592193091,2.0354080000000003
IVFNSGAII,WFG5,WFG,3,12,4008,0.27824430140792467,0.49235068833195444,2.5890229999999974
IVFNSGAII,WFG5,WFG,3,12,4009,0.2772738398096303,0.49345732655310764,2.194444
IVFNSGAII,WFG5,WFG,3,12,4010,0.2730907884727666,0.48919045329083355,2.1132269999999975
IVFNSGAII,WFG5,WFG,3,12,4011,0.2815986025273678,0.49366910793305563,2.3923669999999997
IVFNSGAII,WFG5,WFG,3,12,4012,0.2727793054354859,0.4975401806252867,2.2090750000000012
IVFNSGAII,WFG5,WFG,3,12,4013,0.2754161261704703,0.4947501069725815,2.111086000000001
IVFNSGAII,WFG5,WFG,3,12,4014,0.2615963107722375,0.49979966618203375,2.500830999999999
IVFNSGAII,WFG5,WFG,3,12,4015,0.27501532589615074,0.4964708569761377,2.2659579999999986
IVFNSGAII,WFG5,WFG,3,12,4016,0.2832358445798863,0.49606341821423267,2.4037179999999982
IVFNSGAII,WFG5,WFG,3,12,4017,0.27338872997063735,0.5022157011955041,2.247121999999997
IVFNSGAII,WFG5,WFG,3,12,4018,0.28919368945495066,0.49231888883259445,2.5564560000000025
IVFNSGAII,WFG5,WFG,3,12,4019,0.2852023156404086,0.49456182581240404,2.1121509999999986
IVFNSGAII,WFG5,WFG,3,12,4020,0.2717894187163039,0.4979103367962451,2.6267769999999975
IVFNSGAII,WFG5,WFG,3,12,4021,0.27639449754752526,0.49036295610898306,1.7570479999999997
IVFNSGAII,WFG5,WFG,3,12,4022,0.2718065978923714,0.5007321259929154,2.1037130000000004
IVFNSGAII,WFG5,WFG,3,12,4023,0.29665471606872773,0.4912507769087304,2.7681740000000015
IVFNSGAII,WFG5,WFG,3,12,4024,0.2911194023639142,0.4834805425976469,2.469705000000005
IVFNSGAII,WFG5,WFG,3,12,4025,0.2927105180329067,0.48269128221010904,2.5493620000000026
IVFNSGAII,WFG5,WFG,3,12,4026,0.280367745272976,0.4894212411733001,1.932633000000002
IVFNSGAII,WFG5,WFG,3,12,4027,0.2708004815646163,0.501153249926274,2.578110999999999
IVFNSGAII,WFG5,WFG,3,12,4028,0.2804196706227487,0.4907602766886993,2.029993
IVFNSGAII,WFG5,WFG,3,12,4029,0.2818833757829869,0.4918000443221156,1.9579049999999991
IVFNSGAII,WFG5,WFG,3,12,4030,0.27058513161732284,0.49794356837144177,1.9746579999999994
IVFNSGAII,WFG6,WFG,2,11,4001,0.09329048675849048,0.2969887980402814,3.078464999999996
IVFNSGAII,WFG6,WFG,2,11,4002,0.05255439028792251,0.3202240158558225,3.741916
IVFNSGAII,WFG6,WFG,2,11,4003,0.07097130552969681,0.30963428659511,3.632271999999998
IVFNSGAII,WFG6,WFG,2,11,4004,0.07661265240362893,0.306496375112254,3.1079259999999946
IVFNSGAII,WFG6,WFG,2,11,4005,0.09812528310820347,0.2946570059918706,3.7015799999999976
IVFNSGAII,WFG6,WFG,2,11,4006,0.09548904074965527,0.2960843407038276,3.195708000000001
IVFNSGAII,WFG6,WFG,2,11,4007,0.09805215595061839,0.29439807376420557,3.287683999999997
IVFNSGAII,WFG6,WFG,2,11,4008,0.0720982034012114,0.30909647974362975,3.844735
IVFNSGAII,WFG6,WFG,2,11,4009,0.061470083266122744,0.31478801405244095,3.701258
IVFNSGAII,WFG6,WFG,2,11,4010,0.04820654109494697,0.32240870757798573,3.275382999999998
IVFNSGAII,WFG6,WFG,2,11,4011,0.11003715205845406,0.2879118012908859,3.480256999999997
IVFNSGAII,WFG6,WFG,2,11,4012,0.10594911615949054,0.29021595434895037,2.9843489999999973
IVFNSGAII,WFG6,WFG,2,11,4013,0.06299233818911332,0.313839869041861,4.170427000000003
IVFNSGAII,WFG6,WFG,2,11,4014,0.056389077483053884,0.31815499876619646,3.370599999999996
IVFNSGAII,WFG6,WFG,2,11,4015,0.05138464469030548,0.3207706579280699,3.7125570000000065
IVFNSGAII,WFG6,WFG,2,11,4016,0.09933199874223402,0.29387262688103305,3.372098999999999
IVFNSGAII,WFG6,WFG,2,11,4017,0.11506278833414432,0.28525908753685997,3.0230970000000004
IVFNSGAII,WFG6,WFG,2,11,4018,0.10273614071289189,0.29217355214978946,3.28737
IVFNSGAII,WFG6,WFG,2,11,4019,0.08760329404222891,0.3006165683748826,3.6655060000000024
IVFNSGAII,WFG6,WFG,2,11,4020,0.06933534911900825,0.3104031498694992,3.6396569999999997
IVFNSGAII,WFG6,WFG,2,11,4021,0.09898891667245009,0.29388809528972343,3.273393
IVFNSGAII,WFG6,WFG,2,11,4022,0.07303485013044647,0.3087198719542387,3.351555000000004
IVFNSGAII,WFG6,WFG,2,11,4023,0.07861306965725351,0.3052958969406805,3.1007779999999987
IVFNSGAII,WFG6,WFG,2,11,4024,0.11830174941533174,0.2839108709543764,3.5535930000000002
IVFNSGAII,WFG6,WFG,2,11,4025,0.09686550954784719,0.295100009814398,3.551990000000003
IVFNSGAII,WFG6,WFG,2,11,4026,0.11977194513068423,0.2828666139322225,3.6207840000000004
IVFNSGAII,WFG6,WFG,2,11,4027,0.09419847378983028,0.296767750318931,3.885161999999996
IVFNSGAII,WFG6,WFG,2,11,4028,0.09018310102947315,0.2987664656856016,3.847407999999997
IVFNSGAII,WFG6,WFG,2,11,4029,0.0735323067477092,0.3082982018209166,3.782871000000001
IVFNSGAII,WFG6,WFG,2,11,4030,0.101219337168439,0.2929274856393016,3.9264109999999977
IVFNSGAII,WFG6,WFG,3,12,4001,0.32811565566863615,0.44942117710864665,4.362797999999999
IVFNSGAII,WFG6,WFG,3,12,4002,0.30751554110809226,0.4662457922689063,3.7900259999999992
IVFNSGAII,WFG6,WFG,3,12,4003,0.31112354345361176,0.4869261785812456,3.9464789999999996
IVFNSGAII,WFG6,WFG,3,12,4004,0.30412937917572647,0.4863076252251438,3.6094300000000037
IVFNSGAII,WFG6,WFG,3,12,4005,0.2910298813199323,0.4851354290123858,3.1920399999999995
IVFNSGAII,WFG6,WFG,3,12,4006,0.2850144212419325,0.5070529247266387,4.180916999999997
IVFNSGAII,WFG6,WFG,3,12,4007,0.29559625603862655,0.4720105666844001,2.508136
IVFNSGAII,WFG6,WFG,3,12,4008,0.3071466858290451,0.4611626679867598,3.0782389999999964
IVFNSGAII,WFG6,WFG,3,12,4009,0.31655002839445107,0.4741107003832176,2.8147320000000007
IVFNSGAII,WFG6,WFG,3,12,4010,0.28948536367446154,0.48811558855219506,2.7783740000000017
IVFNSGAII,WFG6,WFG,3,12,4011,0.3037201387292796,0.4685493496194818,2.5520269999999985
IVFNSGAII,WFG6,WFG,3,12,4012,0.3123080408929928,0.46739787576089425,2.3576190000000032
IVFNSGAII,WFG6,WFG,3,12,4013,0.296921021201503,0.489434877013125,2.144645000000002
IVFNSGAII,WFG6,WFG,3,12,4014,0.2914709861605865,0.49156127903110214,2.9642860000000026
IVFNSGAII,WFG6,WFG,3,12,4015,0.2979258718139164,0.4911461799492682,2.9026640000000024
IVFNSGAII,WFG6,WFG,3,12,4016,0.3269069231786356,0.4534127224727167,3.3148059999999995
IVFNSGAII,WFG6,WFG,3,12,4017,0.29215295038723904,0.4957393746090114,3.9076309999999967
IVFNSGAII,WFG6,WFG,3,12,4018,0.33808753019228277,0.4332005256511703,2.5215490000000025
IVFNSGAII,WFG6,WFG,3,12,4019,0.30892042078784027,0.46623771486719434,2.703347
IVFNSGAII,WFG6,WFG,3,12,4020,0.3213641517981685,0.4720057018509224,2.706575
IVFNSGAII,WFG6,WFG,3,12,4021,0.3171074120361362,0.47406263272790755,2.6436640000000002
IVFNSGAII,WFG6,WFG,3,12,4022,0.30855349825332584,0.4723390865776476,2.8439400000000017
IVFNSGAII,WFG6,WFG,3,12,4023,0.276834051417203,0.49669157865967883,3.5854030000000017
IVFNSGAII,WFG6,WFG,3,12,4024,0.3273307947124006,0.45329021896141597,3.0983150000000004
IVFNSGAII,WFG6,WFG,3,12,4025,0.29942891807741495,0.48520947298185313,3.191085999999997
IVFNSGAII,WFG6,WFG,3,12,4026,0.3318691689140264,0.4562716658871621,3.0847780000000014
IVFNSGAII,WFG6,WFG,3,12,4027,0.3157998138380761,0.4661717810825434,2.6553370000000007
IVFNSGAII,WFG6,WFG,3,12,4028,0.31575118344165853,0.4675774022184802,2.8487619999999985
IVFNSGAII,WFG6,WFG,3,12,4029,0.3129374830893497,0.45357149212636383,2.3507450000000003
IVFNSGAII,WFG6,WFG,3,12,4030,0.28918769014424034,0.49534571923928417,2.3991480000000043
IVFNSGAII,WFG7,WFG,2,11,4001,0.01569143948164611,0.3457990853175081,2.944835000000001
IVFNSGAII,WFG7,WFG,2,11,4002,0.018374364140872193,0.34564117888193635,2.3114040000000005
IVFNSGAII,WFG7,WFG,2,11,4003,0.016684416491142173,0.345563339391151,2.538676000000002
IVFNSGAII,WFG7,WFG,2,11,4004,0.01539756632783816,0.3458509185976262,2.2791359999999994
IVFNSGAII,WFG7,WFG,2,11,4005,0.018049232531953827,0.3451778444554276,2.7009719999999957
IVFNSGAII,WFG7,WFG,2,11,4006,0.018919327362135138,0.34504158332012935,2.106736999999996
IVFNSGAII,WFG7,WFG,2,11,4007,0.016715482165123308,0.3460373931544774,3.049150000000001
IVFNSGAII,WFG7,WFG,2,11,4008,0.01735431895588768,0.34506809254416504,2.629954999999997
IVFNSGAII,WFG7,WFG,2,11,4009,0.019761657916349856,0.34497883445500677,2.5777529999999986
IVFNSGAII,WFG7,WFG,2,11,4010,0.01666474200413189,0.3453940746077747,2.038711999999999
IVFNSGAII,WFG7,WFG,2,11,4011,0.017378767512577675,0.34534445037802697,2.1862620000000015
IVFNSGAII,WFG7,WFG,2,11,4012,0.016744147227397928,0.3453951225437682,2.011412000000001
IVFNSGAII,WFG7,WFG,2,11,4013,0.01584081088629512,0.34591402813267724,2.5378460000000027
IVFNSGAII,WFG7,WFG,2,11,4014,0.018248749426313455,0.3446755061121432,2.012496999999999
IVFNSGAII,WFG7,WFG,2,11,4015,0.01724340792988389,0.34475010404946504,2.270675
IVFNSGAII,WFG7,WFG,2,11,4016,0.016495162392041865,0.3454827752022376,2.172935999999997
IVFNSGAII,WFG7,WFG,2,11,4017,0.017126626622659714,0.34527452284150273,2.2142809999999997
IVFNSGAII,WFG7,WFG,2,11,4018,0.016742902061775505,0.3454852105078983,2.156034999999999
IVFNSGAII,WFG7,WFG,2,11,4019,0.016598763141594013,0.34553984047262515,2.2680570000000007
IVFNSGAII,WFG7,WFG,2,11,4020,0.01667750831953843,0.34529486068543075,2.522152000000004
IVFNSGAII,WFG7,WFG,2,11,4021,0.01845690544655944,0.3449579944830191,2.6896140000000006
IVFNSGAII,WFG7,WFG,2,11,4022,0.016153369366452473,0.3456451242511799,2.3842329999999996
IVFNSGAII,WFG7,WFG,2,11,4023,0.016106596589376666,0.3457728372113878,2.5565280000000015
IVFNSGAII,WFG7,WFG,2,11,4024,0.01772576185891872,0.34537658745798056,2.519644000000005
IVFNSGAII,WFG7,WFG,2,11,4025,0.018379037115536328,0.34466873216615,2.6153230000000027
IVFNSGAII,WFG7,WFG,2,11,4026,0.016457457546957162,0.34548101162356626,2.2375069999999977
IVFNSGAII,WFG7,WFG,2,11,4027,0.016171409592748476,0.3456602404089678,2.3741269999999965
IVFNSGAII,WFG7,WFG,2,11,4028,0.016830753932271503,0.34523395319981465,2.1998849999999974
IVFNSGAII,WFG7,WFG,2,11,4029,0.01639047730974969,0.34563085897810425,2.244374999999999
IVFNSGAII,WFG7,WFG,2,11,4030,0.01567547629983219,0.34590484664554677,1.9712319999999997
IVFNSGAII,WFG7,WFG,3,12,4001,0.27300180588893297,0.528232639007302,3.359542
IVFNSGAII,WFG7,WFG,3,12,4002,0.28670156131491986,0.5257227700324667,2.9788050000000013
IVFNSGAII,WFG7,WFG,3,12,4003,0.2732327327353733,0.5240527932351373,2.900257999999996
IVFNSGAII,WFG7,WFG,3,12,4004,0.2627517236018107,0.5265446075294851,3.1071040000000023
IVFNSGAII,WFG7,WFG,3,12,4005,0.2785911820464971,0.5241286078679517,2.844678000000003
IVFNSGAII,WFG7,WFG,3,12,4006,0.2696653270395325,0.5299596867879763,2.6366049999999954
IVFNSGAII,WFG7,WFG,3,12,4007,0.27258930348749033,0.5275097648554965,3.205828000000001
IVFNSGAII,WFG7,WFG,3,12,4008,0.2767329160029858,0.5244881389768925,2.9470870000000016
IVFNSGAII,WFG7,WFG,3,12,4009,0.2620567978845518,0.5282609708147457,2.925378
IVFNSGAII,WFG7,WFG,3,12,4010,0.28613030659059074,0.5210942594429652,3.187746
IVFNSGAII,WFG7,WFG,3,12,4011,0.2734236903492301,0.5226967272338324,3.450675
IVFNSGAII,WFG7,WFG,3,12,4012,0.2732209961426375,0.527489394570239,3.135835999999998
IVFNSGAII,WFG7,WFG,3,12,4013,0.2853511458443899,0.5210705932272015,3.206891000000001
IVFNSGAII,WFG7,WFG,3,12,4014,0.30177234904144656,0.5149719244458163,3.262255999999997
IVFNSGAII,WFG7,WFG,3,12,4015,0.2751498290955781,0.5255473523806592,3.0038779999999936
IVFNSGAII,WFG7,WFG,3,12,4016,0.2897929521581786,0.5173030052484254,2.8413709999999983
IVFNSGAII,WFG7,WFG,3,12,4017,0.2869200467530633,0.5188339032802528,3.338302999999998
IVFNSGAII,WFG7,WFG,3,12,4018,0.29858042402969465,0.5190188818307224,2.889266000000002
IVFNSGAII,WFG7,WFG,3,12,4019,0.29582910661411077,0.5203895364832319,2.8216800000000015
IVFNSGAII,WFG7,WFG,3,12,4020,0.2590806221877829,0.5238172747357942,3.502114000000002
IVFNSGAII,WFG7,WFG,3,12,4021,0.3003454972421163,0.5253128426065183,2.7727679999999975
IVFNSGAII,WFG7,WFG,3,12,4022,0.26973294929544195,0.5279616629981561,3.304444999999998
IVFNSGAII,WFG7,WFG,3,12,4023,0.26374164260347976,0.5219579930118717,3.438514000000003
IVFNSGAII,WFG7,WFG,3,12,4024,0.2984377837051748,0.5165097660649406,3.1486389999999993
IVFNSGAII,WFG7,WFG,3,12,4025,0.2781802954855649,0.5223093955492184,2.556842000000005
IVFNSGAII,WFG7,WFG,3,12,4026,0.2855143706514023,0.5218518198585522,2.486763000000001
IVFNSGAII,WFG7,WFG,3,12,4027,0.28950993263705704,0.5176411031272845,2.2077999999999975
IVFNSGAII,WFG7,WFG,3,12,4028,0.28778536416096756,0.5261176172776252,2.411831999999999
IVFNSGAII,WFG7,WFG,3,12,4029,0.27838164826658146,0.52576925798182,2.1874990000000003
IVFNSGAII,WFG7,WFG,3,12,4030,0.27373475052522817,0.5264102913006279,2.176596
IVFNSGAII,WFG8,WFG,2,11,4001,0.10950328062996241,0.28870036230378643,2.2905259999999994
IVFNSGAII,WFG8,WFG,2,11,4002,0.10474873905182099,0.2914327528826556,2.7508820000000016
IVFNSGAII,WFG8,WFG,2,11,4003,0.11064379927716031,0.2882076886026716,2.2076080000000013
IVFNSGAII,WFG8,WFG,2,11,4004,0.10255564815920792,0.2925626090036712,3.2060409999999995
IVFNSGAII,WFG8,WFG,2,11,4005,0.10987702152385066,0.28884853548050854,2.199202000000001
IVFNSGAII,WFG8,WFG,2,11,4006,0.10522305981092704,0.29086418937779746,3.2081939999999998
IVFNSGAII,WFG8,WFG,2,11,4007,0.109363758485212,0.2896842590378508,2.584219000000002
IVFNSGAII,WFG8,WFG,2,11,4008,0.10986686921301525,0.2883664374468468,2.364805000000001
IVFNSGAII,WFG8,WFG,2,11,4009,0.1072183162049616,0.2898283251487536,2.482727000000001
IVFNSGAII,WFG8,WFG,2,11,4010,0.11017935387588032,0.28819436411030097,2.447572000000002
IVFNSGAII,WFG8,WFG,2,11,4011,0.1098462722784479,0.2897217199623004,3.384461999999999
IVFNSGAII,WFG8,WFG,2,11,4012,0.1118672468248528,0.2873882014917317,2.326719999999998
IVFNSGAII,WFG8,WFG,2,11,4013,0.10651677644506995,0.29024753144758414,3.342763999999999
IVFNSGAII,WFG8,WFG,2,11,4014,0.1097950076440481,0.28841409345781976,2.243131000000003
IVFNSGAII,WFG8,WFG,2,11,4015,0.10769676685734966,0.2896833688436818,2.53878
IVFNSGAII,WFG8,WFG,2,11,4016,0.11423227042823299,0.28641470412676245,2.511590000000002
IVFNSGAII,WFG8,WFG,2,11,4017,0.10939950304986096,0.28879278173370293,2.4528990000000004
IVFNSGAII,WFG8,WFG,2,11,4018,0.10810712043876632,0.28941977701234145,2.481885000000002
IVFNSGAII,WFG8,WFG,2,11,4019,0.10975706651827691,0.2884855108639528,2.168639000000003
IVFNSGAII,WFG8,WFG,2,11,4020,0.10899510181954288,0.2890059115603556,2.879395999999995
IVFNSGAII,WFG8,WFG,2,11,4021,0.11083908529080493,0.28794344176719205,2.309552999999996
IVFNSGAII,WFG8,WFG,2,11,4022,0.10673288894732207,0.28996662997802786,2.8139600000000007
IVFNSGAII,WFG8,WFG,2,11,4023,0.10566386623871642,0.2903441499308014,2.361231999999995
IVFNSGAII,WFG8,WFG,2,11,4024,0.11025219075172549,0.2883555127744873,2.5669920000000026
IVFNSGAII,WFG8,WFG,2,11,4025,0.10690191255148952,0.28998789454838747,2.2902200000000024
IVFNSGAII,WFG8,WFG,2,11,4026,0.10948918589133291,0.2888726969836551,2.819631999999997
IVFNSGAII,WFG8,WFG,2,11,4027,0.11018221568998957,0.2882765172196517,2.2101790000000014
IVFNSGAII,WFG8,WFG,2,11,4028,0.11029561101575469,0.28842984468347055,2.201385000000001
IVFNSGAII,WFG8,WFG,2,11,4029,0.10702802183399404,0.2898813657495499,2.540636
IVFNSGAII,WFG8,WFG,2,11,4030,0.10823559935718133,0.289341817832578,2.195284999999996
IVFNSGAII,WFG8,WFG,3,12,4001,0.36293093249828023,0.4495622433907553,2.265186000000002
IVFNSGAII,WFG8,WFG,3,12,4002,0.3757671769660056,0.44450530580568726,2.38079
IVFNSGAII,WFG8,WFG,3,12,4003,0.3659965296635536,0.44340595400349403,2.4032000000000013
IVFNSGAII,WFG8,WFG,3,12,4004,0.37176736972497,0.439435623961183,2.9035159999999998
IVFNSGAII,WFG8,WFG,3,12,4005,0.36212474424617125,0.4502138597651975,2.606675999999994
IVFNSGAII,WFG8,WFG,3,12,4006,0.3567035621585566,0.4467622307793736,2.405057000000001
IVFNSGAII,WFG8,WFG,3,12,4007,0.36861093304937204,0.448488014577581,2.8511300000000013
IVFNSGAII,WFG8,WFG,3,12,4008,0.3895070777994952,0.44504806146335635,2.6025759999999987
IVFNSGAII,WFG8,WFG,3,12,4009,0.3735572171309663,0.44507401640651856,3.1066909999999996
IVFNSGAII,WFG8,WFG,3,12,4010,0.37287240279921857,0.4524495992757934,2.519071999999999
IVFNSGAII,WFG8,WFG,3,12,4011,0.3595314882357236,0.44547050372771807,2.848237999999997
IVFNSGAII,WFG8,WFG,3,12,4012,0.37773922116134917,0.4428948973945654,2.213719
IVFNSGAII,WFG8,WFG,3,12,4013,0.3676282223839971,0.4446078310371946,2.3514220000000017
IVFNSGAII,WFG8,WFG,3,12,4014,0.37148091355235324,0.4466228046346524,2.355686000000001
IVFNSGAII,WFG8,WFG,3,12,4015,0.3871371385065369,0.4445917624644352,3.201444000000001
IVFNSGAII,WFG8,WFG,3,12,4016,0.35621418814863737,0.45176133054884426,2.286418999999997
IVFNSGAII,WFG8,WFG,3,12,4017,0.3710508749199297,0.44130915355507877,2.2124219999999992
IVFNSGAII,WFG8,WFG,3,12,4018,0.38648259756922604,0.44145255478155127,2.773839000000001
IVFNSGAII,WFG8,WFG,3,12,4019,0.3709519421036152,0.4436414976618698,2.2543739999999985
IVFNSGAII,WFG8,WFG,3,12,4020,0.36247986938056126,0.4421559601573577,2.3039829999999966
IVFNSGAII,WFG8,WFG,3,12,4021,0.3621063608407581,0.44791331268124385,2.568094999999996
IVFNSGAII,WFG8,WFG,3,12,4022,0.4008425228467196,0.44334865284095937,2.058595999999999
IVFNSGAII,WFG8,WFG,3,12,4023,0.377065309361829,0.4502899487021598,2.2900929999999997
IVFNSGAII,WFG8,WFG,3,12,4024,0.3616122707309883,0.4416648258082808,2.733789000000001
IVFNSGAII,WFG8,WFG,3,12,4025,0.36629007900240473,0.44995383779615067,2.1635530000000003
IVFNSGAII,WFG8,WFG,3,12,4026,0.3712173120581436,0.43864708755814275,1.835447000000001
IVFNSGAII,WFG8,WFG,3,12,4027,0.37864357067607973,0.4439878750091356,1.9107119999999995
IVFNSGAII,WFG8,WFG,3,12,4028,0.3545524919302048,0.4508850366828761,1.8076029999999996
IVFNSGAII,WFG8,WFG,3,12,4029,0.3671488439977849,0.4473619892274811,1.5711780000000017
IVFNSGAII,WFG8,WFG,3,12,4030,0.3783670327490304,0.4419664281989842,2.4079960000000016
IVFNSGAII,WFG9,WFG,2,11,4001,0.023383309109655043,0.3383732580275657,3.283337000000002
IVFNSGAII,WFG9,WFG,2,11,4002,0.019753265719977414,0.34177024164840125,3.432613000000003
IVFNSGAII,WFG9,WFG,2,11,4003,0.02062564723104235,0.340279069206899,3.3022999999999962
IVFNSGAII,WFG9,WFG,2,11,4004,0.020473033138043887,0.34070951547432027,3.9599800000000003
IVFNSGAII,WFG9,WFG,2,11,4005,0.020715056521072164,0.3409545209688076,3.065140000000002
IVFNSGAII,WFG9,WFG,2,11,4006,0.021101967998046933,0.3404968510807894,3.605824000000003
IVFNSGAII,WFG9,WFG,2,11,4007,0.019593916930387305,0.3410192614128655,1.747359999999999
IVFNSGAII,WFG9,WFG,2,11,4008,0.0199374340988595,0.3411158124309431,2.421348
IVFNSGAII,WFG9,WFG,2,11,4009,0.01957799051203955,0.3418553727744432,1.5689819999999997
IVFNSGAII,WFG9,WFG,2,11,4010,0.020251417818679528,0.3413945386562276,2.5213619999999994
IVFNSGAII,WFG9,WFG,2,11,4011,0.022195843035641524,0.3413810518800535,1.760263999999999
IVFNSGAII,WFG9,WFG,2,11,4012,0.22709922094923612,0.22524160558716808,2.4406920000000047
IVFNSGAII,WFG9,WFG,2,11,4013,0.019735225833433206,0.34277055252449345,1.4266389999999998
IVFNSGAII,WFG9,WFG,2,11,4014,0.01877516489880464,0.3418076919667663,2.5090720000000006
IVFNSGAII,WFG9,WFG,2,11,4015,0.01744187213772061,0.34346664247584724,1.3948070000000012
IVFNSGAII,WFG9,WFG,2,11,4016,0.02224941827137323,0.34157822564825285,2.560550000000004
IVFNSGAII,WFG9,WFG,2,11,4017,0.020757775796280516,0.33982734963735184,1.4217760000000015
IVFNSGAII,WFG9,WFG,2,11,4018,0.018356002811818126,0.3439178065691735,2.570520999999998
IVFNSGAII,WFG9,WFG,2,11,4019,0.019755721605730785,0.34145031705368545,1.4751129999999981
IVFNSGAII,WFG9,WFG,2,11,4020,0.01758535314225736,0.3427875280512722,2.235351000000001
IVFNSGAII,WFG9,WFG,2,11,4021,0.020348979111665708,0.34032762718215576,2.6788639999999977
IVFNSGAII,WFG9,WFG,2,11,4022,0.01883690854857395,0.34176960937938594,1.9219699999999993
IVFNSGAII,WFG9,WFG,2,11,4023,0.017970089604947007,0.3438114578231437,2.5249989999999998
IVFNSGAII,WFG9,WFG,2,11,4024,0.017393899452888852,0.34333960838126204,2.2367690000000007
IVFNSGAII,WFG9,WFG,2,11,4025,0.019963370739677615,0.3414331731169329,2.076356999999999
IVFNSGAII,WFG9,WFG,2,11,4026,0.2269739256814782,0.225750960490225,2.1687739999999978
IVFNSGAII,WFG9,WFG,2,11,4027,0.018966673874542893,0.341927123399955,2.733363000000002
IVFNSGAII,WFG9,WFG,2,11,4028,0.018136110255420085,0.3426592244228913,2.2634989999999995
IVFNSGAII,WFG9,WFG,2,11,4029,0.02261969223811219,0.3391645641711534,2.4069669999999994
IVFNSGAII,WFG9,WFG,2,11,4030,0.020503353791620924,0.3414537457537009,2.363266000000001
IVFNSGAII,WFG9,WFG,3,12,4001,0.27564658059980646,0.5027022288081554,2.669709000000002
IVFNSGAII,WFG9,WFG,3,12,4002,0.27448322688990695,0.5008585816783693,3.1079189999999985
IVFNSGAII,WFG9,WFG,3,12,4003,0.28923969563370666,0.4976085959170183,2.8568380000000038
IVFNSGAII,WFG9,WFG,3,12,4004,0.2727169154298763,0.5026666251264461,3.2300789999999986
IVFNSGAII,WFG9,WFG,3,12,4005,0.2706437980596974,0.5044379335044511,3.495792
IVFNSGAII,WFG9,WFG,3,12,4006,0.2770557077512538,0.504203039591937,2.6013239999999973
IVFNSGAII,WFG9,WFG,3,12,4007,0.26733739307738436,0.5094364098433887,3.6692049999999985
IVFNSGAII,WFG9,WFG,3,12,4008,0.2936205387743373,0.5146355248405301,3.065535000000003
IVFNSGAII,WFG9,WFG,3,12,4009,0.28512837045020784,0.5105181016182604,3.871673
IVFNSGAII,WFG9,WFG,3,12,4010,0.26714045950291243,0.5120968023925159,2.908373999999999
IVFNSGAII,WFG9,WFG,3,12,4011,0.28173260736479466,0.5048115500994625,2.840289999999998
IVFNSGAII,WFG9,WFG,3,12,4012,0.2925145390047323,0.5097588359551761,3.463180000000003
IVFNSGAII,WFG9,WFG,3,12,4013,0.30506003298239653,0.48743431048813185,2.8279670000000015
IVFNSGAII,WFG9,WFG,3,12,4014,0.27252152591850776,0.5105930171937652,2.89155
IVFNSGAII,WFG9,WFG,3,12,4015,0.2989590555138118,0.5085913424031305,3.082934999999999
IVFNSGAII,WFG9,WFG,3,12,4016,0.27359753730887165,0.49646927268826957,3.216005999999998
IVFNSGAII,WFG9,WFG,3,12,4017,0.2620118010661319,0.5193762837499618,2.8218830000000015
IVFNSGAII,WFG9,WFG,3,12,4018,0.26713758720222686,0.5121243357240991,3.1521779999999966
IVFNSGAII,WFG9,WFG,3,12,4019,0.27948346748309616,0.5076802844688446,3.4081750000000004
IVFNSGAII,WFG9,WFG,3,12,4020,0.2760739658829694,0.49675093544226023,3.2414079999999985
IVFNSGAII,WFG9,WFG,3,12,4021,0.26695917453457724,0.5120125260882589,2.856024999999996
IVFNSGAII,WFG9,WFG,3,12,4022,0.27122445651793164,0.5081101575343173,3.9123960000000015
IVFNSGAII,WFG9,WFG,3,12,4023,0.29328509215952725,0.49658933174049336,2.8904880000000013
IVFNSGAII,WFG9,WFG,3,12,4024,0.2702145394689277,0.5110255817714137,3.7913629999999983
IVFNSGAII,WFG9,WFG,3,12,4025,0.27271658869465215,0.5098161869690074,3.1061689999999995
IVFNSGAII,WFG9,WFG,3,12,4026,0.2751802140853486,0.5086571461437706,2.8395460000000026
IVFNSGAII,WFG9,WFG,3,12,4027,0.26558113494331803,0.512699562476491,3.086213999999996
IVFNSGAII,WFG9,WFG,3,12,4028,0.27599522771566143,0.5098756062627947,3.248428999999998
IVFNSGAII,WFG9,WFG,3,12,4029,0.27161443295385146,0.5155252882472275,2.9383900000000005
IVFNSGAII,WFG9,WFG,3,12,4030,0.2654170901692987,0.519810813120014,3.517298000000001
IVFNSGAII,ZDT1,ZDT,2,30,4001,0.00447992383235616,0.7197279435309852,3.152400999999997
IVFNSGAII,ZDT1,ZDT,2,30,4002,0.004757237867716269,0.7192132082598889,3.3944010000000016
IVFNSGAII,ZDT1,ZDT,2,30,4003,0.004916997947353836,0.7191082557415793,3.692492
IVFNSGAII,ZDT1,ZDT,2,30,4004,0.004634038308983195,0.719488404989014,3.1853720000000005
IVFNSGAII,ZDT1,ZDT,2,30,4005,0.0047323221735225615,0.7193499871231239,3.4150019999999968
IVFNSGAII,ZDT1,ZDT,2,30,4006,0.004715253920854942,0.7194324440169775,3.863402
IVFNSGAII,ZDT1,ZDT,2,30,4007,0.004462154612542661,0.7196391825974426,2.478965000000001
IVFNSGAII,ZDT1,ZDT,2,30,4008,0.004877527432547188,0.7191195343126018,2.8947270000000014
IVFNSGAII,ZDT1,ZDT,2,30,4009,0.005154393935340669,0.719016211340644,3.0730719999999945
IVFNSGAII,ZDT1,ZDT,2,30,4010,0.004893229859828698,0.7189515063771307,2.8231620000000004
IVFNSGAII,ZDT1,ZDT,2,30,4011,0.004858418703708886,0.7191780727647598,2.3467000000000002
IVFNSGAII,ZDT1,ZDT,2,30,4012,0.004927349410940482,0.7191712754322479,2.5964019999999968
IVFNSGAII,ZDT1,ZDT,2,30,4013,0.004907658613352588,0.7194217221998094,2.6028550000000013
IVFNSGAII,ZDT1,ZDT,2,30,4014,0.00421567528644192,0.7198777443770998,2.8831310000000006
IVFNSGAII,ZDT1,ZDT,2,30,4015,0.004849396672522006,0.7192928212996255,2.3955260000000007
IVFNSGAII,ZDT1,ZDT,2,30,4016,0.004699398996966577,0.7193038090219382,2.4753529999999997
IVFNSGAII,ZDT1,ZDT,2,30,4017,0.005026379214617941,0.7188802590025528,2.434536999999996
IVFNSGAII,ZDT1,ZDT,2,30,4018,0.004690979300168152,0.7193115009573209,3.199894999999999
IVFNSGAII,ZDT1,ZDT,2,30,4019,0.004819188756830593,0.7190955054669166,2.5110739999999954
IVFNSGAII,ZDT1,ZDT,2,30,4020,0.004812503202019244,0.7193056816912168,2.7172369999999972
IVFNSGAII,ZDT1,ZDT,2,30,4021,0.004691009563640676,0.7194461554554027,2.876535000000002
IVFNSGAII,ZDT1,ZDT,2,30,4022,0.004807016799624083,0.7192256576101484,2.064133999999999
IVFNSGAII,ZDT1,ZDT,2,30,4023,0.004906249336375031,0.7190221105540301,2.326900999999999
IVFNSGAII,ZDT1,ZDT,2,30,4024,0.00448865545406831,0.7196127876925557,2.8814349999999966
IVFNSGAII,ZDT1,ZDT,2,30,4025,0.004929680754760463,0.719288575240339,2.361005999999998
IVFNSGAII,ZDT1,ZDT,2,30,4026,0.004905838698204711,0.7193161807674285,1.974706000000002
IVFNSGAII,ZDT1,ZDT,2,30,4027,0.004791321518266553,0.7191954475242428,2.017062000000001
IVFNSGAII,ZDT1,ZDT,2,30,4028,0.004602816222794557,0.7192802347377449,2.0826230000000012
IVFNSGAII,ZDT1,ZDT,2,30,4029,0.004636336226593037,0.7194626762768432,2.230538000000001
IVFNSGAII,ZDT1,ZDT,2,30,4030,0.004714664803567276,0.7191773805222843,2.00625
IVFNSGAII,ZDT2,ZDT,2,30,4001,0.004949605506712608,0.4439690231809745,3.254747
IVFNSGAII,ZDT2,ZDT,2,30,4002,0.004772565703893102,0.44409089261502455,3.881056999999996
IVFNSGAII,ZDT2,ZDT,2,30,4003,0.004668352043357523,0.44410384635049727,3.518980999999998
IVFNSGAII,ZDT2,ZDT,2,30,4004,0.0047123468706033005,0.4440624436638783,4.335346000000006
IVFNSGAII,ZDT2,ZDT,2,30,4005,0.004899240825101457,0.44419047244727927,3.6342200000000027
IVFNSGAII,ZDT2,ZDT,2,30,4006,0.004653312492038773,0.4444435122310821,4.105044999999997
IVFNSGAII,ZDT2,ZDT,2,30,4007,0.004813374240068372,0.44451305098899485,2.697145000000001
IVFNSGAII,ZDT2,ZDT,2,30,4008,0.004729286702579771,0.44414207266128747,4.468253000000004
IVFNSGAII,ZDT2,ZDT,2,30,4009,0.0048690225625767115,0.4440166162138394,2.1412910000000007
IVFNSGAII,ZDT2,ZDT,2,30,4010,0.004682097049036948,0.44407069126771476,2.643210000000003
IVFNSGAII,ZDT2,ZDT,2,30,4011,0.0047992490094782864,0.4442625012146298,2.5788100000000007
IVFNSGAII,ZDT2,ZDT,2,30,4012,0.004800882161692985,0.4439665757045455,2.9219160000000035
IVFNSGAII,ZDT2,ZDT,2,30,4013,0.00470140248964144,0.4440847453341784,3.3452210000000036
IVFNSGAII,ZDT2,ZDT,2,30,4014,0.004923813373288691,0.44405267001836435,2.8730670000000034
IVFNSGAII,ZDT2,ZDT,2,30,4015,0.005220540075411543,0.44360684588184407,2.946221000000004
IVFNSGAII,ZDT2,ZDT,2,30,4016,0.004914973389087109,0.44383110480505783,3.8651070000000054
IVFNSGAII,ZDT2,ZDT,2,30,4017,0.004659124239406393,0.44413725175074426,3.120980000000002
IVFNSGAII,ZDT2,ZDT,2,30,4018,0.005074516317817568,0.44382559402029065,2.5649669999999922
IVFNSGAII,ZDT2,ZDT,2,30,4019,0.004603435675844996,0.4442801519413235,2.139935
IVFNSGAII,ZDT2,ZDT,2,30,4020,0.0049618908214025615,0.44388607363401483,2.7562170000000026
IVFNSGAII,ZDT2,ZDT,2,30,4021,0.004924232368786597,0.4441120186452804,2.936980999999998
IVFNSGAII,ZDT2,ZDT,2,30,4022,0.0047939169824139346,0.4441092378754497,2.9576659999999984
IVFNSGAII,ZDT2,ZDT,2,30,4023,0.00467946312374323,0.4443711421430243,2.081983
IVFNSGAII,ZDT2,ZDT,2,30,4024,0.004582042910159022,0.44409914418112156,2.3890559999999987
IVFNSGAII,ZDT2,ZDT,2,30,4025,0.004843650563071447,0.4438750047723107,2.4577319999999987
IVFNSGAII,ZDT2,ZDT,2,30,4026,0.004828780658911299,0.4438678078958821,2.3704239999999994
IVFNSGAII,ZDT2,ZDT,2,30,4027,0.004656467324657589,0.444225767587467,2.0417520000000007
IVFNSGAII,ZDT2,ZDT,2,30,4028,0.00536852843494554,0.44369339196829777,2.08567
IVFNSGAII,ZDT2,ZDT,2,30,4029,0.004552476805676211,0.44426465443044805,2.1095159999999993
IVFNSGAII,ZDT2,ZDT,2,30,4030,0.00506134379774915,0.4441135779442501,2.613295999999998
IVFNSGAII,ZDT3,ZDT,2,30,4001,0.005302696851081945,0.5995121684817583,3.5511260000000058
IVFNSGAII,ZDT3,ZDT,2,30,4002,0.005662137315318744,0.599422950885421,4.139524000000002
IVFNSGAII,ZDT3,ZDT,2,30,4003,0.00539682473895951,0.5994465186929953,3.348040000000002
IVFNSGAII,ZDT3,ZDT,2,30,4004,0.005251497617875779,0.5994354055048707,3.422040000000002
IVFNSGAII,ZDT3,ZDT,2,30,4005,0.005401702635281945,0.5993482232851871,3.8685250000000013
IVFNSGAII,ZDT3,ZDT,2,30,4006,0.005549106102658351,0.5993472434017363,3.012626000000001
IVFNSGAII,ZDT3,ZDT,2,30,4007,0.005661560179644569,0.5992908198361366,1.9721610000000016
IVFNSGAII,ZDT3,ZDT,2,30,4008,0.005448162021993751,0.5993415629547699,2.216222999999999
IVFNSGAII,ZDT3,ZDT,2,30,4009,0.005594662360635232,0.5992169077448475,2.1098740000000027
IVFNSGAII,ZDT3,ZDT,2,30,4010,0.005171066890135031,0.599511128125516,2.547935999999996
IVFNSGAII,ZDT3,ZDT,2,30,4011,0.005134896572990767,0.5995583018247606,2.7800280000000015
IVFNSGAII,ZDT3,ZDT,2,30,4012,0.00587195555940834,0.5993068491831507,2.8521559999999977
IVFNSGAII,ZDT3,ZDT,2,30,4013,0.0054002304134944034,0.5994132628703507,2.509211
IVFNSGAII,ZDT3,ZDT,2,30,4014,0.0055712938137430215,0.5993877990551071,2.292626
IVFNSGAII,ZDT3,ZDT,2,30,4015,0.005246925033155237,0.5994530654995748,2.5566760000000004
IVFNSGAII,ZDT3,ZDT,2,30,4016,0.005665284073541091,0.5993397099454878,2.7034349999999976
IVFNSGAII,ZDT3,ZDT,2,30,4017,0.005626245621921842,0.5992552824849323,2.503670999999999
IVFNSGAII,ZDT3,ZDT,2,30,4018,0.005547235368681806,0.5994132031350364,2.1682819999999983
IVFNSGAII,ZDT3,ZDT,2,30,4019,0.005871476735726487,0.5991821015973291,2.4989869999999987
IVFNSGAII,ZDT3,ZDT,2,30,4020,0.005450248602850163,0.5993643996486296,2.610598000000001
IVFNSGAII,ZDT3,ZDT,2,30,4021,0.005518478376635111,0.5993560878172728,2.7485820000000003
IVFNSGAII,ZDT3,ZDT,2,30,4022,0.005483023249665494,0.5995073423539149,2.6485289999999972
IVFNSGAII,ZDT3,ZDT,2,30,4023,0.005186165375498949,0.5994431137151462,2.2862609999999974
IVFNSGAII,ZDT3,ZDT,2,30,4024,0.005434306571113844,0.5994034101219843,2.682155
IVFNSGAII,ZDT3,ZDT,2,30,4025,0.005851990249066566,0.5991404981303725,2.0157180000000037
IVFNSGAII,ZDT3,ZDT,2,30,4026,0.005772300507664971,0.5992360770930932,2.082201000000001
IVFNSGAII,ZDT3,ZDT,2,30,4027,0.005738141897245778,0.5993489518962575,1.961731
IVFNSGAII,ZDT3,ZDT,2,30,4028,0.005511092495496484,0.5993878778971824,2.2959690000000017
IVFNSGAII,ZDT3,ZDT,2,30,4029,0.005461766594165297,0.599378976661169,2.0836730000000023
IVFNSGAII,ZDT3,ZDT,2,30,4030,0.005416195530607431,0.5993366363951319,2.4350219999999987
IVFNSGAII,ZDT4,ZDT,2,10,4001,0.004826999074572058,0.7185780790667785,2.6889050000000063
IVFNSGAII,ZDT4,ZDT,2,10,4002,0.004673223078140962,0.7195728279484865,2.322558000000002
IVFNSGAII,ZDT4,ZDT,2,10,4003,0.0044946621549622435,0.719868800044974,2.361008000000001
IVFNSGAII,ZDT4,ZDT,2,10,4004,0.0045137462838082225,0.7198366490214796,2.4974350000000007
IVFNSGAII,ZDT4,ZDT,2,10,4005,0.004689591275061126,0.7195004497888813,2.373789000000003
IVFNSGAII,ZDT4,ZDT,2,10,4006,0.00455465228766569,0.7194251418827704,2.3256200000000025
IVFNSGAII,ZDT4,ZDT,2,10,4007,0.004843514874120285,0.7194236935848984,2.3276339999999993
IVFNSGAII,ZDT4,ZDT,2,10,4008,0.00447440006351012,0.7192869250079732,2.1099579999999984
IVFNSGAII,ZDT4,ZDT,2,10,4009,0.004561326190575305,0.7193482465996446,1.9638009999999977
IVFNSGAII,ZDT4,ZDT,2,10,4010,0.004536877286080318,0.7196683702563761,2.1245940000000005
IVFNSGAII,ZDT4,ZDT,2,10,4011,0.004746933789608934,0.7194177451008417,2.081669
IVFNSGAII,ZDT4,ZDT,2,10,4012,0.004394565692758731,0.7193805068513108,2.156244000000001
IVFNSGAII,ZDT4,ZDT,2,10,4013,0.0047573325693829865,0.7194554782342147,2.2632049999999997
IVFNSGAII,ZDT4,ZDT,2,10,4014,0.004389151915134817,0.7197752300835528,1.9883299999999997
IVFNSGAII,ZDT4,ZDT,2,10,4015,0.00458488383659576,0.7196867437378547,1.973231999999999
IVFNSGAII,ZDT4,ZDT,2,10,4016,0.004639905471004448,0.7191675093398232,2.4171089999999995
IVFNSGAII,ZDT4,ZDT,2,10,4017,0.004965194855316906,0.7191737326627374,2.097369999999998
IVFNSGAII,ZDT4,ZDT,2,10,4018,0.004340885348215589,0.7198949189830361,2.182586
IVFNSGAII,ZDT4,ZDT,2,10,4019,0.004515630411619545,0.7198609411249416,2.4543049999999984
IVFNSGAII,ZDT4,ZDT,2,10,4020,0.0044133872775644735,0.7198314892340123,1.9277430000000009
IVFNSGAII,ZDT4,ZDT,2,10,4021,0.004467370227932727,0.7194238044985322,2.208143000000001
IVFNSGAII,ZDT4,ZDT,2,10,4022,0.004369783889352778,0.7200171617656729,1.8401299999999998
IVFNSGAII,ZDT4,ZDT,2,10,4023,0.004536371037308303,0.7197226570512335,1.9135300000000013
IVFNSGAII,ZDT4,ZDT,2,10,4024,0.004834692165306256,0.7191639544762197,1.9938240000000023
IVFNSGAII,ZDT4,ZDT,2,10,4025,0.004635085075683513,0.7196554128437604,2.0865509999999996
IVFNSGAII,ZDT4,ZDT,2,10,4026,0.004635809152275807,0.7191005097299745,1.9023779999999992
IVFNSGAII,ZDT4,ZDT,2,10,4027,0.004627962167282674,0.7197035143954746,2.5993680000000032
IVFNSGAII,ZDT4,ZDT,2,10,4028,0.004706893426459707,0.7195581310183015,2.200878999999998
IVFNSGAII,ZDT4,ZDT,2,10,4029,0.004682067426974875,0.7187952294395965,1.8645779999999983
IVFNSGAII,ZDT4,ZDT,2,10,4030,0.004437993014932368,0.7196803172105345,2.013504000000004
IVFNSGAII,ZDT6,ZDT,2,10,4001,0.004141652308522641,0.3879124145092936,1.6126429999999985
IVFNSGAII,ZDT6,ZDT,2,10,4002,0.003882033172042467,0.38805461141532704,1.5979219999999996
IVFNSGAII,ZDT6,ZDT,2,10,4003,0.004095247529089321,0.3878431923170305,1.607069999999999
IVFNSGAII,ZDT6,ZDT,2,10,4004,0.004374401220145547,0.387664340049589,1.5407369999999991
IVFNSGAII,ZDT6,ZDT,2,10,4005,0.004039485763769958,0.38792055524413016,1.4919229999999999
IVFNSGAII,ZDT6,ZDT,2,10,4006,0.0038916233534681027,0.3880844791136285,1.570138999999998
IVFNSGAII,ZDT6,ZDT,2,10,4007,0.004386103569711329,0.38759862701403724,1.9287119999999998
IVFNSGAII,ZDT6,ZDT,2,10,4008,0.0039031987771584796,0.3881078500959096,1.9112609999999999
IVFNSGAII,ZDT6,ZDT,2,10,4009,0.003924148369517476,0.38803543348188324,1.9395589999999994
IVFNSGAII,ZDT6,ZDT,2,10,4010,0.004031141303809923,0.38799097081400236,1.936143
IVFNSGAII,ZDT6,ZDT,2,10,4011,0.0035555230271713846,0.3883924307172604,2.0825249999999986
IVFNSGAII,ZDT6,ZDT,2,10,4012,0.00400596411969406,0.38794475746104085,2.804044000000001
IVFNSGAII,ZDT6,ZDT,2,10,4013,0.003836329847212656,0.3881784273504585,2.3893399999999976
IVFNSGAII,ZDT6,ZDT,2,10,4014,0.004183278402754856,0.3877951583365787,2.0902279999999984
IVFNSGAII,ZDT6,ZDT,2,10,4015,0.003808316962203561,0.38819346601274374,2.178502999999999
IVFNSGAII,ZDT6,ZDT,2,10,4016,0.004142091813804121,0.38792126510666247,2.1393600000000013
IVFNSGAII,ZDT6,ZDT,2,10,4017,0.0038362931933872886,0.38811426777080604,2.458571000000002
IVFNSGAII,ZDT6,ZDT,2,10,4018,0.003636371956809987,0.38836027097500586,2.337578999999999
IVFNSGAII,ZDT6,ZDT,2,10,4019,0.003952958999483382,0.38807024616853875,1.8461459999999987
IVFNSGAII,ZDT6,ZDT,2,10,4020,0.004064475746616473,0.38794569927091604,1.8770950000000017
IVFNSGAII,ZDT6,ZDT,2,10,4021,0.004258969287607299,0.38787646694504074,1.9000660000000034
IVFNSGAII,ZDT6,ZDT,2,10,4022,0.00362066211733436,0.38838115728362,1.877516999999999
IVFNSGAII,ZDT6,ZDT,2,10,4023,0.003779440992314223,0.3881813693166665,2.8620940000000012
IVFNSGAII,ZDT6,ZDT,2,10,4024,0.0038136262695203497,0.38821115780369814,2.1212710000000006
IVFNSGAII,ZDT6,ZDT,2,10,4025,0.0038104043723378644,0.38818076196836665,1.9827100000000015
IVFNSGAII,ZDT6,ZDT,2,10,4026,0.003965610574320845,0.3880335772116828,1.7672569999999967
IVFNSGAII,ZDT6,ZDT,2,10,4027,0.0037886056915918077,0.3882276165245401,1.7440799999999983
IVFNSGAII,ZDT6,ZDT,2,10,4028,0.003671453730809705,0.3883232983171104,1.8024560000000007
IVFNSGAII,ZDT6,ZDT,2,10,4029,0.0038261072725872423,0.3881666768565954,1.9288549999999982
IVFNSGAII,ZDT6,ZDT,2,10,4030,0.0038063036201614053,0.3881708348165455,1.9846619999999995
IVFNSGAIII,DTLZ1,DTLZ,2,6,5001,0.0017852868963204778,0.5826028682442647,3.9298079999999986
IVFNSGAIII,DTLZ1,DTLZ,2,6,5002,0.0017853103122172846,0.5825994681277886,4.133723999999998
IVFNSGAIII,DTLZ1,DTLZ,2,6,5003,0.0017853201596692088,0.5825982803970146,3.3306640000000023
IVFNSGAIII,DTLZ1,DTLZ,2,6,5004,0.0018559253556358214,0.5817525678506961,3.898245999999999
IVFNSGAIII,DTLZ1,DTLZ,2,6,5005,0.0017852918934128602,0.5826019867692419,3.447297999999998
IVFNSGAIII,DTLZ1,DTLZ,2,6,5006,0.0017852880802930145,0.5826028795875602,3.0771410000000032
IVFNSGAIII,DTLZ1,DTLZ,2,6,5007,0.0017856724259168728,0.5825712625226593,3.829296999999999
IVFNSGAIII,DTLZ1,DTLZ,2,6,5008,0.00178528528709963,0.582602811857651,3.958659000000002
IVFNSGAIII,DTLZ1,DTLZ,2,6,5009,0.0017852849290041289,0.5826028467511741,5.2167789999999945
IVFNSGAIII,DTLZ1,DTLZ,2,6,5010,0.0017905892931154885,0.5824164955686872,4.189066999999994
IVFNSGAIII,DTLZ1,DTLZ,2,6,5011,0.0017856249055990616,0.582574113734182,3.7073799999999992
IVFNSGAIII,DTLZ1,DTLZ,2,6,5012,0.0017853255347066146,0.5825979888517343,4.347362000000004
IVFNSGAIII,DTLZ1,DTLZ,2,6,5013,0.0017854324424223399,0.582588022540267,3.8627339999999966
IVFNSGAIII,DTLZ1,DTLZ,2,6,5014,0.00178532725958449,0.5825976847612082,5.497566999999993
IVFNSGAIII,DTLZ1,DTLZ,2,6,5015,0.0017852839775516173,0.5826028653341278,5.029473000000003
IVFNSGAIII,DTLZ1,DTLZ,2,6,5016,0.0017860103239602295,0.5825652376160833,5.170669999999998
IVFNSGAIII,DTLZ1,DTLZ,2,6,5017,0.0017999165222241313,0.582260261150148,3.8281319999999965
IVFNSGAIII,DTLZ1,DTLZ,2,6,5018,0.0017854392520173235,0.5825872780216307,3.956185999999996
IVFNSGAIII,DTLZ1,DTLZ,2,6,5019,0.0017853038991009723,0.5826006354792826,3.7532299999999963
IVFNSGAIII,DTLZ1,DTLZ,2,6,5020,0.0018111502695128407,0.5821230995384334,4.430170999999994
IVFNSGAIII,DTLZ1,DTLZ,2,6,5021,0.0017853064709512886,0.5826000893779866,3.6894339999999985
IVFNSGAIII,DTLZ1,DTLZ,2,6,5022,0.0017853401851554115,0.5825962142300916,3.319340999999999
IVFNSGAIII,DTLZ1,DTLZ,2,6,5023,0.001785320689026807,0.5825982737719756,4.079700999999997
IVFNSGAIII,DTLZ1,DTLZ,2,6,5024,0.0017857653697126888,0.5825655795882881,4.006608999999995
IVFNSGAIII,DTLZ1,DTLZ,2,6,5025,0.0017853403124829508,0.5825963700256576,3.802753999999998
IVFNSGAIII,DTLZ1,DTLZ,2,6,5026,0.0017867028005343478,0.5825234705596753,3.9508139999999976
IVFNSGAIII,DTLZ1,DTLZ,2,6,5027,0.0017852852971512797,0.5826028040997094,3.7512749999999975
IVFNSGAIII,DTLZ1,DTLZ,2,6,5028,0.0017852901137899657,0.5826028873464304,3.147760999999993
IVFNSGAIII,DTLZ1,DTLZ,2,6,5029,0.0017853748474707665,0.5825930653881115,3.8882980000000003
IVFNSGAIII,DTLZ1,DTLZ,2,6,5030,0.0017852931729762478,0.5826019605539137,3.220451999999999
IVFNSGAIII,DTLZ1,DTLZ,3,7,5001,0.020557654155125275,0.8417194139790157,3.722833999999993
IVFNSGAIII,DTLZ1,DTLZ,3,7,5002,0.02055904556962606,0.8416991608058859,4.465424999999999
IVFNSGAIII,DTLZ1,DTLZ,3,7,5003,0.02055636079833292,0.8417369271778462,3.9380859999999958
IVFNSGAIII,DTLZ1,DTLZ,3,7,5004,0.020557721279286654,0.841718373965116,4.368253999999993
IVFNSGAIII,DTLZ1,DTLZ,3,7,5005,0.02055661046042994,0.841721890768215,5.224324000000001
IVFNSGAIII,DTLZ1,DTLZ,3,7,5006,0.020556501881738735,0.8417362593305857,4.653856999999998
IVFNSGAIII,DTLZ1,DTLZ,3,7,5007,0.020556516623661175,0.8417359774053094,4.241569999999996
IVFNSGAIII,DTLZ1,DTLZ,3,7,5008,0.020577280900003846,0.8414495305056338,3.283395999999996
IVFNSGAIII,DTLZ1,DTLZ,3,7,5009,0.020556729853267938,0.8417330210494866,3.891777999999997
IVFNSGAIII,DTLZ1,DTLZ,3,7,5010,0.020559458140974436,0.8416869194200298,3.0309480000000026
IVFNSGAIII,DTLZ1,DTLZ,3,7,5011,0.020622035559884275,0.8409064231116602,4.671987000000002
IVFNSGAIII,DTLZ1,DTLZ,3,7,5012,0.020556436626351086,0.8417368487774478,2.5514489999999994
IVFNSGAIII,DTLZ1,DTLZ,3,7,5013,0.020575555291630736,0.841471203041228,4.156676000000004
IVFNSGAIII,DTLZ1,DTLZ,3,7,5014,0.020556405468299153,0.8417369276599115,3.6428920000000016
IVFNSGAIII,DTLZ1,DTLZ,3,7,5015,0.020578809716113186,0.8414000247132487,4.466514999999996
IVFNSGAIII,DTLZ1,DTLZ,3,7,5016,0.02055843721991912,0.8416897379336903,3.326623000000003
IVFNSGAIII,DTLZ1,DTLZ,3,7,5017,0.020558882778655353,0.8417007844283645,4.877351
IVFNSGAIII,DTLZ1,DTLZ,3,7,5018,0.020590848155774177,0.8412720670934549,2.606301999999995
IVFNSGAIII,DTLZ1,DTLZ,3,7,5019,0.020561638588344287,0.8416616687999126,3.7952519999999983
IVFNSGAIII,DTLZ1,DTLZ,3,7,5020,0.020566065058856938,0.8415991982413515,3.3474609999999982
IVFNSGAIII,DTLZ1,DTLZ,3,7,5021,0.020556781620056832,0.8417323736262673,3.742633
IVFNSGAIII,DTLZ1,DTLZ,3,7,5022,0.020564933195681444,0.8416149917518945,3.1768999999999967
IVFNSGAIII,DTLZ1,DTLZ,3,7,5023,0.020556986703642286,0.8417282186230373,3.435073000000005
IVFNSGAIII,DTLZ1,DTLZ,3,7,5024,0.020557395758244165,0.8417183455376751,3.9687310000000005
IVFNSGAIII,DTLZ1,DTLZ,3,7,5025,0.02056984318482007,0.8415450709496404,3.5284450000000054
IVFNSGAIII,DTLZ1,DTLZ,3,7,5026,0.020566494338802407,0.8415886614941962,4.856634999999989
IVFNSGAIII,DTLZ1,DTLZ,3,7,5027,0.020567178796145492,0.8415725991440133,3.665204999999997
IVFNSGAIII,DTLZ1,DTLZ,3,7,5028,0.02055988050783189,0.8416865750903741,4.786502999999997
IVFNSGAIII,DTLZ1,DTLZ,3,7,5029,0.0205564504203984,0.8417355448946579,4.578270000000007
IVFNSGAIII,DTLZ1,DTLZ,3,7,5030,0.02058072933572543,0.8413657606006156,4.073823000000003
IVFNSGAIII,DTLZ2,DTLZ,2,11,5001,0.003965878166864607,0.3472151707591406,4.189334999999998
IVFNSGAIII,DTLZ2,DTLZ,2,11,5002,0.003965879578480511,0.347215164912865,3.6880170000000008
IVFNSGAIII,DTLZ2,DTLZ,2,11,5003,0.003965880496729567,0.3472151594727323,4.464974999999998
IVFNSGAIII,DTLZ2,DTLZ,2,11,5004,0.003965876514487945,0.3472151720642388,4.166847999999999
IVFNSGAIII,DTLZ2,DTLZ,2,11,5005,0.003965880395838876,0.34721515238955425,3.913012999999996
IVFNSGAIII,DTLZ2,DTLZ,2,11,5006,0.0039658774336068375,0.34721517436628263,4.908070000000001
IVFNSGAIII,DTLZ2,DTLZ,2,11,5007,0.003965876845241315,0.3472151507183635,4.506026000000002
IVFNSGAIII,DTLZ2,DTLZ,2,11,5008,0.003965873273304889,0.3472151701329125,4.168843
IVFNSGAIII,DTLZ2,DTLZ,2,11,5009,0.003965879887037284,0.34721516404646924,4.776918999999997
IVFNSGAIII,DTLZ2,DTLZ,2,11,5010,0.003965874767205748,0.34721514764218997,3.9578809999999995
IVFNSGAIII,DTLZ2,DTLZ,2,11,5011,0.003965881246662599,0.34721515927310903,4.01085
IVFNSGAIII,DTLZ2,DTLZ,2,11,5012,0.003965880947066755,0.3472151613066052,4.071848999999997
IVFNSGAIII,DTLZ2,DTLZ,2,11,5013,0.0039658780481460106,0.3472151753800942,3.9077370000000022
IVFNSGAIII,DTLZ2,DTLZ,2,11,5014,0.003965884558520244,0.3472151545650376,4.524559000000003
IVFNSGAIII,DTLZ2,DTLZ,2,11,5015,0.003965875302837038,0.3472151604140887,4.667687000000004
IVFNSGAIII,DTLZ2,DTLZ,2,11,5016,0.003965876273681522,0.34721516812154773,5.039258000000008
IVFNSGAIII,DTLZ2,DTLZ,2,11,5017,0.003965875257162584,0.3472151499854261,3.8046710000000012
IVFNSGAIII,DTLZ2,DTLZ,2,11,5018,0.003965879247488803,0.3472151703181033,4.349174999999995
IVFNSGAIII,DTLZ2,DTLZ,2,11,5019,0.003965876957814023,0.34721517004604374,3.837660000000001
IVFNSGAIII,DTLZ2,DTLZ,2,11,5020,0.003965878427648126,0.3472151605067826,4.021334
IVFNSGAIII,DTLZ2,DTLZ,2,11,5021,0.003965880780987733,0.3472151671634879,5.122277999999994
IVFNSGAIII,DTLZ2,DTLZ,2,11,5022,0.00396587439135544,0.34721516757010457,3.935605000000001
IVFNSGAIII,DTLZ2,DTLZ,2,11,5023,0.003965882165002729,0.3472151526152393,4.597399000000003
IVFNSGAIII,DTLZ2,DTLZ,2,11,5024,0.003965874729986095,0.3472151527064187,4.638203000000002
IVFNSGAIII,DTLZ2,DTLZ,2,11,5025,0.003965877665659773,0.34721516913532774,3.607237000000001
IVFNSGAIII,DTLZ2,DTLZ,2,11,5026,0.003965879695283579,0.3472151590450208,3.9550970000000034
IVFNSGAIII,DTLZ2,DTLZ,2,11,5027,0.003965879183121403,0.34721515309381273,3.124670000000001
IVFNSGAIII,DTLZ2,DTLZ,2,11,5028,0.003965882137080842,0.3472151516428431,3.76337
IVFNSGAIII,DTLZ2,DTLZ,2,11,5029,0.0039658749722623265,0.3472151633498114,3.2443590000000033
IVFNSGAIII,DTLZ2,DTLZ,2,11,5030,0.0039658822184702675,0.34721516024023136,3.483787000000001
IVFNSGAIII,DTLZ2,DTLZ,3,12,5001,0.05446397509865762,0.5596174579051205,4.107601999999999
IVFNSGAIII,DTLZ2,DTLZ,3,12,5002,0.0544639547428856,0.559617463212112,3.9942659999999983
IVFNSGAIII,DTLZ2,DTLZ,3,12,5003,0.05446397659132871,0.5596173377222446,4.893606999999998
IVFNSGAIII,DTLZ2,DTLZ,3,12,5004,0.054463959411766724,0.5596175093014573,3.6027610000000037
IVFNSGAIII,DTLZ2,DTLZ,3,12,5005,0.05446398507470118,0.5596174738604285,4.598365
IVFNSGAIII,DTLZ2,DTLZ,3,12,5006,0.054463986245064516,0.5596175262098355,4.275955000000001
IVFNSGAIII,DTLZ2,DTLZ,3,12,5007,0.05446399338258266,0.5596175234223053,4.574145000000008
IVFNSGAIII,DTLZ2,DTLZ,3,12,5008,0.054463981271795636,0.5596174833598568,4.0611399999999955
IVFNSGAIII,DTLZ2,DTLZ,3,12,5009,0.05446392810353695,0.559617613980788,3.8814699999999966
IVFNSGAIII,DTLZ2,DTLZ,3,12,5010,0.054463947021417165,0.5596175548958597,5.459670000000001
IVFNSGAIII,DTLZ2,DTLZ,3,12,5011,0.054463969168614484,0.5596174718475331,4.443308000000005
IVFNSGAIII,DTLZ2,DTLZ,3,12,5012,0.05446395914892281,0.5596174487236975,4.823109999999997
IVFNSGAIII,DTLZ2,DTLZ,3,12,5013,0.05446395532672874,0.55961745942618,3.8664379999999996
IVFNSGAIII,DTLZ2,DTLZ,3,12,5014,0.0544639847046867,0.5596171744146097,5.652922999999998
IVFNSGAIII,DTLZ2,DTLZ,3,12,5015,0.05446393613526149,0.5596175706689313,5.295060000000004
IVFNSGAIII,DTLZ2,DTLZ,3,12,5016,0.054463968496537625,0.5596175168225849,4.210701000000008
IVFNSGAIII,DTLZ2,DTLZ,3,12,5017,0.054463974048180576,0.559617414828116,4.2890960000000025
IVFNSGAIII,DTLZ2,DTLZ,3,12,5018,0.054463968394671644,0.5596174767228739,4.207758999999998
IVFNSGAIII,DTLZ2,DTLZ,3,12,5019,0.05446397264300647,0.5596174367767746,4.472644999999998
IVFNSGAIII,DTLZ2,DTLZ,3,12,5020,0.05446395845915344,0.559617536133033,5.263021999999996
IVFNSGAIII,DTLZ2,DTLZ,3,12,5021,0.0544639741492568,0.5596175166329327,4.759882000000002
IVFNSGAIII,DTLZ2,DTLZ,3,12,5022,0.05446398773173691,0.5596174443763801,5.540418999999998
IVFNSGAIII,DTLZ2,DTLZ,3,12,5023,0.0544639661000195,0.5596175964537924,5.218192999999999
IVFNSGAIII,DTLZ2,DTLZ,3,12,5024,0.05446400388524934,0.5596174101401185,4.899204000000003
IVFNSGAIII,DTLZ2,DTLZ,3,12,5025,0.054463925180094616,0.5596175777915968,4.740399000000007
IVFNSGAIII,DTLZ2,DTLZ,3,12,5026,0.05446398812801467,0.5596173986122412,4.053981999999998
IVFNSGAIII,DTLZ2,DTLZ,3,12,5027,0.054463992461616026,0.5596174142665495,4.468004999999996
IVFNSGAIII,DTLZ2,DTLZ,3,12,5028,0.05446393270612751,0.5596176725296012,4.943080999999999
IVFNSGAIII,DTLZ2,DTLZ,3,12,5029,0.05446397756722391,0.5596173817915725,4.183651
IVFNSGAIII,DTLZ2,DTLZ,3,12,5030,0.05446395892189391,0.5596174791901118,4.277594999999993
IVFNSGAIII,DTLZ3,DTLZ,2,11,5001,0.004029972162263386,0.3465696557949986,3.0622299999999987
IVFNSGAIII,DTLZ3,DTLZ,2,11,5002,0.004421261125375382,0.3459982031077215,3.629847000000003
IVFNSGAIII,DTLZ3,DTLZ,2,11,5003,0.003971961447466518,0.34706212226583183,4.020342
IVFNSGAIII,DTLZ3,DTLZ,2,11,5004,0.003967300849896309,0.3471462087297244,2.930880000000001
IVFNSGAIII,DTLZ3,DTLZ,2,11,5005,0.004596165406690463,0.34468806592646367,3.2834250000000034
IVFNSGAIII,DTLZ3,DTLZ,2,11,5006,0.003996146377569355,0.34689404260333745,3.1709220000000027
IVFNSGAIII,DTLZ3,DTLZ,2,11,5007,0.003989209405228741,0.3468546935281052,4.526942999999993
IVFNSGAIII,DTLZ3,DTLZ,2,11,5008,0.004123782756610128,0.3461240924217804,4.052871000000003
IVFNSGAIII,DTLZ3,DTLZ,2,11,5009,0.004066819157834701,0.34637512787929414,4.74047199999999
IVFNSGAIII,DTLZ3,DTLZ,2,11,5010,0.003972969484733357,0.3470337917818633,3.5119280000000006
IVFNSGAIII,DTLZ3,DTLZ,2,11,5011,0.003972092072211943,0.3470488851684558,4.909301
IVFNSGAIII,DTLZ3,DTLZ,2,11,5012,0.003966914867522071,0.34716296879425773,4.259737999999997
IVFNSGAIII,DTLZ3,DTLZ,2,11,5013,0.00396674662278469,0.3471649269203572,4.01409
IVFNSGAIII,DTLZ3,DTLZ,2,11,5014,0.003969506174211689,0.34709291746764204,4.161442999999997
IVFNSGAIII,DTLZ3,DTLZ,2,11,5015,0.004350975109959047,0.3457581685242277,4.136450000000001
IVFNSGAIII,DTLZ3,DTLZ,2,11,5016,0.004287768528840886,0.3469115748953484,4.607896999999997
IVFNSGAIII,DTLZ3,DTLZ,2,11,5017,0.003967688538115808,0.34713499969762446,3.753221000000001
IVFNSGAIII,DTLZ3,DTLZ,2,11,5018,0.004010656478453513,0.3468210387185987,3.679779000000002
IVFNSGAIII,DTLZ3,DTLZ,2,11,5019,0.003973266344999339,0.3470294642574383,3.684792000000006
IVFNSGAIII,DTLZ3,DTLZ,2,11,5020,0.00479946898315854,0.34420804832675217,3.4819410000000017
IVFNSGAIII,DTLZ3,DTLZ,2,11,5021,0.004203488294608896,0.3458216244657318,4.392496000000004
IVFNSGAIII,DTLZ3,DTLZ,2,11,5022,0.004965661033822072,0.343990501444717,4.212823
IVFNSGAIII,DTLZ3,DTLZ,2,11,5023,0.004625296724727025,0.34461932212900614,4.157633000000004
IVFNSGAIII,DTLZ3,DTLZ,2,11,5024,0.003998158245532172,0.34678073839333357,4.085474
IVFNSGAIII,DTLZ3,DTLZ,2,11,5025,0.003970081204164778,0.3470824561322509,3.786978000000003
IVFNSGAIII,DTLZ3,DTLZ,2,11,5026,0.0039662027944192164,0.3471893059173307,3.4341200000000027
IVFNSGAIII,DTLZ3,DTLZ,2,11,5027,0.003977025597194525,0.34697989831046466,3.853137
IVFNSGAIII,DTLZ3,DTLZ,2,11,5028,0.003970521750071574,0.34707362197088365,3.2399039999999997
IVFNSGAIII,DTLZ3,DTLZ,2,11,5029,0.0039659805684363275,0.34720387749273357,4.499224
IVFNSGAIII,DTLZ3,DTLZ,2,11,5030,0.004084865684349454,0.3468067578799807,3.9339189999999995
IVFNSGAIII,DTLZ3,DTLZ,3,12,5001,0.05471667085602235,0.5549485238398424,4.2009970000000045
IVFNSGAIII,DTLZ3,DTLZ,3,12,5002,0.05499219430415593,0.5522620581656534,3.795404999999991
IVFNSGAIII,DTLZ3,DTLZ,3,12,5003,0.05450678323795105,0.5582549888747532,3.9291010000000024
IVFNSGAIII,DTLZ3,DTLZ,3,12,5004,0.054513032180486046,0.5580956528648786,3.847727000000004
IVFNSGAIII,DTLZ3,DTLZ,3,12,5005,0.05447852982581781,0.5590374537028285,4.680526000000005
IVFNSGAIII,DTLZ3,DTLZ,3,12,5006,0.05446630775111775,0.5595142229808858,3.3496309999999947
IVFNSGAIII,DTLZ3,DTLZ,3,12,5007,0.054465661917592244,0.5595464697845227,3.2340889999999987
IVFNSGAIII,DTLZ3,DTLZ,3,12,5008,0.054487220851055805,0.5587621521700628,4.29993
IVFNSGAIII,DTLZ3,DTLZ,3,12,5009,0.05448260991033312,0.5589060485803635,4.088465000000003
IVFNSGAIII,DTLZ3,DTLZ,3,12,5010,0.054475464717825925,0.5591425564484385,3.2723780000000064
IVFNSGAIII,DTLZ3,DTLZ,3,12,5011,0.054597949891258775,0.5565647269459706,4.267924000000007
IVFNSGAIII,DTLZ3,DTLZ,3,12,5012,0.054545663755645866,0.5574095793549848,4.227434
IVFNSGAIII,DTLZ3,DTLZ,3,12,5013,0.05451626652075036,0.5581091636371989,4.325388000000002
IVFNSGAIII,DTLZ3,DTLZ,3,12,5014,0.054571508870487666,0.5569535263740442,3.3588080000000025
IVFNSGAIII,DTLZ3,DTLZ,3,12,5015,0.05446993651289902,0.5593566942716426,4.772119999999995
IVFNSGAIII,DTLZ3,DTLZ,3,12,5016,0.05513892661139572,0.5511134009894973,3.5629870000000006
IVFNSGAIII,DTLZ3,DTLZ,3,12,5017,0.05449365429792436,0.5585794071298404,3.5927129999999976
IVFNSGAIII,DTLZ3,DTLZ,3,12,5018,0.054776376936925615,0.5547718431212539,3.0116350000000054
IVFNSGAIII,DTLZ3,DTLZ,3,12,5019,0.054468511415323446,0.5594236242870354,4.05093
IVFNSGAIII,DTLZ3,DTLZ,3,12,5020,0.05448380208136009,0.5588661076730925,3.2409109999999983
IVFNSGAIII,DTLZ3,DTLZ,3,12,5021,0.05446494649121459,0.5595693104438849,3.0271620000000015
IVFNSGAIII,DTLZ3,DTLZ,3,12,5022,0.054528846550379956,0.5577419499628824,3.6206209999999994
IVFNSGAIII,DTLZ3,DTLZ,3,12,5023,0.05452775589044988,0.5577827025937122,3.933174000000001
IVFNSGAIII,DTLZ3,DTLZ,3,12,5024,0.05447368371176407,0.559209972415375,3.7755550000000015
IVFNSGAIII,DTLZ3,DTLZ,3,12,5025,0.054496850668973695,0.5584904759212286,3.4583429999999966
IVFNSGAIII,DTLZ3,DTLZ,3,12,5026,0.05449062791253045,0.5586634782006761,4.709532999999997
IVFNSGAIII,DTLZ3,DTLZ,3,12,5027,0.05457742160033441,0.5569614780284062,4.063953000000008
IVFNSGAIII,DTLZ3,DTLZ,3,12,5028,0.054713042210204454,0.5549950347720369,3.7481109999999993
IVFNSGAIII,DTLZ3,DTLZ,3,12,5029,0.05449268452433262,0.5586081982851012,4.244101000000006
IVFNSGAIII,DTLZ3,DTLZ,3,12,5030,0.054485693161882315,0.5588073468498093,4.492734000000005
IVFNSGAIII,DTLZ4,DTLZ,2,11,5001,0.003965875090891451,0.34721512439230223,3.754149999999995
IVFNSGAIII,DTLZ4,DTLZ,2,11,5002,0.003965876667926455,0.3472151441424114,4.510135999999998
IVFNSGAIII,DTLZ4,DTLZ,2,11,5003,0.003965876075577275,0.3472151677178943,5.270308000000006
IVFNSGAIII,DTLZ4,DTLZ,2,11,5004,0.7420913389734417,0.09090908988273005,14.342181999999992
IVFNSGAIII,DTLZ4,DTLZ,2,11,5005,0.003965881999732856,0.3472151690580345,5.598814999999997
IVFNSGAIII,DTLZ4,DTLZ,2,11,5006,0.7420913394186608,0.09090908879190562,7.214499999999996
IVFNSGAIII,DTLZ4,DTLZ,2,11,5007,0.003965874998108641,0.3472151064406814,3.9373359999999935
IVFNSGAIII,DTLZ4,DTLZ,2,11,5008,0.003965873730153061,0.3472151612105172,4.254238000000003
IVFNSGAIII,DTLZ4,DTLZ,2,11,5009,0.003965874344016954,0.34721516285027254,4.400227
IVFNSGAIII,DTLZ4,DTLZ,2,11,5010,0.003966028780400977,0.3472112646433668,3.9464689999999973
IVFNSGAIII,DTLZ4,DTLZ,2,11,5011,0.7420913389179954,0.09090909001857583,13.277776999999988
IVFNSGAIII,DTLZ4,DTLZ,2,11,5012,0.003965876972269607,0.3472151590863259,4.834679999999991
IVFNSGAIII,DTLZ4,DTLZ,2,11,5013,0.0039658791551814105,0.3472151474771983,4.124986999999999
IVFNSGAIII,DTLZ4,DTLZ,2,11,5014,0.003965883365744718,0.34721512761724643,4.668107999999992
IVFNSGAIII,DTLZ4,DTLZ,2,11,5015,0.003965878379998364,0.34721517435626553,3.9137530000000003
IVFNSGAIII,DTLZ4,DTLZ,2,11,5016,0.003965882200086994,0.34721512222609274,4.027239999999998
IVFNSGAIII,DTLZ4,DTLZ,2,11,5017,0.003973170910191644,0.3471874506692396,4.816829999999997
IVFNSGAIII,DTLZ4,DTLZ,2,11,5018,0.00396613701272335,0.3472148613245598,4.731751
IVFNSGAIII,DTLZ4,DTLZ,2,11,5019,0.0039658776353576515,0.3472151576472979,4.045356
IVFNSGAIII,DTLZ4,DTLZ,2,11,5020,0.003965871234423759,0.3472151159036775,4.737482999999997
IVFNSGAIII,DTLZ4,DTLZ,2,11,5021,0.003965876227178456,0.3472151595714058,4.076461999999997
IVFNSGAIII,DTLZ4,DTLZ,2,11,5022,0.003965874864724978,0.3472151280913438,4.222851999999999
IVFNSGAIII,DTLZ4,DTLZ,2,11,5023,0.003965869747212982,0.3472150602152538,3.315489000000002
IVFNSGAIII,DTLZ4,DTLZ,2,11,5024,0.003965876822913785,0.34721512899927354,4.696429999999995
IVFNSGAIII,DTLZ4,DTLZ,2,11,5025,0.004054106836698127,0.34700308988914486,3.3437089999999983
IVFNSGAIII,DTLZ4,DTLZ,2,11,5026,0.003965879434234038,0.3472151704629223,3.165224000000004
IVFNSGAIII,DTLZ4,DTLZ,2,11,5027,0.003965879873689515,0.3472151648047075,3.9087940000000057
IVFNSGAIII,DTLZ4,DTLZ,2,11,5028,0.003965876776612092,0.3472151689938148,3.9778749999999983
IVFNSGAIII,DTLZ4,DTLZ,2,11,5029,0.003965873687737107,0.3472151174290111,3.847046
IVFNSGAIII,DTLZ4,DTLZ,2,11,5030,0.00396587962741481,0.347215160821698,3.649373000000007
IVFNSGAIII,DTLZ4,DTLZ,3,12,5001,0.054463888257568656,0.5596139690668755,4.599163000000001
IVFNSGAIII,DTLZ4,DTLZ,3,12,5002,0.05451080773459874,0.5593186495211455,5.967156999999999
IVFNSGAIII,DTLZ4,DTLZ,3,12,5003,0.05446460100870143,0.5596130613259509,4.718184999999995
IVFNSGAIII,DTLZ4,DTLZ,3,12,5004,0.5418323864923928,0.3367804089510482,6.035105999999999
IVFNSGAIII,DTLZ4,DTLZ,3,12,5005,0.05446381021007084,0.5596178938775795,3.7332809999999976
IVFNSGAIII,DTLZ4,DTLZ,3,12,5006,0.054465038708821384,0.5595561061723178,4.183803999999997
IVFNSGAIII,DTLZ4,DTLZ,3,12,5007,0.0544662651217214,0.5595668992812304,3.1512410000000006
IVFNSGAIII,DTLZ4,DTLZ,3,12,5008,0.054465796633437806,0.5595814473098052,5.128774000000001
IVFNSGAIII,DTLZ4,DTLZ,3,12,5009,0.05447276392469693,0.5594240768622409,3.058651
IVFNSGAIII,DTLZ4,DTLZ,3,12,5010,0.05446356341098474,0.5596174937757062,3.8491240000000015
IVFNSGAIII,DTLZ4,DTLZ,3,12,5011,0.05446397026964361,0.5596164605453239,4.673791000000001
IVFNSGAIII,DTLZ4,DTLZ,3,12,5012,0.05446380279905549,0.5596139599509864,3.592547
IVFNSGAIII,DTLZ4,DTLZ,3,12,5013,0.054463297931527134,0.5596091563397645,2.995513
IVFNSGAIII,DTLZ4,DTLZ,3,12,5014,0.05446817667845751,0.5595677711530656,4.636664999999994
IVFNSGAIII,DTLZ4,DTLZ,3,12,5015,0.054463721095988855,0.5596155397769991,3.0221330000000024
IVFNSGAIII,DTLZ4,DTLZ,3,12,5016,0.05446526607859111,0.5595572293522381,4.645344999999999
IVFNSGAIII,DTLZ4,DTLZ,3,12,5017,0.054470982691502176,0.5593866423715341,2.7173440000000024
IVFNSGAIII,DTLZ4,DTLZ,3,12,5018,0.054464022958486354,0.5596159720440156,4.390575000000002
IVFNSGAIII,DTLZ4,DTLZ,3,12,5019,0.05446409332871747,0.5596081066806812,4.464900000000002
IVFNSGAIII,DTLZ4,DTLZ,3,12,5020,0.054463758267334364,0.5596065411839798,5.014963000000002
IVFNSGAIII,DTLZ4,DTLZ,3,12,5021,0.054463759980436136,0.5596179203444145,4.726156000000002
IVFNSGAIII,DTLZ4,DTLZ,3,12,5022,0.05446328816529866,0.5595924019930352,5.305318
IVFNSGAIII,DTLZ4,DTLZ,3,12,5023,0.5415515372103321,0.3400301611230288,8.671720000000013
IVFNSGAIII,DTLZ4,DTLZ,3,12,5024,0.05446593564568333,0.5595871568808892,4.844387999999999
IVFNSGAIII,DTLZ4,DTLZ,3,12,5025,0.05446677990930777,0.5595382370205807,4.6903179999999995
IVFNSGAIII,DTLZ4,DTLZ,3,12,5026,0.05446385083892495,0.5596163536627708,4.5480609999999935
IVFNSGAIII,DTLZ4,DTLZ,3,12,5027,0.054465813119879664,0.5595235621055131,4.3470900000000015
IVFNSGAIII,DTLZ4,DTLZ,3,12,5028,0.054471698468821,0.5595137131987118,4.0234130000000015
IVFNSGAIII,DTLZ4,DTLZ,3,12,5029,0.05448932846476504,0.5594029907768618,3.6175660000000027
IVFNSGAIII,DTLZ4,DTLZ,3,12,5030,0.05448048136829473,0.5593746244840012,3.324133000000001
IVFNSGAIII,DTLZ5,DTLZ,2,11,5001,0.0039658749001444905,0.34721516513547906,4.680836999999999
IVFNSGAIII,DTLZ5,DTLZ,2,11,5002,0.003965876697565553,0.3472151534641208,3.5244899999999957
IVFNSGAIII,DTLZ5,DTLZ,2,11,5003,0.003965881977689513,0.3472151595230206,3.575984999999994
IVFNSGAIII,DTLZ5,DTLZ,2,11,5004,0.003965881192879201,0.3472151439210043,4.284178000000008
IVFNSGAIII,DTLZ5,DTLZ,2,11,5005,0.003965879059210756,0.3472151604400117,4.357891
IVFNSGAIII,DTLZ5,DTLZ,2,11,5006,0.003965878314696376,0.34721516390764157,3.8351810000000044
IVFNSGAIII,DTLZ5,DTLZ,2,11,5007,0.003965880222007133,0.34721515020442384,4.065272999999997
IVFNSGAIII,DTLZ5,DTLZ,2,11,5008,0.003965874702012058,0.34721516609456016,4.230336999999995
IVFNSGAIII,DTLZ5,DTLZ,2,11,5009,0.003965881177126627,0.34721516746335424,3.996977999999998
IVFNSGAIII,DTLZ5,DTLZ,2,11,5010,0.003965876509009869,0.34721515858517643,4.136964000000001
IVFNSGAIII,DTLZ5,DTLZ,2,11,5011,0.003965871999161128,0.34721516966031707,4.248292999999998
IVFNSGAIII,DTLZ5,DTLZ,2,11,5012,0.003965877722406853,0.34721517082505154,3.8550080000000047
IVFNSGAIII,DTLZ5,DTLZ,2,11,5013,0.003965880695721266,0.3472151631260347,3.6568779999999994
IVFNSGAIII,DTLZ5,DTLZ,2,11,5014,0.003965875505193153,0.34721516379260364,4.863075000000005
IVFNSGAIII,DTLZ5,DTLZ,2,11,5015,0.0039658783560723694,0.34721517250521816,4.678072000000007
IVFNSGAIII,DTLZ5,DTLZ,2,11,5016,0.0039658787186428275,0.34721516222877247,4.343134000000003
IVFNSGAIII,DTLZ5,DTLZ,2,11,5017,0.00396587625485212,0.347215168135468,5.022520999999997
IVFNSGAIII,DTLZ5,DTLZ,2,11,5018,0.003965880499103521,0.34721516066633784,3.749999999999997
IVFNSGAIII,DTLZ5,DTLZ,2,11,5019,0.00396587532122259,0.34721516185463486,5.360997999999996
IVFNSGAIII,DTLZ5,DTLZ,2,11,5020,0.003965883773472821,0.34721516694884835,4.499174000000006
IVFNSGAIII,DTLZ5,DTLZ,2,11,5021,0.003965874430808562,0.3472151473842674,4.372852999999999
IVFNSGAIII,DTLZ5,DTLZ,2,11,5022,0.003965877906486015,0.3472151522883852,4.2578050000000065
IVFNSGAIII,DTLZ5,DTLZ,2,11,5023,0.003965883373470888,0.3472151621621801,3.8339609999999946
IVFNSGAIII,DTLZ5,DTLZ,2,11,5024,0.0039658792851840555,0.34721515504827977,4.111383999999998
IVFNSGAIII,DTLZ5,DTLZ,2,11,5025,0.003965876288850585,0.34721516082187787,4.483169
IVFNSGAIII,DTLZ5,DTLZ,2,11,5026,0.003965877706487804,0.3472151641727402,3.87542
IVFNSGAIII,DTLZ5,DTLZ,2,11,5027,0.003965880479974678,0.347215168779691,3.814213
IVFNSGAIII,DTLZ5,DTLZ,2,11,5028,0.0039658796101977156,0.3472151658255369,3.8741109999999965
IVFNSGAIII,DTLZ5,DTLZ,2,11,5029,0.0039658768280261035,0.3472151630887121,3.8896750000000018
IVFNSGAIII,DTLZ5,DTLZ,2,11,5030,0.003965879716128348,0.3472151589996817,3.4330589999999965
IVFNSGAIII,DTLZ5,DTLZ,3,12,5001,0.015709524673682158,0.19245726764314772,6.251752000000004
IVFNSGAIII,DTLZ5,DTLZ,3,12,5002,0.014813372477792823,0.19271321400753025,5.812947000000003
IVFNSGAIII,DTLZ5,DTLZ,3,12,5003,0.01731785163359173,0.19080603214695682,6.211512000000006
IVFNSGAIII,DTLZ5,DTLZ,3,12,5004,0.010477993947175681,0.19509843715231567,6.078846000000003
IVFNSGAIII,DTLZ5,DTLZ,3,12,5005,0.010947178294266797,0.19444154271180042,6.3405900000000015
IVFNSGAIII,DTLZ5,DTLZ,3,12,5006,0.011722842587696878,0.1942451264055676,6.351614000000001
IVFNSGAIII,DTLZ5,DTLZ,3,12,5007,0.011847532238196717,0.19377226717571436,5.286892999999996
IVFNSGAIII,DTLZ5,DTLZ,3,12,5008,0.0161514951833896,0.1928787325459621,6.967493999999993
IVFNSGAIII,DTLZ5,DTLZ,3,12,5009,0.01443252460294491,0.19214303127204072,6.468830999999998
IVFNSGAIII,DTLZ5,DTLZ,3,12,5010,0.012352661008445886,0.19351505317399081,5.316844000000003
IVFNSGAIII,DTLZ5,DTLZ,3,12,5011,0.014052186918424815,0.193563071991943,5.710320000000006
IVFNSGAIII,DTLZ5,DTLZ,3,12,5012,0.015566510542449901,0.1907076924377909,6.163610999999996
IVFNSGAIII,DTLZ5,DTLZ,3,12,5013,0.01746754239667425,0.1901421412960612,5.307073000000005
IVFNSGAIII,DTLZ5,DTLZ,3,12,5014,0.013816189866237281,0.19296853053742807,6.050733999999998
IVFNSGAIII,DTLZ5,DTLZ,3,12,5015,0.011625350238993755,0.1950703597050293,6.746609999999988
IVFNSGAIII,DTLZ5,DTLZ,3,12,5016,0.012352298041648078,0.1942906097748723,5.904503999999995
IVFNSGAIII,DTLZ5,DTLZ,3,12,5017,0.009673306004356485,0.19568819164587156,6.304398999999995
IVFNSGAIII,DTLZ5,DTLZ,3,12,5018,0.014463265515398262,0.19166789764252826,6.886947999999989
IVFNSGAIII,DTLZ5,DTLZ,3,12,5019,0.013898315622224539,0.1943010110048791,5.469108999999994
IVFNSGAIII,DTLZ5,DTLZ,3,12,5020,0.011507270501810558,0.1945155586931621,5.592769999999998
IVFNSGAIII,DTLZ5,DTLZ,3,12,5021,0.01116935993852104,0.19484339005792556,5.395830999999999
IVFNSGAIII,DTLZ5,DTLZ,3,12,5022,0.014237297005267064,0.1944755058889684,5.430485999999998
IVFNSGAIII,DTLZ5,DTLZ,3,12,5023,0.011280654011107064,0.1948670289174604,5.125170000000003
IVFNSGAIII,DTLZ5,DTLZ,3,12,5024,0.014873935496173184,0.19171654483087322,5.238108999999995
IVFNSGAIII,DTLZ5,DTLZ,3,12,5025,0.011197746732562642,0.19457818154357864,5.723110999999991
IVFNSGAIII,DTLZ5,DTLZ,3,12,5026,0.010523382995562219,0.19461697427721902,5.750470000000009
IVFNSGAIII,DTLZ5,DTLZ,3,12,5027,0.012038301694458945,0.19368931965492825,5.230905999999997
IVFNSGAIII,DTLZ5,DTLZ,3,12,5028,0.01336255384818662,0.19409936461546376,5.436626000000004
IVFNSGAIII,DTLZ5,DTLZ,3,12,5029,0.015074516008760457,0.19376785796774243,4.637812
IVFNSGAIII,DTLZ5,DTLZ,3,12,5030,0.011666990083582277,0.19538838144308254,5.4975610000000055
IVFNSGAIII,DTLZ6,DTLZ,2,11,5001,0.003965870690974197,0.3472151667401291,4.235993000000004
IVFNSGAIII,DTLZ6,DTLZ,2,11,5002,0.003965868251400984,0.34721508632104203,3.8881300000000008
IVFNSGAIII,DTLZ6,DTLZ,2,11,5003,0.003965877729532358,0.3472151619374827,4.137989000000002
IVFNSGAIII,DTLZ6,DTLZ,2,11,5004,0.003965875003252959,0.34721516679942116,3.595011999999995
IVFNSGAIII,DTLZ6,DTLZ,2,11,5005,0.003965873880630952,0.3472151642551326,4.065331000000004
IVFNSGAIII,DTLZ6,DTLZ,2,11,5006,0.003965876376986133,0.3472151646956453,3.770655
IVFNSGAIII,DTLZ6,DTLZ,2,11,5007,0.003965873235577121,0.3472151705912983,4.5142269999999955
IVFNSGAIII,DTLZ6,DTLZ,2,11,5008,0.003965874731405085,0.3472151705153925,4.622015999999994
IVFNSGAIII,DTLZ6,DTLZ,2,11,5009,0.003965871703976881,0.3472151678809107,5.0587769999999965
IVFNSGAIII,DTLZ6,DTLZ,2,11,5010,0.003965873936940076,0.3472151593811467,5.090374999999993
IVFNSGAIII,DTLZ6,DTLZ,2,11,5011,0.00396587286238412,0.34721509870366035,4.081205999999998
IVFNSGAIII,DTLZ6,DTLZ,2,11,5012,0.003965873857645557,0.3472151645878193,4.793461000000006
IVFNSGAIII,DTLZ6,DTLZ,2,11,5013,0.003965872221051172,0.3472151377139596,5.4860440000000015
IVFNSGAIII,DTLZ6,DTLZ,2,11,5014,0.003965875635081739,0.34721516657188417,4.524750999999999
IVFNSGAIII,DTLZ6,DTLZ,2,11,5015,0.00396587378173706,0.3472151646746594,3.811462000000002
IVFNSGAIII,DTLZ6,DTLZ,2,11,5016,0.003965877108675415,0.3472151628677968,4.032327999999998
IVFNSGAIII,DTLZ6,DTLZ,2,11,5017,0.003965873369674032,0.3472151685721261,4.162324999999994
IVFNSGAIII,DTLZ6,DTLZ,2,11,5018,0.003965874931091311,0.34721517510440014,4.771441999999994
IVFNSGAIII,DTLZ6,DTLZ,2,11,5019,0.003965877955342299,0.3472151594297279,4.689977999999989
IVFNSGAIII,DTLZ6,DTLZ,2,11,5020,0.003965872719334381,0.347215169935392,3.9040150000000016
IVFNSGAIII,DTLZ6,DTLZ,2,11,5021,0.003965871345849106,0.34721509300161457,4.749615000000001
IVFNSGAIII,DTLZ6,DTLZ,2,11,5022,0.003965879144393044,0.3472151726153396,4.057263000000004
IVFNSGAIII,DTLZ6,DTLZ,2,11,5023,0.003965878915649242,0.34721517561206017,4.732219000000001
IVFNSGAIII,DTLZ6,DTLZ,2,11,5024,0.003965869450619024,0.34721508967047077,4.960732999999988
IVFNSGAIII,DTLZ6,DTLZ,2,11,5025,0.0039658752795325896,0.3472151684946427,4.001569999999997
IVFNSGAIII,DTLZ6,DTLZ,2,11,5026,0.003965875117847121,0.34721516848420836,4.206301999999997
IVFNSGAIII,DTLZ6,DTLZ,2,11,5027,0.003965876389207424,0.34721516277648395,3.8558259999999978
IVFNSGAIII,DTLZ6,DTLZ,2,11,5028,0.00396587915735749,0.3472151701413145,3.917104999999998
IVFNSGAIII,DTLZ6,DTLZ,2,11,5029,0.003965864963212278,0.34721507802468177,3.8812439999999935
IVFNSGAIII,DTLZ6,DTLZ,2,11,5030,0.003965873812815471,0.3472151638197412,4.618712999999994
IVFNSGAIII,DTLZ6,DTLZ,3,12,5001,0.017681234466555774,0.19282681505310892,5.242860000000001
IVFNSGAIII,DTLZ6,DTLZ,3,12,5002,0.019110174077573906,0.190472488461157,5.48125100000001
IVFNSGAIII,DTLZ6,DTLZ,3,12,5003,0.022160039085343836,0.18963926869951292,5.6235709999999965
IVFNSGAIII,DTLZ6,DTLZ,3,12,5004,0.020749507505159318,0.19128661892202853,5.333149000000001
IVFNSGAIII,DTLZ6,DTLZ,3,12,5005,0.022136490393772818,0.189866756390602,5.677363999999994
IVFNSGAIII,DTLZ6,DTLZ,3,12,5006,0.022415880740836724,0.1891730912400232,5.524703999999998
IVFNSGAIII,DTLZ6,DTLZ,3,12,5007,0.017978063701756294,0.19120318394994038,6.080059000000002
IVFNSGAIII,DTLZ6,DTLZ,3,12,5008,0.018921124407568175,0.19063823681612793,6.413296999999987
IVFNSGAIII,DTLZ6,DTLZ,3,12,5009,0.017662457346539477,0.19116140047528188,6.915997000000006
IVFNSGAIII,DTLZ6,DTLZ,3,12,5010,0.019277154998724216,0.19169085971657374,6.882704000000003
IVFNSGAIII,DTLZ6,DTLZ,3,12,5011,0.02068540962026948,0.19027211935797753,5.944085000000002
IVFNSGAIII,DTLZ6,DTLZ,3,12,5012,0.023430546266341345,0.18935379519508908,6.2774290000000095
IVFNSGAIII,DTLZ6,DTLZ,3,12,5013,0.011852056212489576,0.19499062889484148,6.560276
IVFNSGAIII,DTLZ6,DTLZ,3,12,5014,0.015306600357788714,0.19249661459014095,7.5078900000000095
IVFNSGAIII,DTLZ6,DTLZ,3,12,5015,0.017710132516923407,0.1922804585232224,7.671896000000004
IVFNSGAIII,DTLZ6,DTLZ,3,12,5016,0.02206079568102119,0.18847201562807275,6.6080840000000025
IVFNSGAIII,DTLZ6,DTLZ,3,12,5017,0.01989109108067465,0.18961162703992834,6.542567999999998
IVFNSGAIII,DTLZ6,DTLZ,3,12,5018,0.017449176548659483,0.19275725109115505,6.135513999999996
IVFNSGAIII,DTLZ6,DTLZ,3,12,5019,0.015447055097040209,0.1937732270415864,6.532776000000005
IVFNSGAIII,DTLZ6,DTLZ,3,12,5020,0.02289189549173126,0.19039503215019557,7.093216999999996
IVFNSGAIII,DTLZ6,DTLZ,3,12,5021,0.020851646398529943,0.1910401323069348,6.366239
IVFNSGAIII,DTLZ6,DTLZ,3,12,5022,0.017209422578614235,0.19291610992719832,5.991380000000005
IVFNSGAIII,DTLZ6,DTLZ,3,12,5023,0.014270321240029256,0.19229155186243513,6.457715999999997
IVFNSGAIII,DTLZ6,DTLZ,3,12,5024,0.021949821248765152,0.18951010398147636,6.671270000000001
IVFNSGAIII,DTLZ6,DTLZ,3,12,5025,0.017926428178178844,0.19264091526069976,5.701691000000001
IVFNSGAIII,DTLZ6,DTLZ,3,12,5026,0.015868131002230338,0.19264837584390368,6.519645
IVFNSGAIII,DTLZ6,DTLZ,3,12,5027,0.01833031454334265,0.1911816985522803,6.948559999999996
IVFNSGAIII,DTLZ6,DTLZ,3,12,5028,0.017919633826515433,0.1914955092976967,6.7549059999999965
IVFNSGAIII,DTLZ6,DTLZ,3,12,5029,0.021694701322157204,0.1896266405775674,6.027222999999999
IVFNSGAIII,DTLZ6,DTLZ,3,12,5030,0.021079709827169647,0.19023952630319316,5.697445999999992
IVFNSGAIII,DTLZ7,DTLZ,2,21,5001,0.005046788209980894,0.24281802412979667,4.319236000000003
IVFNSGAIII,DTLZ7,DTLZ,2,21,5002,0.005018023776112503,0.2428272395693876,3.717132000000001
IVFNSGAIII,DTLZ7,DTLZ,2,21,5003,0.005082023833511107,0.2428069598418542,4.011397999999998
IVFNSGAIII,DTLZ7,DTLZ,2,21,5004,0.004969934905365311,0.24283876309646124,5.186744999999985
IVFNSGAIII,DTLZ7,DTLZ,2,21,5005,0.005051523991530456,0.2428190528681753,4.956946
IVFNSGAIII,DTLZ7,DTLZ,2,21,5006,0.0051003396552901014,0.24280339283989297,4.281026
IVFNSGAIII,DTLZ7,DTLZ,2,21,5007,0.005132495126181751,0.24280047483700257,3.819585999999999
IVFNSGAIII,DTLZ7,DTLZ,2,21,5008,0.005098454497545342,0.24281069752953166,4.570248
IVFNSGAIII,DTLZ7,DTLZ,2,21,5009,0.005151893576253659,0.24279604694655038,5.479347999999998
IVFNSGAIII,DTLZ7,DTLZ,2,21,5010,0.005033321744173484,0.24282022211157317,4.222712999999998
IVFNSGAIII,DTLZ7,DTLZ,2,21,5011,0.0051441403282881555,0.2427986251922848,4.296808999999998
IVFNSGAIII,DTLZ7,DTLZ,2,21,5012,0.0050687072126662045,0.24281544325680585,4.141689000000001
IVFNSGAIII,DTLZ7,DTLZ,2,21,5013,0.0050304933939703525,0.24282288096850665,4.2347389999999985
IVFNSGAIII,DTLZ7,DTLZ,2,21,5014,0.0051304163900524205,0.2428015194039576,4.9176900000000074
IVFNSGAIII,DTLZ7,DTLZ,2,21,5015,0.005077114553603496,0.2428109305871225,5.5320909999999985
IVFNSGAIII,DTLZ7,DTLZ,2,21,5016,0.005173731732443321,0.2427923588353608,4.756363999999995
IVFNSGAIII,DTLZ7,DTLZ,2,21,5017,0.0050173947142368,0.24282565259193684,4.3461269999999965
IVFNSGAIII,DTLZ7,DTLZ,2,21,5018,0.005188134743549144,0.24278797096254023,3.921243000000004
IVFNSGAIII,DTLZ7,DTLZ,2,21,5019,0.00507318641370706,0.24280640020881655,4.231954000000007
IVFNSGAIII,DTLZ7,DTLZ,2,21,5020,0.005130079878368506,0.24280135579701062,5.1982990000000004
IVFNSGAIII,DTLZ7,DTLZ,2,21,5021,0.005086423229446268,0.24280917708509334,3.8575419999999983
IVFNSGAIII,DTLZ7,DTLZ,2,21,5022,0.004979363832540777,0.24282892198414718,3.9448980000000016
IVFNSGAIII,DTLZ7,DTLZ,2,21,5023,0.0050978132277090015,0.2428085700473219,4.514020999999992
IVFNSGAIII,DTLZ7,DTLZ,2,21,5024,0.005002411711390329,0.2428268344095374,4.438609999999996
IVFNSGAIII,DTLZ7,DTLZ,2,21,5025,0.00501905477889478,0.2428147867030124,4.622106000000007
IVFNSGAIII,DTLZ7,DTLZ,2,21,5026,0.0050742999335151645,0.24281282950554273,6.031636
IVFNSGAIII,DTLZ7,DTLZ,2,21,5027,0.004953204712294992,0.24283433722704956,6.327858
IVFNSGAIII,DTLZ7,DTLZ,2,21,5028,0.004971768724531357,0.24283506446268796,7.030926000000002
IVFNSGAIII,DTLZ7,DTLZ,2,21,5029,0.004951582095325814,0.24284087097472362,7.310257
IVFNSGAIII,DTLZ7,DTLZ,2,21,5030,0.0050883545710900535,0.24281086112138472,6.241485
IVFNSGAIII,DTLZ7,DTLZ,3,22,5001,0.07808501427747883,0.2683933876143068,4.901040999999996
IVFNSGAIII,DTLZ7,DTLZ,3,22,5002,0.07432930528579756,0.26715647689747446,5.460366000000007
IVFNSGAIII,DTLZ7,DTLZ,3,22,5003,0.07546122854615764,0.2715385220353257,4.973772999999996
IVFNSGAIII,DTLZ7,DTLZ,3,22,5004,0.07550604895405082,0.2682833532095433,4.446648999999998
IVFNSGAIII,DTLZ7,DTLZ,3,22,5005,0.07421320051835593,0.26878309675372936,5.429588000000001
IVFNSGAIII,DTLZ7,DTLZ,3,22,5006,0.075386758255246,0.2703366361060273,4.111167999999995
IVFNSGAIII,DTLZ7,DTLZ,3,22,5007,0.07423803828112428,0.26762374506504466,5.917188000000004
IVFNSGAIII,DTLZ7,DTLZ,3,22,5008,0.07680928173883397,0.26852551927936297,4.723673999999998
IVFNSGAIII,DTLZ7,DTLZ,3,22,5009,0.07245832546423325,0.27062481749197204,5.826938999999994
IVFNSGAIII,DTLZ7,DTLZ,3,22,5010,0.07592616934402208,0.2671065205903568,4.584386999999996
IVFNSGAIII,DTLZ7,DTLZ,3,22,5011,0.07281723432141514,0.26877182188365095,4.128650000000003
IVFNSGAIII,DTLZ7,DTLZ,3,22,5012,0.07867671707414607,0.2675663194302329,4.755556000000003
IVFNSGAIII,DTLZ7,DTLZ,3,22,5013,0.08086947802399809,0.2659542799445737,4.760381000000002
IVFNSGAIII,DTLZ7,DTLZ,3,22,5014,0.0778982037290919,0.26706566175515883,5.211145999999996
IVFNSGAIII,DTLZ7,DTLZ,3,22,5015,0.07338498397786204,0.26871930615993384,5.464658000000001
IVFNSGAIII,DTLZ7,DTLZ,3,22,5016,0.07322287124684258,0.26990833996006103,4.610936999999994
IVFNSGAIII,DTLZ7,DTLZ,3,22,5017,0.07542836334371654,0.2688474808047106,5.338670000000002
IVFNSGAIII,DTLZ7,DTLZ,3,22,5018,0.07348895719865708,0.2685370633054323,4.706968000000002
IVFNSGAIII,DTLZ7,DTLZ,3,22,5019,0.08207264451673575,0.2661665745712816,4.0170960000000075
IVFNSGAIII,DTLZ7,DTLZ,3,22,5020,0.07601402029474423,0.26992113851590477,4.428683000000004
IVFNSGAIII,DTLZ7,DTLZ,3,22,5021,0.07468880168045638,0.26933482691863286,4.5758899999999985
IVFNSGAIII,DTLZ7,DTLZ,3,22,5022,0.07345915101755507,0.2682926877781807,5.310309999999996
IVFNSGAIII,DTLZ7,DTLZ,3,22,5023,0.07658427543375673,0.26934632800357056,5.028472000000001
IVFNSGAIII,DTLZ7,DTLZ,3,22,5024,0.07655631191917996,0.27009019133850753,6.132259999999987
IVFNSGAIII,DTLZ7,DTLZ,3,22,5025,0.0833097640024723,0.2697337414510385,5.135698999999993
IVFNSGAIII,DTLZ7,DTLZ,3,22,5026,0.07760886517003235,0.2680089359115523,5.463994000000002
IVFNSGAIII,DTLZ7,DTLZ,3,22,5027,0.07968988757466587,0.2708147293108113,4.611857999999997
IVFNSGAIII,DTLZ7,DTLZ,3,22,5028,0.07457701204446976,0.2682082023358794,4.178144
IVFNSGAIII,DTLZ7,DTLZ,3,22,5029,0.0783663088993637,0.26687475900859337,4.309667999999998
IVFNSGAIII,DTLZ7,DTLZ,3,22,5030,0.08183448639045268,0.2622855829065081,3.9685429999999964
IVFNSGAIII,MaF1,MaF,2,11,5001,0.00357057735921528,0.5826020505268926,3.663915000000004
IVFNSGAIII,MaF1,MaF,2,11,5002,0.0035705735072480314,0.5826020526950424,4.238246000000004
IVFNSGAIII,MaF1,MaF,2,11,5003,0.00357057168090106,0.5826020525653981,3.4606179999999958
IVFNSGAIII,MaF1,MaF,2,11,5004,0.003570575017359615,0.5826020478619578,4.549555000000002
IVFNSGAIII,MaF1,MaF,2,11,5005,0.003570576368187968,0.5826020523785991,4.339113000000003
IVFNSGAIII,MaF1,MaF,2,11,5006,0.0035705739842314494,0.5826020523614219,4.601822999999998
IVFNSGAIII,MaF1,MaF,2,11,5007,0.003570572315705118,0.5826020511498902,3.3670060000000004
IVFNSGAIII,MaF1,MaF,2,11,5008,0.0035705724075608147,0.5826020493730157,3.8164289999999976
IVFNSGAIII,MaF1,MaF,2,11,5009,0.0035705762010221475,0.5826020514372359,4.570341
IVFNSGAIII,MaF1,MaF,2,11,5010,0.003570571059100138,0.5826020369841267,4.809462999999991
IVFNSGAIII,MaF1,MaF,2,11,5011,0.0035705722970390654,0.5826020528124785,3.323769999999998
IVFNSGAIII,MaF1,MaF,2,11,5012,0.0035705769751600007,0.5826020521178267,4.260837000000003
IVFNSGAIII,MaF1,MaF,2,11,5013,0.0035705671492975073,0.5826020516785977,4.645702999999995
IVFNSGAIII,MaF1,MaF,2,11,5014,0.003570573761759465,0.5826020520863955,4.073704000000005
IVFNSGAIII,MaF1,MaF,2,11,5015,0.003570576243719369,0.5826020527832276,4.6130570000000075
IVFNSGAIII,MaF1,MaF,2,11,5016,0.0035705729302664556,0.5826020406769421,4.638501999999996
IVFNSGAIII,MaF1,MaF,2,11,5017,0.0035705689440541774,0.5826020465240134,3.892618999999998
IVFNSGAIII,MaF1,MaF,2,11,5018,0.003570574757831906,0.5826020514254011,3.799422000000002
IVFNSGAIII,MaF1,MaF,2,11,5019,0.003570576653324885,0.5826020332318221,3.8204459999999982
IVFNSGAIII,MaF1,MaF,2,11,5020,0.003570570247038127,0.5826020447493311,3.4627279999999923
IVFNSGAIII,MaF1,MaF,2,11,5021,0.003570574230698091,0.5826020526856359,4.477603
IVFNSGAIII,MaF1,MaF,2,11,5022,0.0035705719485829546,0.5826020467369393,3.9998870000000006
IVFNSGAIII,MaF1,MaF,2,11,5023,0.0035705729052035186,0.5826020487723262,3.9327089999999973
IVFNSGAIII,MaF1,MaF,2,11,5024,0.003570573991145826,0.5826020503659852,4.548884999999992
IVFNSGAIII,MaF1,MaF,2,11,5025,0.003570573908039092,0.5826020404993419,4.108537999999999
IVFNSGAIII,MaF1,MaF,2,11,5026,0.0035705748828158555,0.5826020494540807,3.672737
IVFNSGAIII,MaF1,MaF,2,11,5027,0.0035705722057090355,0.5826020485680694,3.798757
IVFNSGAIII,MaF1,MaF,2,11,5028,0.003570575970785461,0.5826020482951528,3.4471140000000022
IVFNSGAIII,MaF1,MaF,2,11,5029,0.0035705773849701835,0.5826020517080469,3.318529
IVFNSGAIII,MaF1,MaF,2,11,5030,0.003570575874236403,0.582602049609314,3.392966000000001
IVFNSGAIII,MaF1,MaF,3,12,5001,0.06273964023252075,0.2035629988596368,4.941177999999999
IVFNSGAIII,MaF1,MaF,3,12,5002,0.06058110291281481,0.20613560348151513,5.696566000000005
IVFNSGAIII,MaF1,MaF,3,12,5003,0.0622855459055614,0.2029340286153355,4.226922000000001
IVFNSGAIII,MaF1,MaF,3,12,5004,0.062073435116252226,0.20461511090184156,3.801582000000003
IVFNSGAIII,MaF1,MaF,3,12,5005,0.06015998521761353,0.20595654563916563,4.116116999999997
IVFNSGAIII,MaF1,MaF,3,12,5006,0.05927377860731367,0.2067232306412985,4.8162069999999995
IVFNSGAIII,MaF1,MaF,3,12,5007,0.061071669709107164,0.20548607893227205,3.6776120000000034
IVFNSGAIII,MaF1,MaF,3,12,5008,0.06286838772524185,0.2031436226519899,3.850285999999999
IVFNSGAIII,MaF1,MaF,3,12,5009,0.05990458826909829,0.20595296449663142,4.325733999999998
IVFNSGAIII,MaF1,MaF,3,12,5010,0.0611413777191744,0.20528516435545455,5.548855000000006
IVFNSGAIII,MaF1,MaF,3,12,5011,0.06266337235196628,0.20379937258907255,3.9012589999999965
IVFNSGAIII,MaF1,MaF,3,12,5012,0.060861029893595216,0.2055870662629101,3.8225149999999997
IVFNSGAIII,MaF1,MaF,3,12,5013,0.062058574525474884,0.20337902100347036,4.540752
IVFNSGAIII,MaF1,MaF,3,12,5014,0.060511617390497485,0.20566675621625205,3.8335090000000007
IVFNSGAIII,MaF1,MaF,3,12,5015,0.06143141880764695,0.205383113554118,4.252096999999999
IVFNSGAIII,MaF1,MaF,3,12,5016,0.059581050665061926,0.20628924352245404,4.666883000000002
IVFNSGAIII,MaF1,MaF,3,12,5017,0.06233452646409418,0.2036796818745447,3.425467000000002
IVFNSGAIII,MaF1,MaF,3,12,5018,0.061334887234096455,0.20513412932717784,3.870038000000008
IVFNSGAIII,MaF1,MaF,3,12,5019,0.05707830073150882,0.20798734917024006,5.097095999999991
IVFNSGAIII,MaF1,MaF,3,12,5020,0.05918140889200956,0.20668069507560546,4.201511999999991
IVFNSGAIII,MaF1,MaF,3,12,5021,0.061647662940904104,0.20441207471579365,5.76851799999999
IVFNSGAIII,MaF1,MaF,3,12,5022,0.058646396186176245,0.20681910878919818,4.640308999999996
IVFNSGAIII,MaF1,MaF,3,12,5023,0.059635233495700476,0.20586505619552126,4.156249000000002
IVFNSGAIII,MaF1,MaF,3,12,5024,0.06038120998315031,0.20568516165598308,5.060393000000006
IVFNSGAIII,MaF1,MaF,3,12,5025,0.061633810238909174,0.20423931611236354,4.814718999999998
IVFNSGAIII,MaF1,MaF,3,12,5026,0.06376608670840973,0.20257963206523194,5.463199000000001
IVFNSGAIII,MaF1,MaF,3,12,5027,0.058227004838216405,0.20741478350253487,4.776560999999994
IVFNSGAIII,MaF1,MaF,3,12,5028,0.05965373935014771,0.20589224213277496,4.804534999999998
IVFNSGAIII,MaF1,MaF,3,12,5029,0.0634230029976161,0.20303490909671695,4.214921999999991
IVFNSGAIII,MaF1,MaF,3,12,5030,0.05856779287439405,0.20673461294291887,3.9987330000000014
IVFNSGAIII,MaF2,MaF,2,11,5001,0.0020062332422586004,0.2075653955946701,4.5526610000000005
IVFNSGAIII,MaF2,MaF,2,11,5002,0.0020062385221166937,0.20756535972360535,3.6955239999999985
IVFNSGAIII,MaF2,MaF,2,11,5003,0.0020062407993780428,0.20756527553849605,3.9498609999999976
IVFNSGAIII,MaF2,MaF,2,11,5004,0.002006251991325331,0.2075650451491442,5.38082800000001
IVFNSGAIII,MaF2,MaF,2,11,5005,0.002006235306578253,0.20756506036840777,5.628534999999998
IVFNSGAIII,MaF2,MaF,2,11,5006,0.0020062601099632266,0.20756478293028602,5.082574999999994
IVFNSGAIII,MaF2,MaF,2,11,5007,0.002006240901151139,0.2075653490624635,4.266115999999994
IVFNSGAIII,MaF2,MaF,2,11,5008,0.002006281944654134,0.20756493949393195,4.919752
IVFNSGAIII,MaF2,MaF,2,11,5009,0.002006243692427479,0.20756514296569611,4.614514999999998
IVFNSGAIII,MaF2,MaF,2,11,5010,0.0020065218332161704,0.20756397351377465,4.406033999999999
IVFNSGAIII,MaF2,MaF,2,11,5011,0.0020062317964391015,0.2075656157852073,3.693087999999999
IVFNSGAIII,MaF2,MaF,2,11,5012,0.002018679675313804,0.20751009213594798,3.459613999999996
IVFNSGAIII,MaF2,MaF,2,11,5013,0.002006238814834919,0.2075651276858062,3.6535940000000005
IVFNSGAIII,MaF2,MaF,2,11,5014,0.0020063068332290684,0.2075644729359133,4.141980999999997
IVFNSGAIII,MaF2,MaF,2,11,5015,0.0020062895487960967,0.20756445695625045,4.48365
IVFNSGAIII,MaF2,MaF,2,11,5016,0.0020062849254645727,0.20756453063371638,3.9792149999999986
IVFNSGAIII,MaF2,MaF,2,11,5017,0.002006275707932992,0.20756383284932767,3.441331000000004
IVFNSGAIII,MaF2,MaF,2,11,5018,0.0020062423227943035,0.20756524753397265,4.007363000000001
IVFNSGAIII,MaF2,MaF,2,11,5019,0.002006244757385697,0.20756506614857664,4.870571999999996
IVFNSGAIII,MaF2,MaF,2,11,5020,0.002006327289489748,0.20756437212807477,4.505796999999995
IVFNSGAIII,MaF2,MaF,2,11,5021,0.0020083963333092,0.20754865965066455,4.580723
IVFNSGAIII,MaF2,MaF,2,11,5022,0.0020063205246489244,0.2075644581620465,3.7336609999999975
IVFNSGAIII,MaF2,MaF,2,11,5023,0.0020062336071668945,0.20756548201586703,4.248891999999999
IVFNSGAIII,MaF2,MaF,2,11,5024,0.0020064355085429772,0.20756288417554714,3.577662000000005
IVFNSGAIII,MaF2,MaF,2,11,5025,0.0020062234103204605,0.20756565003982944,5.253085000000005
IVFNSGAIII,MaF2,MaF,2,11,5026,0.0020062611145497096,0.20756503805214715,4.175905000000007
IVFNSGAIII,MaF2,MaF,2,11,5027,0.002006234662902856,0.20756538096077903,3.7700930000000037
IVFNSGAIII,MaF2,MaF,2,11,5028,0.002006261556177555,0.20756495680648865,4.0384660000000006
IVFNSGAIII,MaF2,MaF,2,11,5029,0.002006298650447426,0.2075646257569261,3.724542000000002
IVFNSGAIII,MaF2,MaF,2,11,5030,0.0020062411812818547,0.20756529960204906,3.9492559999999948
IVFNSGAIII,MaF2,MaF,3,12,5001,0.03602054746807034,0.23831578578138543,3.500849999999997
IVFNSGAIII,MaF2,MaF,3,12,5002,0.03501866467254733,0.2387615362734551,3.8026920000000004
IVFNSGAIII,MaF2,MaF,3,12,5003,0.03465754396458892,0.23779164881041442,4.616809999999997
IVFNSGAIII,MaF2,MaF,3,12,5004,0.03509170338950447,0.2381031376082173,3.976544000000002
IVFNSGAIII,MaF2,MaF,3,12,5005,0.03441715217701054,0.2401859024550003,4.822756000000003
IVFNSGAIII,MaF2,MaF,3,12,5006,0.035857461349214664,0.23730897699379497,4.285839999999996
IVFNSGAIII,MaF2,MaF,3,12,5007,0.036070188302431576,0.2396739676865426,4.119500000000001
IVFNSGAIII,MaF2,MaF,3,12,5008,0.03501700277514654,0.23933832465817834,3.852379999999998
IVFNSGAIII,MaF2,MaF,3,12,5009,0.03437906652147383,0.23708401119667638,3.780583999999997
IVFNSGAIII,MaF2,MaF,3,12,5010,0.036158025126361674,0.2372381402275501,3.5876679999999976
IVFNSGAIII,MaF2,MaF,3,12,5011,0.03592851913812537,0.23693689569720977,5.158694999999995
IVFNSGAIII,MaF2,MaF,3,12,5012,0.0365156259961919,0.2384515156455003,4.137473000000004
IVFNSGAIII,MaF2,MaF,3,12,5013,0.03533971781782608,0.23906343356463564,3.794537
IVFNSGAIII,MaF2,MaF,3,12,5014,0.03653400454163945,0.23677480811327828,3.916553999999998
IVFNSGAIII,MaF2,MaF,3,12,5015,0.037464271180926455,0.23753733652250297,5.316164000000009
IVFNSGAIII,MaF2,MaF,3,12,5016,0.036138409294172974,0.2358119781213528,4.627375000000003
IVFNSGAIII,MaF2,MaF,3,12,5017,0.03570934497562822,0.23707980163037604,3.5924040000000006
IVFNSGAIII,MaF2,MaF,3,12,5018,0.035323051261981056,0.2366496358022388,4.157324
IVFNSGAIII,MaF2,MaF,3,12,5019,0.03718796272704427,0.23732663378055807,4.055409999999996
IVFNSGAIII,MaF2,MaF,3,12,5020,0.03696395149703969,0.2365821674527693,4.066531
IVFNSGAIII,MaF2,MaF,3,12,5021,0.03637940310274812,0.23851090768186556,4.581386000000003
IVFNSGAIII,MaF2,MaF,3,12,5022,0.03432189227400371,0.23818965965720307,4.256382
IVFNSGAIII,MaF2,MaF,3,12,5023,0.036629103363837914,0.23684238869134014,4.434345000000008
IVFNSGAIII,MaF2,MaF,3,12,5024,0.03491539794206804,0.2389319620365789,4.451166000000002
IVFNSGAIII,MaF2,MaF,3,12,5025,0.03484712374100639,0.23828811873885744,4.086746000000003
IVFNSGAIII,MaF2,MaF,3,12,5026,0.03570149749854621,0.238073140064569,3.9544300000000017
IVFNSGAIII,MaF2,MaF,3,12,5027,0.03727477205629819,0.2362434906108752,4.510068000000003
IVFNSGAIII,MaF2,MaF,3,12,5028,0.03776923576757824,0.23652699245343323,3.4106520000000007
IVFNSGAIII,MaF2,MaF,3,12,5029,0.03610131194483648,0.23614584516217743,3.289911000000002
IVFNSGAIII,MaF2,MaF,3,12,5030,0.036643051748785814,0.23912950813295336,3.946339999999996
IVFNSGAIII,MaF3,MaF,2,11,5001,0.005991530086124824,0.7197914322660958,3.6906649999999996
IVFNSGAIII,MaF3,MaF,2,11,5002,0.006210592387214218,0.7191956317527796,3.895200000000001
IVFNSGAIII,MaF3,MaF,2,11,5003,0.006234131515429621,0.7191195750090046,3.5732079999999997
IVFNSGAIII,MaF3,MaF,2,11,5004,0.005984432272717516,0.7198761875157302,3.8522790000000002
IVFNSGAIII,MaF3,MaF,2,11,5005,0.006799471004497922,0.7178928870394338,3.4233020000000014
IVFNSGAIII,MaF3,MaF,2,11,5006,0.0060935611307437925,0.719507452192511,3.5460679999999956
IVFNSGAIII,MaF3,MaF,2,11,5007,0.006159091624033352,0.7193209296980554,3.845185
IVFNSGAIII,MaF3,MaF,2,11,5008,0.005892906602924474,0.7202707390370238,4.964691000000002
IVFNSGAIII,MaF3,MaF,2,11,5009,0.00598252874741875,0.7198550158230168,3.780907000000001
IVFNSGAIII,MaF3,MaF,2,11,5010,0.0058901118413764875,0.7202764699465003,3.7287120000000047
IVFNSGAIII,MaF3,MaF,2,11,5011,0.0059364018371664004,0.720027717780662,4.075678999999999
IVFNSGAIII,MaF3,MaF,2,11,5012,0.0062097397061036674,0.7191829417624375,3.698498999999999
IVFNSGAIII,MaF3,MaF,2,11,5013,0.0065020991650456455,0.7184814455565909,3.9326559999999966
IVFNSGAIII,MaF3,MaF,2,11,5014,0.005905412044931243,0.720169044252554,3.5574570000000048
IVFNSGAIII,MaF3,MaF,2,11,5015,0.006038720928624655,0.719672311749123,3.289299000000003
IVFNSGAIII,MaF3,MaF,2,11,5016,0.005906369072221177,0.7202097464077049,4.256154999999999
IVFNSGAIII,MaF3,MaF,2,11,5017,0.005915063613141752,0.720152241537658,3.516759
IVFNSGAIII,MaF3,MaF,2,11,5018,0.006006065973525493,0.719906360822965,5.0456179999999975
IVFNSGAIII,MaF3,MaF,2,11,5019,0.006231830484680228,0.7191376297341913,4.180636999999998
IVFNSGAIII,MaF3,MaF,2,11,5020,0.005893247525154402,0.720266260249597,4.807144000000009
IVFNSGAIII,MaF3,MaF,2,11,5021,0.005981513273150056,0.719862777852497,4.173209999999995
IVFNSGAIII,MaF3,MaF,2,11,5022,0.005917830022534532,0.720134922918682,3.870117000000002
IVFNSGAIII,MaF3,MaF,2,11,5023,0.0064210391514638605,0.7186854706597278,4.097474999999999
IVFNSGAIII,MaF3,MaF,2,11,5024,0.005889686372225428,0.7202873051514718,4.233721000000008
IVFNSGAIII,MaF3,MaF,2,11,5025,0.005939491194066319,0.7200331483382882,4.262173
IVFNSGAIII,MaF3,MaF,2,11,5026,0.006044146176516016,0.7196052222805713,4.965955999999999
IVFNSGAIII,MaF3,MaF,2,11,5027,0.006537327850113068,0.7183982301691124,4.269739000000004
IVFNSGAIII,MaF3,MaF,2,11,5028,0.006198679586611057,0.7191443843417394,4.389473999999997
IVFNSGAIII,MaF3,MaF,2,11,5029,0.0060896188460497,0.7195124342641797,4.367093
IVFNSGAIII,MaF3,MaF,2,11,5030,0.005966963089027973,0.7199246496055324,3.6189750000000065
IVFNSGAIII,MaF3,MaF,3,12,5001,0.04631529995647821,0.95813205207384,3.872490000000002
IVFNSGAIII,MaF3,MaF,3,12,5002,0.046303836697276626,0.9582188818602874,4.353708999999995
IVFNSGAIII,MaF3,MaF,3,12,5003,0.04645005702133191,0.9585108961461932,4.893834999999996
IVFNSGAIII,MaF3,MaF,3,12,5004,0.04645546162932406,0.9581643364768765,5.137343999999994
IVFNSGAIII,MaF3,MaF,3,12,5005,0.04642205241920496,0.9581593376959344,4.458088000000001
IVFNSGAIII,MaF3,MaF,3,12,5006,0.0468141784601618,0.957518453181432,4.009374999999999
IVFNSGAIII,MaF3,MaF,3,12,5007,0.04623419132280805,0.958009657750764,3.5556460000000034
IVFNSGAIII,MaF3,MaF,3,12,5008,0.04676829760804096,0.957582102291854,4.120574999999995
IVFNSGAIII,MaF3,MaF,3,12,5009,0.046142283642634285,0.9581458035448,3.612477999999995
IVFNSGAIII,MaF3,MaF,3,12,5010,0.046591254249085105,0.9578544683404553,5.023120000000004
IVFNSGAIII,MaF3,MaF,3,12,5011,0.045894331527783695,0.9581136837647805,3.6515060000000004
IVFNSGAIII,MaF3,MaF,3,12,5012,0.04620840879707169,0.9581379197644118,4.096516000000002
IVFNSGAIII,MaF3,MaF,3,12,5013,0.046217202543731364,0.9583159874058855,3.951969999999998
IVFNSGAIII,MaF3,MaF,3,12,5014,0.046723225975149725,0.9577308776482756,4.105120999999999
IVFNSGAIII,MaF3,MaF,3,12,5015,0.046258757446597173,0.9580015129925346,3.938462999999998
IVFNSGAIII,MaF3,MaF,3,12,5016,0.04613783729854917,0.9583959182554708,4.4503979999999945
IVFNSGAIII,MaF3,MaF,3,12,5017,0.04618473093233232,0.9582019339766394,3.6764790000000027
IVFNSGAIII,MaF3,MaF,3,12,5018,0.04645636094676263,0.9580843820478437,4.1391050000000025
IVFNSGAIII,MaF3,MaF,3,12,5019,0.046694206795126765,0.9577197487831854,5.493979000000012
IVFNSGAIII,MaF3,MaF,3,12,5020,0.04648873068480194,0.9580588545301203,4.486521999999996
IVFNSGAIII,MaF3,MaF,3,12,5021,0.04649506292719656,0.9580072668531512,4.118940999999996
IVFNSGAIII,MaF3,MaF,3,12,5022,0.04619248177436742,0.9583961936733689,5.4924060000000035
IVFNSGAIII,MaF3,MaF,3,12,5023,0.046092295430908856,0.9582687268436301,5.63344
IVFNSGAIII,MaF3,MaF,3,12,5024,0.045155161902365626,0.9589266532121447,3.780087
IVFNSGAIII,MaF3,MaF,3,12,5025,0.04675265189182071,0.9574581551585346,5.519264999999991
IVFNSGAIII,MaF3,MaF,3,12,5026,0.046428280030212946,0.9577230235457908,4.799860000000006
IVFNSGAIII,MaF3,MaF,3,12,5027,0.04626966854419569,0.9581654480233134,4.755592000000003
IVFNSGAIII,MaF3,MaF,3,12,5028,0.046316161236077,0.9577851398860983,4.487531000000002
IVFNSGAIII,MaF3,MaF,3,12,5029,0.04644824276880022,0.9577932464266128,4.804470999999996
IVFNSGAIII,MaF3,MaF,3,12,5030,0.04610616429768226,0.9583169072947822,4.577733000000003
IVFNSGAIII,MaF4,MaF,2,11,5001,0.034989795013038415,0.8179819016512659,3.9891230000000006
IVFNSGAIII,MaF4,MaF,2,11,5002,0.03502380010554669,0.8179225614903841,3.7674099999999946
IVFNSGAIII,MaF4,MaF,2,11,5003,0.034860623535533486,0.8183479602711015,3.877772000000004
IVFNSGAIII,MaF4,MaF,2,11,5004,0.03508781415264285,0.8181796839282259,3.990014
IVFNSGAIII,MaF4,MaF,2,11,5005,0.03479800722046995,0.8182444160284806,4.546623999999999
IVFNSGAIII,MaF4,MaF,2,11,5006,0.03533941721138101,0.8175622684912351,4.074476999999994
IVFNSGAIII,MaF4,MaF,2,11,5007,0.03482121409509427,0.8183168916872212,3.600474999999998
IVFNSGAIII,MaF4,MaF,2,11,5008,0.03502168091932095,0.8182262858304643,4.576361999999995
IVFNSGAIII,MaF4,MaF,2,11,5009,0.034804178868538614,0.8182601232027188,3.437857000000003
IVFNSGAIII,MaF4,MaF,2,11,5010,0.03482167300422044,0.8182747018583919,4.321731000000003
IVFNSGAIII,MaF4,MaF,2,11,5011,0.034849497377817354,0.8183548863028224,4.285661999999996
IVFNSGAIII,MaF4,MaF,2,11,5012,0.03487978626033985,0.8182983305979433,3.6129469999999975
IVFNSGAIII,MaF4,MaF,2,11,5013,0.03642913561592888,0.8163658263585475,3.521026000000001
IVFNSGAIII,MaF4,MaF,2,11,5014,0.034995523593793834,0.8182050196055056,3.802062999999994
IVFNSGAIII,MaF4,MaF,2,11,5015,0.03513555038904024,0.8179615713438783,4.162454000000003
IVFNSGAIII,MaF4,MaF,2,11,5016,0.03505309416274518,0.8181892901789418,4.6626870000000045
IVFNSGAIII,MaF4,MaF,2,11,5017,0.03490430644521987,0.8181832426851147,3.6542639999999964
IVFNSGAIII,MaF4,MaF,2,11,5018,0.0350064198193149,0.8181248764800844,4.851329000000001
IVFNSGAIII,MaF4,MaF,2,11,5019,0.034870536940529884,0.8182697530875562,5.348620999999997
IVFNSGAIII,MaF4,MaF,2,11,5020,0.03509397245294893,0.818308951516046,5.214708000000013
IVFNSGAIII,MaF4,MaF,2,11,5021,0.034890073489199445,0.8181532328080025,4.187461999999997
IVFNSGAIII,MaF4,MaF,2,11,5022,0.035059120733952204,0.8180078223478924,3.799012000000002
IVFNSGAIII,MaF4,MaF,2,11,5023,0.03495806324284017,0.8180733860695427,4.342157000000001
IVFNSGAIII,MaF4,MaF,2,11,5024,0.03487072132706942,0.8183449203244272,4.442327999999997
IVFNSGAIII,MaF4,MaF,2,11,5025,0.03488026414695135,0.818339968807514,3.7137829999999963
IVFNSGAIII,MaF4,MaF,2,11,5026,0.03499821155237651,0.8181645473089457,4.836495999999995
IVFNSGAIII,MaF4,MaF,2,11,5027,0.03479908817161224,0.8183407725456966,4.006891
IVFNSGAIII,MaF4,MaF,2,11,5028,0.035433261720336305,0.8174297905495488,3.8752800000000076
IVFNSGAIII,MaF4,MaF,2,11,5029,0.035261532523390454,0.8178273815873046,4.073559999999997
IVFNSGAIII,MaF4,MaF,2,11,5030,0.034984997774217826,0.8179863711327848,3.677962000000002
IVFNSGAIII,MaF4,MaF,3,12,5001,0.32176642650157045,0.5138199131878426,4.391098000000002
IVFNSGAIII,MaF4,MaF,3,12,5002,0.319673464348296,0.5220998877554873,4.198103999999997
IVFNSGAIII,MaF4,MaF,3,12,5003,0.33494558829122845,0.5171694517066815,4.196986999999994
IVFNSGAIII,MaF4,MaF,3,12,5004,0.34284419344956657,0.5180531201908678,4.698476999999997
IVFNSGAIII,MaF4,MaF,3,12,5005,0.35773690083147114,0.5096137184198394,4.835989000000008
IVFNSGAIII,MaF4,MaF,3,12,5006,0.34751678980654027,0.5207448013357339,4.4909279999999985
IVFNSGAIII,MaF4,MaF,3,12,5007,0.3373498686383768,0.5127663199483792,3.784024999999997
IVFNSGAIII,MaF4,MaF,3,12,5008,0.3179082605477349,0.5195937212647044,4.983766000000008
IVFNSGAIII,MaF4,MaF,3,12,5009,0.345199799633515,0.5192643408633671,3.906968000000009
IVFNSGAIII,MaF4,MaF,3,12,5010,0.3484538831735257,0.5150484904095833,4.344755000000004
IVFNSGAIII,MaF4,MaF,3,12,5011,0.3319139319102295,0.5183183129522038,3.744002
IVFNSGAIII,MaF4,MaF,3,12,5012,0.3353555812453735,0.5219435260956192,3.774889000000003
IVFNSGAIII,MaF4,MaF,3,12,5013,0.32092480709992083,0.5178211376839683,3.6189339999999994
IVFNSGAIII,MaF4,MaF,3,12,5014,0.3165373843740241,0.5198730123476286,5.237875999999995
IVFNSGAIII,MaF4,MaF,3,12,5015,0.3019280212082492,0.5233920892194356,3.6126930000000024
IVFNSGAIII,MaF4,MaF,3,12,5016,0.3451763967587565,0.5201221344906006,4.156425000000004
IVFNSGAIII,MaF4,MaF,3,12,5017,0.3499127104178883,0.5205030780832509,3.7567130000000035
IVFNSGAIII,MaF4,MaF,3,12,5018,0.362390285498579,0.517027885128131,4.197415000000003
IVFNSGAIII,MaF4,MaF,3,12,5019,0.33758649212904274,0.523537062974837,3.9944079999999986
IVFNSGAIII,MaF4,MaF,3,12,5020,0.3269609200408928,0.5199931831452768,3.991051999999998
IVFNSGAIII,MaF4,MaF,3,12,5021,0.31063340894770464,0.5209691393451152,4.6478749999999955
IVFNSGAIII,MaF4,MaF,3,12,5022,0.32348873048147464,0.5221616311692019,3.605897
IVFNSGAIII,MaF4,MaF,3,12,5023,0.3513486746628538,0.5131673060835557,4.025822
IVFNSGAIII,MaF4,MaF,3,12,5024,0.3651789717604699,0.5183937723263655,4.177823
IVFNSGAIII,MaF4,MaF,3,12,5025,0.3455292632310818,0.5166379259355852,4.225953000000003
IVFNSGAIII,MaF4,MaF,3,12,5026,0.3343358737939929,0.5163696088688713,3.3525999999999962
IVFNSGAIII,MaF4,MaF,3,12,5027,0.3611573524016489,0.5156303658805258,3.299906000000002
IVFNSGAIII,MaF4,MaF,3,12,5028,0.32269543198200956,0.5148432726387259,4.054281999999997
IVFNSGAIII,MaF4,MaF,3,12,5029,0.35399255663169565,0.5049219849451588,3.852387000000002
IVFNSGAIII,MaF4,MaF,3,12,5030,0.34957885055385135,0.5169911567424528,3.6192360000000012
IVFNSGAIII,MaF5,MaF,2,11,5001,0.012230503809060937,0.34721516246169415,3.4790979999999956
IVFNSGAIII,MaF5,MaF,2,11,5002,0.012230487661340729,0.3472151585789106,4.962786000000004
IVFNSGAIII,MaF5,MaF,2,11,5003,0.012230477545714328,0.34721510715878523,4.237947
IVFNSGAIII,MaF5,MaF,2,11,5004,0.012230489734942122,0.3472151567108364,3.5159550000000004
IVFNSGAIII,MaF5,MaF,2,11,5005,0.012230484226076086,0.34721508533697887,3.7217050000000005
IVFNSGAIII,MaF5,MaF,2,11,5006,0.012230483251417033,0.3472151609829014,3.4323630000000014
IVFNSGAIII,MaF5,MaF,2,11,5007,0.012230506545170779,0.3472151538787341,3.680228999999992
IVFNSGAIII,MaF5,MaF,2,11,5008,0.012230483280558176,0.34721508593791073,4.816505999999993
IVFNSGAIII,MaF5,MaF,2,11,5009,2.008377445688485,0.09090908590193592,14.104427999999999
IVFNSGAIII,MaF5,MaF,2,11,5010,0.01223046757456281,0.3472151174253833,4.533185000000003
IVFNSGAIII,MaF5,MaF,2,11,5011,0.012230479091541863,0.3472151510918271,4.729174999999997
IVFNSGAIII,MaF5,MaF,2,11,5012,2.0083774476786576,0.09090908509156048,12.544512000000005
IVFNSGAIII,MaF5,MaF,2,11,5013,0.012230483830917674,0.3472151291548222,4.307343000000002
IVFNSGAIII,MaF5,MaF,2,11,5014,0.012230481064998147,0.34721515651483925,3.7713710000000034
IVFNSGAIII,MaF5,MaF,2,11,5015,0.012230486722612023,0.3472151571641605,3.7924629999999997
IVFNSGAIII,MaF5,MaF,2,11,5016,0.012230487389917163,0.34721513753820527,4.383725000000002
IVFNSGAIII,MaF5,MaF,2,11,5017,0.01223048499473249,0.3472151291811382,3.203731000000002
IVFNSGAIII,MaF5,MaF,2,11,5018,0.012230486945539737,0.34721516872789476,3.4113199999999995
IVFNSGAIII,MaF5,MaF,2,11,5019,0.01223050279909078,0.347215011699175,3.253435999999999
IVFNSGAIII,MaF5,MaF,2,11,5020,2.0083774402848116,0.0909090881022544,13.040185000000013
IVFNSGAIII,MaF5,MaF,2,11,5021,0.012230488299728882,0.34721517234692384,4.563992
IVFNSGAIII,MaF5,MaF,2,11,5022,0.012230495013258678,0.3472151462574252,3.7432410000000007
IVFNSGAIII,MaF5,MaF,2,11,5023,0.01223050098308977,0.3472151551223054,3.4029569999999953
IVFNSGAIII,MaF5,MaF,2,11,5024,0.012230498865611327,0.3472149501925796,3.0982160000000007
IVFNSGAIII,MaF5,MaF,2,11,5025,0.01223049007432148,0.347215169445128,3.596790999999999
IVFNSGAIII,MaF5,MaF,2,11,5026,0.012230481860431961,0.3472151643829593,3.6327970000000054
IVFNSGAIII,MaF5,MaF,2,11,5027,0.01223048663312788,0.3472151625816081,4.075640999999999
IVFNSGAIII,MaF5,MaF,2,11,5028,0.012230476359055439,0.3472151208403725,4.322367000000002
IVFNSGAIII,MaF5,MaF,2,11,5029,0.012230498826837624,0.3472151387374078,3.3563769999999957
IVFNSGAIII,MaF5,MaF,2,11,5030,0.012230490392471084,0.34721516241609146,3.170599999999992
IVFNSGAIII,MaF5,MaF,3,12,5001,0.259899817354564,0.559471406447831,5.098863000000001
IVFNSGAIII,MaF5,MaF,3,12,5002,0.25975775217752956,0.559578249861221,4.195302000000002
IVFNSGAIII,MaF5,MaF,3,12,5003,2.0283103419153177,0.33680737422449825,6.416072999999997
IVFNSGAIII,MaF5,MaF,3,12,5004,0.25974891354591856,0.5596028614942407,3.6018860000000013
IVFNSGAIII,MaF5,MaF,3,12,5005,0.25974883039686675,0.5596181663646462,4.6320529999999955
IVFNSGAIII,MaF5,MaF,3,12,5006,0.25975113111253156,0.5595930934741178,6.409198999999994
IVFNSGAIII,MaF5,MaF,3,12,5007,0.25974691142642375,0.5596166640167909,4.844399000000004
IVFNSGAIII,MaF5,MaF,3,12,5008,0.25975625534846314,0.5596158525180439,3.436115000000001
IVFNSGAIII,MaF5,MaF,3,12,5009,1.501861543327823,0.3384968590324736,5.701505999999991
IVFNSGAIII,MaF5,MaF,3,12,5010,0.25975529605634423,0.5596175829406193,4.118367000000003
IVFNSGAIII,MaF5,MaF,3,12,5011,0.25974996160980124,0.5596173364717277,4.411747
IVFNSGAIII,MaF5,MaF,3,12,5012,2.0249163468322853,0.33928548066042424,6.602037000000002
IVFNSGAIII,MaF5,MaF,3,12,5013,0.2597514398668103,0.5596172666270751,4.152773999999999
IVFNSGAIII,MaF5,MaF,3,12,5014,0.2597536320749061,0.5596176863827022,2.937668000000001
IVFNSGAIII,MaF5,MaF,3,12,5015,0.2598436189591817,0.5594019031752153,3.481900000000003
IVFNSGAIII,MaF5,MaF,3,12,5016,2.0247235658346963,0.3407658291965555,6.648715999999989
IVFNSGAIII,MaF5,MaF,3,12,5017,0.26009310779518424,0.5586570756349002,6.00584399999999
IVFNSGAIII,MaF5,MaF,3,12,5018,2.0245805079025714,0.341628458172632,6.155063000000001
IVFNSGAIII,MaF5,MaF,3,12,5019,0.25975109953267767,0.5596172083921548,3.677661000000001
IVFNSGAIII,MaF5,MaF,3,12,5020,0.25974515259745484,0.5596186039527575,3.0133699999999997
IVFNSGAIII,MaF5,MaF,3,12,5021,4.888495694803899,0.09090909045578999,14.129050000000008
IVFNSGAIII,MaF5,MaF,3,12,5022,1.4999420826669065,0.3397321885144867,6.841146999999994
IVFNSGAIII,MaF5,MaF,3,12,5023,0.2597584272201115,0.5596094204357239,3.797504999999998
IVFNSGAIII,MaF5,MaF,3,12,5024,0.2597778067081467,0.559598166056166,6.276055000000007
IVFNSGAIII,MaF5,MaF,3,12,5025,2.0255095966434595,0.34077973181067056,6.907304999999989
IVFNSGAIII,MaF5,MaF,3,12,5026,0.2597505508561313,0.5596161124429444,5.079835999999995
IVFNSGAIII,MaF5,MaF,3,12,5027,0.26058209634481855,0.5594398619305043,3.940306000000004
IVFNSGAIII,MaF5,MaF,3,12,5028,0.25975111267757134,0.559610820881432,4.164574
IVFNSGAIII,MaF5,MaF,3,12,5029,2.0274959403738304,0.34008340559100225,5.801903
IVFNSGAIII,MaF5,MaF,3,12,5030,0.25975017061751005,0.559617101276903,3.8418419999999958
IVFNSGAIII,MaF6,MaF,2,11,5001,0.003965878536681963,0.3472143997011998,3.6211070000000043
IVFNSGAIII,MaF6,MaF,2,11,5002,0.003965880616699236,0.3472151121469081,3.616203000000002
IVFNSGAIII,MaF6,MaF,2,11,5003,0.003965881821931172,0.3472151158247891,3.8026169999999953
IVFNSGAIII,MaF6,MaF,2,11,5004,0.003965879500033143,0.3472149966439999,4.186817
IVFNSGAIII,MaF6,MaF,2,11,5005,0.003965879640990675,0.3472151634161877,4.089190000000002
IVFNSGAIII,MaF6,MaF,2,11,5006,0.003965882788983031,0.34721490236871894,3.518050000000002
IVFNSGAIII,MaF6,MaF,2,11,5007,0.00396588649375165,0.3472151626429515,4.031519000000007
IVFNSGAIII,MaF6,MaF,2,11,5008,0.003965879719991571,0.3472143024873535,4.809550000000005
IVFNSGAIII,MaF6,MaF,2,11,5009,0.003965879395411215,0.3472150139759739,4.652918000000006
IVFNSGAIII,MaF6,MaF,2,11,5010,0.0039658816494217,0.3472149804895233,4.570678999999997
IVFNSGAIII,MaF6,MaF,2,11,5011,0.003965875398481327,0.34721510134772765,4.504455
IVFNSGAIII,MaF6,MaF,2,11,5012,0.003965875580036154,0.34721513846802615,4.107783000000002
IVFNSGAIII,MaF6,MaF,2,11,5013,0.003965888190640516,0.3472144758666111,4.430511000000011
IVFNSGAIII,MaF6,MaF,2,11,5014,0.00396588005118628,0.34721508977708093,4.930378999999998
IVFNSGAIII,MaF6,MaF,2,11,5015,0.003965882175213407,0.34721508794588574,3.549446000000009
IVFNSGAIII,MaF6,MaF,2,11,5016,0.003965883198011298,0.3472151103775524,4.5775380000000006
IVFNSGAIII,MaF6,MaF,2,11,5017,0.0039658839060494845,0.3472150499219009,3.570262000000001
IVFNSGAIII,MaF6,MaF,2,11,5018,0.003965879234082503,0.34721510810756406,5.633794000000004
IVFNSGAIII,MaF6,MaF,2,11,5019,0.003965877521721425,0.347214985951243,3.5953089999999994
IVFNSGAIII,MaF6,MaF,2,11,5020,0.003965876999397812,0.3472151563035179,4.4640619999999975
IVFNSGAIII,MaF6,MaF,2,11,5021,0.003965878226372429,0.34721511255849175,3.7747820000000023
IVFNSGAIII,MaF6,MaF,2,11,5022,0.003965882714619532,0.3472145787952802,3.9873570000000025
IVFNSGAIII,MaF6,MaF,2,11,5023,0.0039658803683547674,0.3472151660552408,4.297636000000001
IVFNSGAIII,MaF6,MaF,2,11,5024,0.0039658819346215565,0.347215130909156,4.425271000000006
IVFNSGAIII,MaF6,MaF,2,11,5025,0.0039658811758489,0.34721463559901844,4.718376999999998
IVFNSGAIII,MaF6,MaF,2,11,5026,0.003965881789095821,0.3472148337482352,4.391234999999998
IVFNSGAIII,MaF6,MaF,2,11,5027,0.003965884709745258,0.3472150964544776,4.680226000000001
IVFNSGAIII,MaF6,MaF,2,11,5028,0.003965885378902053,0.34721508041947713,3.9779289999999987
IVFNSGAIII,MaF6,MaF,2,11,5029,0.003965883335351346,0.34721508976314935,4.0724070000000046
IVFNSGAIII,MaF6,MaF,2,11,5030,0.003965882361105944,0.34721508692404507,4.026718999999999
IVFNSGAIII,MaF6,MaF,3,12,5001,0.01889641019414963,0.19265208672843637,4.625322999999997
IVFNSGAIII,MaF6,MaF,3,12,5002,0.017031968876507736,0.19276452251637297,4.7688299999999995
IVFNSGAIII,MaF6,MaF,3,12,5003,0.013741581860457666,0.19295591852890917,5.51748
IVFNSGAIII,MaF6,MaF,3,12,5004,0.01667832971531086,0.19298350513336565,4.524333000000006
IVFNSGAIII,MaF6,MaF,3,12,5005,0.016194259060558245,0.19209740815531215,5.388288000000002
IVFNSGAIII,MaF6,MaF,3,12,5006,0.014637837895689128,0.19301388186056878,5.006458999999997
IVFNSGAIII,MaF6,MaF,3,12,5007,0.01681881217957264,0.19067154992006402,5.372988999999997
IVFNSGAIII,MaF6,MaF,3,12,5008,0.016840372486766855,0.19317513708246092,5.594115999999999
IVFNSGAIII,MaF6,MaF,3,12,5009,0.014715285157150879,0.19218348366503823,5.95184799999999
IVFNSGAIII,MaF6,MaF,3,12,5010,0.016772612926483965,0.19026345050242907,5.702147999999991
IVFNSGAIII,MaF6,MaF,3,12,5011,0.014616493760364562,0.19325281419807702,5.601527000000002
IVFNSGAIII,MaF6,MaF,3,12,5012,0.01690875472923493,0.19243103181890492,5.588574000000002
IVFNSGAIII,MaF6,MaF,3,12,5013,0.01408621517672928,0.19386325342375701,7.147787999999995
IVFNSGAIII,MaF6,MaF,3,12,5014,0.016365458401931637,0.19197502776022615,6.068231999999998
IVFNSGAIII,MaF6,MaF,3,12,5015,0.014589092626680232,0.19303550339295847,6.159890999999997
IVFNSGAIII,MaF6,MaF,3,12,5016,0.01276468942611597,0.19315792473969692,5.421465000000004
IVFNSGAIII,MaF6,MaF,3,12,5017,0.016081168403114018,0.19255351765345086,5.927055000000002
IVFNSGAIII,MaF6,MaF,3,12,5018,0.014523278845009821,0.19438029434495346,5.628147999999998
IVFNSGAIII,MaF6,MaF,3,12,5019,0.0144244162247391,0.19265678034034267,5.342399
IVFNSGAIII,MaF6,MaF,3,12,5020,0.014342526192257855,0.1941832924327236,5.464318999999998
IVFNSGAIII,MaF6,MaF,3,12,5021,0.013382633719275845,0.19324475474962954,5.33821599999999
IVFNSGAIII,MaF6,MaF,3,12,5022,0.014070712307996463,0.19317400145341243,5.653711000000001
IVFNSGAIII,MaF6,MaF,3,12,5023,0.01648409591381687,0.1920315311857996,5.8562039999999955
IVFNSGAIII,MaF6,MaF,3,12,5024,0.017003835717647995,0.19213700421105015,5.451026000000004
IVFNSGAIII,MaF6,MaF,3,12,5025,0.01499199151023856,0.19292993532289193,6.399512000000003
IVFNSGAIII,MaF6,MaF,3,12,5026,0.01417262051315335,0.1927236972872998,5.403650000000002
IVFNSGAIII,MaF6,MaF,3,12,5027,0.015093059424121194,0.19145741234754274,6.4200649999999975
IVFNSGAIII,MaF6,MaF,3,12,5028,0.013127605080362576,0.19385552465907668,6.186407000000003
IVFNSGAIII,MaF6,MaF,3,12,5029,0.016340909022537473,0.19217002360249874,6.412895999999997
IVFNSGAIII,MaF6,MaF,3,12,5030,0.016288107053106654,0.19213090917006678,5.987759999999988
IVFNSGAIII,MaF7,MaF,2,21,5001,0.005015959751390704,0.24282943938094326,3.4680429999999993
IVFNSGAIII,MaF7,MaF,2,21,5002,0.0049770276219598345,0.24282914175014825,3.017536000000003
IVFNSGAIII,MaF7,MaF,2,21,5003,0.004855150669898021,0.24286197106303606,3.683464999999995
IVFNSGAIII,MaF7,MaF,2,21,5004,0.005116144677506311,0.24279753768442275,3.294605000000004
IVFNSGAIII,MaF7,MaF,2,21,5005,0.004946732640703073,0.24284165189402668,3.193128000000003
IVFNSGAIII,MaF7,MaF,2,21,5006,0.005118109400786465,0.2428011484265097,3.2200530000000023
IVFNSGAIII,MaF7,MaF,2,21,5007,0.005011301428425695,0.24282561251854906,3.9290579999999986
IVFNSGAIII,MaF7,MaF,2,21,5008,0.005038214149525188,0.24281759142853102,4.521832999999999
IVFNSGAIII,MaF7,MaF,2,21,5009,0.005057782651318458,0.24281148404822575,3.630941999999995
IVFNSGAIII,MaF7,MaF,2,21,5010,0.005060519856996927,0.24281779486093882,4.920400000000005
IVFNSGAIII,MaF7,MaF,2,21,5011,0.005102174205775397,0.2428033736351018,3.1342140000000027
IVFNSGAIII,MaF7,MaF,2,21,5012,0.004958371107613952,0.24283299932518854,5.794316000000004
IVFNSGAIII,MaF7,MaF,2,21,5013,0.005101564952361863,0.2428060891209704,3.379295999999999
IVFNSGAIII,MaF7,MaF,2,21,5014,0.005043712966887022,0.24282272576583164,3.8886890000000025
IVFNSGAIII,MaF7,MaF,2,21,5015,0.005107430697333368,0.2428006424450683,3.4248749999999952
IVFNSGAIII,MaF7,MaF,2,21,5016,0.005090525065382237,0.24280823863390896,5.226531999999993
IVFNSGAIII,MaF7,MaF,2,21,5017,0.005122002218344544,0.24280504940952505,3.3354820000000034
IVFNSGAIII,MaF7,MaF,2,21,5018,0.004950193068114029,0.2428376545680039,4.4627149999999975
IVFNSGAIII,MaF7,MaF,2,21,5019,0.004966784975822673,0.24283552414957044,2.6950709999999956
IVFNSGAIII,MaF7,MaF,2,21,5020,0.0050018762955128795,0.24283024136520456,3.6934509999999996
IVFNSGAIII,MaF7,MaF,2,21,5021,0.004977398865527512,0.2428219318515421,3.6494520000000024
IVFNSGAIII,MaF7,MaF,2,21,5022,0.0050017867738485445,0.24282471783312515,3.2335
IVFNSGAIII,MaF7,MaF,2,21,5023,0.005064956425496214,0.2428100024484396,4.352665999999999
IVFNSGAIII,MaF7,MaF,2,21,5024,0.005159387879194197,0.24279876802388062,3.134658999999995
IVFNSGAIII,MaF7,MaF,2,21,5025,0.005042910032531215,0.242815294674341,5.283834000000004
IVFNSGAIII,MaF7,MaF,2,21,5026,0.0048870330690224915,0.2428541998854635,3.937133999999998
IVFNSGAIII,MaF7,MaF,2,21,5027,0.005076211432988746,0.24280507570028398,4.203748000000001
IVFNSGAIII,MaF7,MaF,2,21,5028,0.004941900081290851,0.2428371023745699,3.7174070000000032
IVFNSGAIII,MaF7,MaF,2,21,5029,0.005108135671379937,0.24280679784910728,3.974231999999997
IVFNSGAIII,MaF7,MaF,2,21,5030,0.005028286652440245,0.2428184006194799,3.669262000000001
IVFNSGAIII,MaF7,MaF,3,22,5001,0.07091436811941569,0.2693692883997926,4.370360999999995
IVFNSGAIII,MaF7,MaF,3,22,5002,0.07221447568602359,0.2674095604923404,3.889570999999998
IVFNSGAIII,MaF7,MaF,3,22,5003,0.07272432149270484,0.2707378620748024,4.006364
IVFNSGAIII,MaF7,MaF,3,22,5004,0.07831370584098246,0.2697293759490787,3.9742819999999934
IVFNSGAIII,MaF7,MaF,3,22,5005,0.07753018114348759,0.27071805694414947,3.8649319999999983
IVFNSGAIII,MaF7,MaF,3,22,5006,0.07941888040378006,0.2672275351559656,4.737686000000003
IVFNSGAIII,MaF7,MaF,3,22,5007,0.07921933019081841,0.26977783293688845,3.8667579999999973
IVFNSGAIII,MaF7,MaF,3,22,5008,0.07763175870412793,0.26810538766577874,4.038042000000007
IVFNSGAIII,MaF7,MaF,3,22,5009,0.07876721905734091,0.2679090994668746,3.874785999999994
IVFNSGAIII,MaF7,MaF,3,22,5010,0.07561058833011323,0.2693753954067771,4.9933809999999985
IVFNSGAIII,MaF7,MaF,3,22,5011,0.0718789716424907,0.26860521736271237,4.762617000000006
IVFNSGAIII,MaF7,MaF,3,22,5012,0.07716772553143625,0.26481226085917836,4.101545000000005
IVFNSGAIII,MaF7,MaF,3,22,5013,0.07897629430622637,0.2702985155962785,4.45033
IVFNSGAIII,MaF7,MaF,3,22,5014,0.07924680567332952,0.2643278990596244,3.870211999999997
IVFNSGAIII,MaF7,MaF,3,22,5015,0.07524797241401379,0.26902429140792705,5.757755999999999
IVFNSGAIII,MaF7,MaF,3,22,5016,0.07515363672890796,0.26650767022747845,3.925300999999994
IVFNSGAIII,MaF7,MaF,3,22,5017,0.07054507656843005,0.2704587347075048,3.8101149999999966
IVFNSGAIII,MaF7,MaF,3,22,5018,0.07755992487098494,0.26952725183967,5.89710500000001
IVFNSGAIII,MaF7,MaF,3,22,5019,0.07843327772178822,0.2656221021366967,4.320259999999999
IVFNSGAIII,MaF7,MaF,3,22,5020,0.07278351645527682,0.2716556505448401,3.7581559999999974
IVFNSGAIII,MaF7,MaF,3,22,5021,0.07541287385795183,0.2692092338243373,3.6958489999999964
IVFNSGAIII,MaF7,MaF,3,22,5022,0.0754170555082102,0.2702969254027296,3.3097199999999956
IVFNSGAIII,MaF7,MaF,3,22,5023,0.07709066349825752,0.26856384250124193,3.6517440000000008
IVFNSGAIII,MaF7,MaF,3,22,5024,0.0827900327338,0.2669329214445592,4.292254000000004
IVFNSGAIII,MaF7,MaF,3,22,5025,0.08690268403013436,0.2655105260241127,5.529285999999999
IVFNSGAIII,MaF7,MaF,3,22,5026,0.07765282127117712,0.26762337033834965,5.905740999999998
IVFNSGAIII,MaF7,MaF,3,22,5027,0.07264102475297905,0.2656306386423362,4.391294999999999
IVFNSGAIII,MaF7,MaF,3,22,5028,0.07098751851103875,0.2730076073945857,3.8797379999999997
IVFNSGAIII,MaF7,MaF,3,22,5029,0.07705834105959615,0.2660781317624937,4.088359999999996
IVFNSGAIII,MaF7,MaF,3,22,5030,0.07692864324769728,0.26783010702539867,3.7829569999999957
IVFNSGAIII,RWMOP9,RWMOP,2,4,5001,0.03723859505587116,0.40989654878131415,3.8147659999999983
IVFNSGAIII,RWMOP9,RWMOP,2,4,5002,0.037302130681296466,0.41006965340699303,3.4930359999999965
IVFNSGAIII,RWMOP9,RWMOP,2,4,5003,0.03723859505587116,0.4101013677289271,3.708101999999997
IVFNSGAIII,RWMOP9,RWMOP,2,4,5004,0.037877169177064844,0.40995361906133143,3.463414999999995
IVFNSGAIII,RWMOP9,RWMOP,2,4,5005,0.03723859505587116,0.4100372371175508,3.7465340000000005
IVFNSGAIII,RWMOP9,RWMOP,2,4,5006,0.03723859505587116,0.4097698770447264,3.7432120000000006
IVFNSGAIII,RWMOP9,RWMOP,2,4,5007,0.037417169174482706,0.4100396173677501,2.930773999999996
IVFNSGAIII,RWMOP9,RWMOP,2,4,5008,0.03725785871899424,0.4098241505401824,3.6794959999999985
IVFNSGAIII,RWMOP9,RWMOP,2,4,5009,0.037239073834307045,0.4098660492064305,3.695227000000002
IVFNSGAIII,RWMOP9,RWMOP,2,4,5010,0.03723859505587116,0.40983638229972214,3.7363499999999976
IVFNSGAIII,RWMOP9,RWMOP,2,4,5011,0.03724857352428891,0.410045592167003,3.845989000000001
IVFNSGAIII,RWMOP9,RWMOP,2,4,5012,0.03740580131302404,0.4100108738434956,3.905659000000002
IVFNSGAIII,RWMOP9,RWMOP,2,4,5013,0.03723859505587116,0.41007764689279363,3.355847000000002
IVFNSGAIII,RWMOP9,RWMOP,2,4,5014,0.037345985094295014,0.4100600841247596,3.7576330000000033
IVFNSGAIII,RWMOP9,RWMOP,2,4,5015,0.03723859505587116,0.4101524436069583,3.387725000000002
IVFNSGAIII,RWMOP9,RWMOP,2,4,5016,0.037416120262350694,0.4099275498919345,3.8223870000000018
IVFNSGAIII,RWMOP9,RWMOP,2,4,5017,0.0372455080334378,0.41000050141508243,3.7213220000000002
IVFNSGAIII,RWMOP9,RWMOP,2,4,5018,0.03740187842520291,0.40981614390041493,3.3865270000000014
IVFNSGAIII,RWMOP9,RWMOP,2,4,5019,0.0374240851493935,0.40991796987612883,4.140970000000001
IVFNSGAIII,RWMOP9,RWMOP,2,4,5020,0.03730460298302163,0.40978149786699175,4.000815999999996
IVFNSGAIII,RWMOP9,RWMOP,2,4,5021,0.03727664137928104,0.4101111656878365,3.2087699999999986
IVFNSGAIII,RWMOP9,RWMOP,2,4,5022,0.03723859505587116,0.4099883552844946,3.058943999999997
IVFNSGAIII,RWMOP9,RWMOP,2,4,5023,0.03740942744613832,0.40997826913472696,3.518342000000002
IVFNSGAIII,RWMOP9,RWMOP,2,4,5024,0.03738022794944352,0.41010409338936793,3.580035000000001
IVFNSGAIII,RWMOP9,RWMOP,2,4,5025,0.03739448043874687,0.4098232342855118,2.9624870000000003
IVFNSGAIII,RWMOP9,RWMOP,2,4,5026,0.037239846748755065,0.4098595526442524,3.0480739999999997
IVFNSGAIII,RWMOP9,RWMOP,2,4,5027,0.037387379074247225,0.4098631452669559,3.3979699999999995
IVFNSGAIII,RWMOP9,RWMOP,2,4,5028,0.03738761051424837,0.4098341409794118,3.461444000000002
IVFNSGAIII,RWMOP9,RWMOP,2,4,5029,0.037270088383029774,0.40975669082603317,3.6252910000000047
IVFNSGAIII,RWMOP9,RWMOP,2,4,5030,0.03728846412144964,0.40973199096676394,3.2820670000000014
IVFNSGAIII,WFG1,WFG,2,11,5001,0.10972475906769873,0.6579826745381322,4.979167999999997
IVFNSGAIII,WFG1,WFG,2,11,5002,0.0677615310411876,0.6769121178537345,5.321386999999987
IVFNSGAIII,WFG1,WFG,2,11,5003,0.07032803344460037,0.6754085817240443,5.230269999999996
IVFNSGAIII,WFG1,WFG,2,11,5004,0.10468472479726532,0.6642908440290719,4.406783999999997
IVFNSGAIII,WFG1,WFG,2,11,5005,0.10510717172953254,0.6640375173500991,5.118657000000004
IVFNSGAIII,WFG1,WFG,2,11,5006,0.08518841080545435,0.6725495123502305,5.556051000000006
IVFNSGAIII,WFG1,WFG,2,11,5007,0.08339688423624937,0.6731140804968007,4.221933999999998
IVFNSGAIII,WFG1,WFG,2,11,5008,0.10947303655630103,0.6582347479549471,4.897086999999997
IVFNSGAIII,WFG1,WFG,2,11,5009,0.0958001443522879,0.6691132886683525,5.073843000000005
IVFNSGAIII,WFG1,WFG,2,11,5010,0.0582799241063935,0.6788170377876079,5.9393559999999965
IVFNSGAIII,WFG1,WFG,2,11,5011,0.10193401563458475,0.6661637156907808,5.80225099999999
IVFNSGAIII,WFG1,WFG,2,11,5012,0.11147157818176984,0.6547218501494606,5.654766000000005
IVFNSGAIII,WFG1,WFG,2,11,5013,0.11133555158212691,0.6548180945667729,6.218280999999992
IVFNSGAIII,WFG1,WFG,2,11,5014,0.10807177494967211,0.6605535223652189,6.307647999999995
IVFNSGAIII,WFG1,WFG,2,11,5015,0.10471758215696086,0.6643313096139465,4.560010000000003
IVFNSGAIII,WFG1,WFG,2,11,5016,0.06628459609291548,0.6771662894573831,4.603316999999999
IVFNSGAIII,WFG1,WFG,2,11,5017,0.09697739383825277,0.6686403591299105,5.162537999999998
IVFNSGAIII,WFG1,WFG,2,11,5018,0.029487801338507227,0.6846477325054413,5.278440000000001
IVFNSGAIII,WFG1,WFG,2,11,5019,0.10985307836623186,0.6578339558687536,5.513431000000003
IVFNSGAIII,WFG1,WFG,2,11,5020,0.09592874744282309,0.6690734136895485,5.713438000000005
IVFNSGAIII,WFG1,WFG,2,11,5021,0.0917690518610704,0.6706026336914959,5.146796999999997
IVFNSGAIII,WFG1,WFG,2,11,5022,0.10241071673401757,0.6658477316939784,5.247840999999996
IVFNSGAIII,WFG1,WFG,2,11,5023,0.0959076202559229,0.6690782067202031,4.623283999999997
IVFNSGAIII,WFG1,WFG,2,11,5024,0.06708023784082695,0.6769377137410634,6.175724999999998
IVFNSGAIII,WFG1,WFG,2,11,5025,0.10499460635564727,0.6640722998218913,4.4532780000000045
IVFNSGAIII,WFG1,WFG,2,11,5026,0.09752540060209101,0.6683816666754515,5.569320999999992
IVFNSGAIII,WFG1,WFG,2,11,5027,0.05889156597749934,0.6787474014611012,5.329787999999997
IVFNSGAIII,WFG1,WFG,2,11,5028,0.10498293879570851,0.6642299899251716,5.263841999999996
IVFNSGAIII,WFG1,WFG,2,11,5029,0.04221915636331789,0.6786088092015046,4.5052389999999995
IVFNSGAIII,WFG1,WFG,2,11,5030,0.11701467981304722,0.6476168911912805,3.019326999999996
IVFNSGAIII,WFG1,WFG,3,12,5001,0.14667442054212934,0.9437747973578636,4.459874000000004
IVFNSGAIII,WFG1,WFG,3,12,5002,0.14893938302927262,0.9428490817030437,3.9355519999999977
IVFNSGAIII,WFG1,WFG,3,12,5003,0.15035481654841296,0.9421257648148662,4.708986999999996
IVFNSGAIII,WFG1,WFG,3,12,5004,0.14837283794901437,0.9433136851439472,5.497678000000007
IVFNSGAIII,WFG1,WFG,3,12,5005,0.14807694119659234,0.9425459035063916,4.410312000000001
IVFNSGAIII,WFG1,WFG,3,12,5006,0.1470047358597489,0.9434076905964297,4.593037999999997
IVFNSGAIII,WFG1,WFG,3,12,5007,0.14759543581940093,0.9433727632397856,4.920144000000002
IVFNSGAIII,WFG1,WFG,3,12,5008,0.14770276805663957,0.9437575991655851,4.653600000000007
IVFNSGAIII,WFG1,WFG,3,12,5009,0.1477225188196865,0.9436137800612633,5.1234940000000035
IVFNSGAIII,WFG1,WFG,3,12,5010,0.16408516306964727,0.9398047713058653,4.780105000000005
IVFNSGAIII,WFG1,WFG,3,12,5011,0.15339216576621634,0.9420209019364704,4.1873790000000035
IVFNSGAIII,WFG1,WFG,3,12,5012,0.147461948722248,0.94358330133246,4.186674999999994
IVFNSGAIII,WFG1,WFG,3,12,5013,0.1581107312096584,0.9418148037151272,5.3903960000000035
IVFNSGAIII,WFG1,WFG,3,12,5014,0.1493508091132052,0.9417849684902669,4.571237999999997
IVFNSGAIII,WFG1,WFG,3,12,5015,0.1504876085854143,0.9421471884501968,4.240400000000004
IVFNSGAIII,WFG1,WFG,3,12,5016,0.1635372101204331,0.9413921239233368,4.800284999999998
IVFNSGAIII,WFG1,WFG,3,12,5017,0.14799826668777671,0.9424631529842075,4.657387999999996
IVFNSGAIII,WFG1,WFG,3,12,5018,0.1478588263136479,0.943385876351846,4.911948
IVFNSGAIII,WFG1,WFG,3,12,5019,0.14694314329502273,0.9433689301154202,5.393715000000003
IVFNSGAIII,WFG1,WFG,3,12,5020,0.14781017087079196,0.943714216254151,3.4381989999999996
IVFNSGAIII,WFG1,WFG,3,12,5021,0.14844026700539684,0.9429801139029881,5.665136999999991
IVFNSGAIII,WFG1,WFG,3,12,5022,0.14953214974552095,0.9427412675112357,3.5065400000000073
IVFNSGAIII,WFG1,WFG,3,12,5023,0.14863430024249316,0.9425456087787786,3.565145000000005
IVFNSGAIII,WFG1,WFG,3,12,5024,0.14659231527049016,0.943404298132012,3.503900000000001
IVFNSGAIII,WFG1,WFG,3,12,5025,0.1479381631344298,0.9436104366222003,4.298879000000004
IVFNSGAIII,WFG1,WFG,3,12,5026,0.1491484050634719,0.9422954555166095,5.662727999999999
IVFNSGAIII,WFG1,WFG,3,12,5027,0.14780629072893198,0.9430871859457545,4.375838000000001
IVFNSGAIII,WFG1,WFG,3,12,5028,0.1496920323781527,0.9419756391661203,5.944639000000001
IVFNSGAIII,WFG1,WFG,3,12,5029,0.1542706051850806,0.9418509554721185,4.294614999999997
IVFNSGAIII,WFG1,WFG,3,12,5030,0.14709711938937525,0.9437899707475419,4.749471999999998
IVFNSGAIII,WFG2,WFG,2,11,5001,0.01473494188076626,0.6325690631141622,5.3618830000000015
IVFNSGAIII,WFG2,WFG,2,11,5002,0.013838329492558499,0.6329251939502325,5.768006000000008
IVFNSGAIII,WFG2,WFG,2,11,5003,0.014487286759806052,0.6327054291804224,4.960752999999998
IVFNSGAIII,WFG2,WFG,2,11,5004,0.014247073867047919,0.632515444673301,4.631312999999999
IVFNSGAIII,WFG2,WFG,2,11,5005,0.013356101063381686,0.6326628781260737,5.612808000000012
IVFNSGAIII,WFG2,WFG,2,11,5006,0.013606467562283984,0.6328224813278382,4.239142000000002
IVFNSGAIII,WFG2,WFG,2,11,5007,0.014384917251756363,0.6323612269619809,4.6020189999999985
IVFNSGAIII,WFG2,WFG,2,11,5008,0.013818224822458891,0.6325125687380053,5.368523000000001
IVFNSGAIII,WFG2,WFG,2,11,5009,0.013864587046143764,0.6325938898298896,5.550096000000002
IVFNSGAIII,WFG2,WFG,2,11,5010,0.014144311432307353,0.6325406496797085,4.848145
IVFNSGAIII,WFG2,WFG,2,11,5011,0.013446948991405252,0.6330358337956948,4.682413000000001
IVFNSGAIII,WFG2,WFG,2,11,5012,0.013579364890612998,0.6328040033681583,4.6100699999999994
IVFNSGAIII,WFG2,WFG,2,11,5013,0.014436826059593863,0.6326041557616385,6.548129000000008
IVFNSGAIII,WFG2,WFG,2,11,5014,0.013923580545094167,0.6327477470832611,4.562339999999997
IVFNSGAIII,WFG2,WFG,2,11,5015,0.013938045783713614,0.6328665600000273,5.323722999999999
IVFNSGAIII,WFG2,WFG,2,11,5016,0.013889658598699985,0.6326895766182424,5.11168
IVFNSGAIII,WFG2,WFG,2,11,5017,0.013543070402908494,0.6328245379437506,5.61027300000001
IVFNSGAIII,WFG2,WFG,2,11,5018,0.014214865857853549,0.6326166117992089,5.2580269999999985
IVFNSGAIII,WFG2,WFG,2,11,5019,0.013316500650194445,0.6326881574188615,5.91987
IVFNSGAIII,WFG2,WFG,2,11,5020,0.014351272682170978,0.6329384946718662,5.395162000000002
IVFNSGAIII,WFG2,WFG,2,11,5021,0.01356562283394325,0.6325961538151733,5.3461439999999945
IVFNSGAIII,WFG2,WFG,2,11,5022,0.014605987991634036,0.632498500717412,5.937018000000009
IVFNSGAIII,WFG2,WFG,2,11,5023,0.013506659601304764,0.6327767373027046,5.179155999999997
IVFNSGAIII,WFG2,WFG,2,11,5024,0.013434112669774019,0.6328693773055893,4.466351999999997
IVFNSGAIII,WFG2,WFG,2,11,5025,0.013974309789454423,0.6326930323237749,3.644421000000001
IVFNSGAIII,WFG2,WFG,2,11,5026,0.014167056589057711,0.6324498259997164,2.925479999999999
IVFNSGAIII,WFG2,WFG,2,11,5027,0.01388766519930141,0.6323950957513906,3.241055000000003
IVFNSGAIII,WFG2,WFG,2,11,5028,0.013941888909761602,0.6326075781996168,3.103131999999996
IVFNSGAIII,WFG2,WFG,2,11,5029,0.015133949311505381,0.6323225434450084,3.4572190000000034
IVFNSGAIII,WFG2,WFG,2,11,5030,0.014260854465202442,0.6329406763336751,3.0772939999999984
IVFNSGAIII,WFG2,WFG,3,12,5001,0.16534265872184997,0.9312541320304328,4.288148999999998
IVFNSGAIII,WFG2,WFG,3,12,5002,0.16363779235705125,0.9299984296980466,4.193210000000004
IVFNSGAIII,WFG2,WFG,3,12,5003,0.16596887334293217,0.930326114448299,4.67885
IVFNSGAIII,WFG2,WFG,3,12,5004,0.16444992382880852,0.9314048920881428,4.283210000000001
IVFNSGAIII,WFG2,WFG,3,12,5005,0.16427007631416657,0.9313182224927803,4.6721509999999915
IVFNSGAIII,WFG2,WFG,3,12,5006,0.16466094931939096,0.9308662598595526,4.640372999999999
IVFNSGAIII,WFG2,WFG,3,12,5007,0.16457262020549965,0.9294877774142745,4.235207999999999
IVFNSGAIII,WFG2,WFG,3,12,5008,0.16209842785742506,0.9325751443537926,4.179954999999999
IVFNSGAIII,WFG2,WFG,3,12,5009,0.16421845020948822,0.9310388440102376,4.7743030000000095
IVFNSGAIII,WFG2,WFG,3,12,5010,0.16429947031482614,0.9309856784484614,4.871674000000003
IVFNSGAIII,WFG2,WFG,3,12,5011,0.16442135672737646,0.9309255178766097,5.390488999999998
IVFNSGAIII,WFG2,WFG,3,12,5012,0.16551335016075222,0.931633411114904,3.9053750000000016
IVFNSGAIII,WFG2,WFG,3,12,5013,0.165074678823407,0.9310289146710726,4.783250000000007
IVFNSGAIII,WFG2,WFG,3,12,5014,0.16180576036428743,0.9313997240270975,4.955219999999999
IVFNSGAIII,WFG2,WFG,3,12,5015,0.1641224249906314,0.9317648808680732,5.221053999999998
IVFNSGAIII,WFG2,WFG,3,12,5016,0.16516788447944117,0.9318431075140235,4.635671
IVFNSGAIII,WFG2,WFG,3,12,5017,0.16278054323879296,0.9317674789859307,4.400290000000002
IVFNSGAIII,WFG2,WFG,3,12,5018,0.16445770387360797,0.930656764973287,4.789762999999995
IVFNSGAIII,WFG2,WFG,3,12,5019,0.16487549146626473,0.9314999299276219,5.326038
IVFNSGAIII,WFG2,WFG,3,12,5020,0.16499851708818958,0.9320060131897323,5.343308999999995
IVFNSGAIII,WFG2,WFG,3,12,5021,0.16496675181688847,0.9311175690132233,5.6633130000000005
IVFNSGAIII,WFG2,WFG,3,12,5022,0.16405879422501402,0.9314394299544766,5.214044000000007
IVFNSGAIII,WFG2,WFG,3,12,5023,0.16529209988773652,0.9315480577146326,4.048798999999999
IVFNSGAIII,WFG2,WFG,3,12,5024,0.1640435791012061,0.9303766450970599,5.936068000000006
IVFNSGAIII,WFG2,WFG,3,12,5025,0.1642265166983498,0.9313463878056167,5.272785999999996
IVFNSGAIII,WFG2,WFG,3,12,5026,0.16511006137640047,0.9296931806085472,4.507971000000005
IVFNSGAIII,WFG2,WFG,3,12,5027,0.1652915682638811,0.9305194194652715,2.8236660000000016
IVFNSGAIII,WFG2,WFG,3,12,5028,0.16419154577304806,0.9314267542460437,3.259206
IVFNSGAIII,WFG2,WFG,3,12,5029,0.16612298815018178,0.9293501635497531,2.651409000000003
IVFNSGAIII,WFG2,WFG,3,12,5030,0.16450394059998433,0.9313300574843226,4.001148999999994
IVFNSGAIII,WFG3,WFG,2,11,5001,0.01129542331666387,0.5825306396182861,4.9504250000000045
IVFNSGAIII,WFG3,WFG,2,11,5002,0.011297096446791569,0.5825054127080252,5.204626999999997
IVFNSGAIII,WFG3,WFG,2,11,5003,0.011370725629803421,0.5821558269271356,5.904846000000001
IVFNSGAIII,WFG3,WFG,2,11,5004,0.01132074400412077,0.5823513167984306,4.838375999999998
IVFNSGAIII,WFG3,WFG,2,11,5005,0.01130141456780361,0.5824677250158424,5.2729220000000065
IVFNSGAIII,WFG3,WFG,2,11,5006,0.011369702661298888,0.5821553250588147,5.795221000000001
IVFNSGAIII,WFG3,WFG,2,11,5007,0.01131577891334073,0.582374784788791,5.160393999999998
IVFNSGAIII,WFG3,WFG,2,11,5008,0.011346059016530307,0.5822393770119761,6.328326000000002
IVFNSGAIII,WFG3,WFG,2,11,5009,0.011306135240456717,0.5824346204392762,5.778585999999995
IVFNSGAIII,WFG3,WFG,2,11,5010,0.011318243618912873,0.5823599515594289,5.849199999999993
IVFNSGAIII,WFG3,WFG,2,11,5011,0.011352050922946565,0.5822176992796827,5.181646999999998
IVFNSGAIII,WFG3,WFG,2,11,5012,0.011552622975742199,0.5817237569416475,6.205417
IVFNSGAIII,WFG3,WFG,2,11,5013,0.0113238699491756,0.582337210092044,4.77726
IVFNSGAIII,WFG3,WFG,2,11,5014,0.011295798767005394,0.582517109899286,5.965599000000002
IVFNSGAIII,WFG3,WFG,2,11,5015,0.011357120810554414,0.5821989897380189,4.769481000000012
IVFNSGAIII,WFG3,WFG,2,11,5016,0.011299456030022399,0.5824870954844881,6.557298000000005
IVFNSGAIII,WFG3,WFG,2,11,5017,0.011331045364319382,0.5823010577767063,5.529097999999995
IVFNSGAIII,WFG3,WFG,2,11,5018,0.011341143208420716,0.5822576554840531,5.898669999999994
IVFNSGAIII,WFG3,WFG,2,11,5019,0.011310160853136778,0.5824074028221832,4.695460999999998
IVFNSGAIII,WFG3,WFG,2,11,5020,0.011345743849503353,0.5822427086428559,5.973261999999997
IVFNSGAIII,WFG3,WFG,2,11,5021,0.011313306677320337,0.5823867767140586,4.973329999999997
IVFNSGAIII,WFG3,WFG,2,11,5022,0.011334479692476916,0.5822857034328438,4.718059000000001
IVFNSGAIII,WFG3,WFG,2,11,5023,0.011455740940165153,0.5819297776444265,5.446470000000004
IVFNSGAIII,WFG3,WFG,2,11,5024,0.011323179953013051,0.5823364029366381,5.514866000000001
IVFNSGAIII,WFG3,WFG,2,11,5025,0.011300945758637826,0.5824756492447434,6.058188000000005
IVFNSGAIII,WFG3,WFG,2,11,5026,0.011317122594201652,0.5823760705501522,5.9259819999999985
IVFNSGAIII,WFG3,WFG,2,11,5027,0.01132707505781737,0.5823234672808872,5.404264000000015
IVFNSGAIII,WFG3,WFG,2,11,5028,0.011301636995370724,0.5824657117587143,5.343258999999999
IVFNSGAIII,WFG3,WFG,2,11,5029,0.011320691220213492,0.5823489490455792,5.539939000000005
IVFNSGAIII,WFG3,WFG,2,11,5030,0.011299499522758874,0.582496800388106,4.818591999999997
IVFNSGAIII,WFG3,WFG,3,12,5001,0.09816319589647773,0.3913644773812989,4.590366000000005
IVFNSGAIII,WFG3,WFG,3,12,5002,0.08759716601047876,0.3875933559473253,4.6616960000000045
IVFNSGAIII,WFG3,WFG,3,12,5003,0.12331819773363434,0.37646255771864623,4.796074
IVFNSGAIII,WFG3,WFG,3,12,5004,0.14669970968548088,0.366684637389036,5.345173999999999
IVFNSGAIII,WFG3,WFG,3,12,5005,0.09504408036122322,0.39456532182070836,4.733624999999997
IVFNSGAIII,WFG3,WFG,3,12,5006,0.10357614268006118,0.3854032409686435,4.300744999999998
IVFNSGAIII,WFG3,WFG,3,12,5007,0.08367112834492899,0.39521609791478074,4.212442
IVFNSGAIII,WFG3,WFG,3,12,5008,0.10888730614984547,0.3853820839474438,5.218867999999992
IVFNSGAIII,WFG3,WFG,3,12,5009,0.09079214919293008,0.3908560150038925,4.5520220000000045
IVFNSGAIII,WFG3,WFG,3,12,5010,0.11068481337150259,0.38729816632645697,5.525747000000004
IVFNSGAIII,WFG3,WFG,3,12,5011,0.12051696317623932,0.3816356130903056,5.427235000000011
IVFNSGAIII,WFG3,WFG,3,12,5012,0.10994228821510646,0.38676191459661907,6.0502750000000045
IVFNSGAIII,WFG3,WFG,3,12,5013,0.08986915106108284,0.394574836150504,5.2650979999999965
IVFNSGAIII,WFG3,WFG,3,12,5014,0.09019909875698359,0.3905581992409521,6.0046779999999895
IVFNSGAIII,WFG3,WFG,3,12,5015,0.1319863625658374,0.37284560504693165,6.472624000000001
IVFNSGAIII,WFG3,WFG,3,12,5016,0.10127323495956146,0.38748805341014153,5.170600000000009
IVFNSGAIII,WFG3,WFG,3,12,5017,0.09227751372246865,0.39217824621991304,4.587311000000001
IVFNSGAIII,WFG3,WFG,3,12,5018,0.12185392560560442,0.37635621201820263,6.211783000000003
IVFNSGAIII,WFG3,WFG,3,12,5019,0.12027300616307311,0.3823849651961716,5.937366
IVFNSGAIII,WFG3,WFG,3,12,5020,0.0846847194213273,0.3931652906591763,4.541139999999998
IVFNSGAIII,WFG3,WFG,3,12,5021,0.11897798279169924,0.38307546438506423,6.345275999999991
IVFNSGAIII,WFG3,WFG,3,12,5022,0.09266406546289331,0.3881055600346653,6.843654000000002
IVFNSGAIII,WFG3,WFG,3,12,5023,0.10781037314271107,0.3851807180881876,6.029472000000009
IVFNSGAIII,WFG3,WFG,3,12,5024,0.09492744949962352,0.3918402410000469,5.717981000000005
IVFNSGAIII,WFG3,WFG,3,12,5025,0.12692135820900985,0.3761977553209965,5.268123999999989
IVFNSGAIII,WFG3,WFG,3,12,5026,0.11109283410604917,0.3885570939567609,4.742904999999998
IVFNSGAIII,WFG3,WFG,3,12,5027,0.12023152983746081,0.38560224188043724,5.497897999999999
IVFNSGAIII,WFG3,WFG,3,12,5028,0.11223171420021923,0.38127915475780627,5.005315999999994
IVFNSGAIII,WFG3,WFG,3,12,5029,0.1028280462521758,0.3858715823052765,4.120308000000005
IVFNSGAIII,WFG3,WFG,3,12,5030,0.08899636525838409,0.3936810594717229,4.851464000000002
IVFNSGAIII,WFG4,WFG,2,11,5001,0.012231764317931519,0.3472148872212087,4.061141999999996
IVFNSGAIII,WFG4,WFG,2,11,5002,0.012230785337093717,0.3472086125215543,3.4976559999999997
IVFNSGAIII,WFG4,WFG,2,11,5003,0.012231541891861916,0.3472130245701863,3.983793000000002
IVFNSGAIII,WFG4,WFG,2,11,5004,0.012234206652588396,0.34716227708452685,3.641679000000003
IVFNSGAIII,WFG4,WFG,2,11,5005,0.012234382590402926,0.347165083926238,4.0585179999999985
IVFNSGAIII,WFG4,WFG,2,11,5006,0.012232063967320838,0.3472119152806805,3.482629999999999
IVFNSGAIII,WFG4,WFG,2,11,5007,0.012232152502592282,0.34720257068845867,4.175082000000006
IVFNSGAIII,WFG4,WFG,2,11,5008,0.012236337355877654,0.347121578173958,3.493490000000008
IVFNSGAIII,WFG4,WFG,2,11,5009,0.012233163388399566,0.3472115590931989,4.380653999999999
IVFNSGAIII,WFG4,WFG,2,11,5010,0.012232922242443949,0.34721201663393736,3.2749400000000026
IVFNSGAIII,WFG4,WFG,2,11,5011,0.012231623958207384,0.347213052254447,4.1134390000000005
IVFNSGAIII,WFG4,WFG,2,11,5012,0.012234508996899544,0.34715429989102486,3.4503660000000016
IVFNSGAIII,WFG4,WFG,2,11,5013,0.012232165802072098,0.3472139341598477,4.328230999999998
IVFNSGAIII,WFG4,WFG,2,11,5014,0.012232198774752132,0.3472148519417344,3.2480490000000013
IVFNSGAIII,WFG4,WFG,2,11,5015,0.012232415517947764,0.34720392986392107,4.475126000000002
IVFNSGAIII,WFG4,WFG,2,11,5016,0.012232724922254388,0.3471509969303635,3.4181819999999994
IVFNSGAIII,WFG4,WFG,2,11,5017,0.012235199696465733,0.3471695313919555,3.7283499999999967
IVFNSGAIII,WFG4,WFG,2,11,5018,0.012231470435782266,0.3472143462872296,3.3431020000000027
IVFNSGAIII,WFG4,WFG,2,11,5019,0.012233545689545787,0.34716958646503393,4.6744160000000035
IVFNSGAIII,WFG4,WFG,2,11,5020,0.012231185288299747,0.3472150547991351,4.986086000000004
IVFNSGAIII,WFG4,WFG,2,11,5021,0.01225258361485962,0.3471742543825404,4.958836000000012
IVFNSGAIII,WFG4,WFG,2,11,5022,0.012233322659573645,0.3472091021257411,3.655
IVFNSGAIII,WFG4,WFG,2,11,5023,0.01223253169784315,0.3472137565865665,4.7347479999999935
IVFNSGAIII,WFG4,WFG,2,11,5024,0.012235574582330298,0.3471287018578481,3.6819499999999956
IVFNSGAIII,WFG4,WFG,2,11,5025,0.0122332547605011,0.3471918020216693,3.8514090000000016
IVFNSGAIII,WFG4,WFG,2,11,5026,0.012232140829089386,0.3472066612235897,3.731219000000003
IVFNSGAIII,WFG4,WFG,2,11,5027,0.012232081744732061,0.3471983554340561,4.270287000000001
IVFNSGAIII,WFG4,WFG,2,11,5028,0.012232187040394702,0.3472114052893698,3.4149879999999917
IVFNSGAIII,WFG4,WFG,2,11,5029,0.012232030878643392,0.3472079958780053,4.096604999999991
IVFNSGAIII,WFG4,WFG,2,11,5030,0.01223555123859505,0.34713049119024564,3.7626389999999934
IVFNSGAIII,WFG4,WFG,3,12,5001,0.22092012773199618,0.5588030758003834,6.28236100000001
IVFNSGAIII,WFG4,WFG,3,12,5002,0.22103770318831598,0.5583070113609166,4.575566000000006
IVFNSGAIII,WFG4,WFG,3,12,5003,0.22086502404972372,0.5587533655821673,5.037096999999997
IVFNSGAIII,WFG4,WFG,3,12,5004,0.22095628440605583,0.5588375940814319,4.2852340000000035
IVFNSGAIII,WFG4,WFG,3,12,5005,0.2209936242564463,0.5589068462927835,5.247243000000001
IVFNSGAIII,WFG4,WFG,3,12,5006,0.22090903154327032,0.5590532142161404,5.523425000000004
IVFNSGAIII,WFG4,WFG,3,12,5007,0.22102059019221065,0.5589305324503531,4.785832000000002
IVFNSGAIII,WFG4,WFG,3,12,5008,0.22095600040478058,0.5588046693497981,5.656078999999997
IVFNSGAIII,WFG4,WFG,3,12,5009,0.2208994300829553,0.5590687693975075,4.304419999999995
IVFNSGAIII,WFG4,WFG,3,12,5010,0.2208876926991272,0.5589154186624804,5.8611789999999955
IVFNSGAIII,WFG4,WFG,3,12,5011,0.2208661018131889,0.5588118291715257,4.153766999999999
IVFNSGAIII,WFG4,WFG,3,12,5012,0.22084359154452435,0.5589078314560789,4.541126
IVFNSGAIII,WFG4,WFG,3,12,5013,0.22093822629787624,0.5590295761889086,4.9965390000000065
IVFNSGAIII,WFG4,WFG,3,12,5014,0.22093105248674494,0.5589496791364169,5.672535000000004
IVFNSGAIII,WFG4,WFG,3,12,5015,0.22088319195085898,0.5588779914533554,4.348537000000003
IVFNSGAIII,WFG4,WFG,3,12,5016,0.2210706773861869,0.5591108781075926,6.101668999999992
IVFNSGAIII,WFG4,WFG,3,12,5017,0.22095178141689162,0.5589077892707859,4.371007000000005
IVFNSGAIII,WFG4,WFG,3,12,5018,0.22127123474268884,0.5584028096019559,5.527116000000001
IVFNSGAIII,WFG4,WFG,3,12,5019,0.22096384324742713,0.5590302355477083,6.6642880000000035
IVFNSGAIII,WFG4,WFG,3,12,5020,0.22099748375443212,0.5589040328773254,5.4102340000000035
IVFNSGAIII,WFG4,WFG,3,12,5021,0.2209389420388804,0.558942996950129,6.1289130000000025
IVFNSGAIII,WFG4,WFG,3,12,5022,0.22084963598717905,0.5588321049743032,5.153734999999997
IVFNSGAIII,WFG4,WFG,3,12,5023,0.22091433147747538,0.558980751251323,5.050859999999997
IVFNSGAIII,WFG4,WFG,3,12,5024,0.22093067571924446,0.5588214767852068,6.458791000000002
IVFNSGAIII,WFG4,WFG,3,12,5025,0.22088205891797807,0.5588425875820925,5.756346999999997
IVFNSGAIII,WFG4,WFG,3,12,5026,0.22091801593244725,0.5586508961783768,5.839281000000003
IVFNSGAIII,WFG4,WFG,3,12,5027,0.2210064509929876,0.5590628634904606,5.495712999999993
IVFNSGAIII,WFG4,WFG,3,12,5028,0.22102842823500388,0.5587539873207547,5.399404000000006
IVFNSGAIII,WFG4,WFG,3,12,5029,0.22088252056346538,0.5590607006636032,5.076953999999998
IVFNSGAIII,WFG4,WFG,3,12,5030,0.22087922545989194,0.5588315085574668,6.304085000000011
IVFNSGAIII,WFG5,WFG,2,11,5001,0.06337532708180053,0.31335640206925836,5.090088000000009
IVFNSGAIII,WFG5,WFG,2,11,5002,0.06336961426565049,0.31337817497215015,3.9718239999999962
IVFNSGAIII,WFG5,WFG,2,11,5003,0.06337409216241392,0.31337986822010455,4.518487000000002
IVFNSGAIII,WFG5,WFG,2,11,5004,0.06337215599429351,0.3133734985136126,4.298412000000004
IVFNSGAIII,WFG5,WFG,2,11,5005,0.06336886943384039,0.31338050877122187,3.6018479999999973
IVFNSGAIII,WFG5,WFG,2,11,5006,0.06337043001636611,0.31337478820615033,4.859264
IVFNSGAIII,WFG5,WFG,2,11,5007,0.0633706326343193,0.3133739309019329,4.046167999999995
IVFNSGAIII,WFG5,WFG,2,11,5008,0.06336974930472014,0.3133775097730507,3.5683209999999996
IVFNSGAIII,WFG5,WFG,2,11,5009,0.06336917333604629,0.3133795285957792,3.671168
IVFNSGAIII,WFG5,WFG,2,11,5010,0.06337214654277286,0.3133710489383007,5.670692000000004
IVFNSGAIII,WFG5,WFG,2,11,5011,0.0633716272548692,0.31337032954760924,4.237501999999991
IVFNSGAIII,WFG5,WFG,2,11,5012,0.06337094907247307,0.3133770903805754,4.518408999999999
IVFNSGAIII,WFG5,WFG,2,11,5013,0.06338014538902724,0.3133441987460282,3.6749020000000003
IVFNSGAIII,WFG5,WFG,2,11,5014,0.0633935689540898,0.31332327845599434,4.169246000000005
IVFNSGAIII,WFG5,WFG,2,11,5015,0.06337259899273691,0.3133667496512063,3.917176999999998
IVFNSGAIII,WFG5,WFG,2,11,5016,0.06337305589587319,0.31336486634818556,3.714967
IVFNSGAIII,WFG5,WFG,2,11,5017,0.06337160930886841,0.3133711012268771,4.339180999999997
IVFNSGAIII,WFG5,WFG,2,11,5018,0.0633704929222322,0.31337462716754894,3.9003649999999976
IVFNSGAIII,WFG5,WFG,2,11,5019,0.06337124843652032,0.31337251158773427,4.517351999999997
IVFNSGAIII,WFG5,WFG,2,11,5020,0.057574419385295804,0.31662169618694846,3.6761600000000016
IVFNSGAIII,WFG5,WFG,2,11,5021,0.06337237439212322,0.3133727173186739,3.750259999999999
IVFNSGAIII,WFG5,WFG,2,11,5022,0.0633748609609079,0.3133593514930215,5.575903000000004
IVFNSGAIII,WFG5,WFG,2,11,5023,0.06337035864455072,0.3133762161553909,4.1469010000000015
IVFNSGAIII,WFG5,WFG,2,11,5024,0.0633723975092915,0.31336980268242354,4.794958
IVFNSGAIII,WFG5,WFG,2,11,5025,0.06337021981857972,0.3133803981146046,4.837256
IVFNSGAIII,WFG5,WFG,2,11,5026,0.06337815547599004,0.3133761456393253,4.394746999999997
IVFNSGAIII,WFG5,WFG,2,11,5027,0.06336843166423366,0.31338232704837643,4.310998000000003
IVFNSGAIII,WFG5,WFG,2,11,5028,0.06337137094711537,0.3133719197336938,3.3618790000000036
IVFNSGAIII,WFG5,WFG,2,11,5029,0.06337066461262776,0.31337376371978265,4.023509000000008
IVFNSGAIII,WFG5,WFG,2,11,5030,0.06338260808737803,0.3133684083410582,3.7527630000000007
IVFNSGAIII,WFG5,WFG,3,12,5001,0.22987531037653658,0.5184296969840195,4.641925999999993
IVFNSGAIII,WFG5,WFG,3,12,5002,0.2299075091739262,0.5184539252842226,4.329846000000002
IVFNSGAIII,WFG5,WFG,3,12,5003,0.22986703867076705,0.5184489394698307,4.124601000000007
IVFNSGAIII,WFG5,WFG,3,12,5004,0.2299374751870071,0.5183704683803788,3.7575920000000056
IVFNSGAIII,WFG5,WFG,3,12,5005,0.22988457345786956,0.5184555982651269,4.320698000000006
IVFNSGAIII,WFG5,WFG,3,12,5006,0.22986344627575236,0.518437509179311,3.7045100000000035
IVFNSGAIII,WFG5,WFG,3,12,5007,0.22988443267516406,0.518439390892713,5.193672
IVFNSGAIII,WFG5,WFG,3,12,5008,0.22987737005240105,0.518432796466278,3.998447999999997
IVFNSGAIII,WFG5,WFG,3,12,5009,0.22988339844001565,0.5184353725937665,4.111753
IVFNSGAIII,WFG5,WFG,3,12,5010,0.22995222508494728,0.5183867190989775,3.5147650000000006
IVFNSGAIII,WFG5,WFG,3,12,5011,0.22989030783060435,0.5184355570539713,4.364739000000011
IVFNSGAIII,WFG5,WFG,3,12,5012,0.2298587115974965,0.5183924713286364,3.8541910000000006
IVFNSGAIII,WFG5,WFG,3,12,5013,0.2298658054530656,0.5184350079656876,4.404384999999997
IVFNSGAIII,WFG5,WFG,3,12,5014,0.22989378018842968,0.5184476858385462,3.7677540000000054
IVFNSGAIII,WFG5,WFG,3,12,5015,0.2299076858956576,0.5184068149804266,4.251892
IVFNSGAIII,WFG5,WFG,3,12,5016,0.22980084626491035,0.5183862804408316,4.882328000000004
IVFNSGAIII,WFG5,WFG,3,12,5017,0.22989282446891124,0.5184395713223723,4.504709000000002
IVFNSGAIII,WFG5,WFG,3,12,5018,0.22984677983653723,0.5184312881876972,3.401244000000003
IVFNSGAIII,WFG5,WFG,3,12,5019,0.2298792310195863,0.5183712921280789,4.202984999999997
IVFNSGAIII,WFG5,WFG,3,12,5020,0.22989420643572475,0.5184368746350474,5.833400999999996
IVFNSGAIII,WFG5,WFG,3,12,5021,0.2298418422327423,0.5184458822679966,4.217430000000006
IVFNSGAIII,WFG5,WFG,3,12,5022,0.22983964202896498,0.5183746078862491,4.400002999999999
IVFNSGAIII,WFG5,WFG,3,12,5023,0.22984593310315427,0.518444283997697,5.271825999999997
IVFNSGAIII,WFG5,WFG,3,12,5024,0.2298821163066622,0.5183919267640114,4.494761000000002
IVFNSGAIII,WFG5,WFG,3,12,5025,0.22989923092713677,0.5184448142348228,4.930511999999997
IVFNSGAIII,WFG5,WFG,3,12,5026,0.22986210613442343,0.5184298453258566,5.209053000000001
IVFNSGAIII,WFG5,WFG,3,12,5027,0.22986939863724506,0.518447203055143,4.831139999999997
IVFNSGAIII,WFG5,WFG,3,12,5028,0.2299423057597235,0.5184260918222169,3.48947
IVFNSGAIII,WFG5,WFG,3,12,5029,0.22989568303816207,0.5184519789460571,3.901339999999994
IVFNSGAIII,WFG5,WFG,3,12,5030,0.22993296241942718,0.5183453237337131,4.367464999999999
IVFNSGAIII,WFG6,WFG,2,11,5001,0.07437254125185078,0.30727436510443007,5.268179000000001
IVFNSGAIII,WFG6,WFG,2,11,5002,0.08322970506065328,0.3023982093040587,5.544730000000005
IVFNSGAIII,WFG6,WFG,2,11,5003,0.05856192234104192,0.31607090425521533,5.796711999999995
IVFNSGAIII,WFG6,WFG,2,11,5004,0.07211090193246573,0.30852473285171117,5.830123000000004
IVFNSGAIII,WFG6,WFG,2,11,5005,0.08870621163165272,0.29939819057694206,5.566412999999993
IVFNSGAIII,WFG6,WFG,2,11,5006,0.0699916732551713,0.30969865806355806,5.883985999999998
IVFNSGAIII,WFG6,WFG,2,11,5007,0.04764337423848938,0.32225450972456016,5.298147000000009
IVFNSGAIII,WFG6,WFG,2,11,5008,0.09065631452710958,0.29833148807774595,5.0467400000000024
IVFNSGAIII,WFG6,WFG,2,11,5009,0.07125116848441929,0.3090009582537964,5.440513
IVFNSGAIII,WFG6,WFG,2,11,5010,0.08715892236366986,0.30024443816952795,5.788322000000006
IVFNSGAIII,WFG6,WFG,2,11,5011,0.08790489393494924,0.29983628611923996,6.361240999999992
IVFNSGAIII,WFG6,WFG,2,11,5012,0.10413315585658658,0.2909954436142468,5.594695999999994
IVFNSGAIII,WFG6,WFG,2,11,5013,0.12282886119379591,0.2808950623693501,5.9983509999999995
IVFNSGAIII,WFG6,WFG,2,11,5014,0.047153978357258056,0.3225348175160538,6.295636999999998
IVFNSGAIII,WFG6,WFG,2,11,5015,0.08827813326001636,0.2996318744787656,5.400652000000001
IVFNSGAIII,WFG6,WFG,2,11,5016,0.09123025696023301,0.29801780175674397,5.327381999999992
IVFNSGAIII,WFG6,WFG,2,11,5017,0.07249773986190546,0.3083116689789402,5.276563999999987
IVFNSGAIII,WFG6,WFG,2,11,5018,0.05704460306900562,0.31692519051764745,5.23766600000001
IVFNSGAIII,WFG6,WFG,2,11,5019,0.07018917676224096,0.3095891196047025,5.920402000000004
IVFNSGAIII,WFG6,WFG,2,11,5020,0.07000632067478677,0.3096910927507123,5.631580000000002
IVFNSGAIII,WFG6,WFG,2,11,5021,0.05019267365616753,0.32080053200201375,6.039312000000002
IVFNSGAIII,WFG6,WFG,2,11,5022,0.08264087951811341,0.30272128182237357,5.322492999999991
IVFNSGAIII,WFG6,WFG,2,11,5023,0.07135525342575753,0.30894346046855214,5.943035999999998
IVFNSGAIII,WFG6,WFG,2,11,5024,0.06696687824205463,0.3113789536692098,5.891860000000004
IVFNSGAIII,WFG6,WFG,2,11,5025,0.10260772763668614,0.2918231999845263,3.8356060000000025
IVFNSGAIII,WFG6,WFG,2,11,5026,0.055524210532770166,0.3177801056385608,3.7790909999999975
IVFNSGAIII,WFG6,WFG,2,11,5027,0.07818391266173201,0.3051720610861261,4.184151000000003
IVFNSGAIII,WFG6,WFG,2,11,5028,0.06861785000313625,0.31046092144763193,4.194590000000007
IVFNSGAIII,WFG6,WFG,2,11,5029,0.06196255463947878,0.3141670717230359,3.7583040000000056
IVFNSGAIII,WFG6,WFG,2,11,5030,0.06174117132443987,0.31429154327756975,4.133161999999993
IVFNSGAIII,WFG6,WFG,3,12,5001,0.24268909252573376,0.49951580878455076,5.276153999999993
IVFNSGAIII,WFG6,WFG,3,12,5002,0.23188846203853763,0.5149472838304929,5.398825000000004
IVFNSGAIII,WFG6,WFG,3,12,5003,0.23401369529997523,0.5114762384103806,5.384795000000003
IVFNSGAIII,WFG6,WFG,3,12,5004,0.23595509030155784,0.5084746422340942,4.899025000000008
IVFNSGAIII,WFG6,WFG,3,12,5005,0.2294807947366415,0.5191908596461338,5.831545999999999
IVFNSGAIII,WFG6,WFG,3,12,5006,0.23492875682611997,0.510207214913313,6.182595000000004
IVFNSGAIII,WFG6,WFG,3,12,5007,0.23427625429192833,0.5110253103302397,4.513725999999996
IVFNSGAIII,WFG6,WFG,3,12,5008,0.230462135724383,0.517434835458698,5.835106000000001
IVFNSGAIII,WFG6,WFG,3,12,5009,0.22308594768443374,0.5350493839227897,4.855353999999997
IVFNSGAIII,WFG6,WFG,3,12,5010,0.234225437353884,0.5113695864553954,4.796570999999998
IVFNSGAIII,WFG6,WFG,3,12,5011,0.2253395652936739,0.5281570267397597,4.338785000000009
IVFNSGAIII,WFG6,WFG,3,12,5012,0.2285204313547913,0.5210681189959405,4.465731999999993
IVFNSGAIII,WFG6,WFG,3,12,5013,0.23774941548553324,0.5058199809052495,4.8076089999999985
IVFNSGAIII,WFG6,WFG,3,12,5014,0.2440880254490631,0.4973042639410404,5.167397999999993
IVFNSGAIII,WFG6,WFG,3,12,5015,0.22846830388014813,0.5211615058186017,4.388124999999997
IVFNSGAIII,WFG6,WFG,3,12,5016,0.2268252901124959,0.5247491228898477,5.105662000000002
IVFNSGAIII,WFG6,WFG,3,12,5017,0.2223474677132514,0.5370432059214167,4.694695999999998
IVFNSGAIII,WFG6,WFG,3,12,5018,0.22304478218586118,0.5346844821389722,4.451281000000001
IVFNSGAIII,WFG6,WFG,3,12,5019,0.23219270927579444,0.514605519947231,4.57722300000001
IVFNSGAIII,WFG6,WFG,3,12,5020,0.23090115775175651,0.5168027540404325,5.786873000000006
IVFNSGAIII,WFG6,WFG,3,12,5021,0.23104777301010243,0.5163636788512437,5.140340999999996
IVFNSGAIII,WFG6,WFG,3,12,5022,0.23523755986432937,0.5097817280542001,5.296826999999992
IVFNSGAIII,WFG6,WFG,3,12,5023,0.23278576167268256,0.5135363677555644,4.053260999999998
IVFNSGAIII,WFG6,WFG,3,12,5024,0.23438995738302829,0.5109450550699488,4.5616749999999975
IVFNSGAIII,WFG6,WFG,3,12,5025,0.22542712044048296,0.5279195697875118,5.629184999999995
IVFNSGAIII,WFG6,WFG,3,12,5026,0.22603922991489414,0.5264358136266976,4.757310000000006
IVFNSGAIII,WFG6,WFG,3,12,5027,0.23168049412338862,0.5154086211235647,5.038049999999998
IVFNSGAIII,WFG6,WFG,3,12,5028,0.22373140085308757,0.5325322121407657,5.4277479999999985
IVFNSGAIII,WFG6,WFG,3,12,5029,0.23685155303849217,0.5071143394745414,4.654977999999997
IVFNSGAIII,WFG6,WFG,3,12,5030,0.23279209771686332,0.5134449000178732,3.9276580000000005
IVFNSGAIII,WFG7,WFG,2,11,5001,0.012233133429217122,0.3471686274307795,5.10153100000001
IVFNSGAIII,WFG7,WFG,2,11,5002,0.012233938894316582,0.3471622946097087,3.7787679999999986
IVFNSGAIII,WFG7,WFG,2,11,5003,0.012237599213746262,0.347139751943969,3.932747
IVFNSGAIII,WFG7,WFG,2,11,5004,0.012233969253602742,0.34716590059087554,4.057703999999998
IVFNSGAIII,WFG7,WFG,2,11,5005,0.012236171288675766,0.34715008618822296,5.560255999999998
IVFNSGAIII,WFG7,WFG,2,11,5006,0.012232995994984485,0.347172599406476,4.810546000000003
IVFNSGAIII,WFG7,WFG,2,11,5007,0.012235712802013226,0.34716051468743686,3.841478999999999
IVFNSGAIII,WFG7,WFG,2,11,5008,0.012233359683164653,0.347176340035641,4.071239
IVFNSGAIII,WFG7,WFG,2,11,5009,0.012233235593408807,0.34717496631498157,5.045155
IVFNSGAIII,WFG7,WFG,2,11,5010,0.01223280431534141,0.3471878426421232,4.186365
IVFNSGAIII,WFG7,WFG,2,11,5011,0.012236415916867556,0.34714825430011675,4.357060000000004
IVFNSGAIII,WFG7,WFG,2,11,5012,0.012232646348219503,0.34718238367110843,3.8583860000000008
IVFNSGAIII,WFG7,WFG,2,11,5013,0.012235132219613355,0.3471604186864165,4.865646000000004
IVFNSGAIII,WFG7,WFG,2,11,5014,0.012232659212161563,0.34718523917539845,3.832554999999997
IVFNSGAIII,WFG7,WFG,2,11,5015,0.012232935250085696,0.3471874189363198,3.5243660000000014
IVFNSGAIII,WFG7,WFG,2,11,5016,0.01223473277569678,0.34716666475701474,4.313208000000004
IVFNSGAIII,WFG7,WFG,2,11,5017,0.012232433920860054,0.34718504212684914,4.633211999999998
IVFNSGAIII,WFG7,WFG,2,11,5018,0.012232912844724586,0.34717906148415845,4.2750089999999945
IVFNSGAIII,WFG7,WFG,2,11,5019,0.012232968889971196,0.347170432873878,4.452131000000002
IVFNSGAIII,WFG7,WFG,2,11,5020,0.012232643801755939,0.3471812136432409,3.8414049999999986
IVFNSGAIII,WFG7,WFG,2,11,5021,0.012233016407124252,0.3471726569013014,4.949631999999999
IVFNSGAIII,WFG7,WFG,2,11,5022,0.012233566668316945,0.34717578963447254,4.192073000000011
IVFNSGAIII,WFG7,WFG,2,11,5023,0.012236643826503536,0.3471390291235353,4.86802
IVFNSGAIII,WFG7,WFG,2,11,5024,0.012232221477948392,0.34718744047903105,4.0672630000000005
IVFNSGAIII,WFG7,WFG,2,11,5025,0.012234431219550632,0.34717330149982273,3.467189999999997
IVFNSGAIII,WFG7,WFG,2,11,5026,0.012234385573151511,0.34716133177396674,3.2269229999999993
IVFNSGAIII,WFG7,WFG,2,11,5027,0.012232508947577572,0.34718385592254286,3.555115
IVFNSGAIII,WFG7,WFG,2,11,5028,0.01223366317497267,0.34716810862018865,4.072969
IVFNSGAIII,WFG7,WFG,2,11,5029,0.01223533630911494,0.3471472526821906,4.013770999999999
IVFNSGAIII,WFG7,WFG,2,11,5030,0.012234281454476194,0.34715817170598756,3.774555000000001
IVFNSGAIII,WFG7,WFG,3,12,5001,0.22105593778288907,0.558627391562155,5.473984999999988
IVFNSGAIII,WFG7,WFG,3,12,5002,0.2210407074635863,0.5587752430327352,5.126332999999991
IVFNSGAIII,WFG7,WFG,3,12,5003,0.2212240321225123,0.5582501780347702,5.084994000000001
IVFNSGAIII,WFG7,WFG,3,12,5004,0.22100599223812376,0.5586446522784118,5.741755
IVFNSGAIII,WFG7,WFG,3,12,5005,0.2210577693629795,0.5586563721204084,5.424376000000008
IVFNSGAIII,WFG7,WFG,3,12,5006,0.22107695711489497,0.5584966836946134,5.2265109999999995
IVFNSGAIII,WFG7,WFG,3,12,5007,0.221066220513316,0.5586660815451305,3.6283680000000014
IVFNSGAIII,WFG7,WFG,3,12,5008,0.22101400090552561,0.5585081541715848,5.093624000000001
IVFNSGAIII,WFG7,WFG,3,12,5009,0.22115188756320123,0.5584657657699024,4.448955000000001
IVFNSGAIII,WFG7,WFG,3,12,5010,0.22109957800999067,0.5585775387888978,5.1176410000000025
IVFNSGAIII,WFG7,WFG,3,12,5011,0.2210644878528315,0.5581431686954793,3.9470860000000028
IVFNSGAIII,WFG7,WFG,3,12,5012,0.22110603654571157,0.5585605772773639,5.351744999999996
IVFNSGAIII,WFG7,WFG,3,12,5013,0.2210223907627805,0.5587181820337014,3.4549069999999964
IVFNSGAIII,WFG7,WFG,3,12,5014,0.2210044926355062,0.5587048750542354,5.551987999999999
IVFNSGAIII,WFG7,WFG,3,12,5015,0.22118654418301728,0.558297728989107,3.450823000000004
IVFNSGAIII,WFG7,WFG,3,12,5016,0.22103729211067447,0.5584871500799663,5.260016999999993
IVFNSGAIII,WFG7,WFG,3,12,5017,0.22118444467110987,0.5584371615522136,3.2995170000000016
IVFNSGAIII,WFG7,WFG,3,12,5018,0.22107708460374348,0.5585716823931969,6.1356130000000135
IVFNSGAIII,WFG7,WFG,3,12,5019,0.2211182261574851,0.558282721346266,3.9666919999999997
IVFNSGAIII,WFG7,WFG,3,12,5020,0.22112087615216205,0.5586259712307283,3.871758999999999
IVFNSGAIII,WFG7,WFG,3,12,5021,0.22101696778705102,0.5585195330816017,3.6098989999999995
IVFNSGAIII,WFG7,WFG,3,12,5022,0.22110990029942382,0.5582181646085392,4.421353000000007
IVFNSGAIII,WFG7,WFG,3,12,5023,0.22097802533942068,0.5587718900579137,3.6562309999999982
IVFNSGAIII,WFG7,WFG,3,12,5024,0.22110894204987872,0.5583999958101614,4.556880000000006
IVFNSGAIII,WFG7,WFG,3,12,5025,0.22105792512064723,0.5585605668363733,4.3482829999999995
IVFNSGAIII,WFG7,WFG,3,12,5026,0.2210808751423237,0.5584843795686003,5.249447000000002
IVFNSGAIII,WFG7,WFG,3,12,5027,0.22106749132737508,0.5587163075803735,5.067558000000001
IVFNSGAIII,WFG7,WFG,3,12,5028,0.22107310230230945,0.5586526139517525,4.356483999999997
IVFNSGAIII,WFG7,WFG,3,12,5029,0.22107791943093794,0.5583448996093501,5.359437000000001
IVFNSGAIII,WFG7,WFG,3,12,5030,0.22123798387421367,0.5580184318087827,4.5205290000000025
IVFNSGAIII,WFG8,WFG,2,11,5001,0.10486016843189416,0.2910509709186891,4.433820999999992
IVFNSGAIII,WFG8,WFG,2,11,5002,0.10644619731292937,0.2903667109427867,3.9272989999999925
IVFNSGAIII,WFG8,WFG,2,11,5003,0.10597547258742013,0.2905331936329627,4.889007000000002
IVFNSGAIII,WFG8,WFG,2,11,5004,0.10718709855649054,0.28995236006256964,4.338597000000002
IVFNSGAIII,WFG8,WFG,2,11,5005,0.10701512128257377,0.2900215966760852,5.212418999999989
IVFNSGAIII,WFG8,WFG,2,11,5006,0.10655113293895033,0.29024592708742375,5.459202999999998
IVFNSGAIII,WFG8,WFG,2,11,5007,0.10757132141110323,0.2897911450003223,3.844609000000001
IVFNSGAIII,WFG8,WFG,2,11,5008,0.10654744173571448,0.29026620897772953,3.805422999999997
IVFNSGAIII,WFG8,WFG,2,11,5009,0.1040917732665941,0.29158933956638344,3.9686210000000006
IVFNSGAIII,WFG8,WFG,2,11,5010,0.10544602836966219,0.29093234536061346,5.369814999999996
IVFNSGAIII,WFG8,WFG,2,11,5011,0.10771814234960343,0.2898624369191308,4.245811999999996
IVFNSGAIII,WFG8,WFG,2,11,5012,0.10569370316179805,0.2906863767289276,4.740195000000006
IVFNSGAIII,WFG8,WFG,2,11,5013,0.10672684761905928,0.290153025831206,4.168583999999995
IVFNSGAIII,WFG8,WFG,2,11,5014,0.10677399093402036,0.2901421383582602,4.904904
IVFNSGAIII,WFG8,WFG,2,11,5015,0.10617269939567715,0.2905539314540535,3.7886580000000016
IVFNSGAIII,WFG8,WFG,2,11,5016,0.10627843085117757,0.29043163542252204,3.8698520000000025
IVFNSGAIII,WFG8,WFG,2,11,5017,0.10556277151872769,0.29070003554526885,3.826884999999999
IVFNSGAIII,WFG8,WFG,2,11,5018,0.10627762966656994,0.2904293931925399,3.8706029999999987
IVFNSGAIII,WFG8,WFG,2,11,5019,0.10655290458205305,0.29026441749588183,4.641501999999998
IVFNSGAIII,WFG8,WFG,2,11,5020,0.1068464154064518,0.2901332334085787,4.345154999999998
IVFNSGAIII,WFG8,WFG,2,11,5021,0.10507511588937728,0.29094454631328925,3.869834000000001
IVFNSGAIII,WFG8,WFG,2,11,5022,0.10715488740638397,0.2899258909921389,4.397345000000005
IVFNSGAIII,WFG8,WFG,2,11,5023,0.10632884408442865,0.2903120827792275,4.940518000000006
IVFNSGAIII,WFG8,WFG,2,11,5024,0.1071507555881918,0.2899035255758358,4.0862760000000025
IVFNSGAIII,WFG8,WFG,2,11,5025,0.10586325650435265,0.29063882442210587,3.8999290000000046
IVFNSGAIII,WFG8,WFG,2,11,5026,0.10854248492515553,0.28930874125756284,5.129322999999999
IVFNSGAIII,WFG8,WFG,2,11,5027,0.10547279992017611,0.2907843786170044,4.360244999999995
IVFNSGAIII,WFG8,WFG,2,11,5028,0.1072999217320398,0.28987539661934486,3.9210520000000004
IVFNSGAIII,WFG8,WFG,2,11,5029,0.1055064072877592,0.29078849047686606,5.064531000000002
IVFNSGAIII,WFG8,WFG,2,11,5030,0.10593514789204085,0.29049898450419454,4.382753000000001
IVFNSGAIII,WFG8,WFG,3,12,5001,0.2761831677682145,0.4740401856692271,4.571315000000002
IVFNSGAIII,WFG8,WFG,3,12,5002,0.28301564033816856,0.4725512541680504,5.814186000000001
IVFNSGAIII,WFG8,WFG,3,12,5003,0.27656737495992806,0.474550821516523,4.634094999999998
IVFNSGAIII,WFG8,WFG,3,12,5004,0.27536646260800984,0.47462530196732666,4.44937
IVFNSGAIII,WFG8,WFG,3,12,5005,0.2785450157771627,0.4763829856408773,4.882034999999995
IVFNSGAIII,WFG8,WFG,3,12,5006,0.2774330579336634,0.4751134961057522,4.363280999999997
IVFNSGAIII,WFG8,WFG,3,12,5007,0.2765972326863053,0.47458078433778556,5.089987999999995
IVFNSGAIII,WFG8,WFG,3,12,5008,0.27821348055481443,0.47392508706153724,5.268621000000001
IVFNSGAIII,WFG8,WFG,3,12,5009,0.2797861169502779,0.47096999966951175,4.185481000000003
IVFNSGAIII,WFG8,WFG,3,12,5010,0.27629501083990804,0.4750353091090456,4.489004
IVFNSGAIII,WFG8,WFG,3,12,5011,0.27586567717434823,0.47490489352784937,3.919227999999996
IVFNSGAIII,WFG8,WFG,3,12,5012,0.27885535813927587,0.47293276628157105,4.460634999999999
IVFNSGAIII,WFG8,WFG,3,12,5013,0.2795063643729716,0.4734837099565383,3.5639219999999923
IVFNSGAIII,WFG8,WFG,3,12,5014,0.27900931508176147,0.47402061835829146,4.247319999999997
IVFNSGAIII,WFG8,WFG,3,12,5015,0.2819759193614385,0.4724714282449251,4.446520000000003
IVFNSGAIII,WFG8,WFG,3,12,5016,0.2811097523731694,0.4730580958802921,5.4730510000000026
IVFNSGAIII,WFG8,WFG,3,12,5017,0.2794764203765572,0.4720433747372617,3.9394110000000055
IVFNSGAIII,WFG8,WFG,3,12,5018,0.2792572835449171,0.4732649718942055,4.807361
IVFNSGAIII,WFG8,WFG,3,12,5019,0.2790770126046697,0.4728122047555548,4.4874149999999995
IVFNSGAIII,WFG8,WFG,3,12,5020,0.2779609258172052,0.4747775046890589,4.480911000000007
IVFNSGAIII,WFG8,WFG,3,12,5021,0.27921386947345533,0.47246726918027604,4.581749000000003
IVFNSGAIII,WFG8,WFG,3,12,5022,0.28409972035992037,0.47337326782751915,3.7208440000000014
IVFNSGAIII,WFG8,WFG,3,12,5023,0.27630219940301604,0.4742901222664108,3.811578000000003
IVFNSGAIII,WFG8,WFG,3,12,5024,0.2759610814484655,0.4751704357744293,5.313626999999998
IVFNSGAIII,WFG8,WFG,3,12,5025,0.2792241900241951,0.4733931484019399,4.3654129999999975
IVFNSGAIII,WFG8,WFG,3,12,5026,0.2787819945952296,0.47391184350644155,5.497793000000009
IVFNSGAIII,WFG8,WFG,3,12,5027,0.2730949771784674,0.47610561249787836,3.558813999999999
IVFNSGAIII,WFG8,WFG,3,12,5028,0.2835111642229628,0.4728856828435439,4.006148000000005
IVFNSGAIII,WFG8,WFG,3,12,5029,0.2859019575181434,0.47058173898308364,3.4537380000000044
IVFNSGAIII,WFG8,WFG,3,12,5030,0.28050115562075356,0.4727397320793082,3.8808839999999996
IVFNSGAIII,WFG9,WFG,2,11,5001,0.014996756263999652,0.34313551558034383,3.0030619999999972
IVFNSGAIII,WFG9,WFG,2,11,5002,0.014583885579989547,0.3435296473830173,3.7628250000000056
IVFNSGAIII,WFG9,WFG,2,11,5003,0.01652613355735469,0.3417850851235017,3.158396000000002
IVFNSGAIII,WFG9,WFG,2,11,5004,0.014576709606346128,0.34351516982406693,3.4863340000000007
IVFNSGAIII,WFG9,WFG,2,11,5005,0.017500648394715494,0.3409908026914993,2.960199000000001
IVFNSGAIII,WFG9,WFG,2,11,5006,0.014853949031699412,0.34324088022786825,3.1979159999999967
IVFNSGAIII,WFG9,WFG,2,11,5007,0.01460628434847181,0.34344699557864233,3.492129000000002
IVFNSGAIII,WFG9,WFG,2,11,5008,0.014747781496340292,0.34335329624364713,3.549925000000003
IVFNSGAIII,WFG9,WFG,2,11,5009,0.01685951481393086,0.341513329517081,4.2346630000000065
IVFNSGAIII,WFG9,WFG,2,11,5010,0.017561922120263414,0.3409231170418794,3.6800330000000008
IVFNSGAIII,WFG9,WFG,2,11,5011,0.01832748017925316,0.340362109941199,4.381456999999999
IVFNSGAIII,WFG9,WFG,2,11,5012,0.014808032885591018,0.3439874109015769,3.723495999999998
IVFNSGAIII,WFG9,WFG,2,11,5013,0.014363659368664586,0.34370084774431114,3.5331679999999963
IVFNSGAIII,WFG9,WFG,2,11,5014,0.014115663158673323,0.3440589195422385,3.6810730000000023
IVFNSGAIII,WFG9,WFG,2,11,5015,0.014440945875436107,0.34365189752618974,3.71123
IVFNSGAIII,WFG9,WFG,2,11,5016,0.01618522966953338,0.3420443984680918,3.687237000000007
IVFNSGAIII,WFG9,WFG,2,11,5017,0.0160837970277375,0.3421492077335765,4.560822000000002
IVFNSGAIII,WFG9,WFG,2,11,5018,0.015193421222525856,0.34293570040381444,3.5423529999999954
IVFNSGAIII,WFG9,WFG,2,11,5019,0.014438288995417997,0.3436518956730727,4.064426999999997
IVFNSGAIII,WFG9,WFG,2,11,5020,0.016857775102766856,0.34152294845326625,5.270651999999997
IVFNSGAIII,WFG9,WFG,2,11,5021,0.01463427624391751,0.34344527818514703,4.636108000000002
IVFNSGAIII,WFG9,WFG,2,11,5022,0.014721028118969545,0.3434081187837783,4.115346999999996
IVFNSGAIII,WFG9,WFG,2,11,5023,0.013643146411480157,0.3445222987317117,4.084595999999989
IVFNSGAIII,WFG9,WFG,2,11,5024,0.013449813806136012,0.34473651874617645,4.421197999999997
IVFNSGAIII,WFG9,WFG,2,11,5025,0.015145016424165507,0.34294346382987134,3.9822130000000024
IVFNSGAIII,WFG9,WFG,2,11,5026,0.013703372906641533,0.34443821125536,4.182089000000006
IVFNSGAIII,WFG9,WFG,2,11,5027,0.015256217680966125,0.3429045471625923,4.3263280000000055
IVFNSGAIII,WFG9,WFG,2,11,5028,0.01412556872550497,0.34397221583575555,4.040728999999995
IVFNSGAIII,WFG9,WFG,2,11,5029,0.014158244348261692,0.34374814983262314,4.651957000000001
IVFNSGAIII,WFG9,WFG,2,11,5030,0.014604664645517011,0.34350519376579514,4.703197999999992
IVFNSGAIII,WFG9,WFG,3,12,5001,0.22357168252385942,0.5333914119347773,5.041724000000009
IVFNSGAIII,WFG9,WFG,3,12,5002,0.22086241357108155,0.5403358875786193,4.107056000000002
IVFNSGAIII,WFG9,WFG,3,12,5003,0.22094875642324824,0.5401498335736162,5.487520000000007
IVFNSGAIII,WFG9,WFG,3,12,5004,0.22224442761656418,0.5388426582887894,4.2655959999999915
IVFNSGAIII,WFG9,WFG,3,12,5005,0.22104698028686068,0.5388236932576603,4.046297999999996
IVFNSGAIII,WFG9,WFG,3,12,5006,0.22199862700506356,0.5384626422869565,4.675179
IVFNSGAIII,WFG9,WFG,3,12,5007,0.22230629167361157,0.5381615473492215,4.043770999999996
IVFNSGAIII,WFG9,WFG,3,12,5008,0.22168978898509803,0.5387599706640367,4.50522900000001
IVFNSGAIII,WFG9,WFG,3,12,5009,0.22130391538057287,0.5396724445649916,3.9796209999999963
IVFNSGAIII,WFG9,WFG,3,12,5010,0.21975863339099,0.5400943151743313,4.816765000000001
IVFNSGAIII,WFG9,WFG,3,12,5011,0.21992476633101163,0.541937479092764,4.200994000000002
IVFNSGAIII,WFG9,WFG,3,12,5012,0.22090321345420855,0.5381219054507065,4.593796000000001
IVFNSGAIII,WFG9,WFG,3,12,5013,0.22110805466458353,0.5380626381561734,4.732181000000001
IVFNSGAIII,WFG9,WFG,3,12,5014,0.22088964765018831,0.5389610395768125,4.339635
IVFNSGAIII,WFG9,WFG,3,12,5015,0.22078742557106312,0.5380350082812309,4.562746000000001
IVFNSGAIII,WFG9,WFG,3,12,5016,0.22113468915116885,0.535713007796492,4.095825999999998
IVFNSGAIII,WFG9,WFG,3,12,5017,0.22081157052286657,0.5406670035628461,4.152174
IVFNSGAIII,WFG9,WFG,3,12,5018,0.2213641997029513,0.5398487701567543,4.649712000000006
IVFNSGAIII,WFG9,WFG,3,12,5019,0.22103990280402433,0.5396498436992291,6.036023999999987
IVFNSGAIII,WFG9,WFG,3,12,5020,0.2216786979358904,0.538035855222315,5.964102999999994
IVFNSGAIII,WFG9,WFG,3,12,5021,0.22002402315283348,0.5393503348491447,4.706682999999998
IVFNSGAIII,WFG9,WFG,3,12,5022,0.2220468524233037,0.5365019775301051,4.401160999999995
IVFNSGAIII,WFG9,WFG,3,12,5023,0.2211744966183898,0.5377552519722573,4.393079999999996
IVFNSGAIII,WFG9,WFG,3,12,5024,0.22196664897013874,0.5386734015451005,4.562943999999999
IVFNSGAIII,WFG9,WFG,3,12,5025,0.22063704777620374,0.5363657531107331,4.654503000000006
IVFNSGAIII,WFG9,WFG,3,12,5026,0.220654464252373,0.542968555566662,5.468516000000009
IVFNSGAIII,WFG9,WFG,3,12,5027,0.2220464617505354,0.5391827879175581,4.23786000000001
IVFNSGAIII,WFG9,WFG,3,12,5028,0.22140190550431382,0.5374507399207447,4.846717999999992
IVFNSGAIII,WFG9,WFG,3,12,5029,0.2198701373550403,0.5405179636809984,5.071487000000001
IVFNSGAIII,WFG9,WFG,3,12,5030,0.22095328480037335,0.5395985114374605,4.424284999999995
IVFNSGAIII,ZDT1,ZDT,2,30,5001,0.0038879219037060487,0.7203053103851497,7.834009
IVFNSGAIII,ZDT1,ZDT,2,30,5002,0.0038879266476310854,0.7203052692736296,7.262233000000003
IVFNSGAIII,ZDT1,ZDT,2,30,5003,0.0038879836316408857,0.7203051431560785,6.239936000000005
IVFNSGAIII,ZDT1,ZDT,2,30,5004,0.00388796434786768,0.7203049999397555,7.871728999999989
IVFNSGAIII,ZDT1,ZDT,2,30,5005,0.003887997186047335,0.7203051009629828,5.946023999999999
IVFNSGAIII,ZDT1,ZDT,2,30,5006,0.003887981170852022,0.7203051891547855,7.246068999999999
IVFNSGAIII,ZDT1,ZDT,2,30,5007,0.003887938313924183,0.7203052711570542,4.426895000000002
IVFNSGAIII,ZDT1,ZDT,2,30,5008,0.00388791410966124,0.7203053464027542,4.003305000000007
IVFNSGAIII,ZDT1,ZDT,2,30,5009,0.0038879079840582927,0.7203053767128921,5.622947999999994
IVFNSGAIII,ZDT1,ZDT,2,30,5010,0.003887967700163589,0.7203052218113701,5.843090000000011
IVFNSGAIII,ZDT1,ZDT,2,30,5011,0.0038879322985501405,0.720305270129442,3.7103699999999975
IVFNSGAIII,ZDT1,ZDT,2,30,5012,0.003887963798090062,0.7203051923358705,5.248752000000002
IVFNSGAIII,ZDT1,ZDT,2,30,5013,0.0038879323320302546,0.7203053341312983,4.823942000000001
IVFNSGAIII,ZDT1,ZDT,2,30,5014,0.003887831931936758,0.7203055921013521,5.695118999999994
IVFNSGAIII,ZDT1,ZDT,2,30,5015,0.0038879430897093598,0.7203052688962865,5.160482999999993
IVFNSGAIII,ZDT1,ZDT,2,30,5016,0.003887935776040389,0.7203053029974013,5.6436389999999985
IVFNSGAIII,ZDT1,ZDT,2,30,5017,0.003887952865248183,0.720305244056932,3.8636709999999983
IVFNSGAIII,ZDT1,ZDT,2,30,5018,0.0038878870924564084,0.7203052475661789,5.5971179999999885
IVFNSGAIII,ZDT1,ZDT,2,30,5019,0.0038878886563463552,0.7203054156845914,4.082634000000003
IVFNSGAIII,ZDT1,ZDT,2,30,5020,0.004141004815561386,0.7200030754697911,3.9395259999999976
IVFNSGAIII,ZDT1,ZDT,2,30,5021,0.003886433913291713,0.7203091606313607,3.852781999999998
IVFNSGAIII,ZDT1,ZDT,2,30,5022,0.003887822705205695,0.7203056077443369,4.572413000000004
IVFNSGAIII,ZDT1,ZDT,2,30,5023,0.003888005771621335,0.7203050816970293,5.090386000000001
IVFNSGAIII,ZDT1,ZDT,2,30,5024,0.003888019153020244,0.7203050763710166,5.044789000000009
IVFNSGAIII,ZDT1,ZDT,2,30,5025,0.003887983690314225,0.7203050968362189,4.495926000000004
IVFNSGAIII,ZDT1,ZDT,2,30,5026,0.0038865652795830002,0.7203087630060299,3.8503489999999987
IVFNSGAIII,ZDT1,ZDT,2,30,5027,0.0038879642892959104,0.7203051219180643,3.385939999999999
IVFNSGAIII,ZDT1,ZDT,2,30,5028,0.0038880002225108058,0.7203050932126945,2.98274
IVFNSGAIII,ZDT1,ZDT,2,30,5029,0.003887839989288112,0.720305565130241,3.082376000000008
IVFNSGAIII,ZDT1,ZDT,2,30,5030,0.0038879203367606897,0.7203053595164525,2.966714000000001
IVFNSGAIII,ZDT2,ZDT,2,30,5001,0.0038069563298718224,0.4450337882489673,6.825113000000013
IVFNSGAIII,ZDT2,ZDT,2,30,5002,0.003806954328044803,0.4450337833493695,5.298088000000009
IVFNSGAIII,ZDT2,ZDT,2,30,5003,0.003806958195453185,0.4450337819906578,5.863294999999989
IVFNSGAIII,ZDT2,ZDT,2,30,5004,0.0038069582243287835,0.4450337830042513,6.4217220000000115
IVFNSGAIII,ZDT2,ZDT,2,30,5005,0.003806962914938482,0.4450337680733501,7.546598000000003
IVFNSGAIII,ZDT2,ZDT,2,30,5006,0.0038069704859781,0.445033778541351,5.633038000000002
IVFNSGAIII,ZDT2,ZDT,2,30,5007,0.003806963669591157,0.4450337850043292,3.805207999999999
IVFNSGAIII,ZDT2,ZDT,2,30,5008,0.0038069710387569644,0.44503377267925376,6.538401999999995
IVFNSGAIII,ZDT2,ZDT,2,30,5009,0.003806963398730436,0.4450337805394982,4.956906
IVFNSGAIII,ZDT2,ZDT,2,30,5010,0.00380696056388213,0.4450337860909778,6.664112000000003
IVFNSGAIII,ZDT2,ZDT,2,30,5011,0.003806959082803943,0.4450337890413704,4.548066000000003
IVFNSGAIII,ZDT2,ZDT,2,30,5012,0.003806961664934859,0.44503378143683014,5.504237000000002
IVFNSGAIII,ZDT2,ZDT,2,30,5013,0.0038069664189164785,0.44503377847924197,5.185625
IVFNSGAIII,ZDT2,ZDT,2,30,5014,0.0038069692297450944,0.4450337762928412,4.989943000000008
IVFNSGAIII,ZDT2,ZDT,2,30,5015,0.00380696955966425,0.44503378078644656,4.338726999999993
IVFNSGAIII,ZDT2,ZDT,2,30,5016,0.0038069599155024876,0.44503378174368113,5.0878999999999985
IVFNSGAIII,ZDT2,ZDT,2,30,5017,0.00380696001306724,0.4450337914337528,3.8503960000000026
IVFNSGAIII,ZDT2,ZDT,2,30,5018,0.0038069649805213593,0.4450337828086068,6.165375
IVFNSGAIII,ZDT2,ZDT,2,30,5019,0.0038069647786054873,0.4450337746819357,4.549413999999996
IVFNSGAIII,ZDT2,ZDT,2,30,5020,0.003806960898343235,0.44503378420396034,4.8660200000000176
IVFNSGAIII,ZDT2,ZDT,2,30,5021,0.003806955612606669,0.44503378301006824,4.689003999999998
IVFNSGAIII,ZDT2,ZDT,2,30,5022,0.0038069668550071854,0.4450337809892489,3.9625120000000007
IVFNSGAIII,ZDT2,ZDT,2,30,5023,0.003806965355344971,0.4450337779516317,4.8772540000000015
IVFNSGAIII,ZDT2,ZDT,2,30,5024,0.0038069623338717294,0.4450337702787596,4.775027000000002
IVFNSGAIII,ZDT2,ZDT,2,30,5025,0.0038069685560777372,0.44503347347217914,4.091213999999996
IVFNSGAIII,ZDT2,ZDT,2,30,5026,0.0038069622793723682,0.44503376850672927,3.8881509999999997
IVFNSGAIII,ZDT2,ZDT,2,30,5027,0.0038069572074251965,0.44503378356943807,4.533980000000001
IVFNSGAIII,ZDT2,ZDT,2,30,5028,0.0038069592820623634,0.4450337861127089,3.911222999999999
IVFNSGAIII,ZDT2,ZDT,2,30,5029,0.0038069643051864928,0.4450337812835091,3.668006000000003
IVFNSGAIII,ZDT2,ZDT,2,30,5030,0.0038069671424445354,0.44503378242658675,3.833991000000002
IVFNSGAIII,ZDT3,ZDT,2,30,5001,0.006297045466933678,0.5987101100047002,7.510543999999999
IVFNSGAIII,ZDT3,ZDT,2,30,5002,0.0059764582390196015,0.5988691199507495,6.7997570000000005
IVFNSGAIII,ZDT3,ZDT,2,30,5003,0.006331504208772845,0.5986872479400284,8.14667200000001
IVFNSGAIII,ZDT3,ZDT,2,30,5004,0.006143355396093513,0.5987623372953416,6.892260000000011
IVFNSGAIII,ZDT3,ZDT,2,30,5005,0.006212278552129362,0.5987073908815171,6.43803299999999
IVFNSGAIII,ZDT3,ZDT,2,30,5006,0.006234675890375977,0.5987487711688664,6.404519000000002
IVFNSGAIII,ZDT3,ZDT,2,30,5007,0.0060221703313419125,0.5990610564331041,4.759952000000008
IVFNSGAIII,ZDT3,ZDT,2,30,5008,0.005863590368058091,0.5988536950767288,4.696005
IVFNSGAIII,ZDT3,ZDT,2,30,5009,0.00590029498998393,0.5990830842364392,4.955703000000003
IVFNSGAIII,ZDT3,ZDT,2,30,5010,0.006064826875916349,0.5990767880803465,5.215618999999998
IVFNSGAIII,ZDT3,ZDT,2,30,5011,0.0057256020558534675,0.5992213707234465,4.208744999999998
IVFNSGAIII,ZDT3,ZDT,2,30,5012,0.006076503820720268,0.5987635859557034,5.513236999999995
IVFNSGAIII,ZDT3,ZDT,2,30,5013,0.006094748837273599,0.5987741239170712,5.0758670000000015
IVFNSGAIII,ZDT3,ZDT,2,30,5014,0.005958963441564949,0.5988380263131825,5.176676000000001
IVFNSGAIII,ZDT3,ZDT,2,30,5015,0.005927362455783744,0.598860686224873,4.160487000000005
IVFNSGAIII,ZDT3,ZDT,2,30,5016,0.005816210355160946,0.5989132504500855,4.879453000000001
IVFNSGAIII,ZDT3,ZDT,2,30,5017,0.005832425783290497,0.5993372406696964,3.8266729999999956
IVFNSGAIII,ZDT3,ZDT,2,30,5018,0.005779441853087733,0.5989039103692438,5.9936150000000055
IVFNSGAIII,ZDT3,ZDT,2,30,5019,0.006102983642628623,0.5988306019958473,5.243445
IVFNSGAIII,ZDT3,ZDT,2,30,5020,0.00610083874595784,0.5987676973327609,4.6573000000000055
IVFNSGAIII,ZDT3,ZDT,2,30,5021,0.006152682307094695,0.5987417115613821,4.750363000000008
IVFNSGAIII,ZDT3,ZDT,2,30,5022,0.006376160684446307,0.598679780935878,4.733568
IVFNSGAIII,ZDT3,ZDT,2,30,5023,0.005857897136730833,0.5988152215971777,4.629695999999998
IVFNSGAIII,ZDT3,ZDT,2,30,5024,0.00631304260849275,0.5987385638674504,5.572792999999998
IVFNSGAIII,ZDT3,ZDT,2,30,5025,0.006304713291004721,0.5989341743973906,4.531902999999998
IVFNSGAIII,ZDT3,ZDT,2,30,5026,0.006266276350776784,0.5987134993105424,4.235787000000001
IVFNSGAIII,ZDT3,ZDT,2,30,5027,0.006068513814154371,0.5987401372852652,4.189648000000004
IVFNSGAIII,ZDT3,ZDT,2,30,5028,0.006195311109066307,0.5987209074626283,4.037158999999994
IVFNSGAIII,ZDT3,ZDT,2,30,5029,0.006209040610624871,0.5987323991898855,3.9521429999999977
IVFNSGAIII,ZDT3,ZDT,2,30,5030,0.006059722009024413,0.5988191430962195,2.722351999999998
IVFNSGAIII,ZDT4,ZDT,2,10,5001,0.0038879276495974308,0.7203049044080483,4.164268999999998
IVFNSGAIII,ZDT4,ZDT,2,10,5002,0.003922551958700011,0.7198847766566348,4.199882000000001
IVFNSGAIII,ZDT4,ZDT,2,10,5003,0.003911029488653078,0.7200098649779695,4.139254
IVFNSGAIII,ZDT4,ZDT,2,10,5004,0.0038920177011252536,0.7201695359089211,3.749135999999998
IVFNSGAIII,ZDT4,ZDT,2,10,5005,0.0038878877989599317,0.720289564776414,3.9580979999999957
IVFNSGAIII,ZDT4,ZDT,2,10,5006,0.0038878723663889224,0.720284934620746,3.9637439999999984
IVFNSGAIII,ZDT4,ZDT,2,10,5007,0.003887877545800427,0.7202905007789241,4.359423000000003
IVFNSGAIII,ZDT4,ZDT,2,10,5008,0.0038991857534507084,0.7200758946863777,3.6622010000000027
IVFNSGAIII,ZDT4,ZDT,2,10,5009,0.003888513892426556,0.7202511425262531,4.252563000000006
IVFNSGAIII,ZDT4,ZDT,2,10,5010,0.0038926105714970328,0.7202166972981072,4.174736000000003
IVFNSGAIII,ZDT4,ZDT,2,10,5011,0.0038879824904373373,0.7202879202283086,4.072958999999999
IVFNSGAIII,ZDT4,ZDT,2,10,5012,0.0038924273312497646,0.7201630848311249,3.9913120000000024
IVFNSGAIII,ZDT4,ZDT,2,10,5013,0.0038958033618183008,0.7201573518090045,4.261922999999999
IVFNSGAIII,ZDT4,ZDT,2,10,5014,0.00388809815743403,0.7202714071590217,4.104424000000001
IVFNSGAIII,ZDT4,ZDT,2,10,5015,0.0039130009908247484,0.7199530834722485,3.9135549999999966
IVFNSGAIII,ZDT4,ZDT,2,10,5016,0.0038879024604600177,0.7202879055394642,4.3706770000000015
IVFNSGAIII,ZDT4,ZDT,2,10,5017,0.003888504637323245,0.7202483185079481,3.723321000000001
IVFNSGAIII,ZDT4,ZDT,2,10,5018,0.0038981052673183166,0.7201022467763771,4.221050000000008
IVFNSGAIII,ZDT4,ZDT,2,10,5019,0.003888087078581451,0.7202776387108402,3.494789000000001
IVFNSGAIII,ZDT4,ZDT,2,10,5020,0.003991003681425812,0.7195294479958653,3.5467079999999993
IVFNSGAIII,ZDT4,ZDT,2,10,5021,0.003912943793565655,0.7199526332130888,3.438167000000002
IVFNSGAIII,ZDT4,ZDT,2,10,5022,0.0038883448062560617,0.7202586109859548,5.221616999999994
IVFNSGAIII,ZDT4,ZDT,2,10,5023,0.0038895603564469182,0.7202585695709047,4.858026000000006
IVFNSGAIII,ZDT4,ZDT,2,10,5024,0.003888307139625816,0.720259809174561,3.7722679999999986
IVFNSGAIII,ZDT4,ZDT,2,10,5025,0.0038892407340452365,0.7202465969964157,3.3271469999999934
IVFNSGAIII,ZDT4,ZDT,2,10,5026,0.003888878664039809,0.720239926708488,2.913818999999998
IVFNSGAIII,ZDT4,ZDT,2,10,5027,0.0038880386981066167,0.7202748602542473,2.956614
IVFNSGAIII,ZDT4,ZDT,2,10,5028,0.003945719121034602,0.7197789251741583,2.956113
IVFNSGAIII,ZDT4,ZDT,2,10,5029,0.003888776217178232,0.7202422519874474,3.0323849999999957
IVFNSGAIII,ZDT4,ZDT,2,10,5030,0.0038880788062330553,0.7202801954404571,3.145634000000001
IVFNSGAIII,ZDT6,ZDT,2,10,5001,0.003001291148173164,0.3889555289021892,2.721434999999998
IVFNSGAIII,ZDT6,ZDT,2,10,5002,0.00300126429722428,0.3889558372720083,3.596391999999994
IVFNSGAIII,ZDT6,ZDT,2,10,5003,0.0030012526429946036,0.38895580646331573,2.7846489999999995
IVFNSGAIII,ZDT6,ZDT,2,10,5004,0.0030012519831270432,0.3889557777092303,3.2514789999999976
IVFNSGAIII,ZDT6,ZDT,2,10,5005,0.0030012793847551842,0.38895574656949333,3.0348969999999977
IVFNSGAIII,ZDT6,ZDT,2,10,5006,0.0030012548412643412,0.38895581255531797,3.1084630000000004
IVFNSGAIII,ZDT6,ZDT,2,10,5007,0.0030012927353918533,0.3889558036014476,4.558298000000002
IVFNSGAIII,ZDT6,ZDT,2,10,5008,0.0030012302277409686,0.38895582788033517,4.659219000000001
IVFNSGAIII,ZDT6,ZDT,2,10,5009,0.003001260704111341,0.3889558781864006,3.545180999999998
IVFNSGAIII,ZDT6,ZDT,2,10,5010,0.0030012656690601427,0.38895584319232507,4.241659999999994
IVFNSGAIII,ZDT6,ZDT,2,10,5011,0.0030012407875936466,0.3889558643527108,3.513188000000002
IVFNSGAIII,ZDT6,ZDT,2,10,5012,0.0030012757422476655,0.38895585227183394,3.6551729999999965
IVFNSGAIII,ZDT6,ZDT,2,10,5013,0.0030012664421293204,0.388955878244543,4.169552999999999
IVFNSGAIII,ZDT6,ZDT,2,10,5014,0.0030012569496071888,0.3889558763508303,3.8019220000000034
IVFNSGAIII,ZDT6,ZDT,2,10,5015,0.0030012406364977166,0.38895584713532966,5.022133999999996
IVFNSGAIII,ZDT6,ZDT,2,10,5016,0.003001306331490098,0.38895581757170933,5.093046000000005
IVFNSGAIII,ZDT6,ZDT,2,10,5017,0.003001267902512056,0.3889558668120655,3.687078
IVFNSGAIII,ZDT6,ZDT,2,10,5018,0.0030012799243115825,0.388955449735039,3.817989000000001
IVFNSGAIII,ZDT6,ZDT,2,10,5019,0.003001272182690316,0.3889558546088808,4.2150419999999995
IVFNSGAIII,ZDT6,ZDT,2,10,5020,0.003001312888760684,0.38895582835430653,4.901042999999999
IVFNSGAIII,ZDT6,ZDT,2,10,5021,0.0030012444296275993,0.38895586891252243,3.6578880000000003
IVFNSGAIII,ZDT6,ZDT,2,10,5022,0.0030012586031371016,0.3889558620589231,4.098624
IVFNSGAIII,ZDT6,ZDT,2,10,5023,0.0030012520972506835,0.38895587152243866,5.136226000000002
IVFNSGAIII,ZDT6,ZDT,2,10,5024,0.00300123868866911,0.38895573002342976,4.960785999999996
IVFNSGAIII,ZDT6,ZDT,2,10,5025,0.0030012384974944543,0.38895585297313084,4.287063999999998
IVFNSGAIII,ZDT6,ZDT,2,10,5026,0.0030012624281321506,0.3889559059400278,4.193748000000002
IVFNSGAIII,ZDT6,ZDT,2,10,5027,0.003001273382593053,0.3889557603826514,4.3166420000000025
IVFNSGAIII,ZDT6,ZDT,2,10,5028,0.003001262514914925,0.38895557080475096,3.4913500000000006
IVFNSGAIII,ZDT6,ZDT,2,10,5029,0.0030012597625818584,0.38895572817163426,4.334007999999994
IVFNSGAIII,ZDT6,ZDT,2,10,5030,0.0030012521188390907,0.3889553929347221,3.562910000000003
NSGAII,DTLZ1,DTLZ,2,6,4001,0.002148607584085326,0.5816198960898834,1.814705000000001
NSGAII,DTLZ1,DTLZ,2,6,4002,0.0021645661513333514,0.5816721385041774,1.892126000000002
NSGAII,DTLZ1,DTLZ,2,6,4003,0.0021623965215230565,0.5814389276097927,1.5441839999999976
NSGAII,DTLZ1,DTLZ,2,6,4004,0.002226581589023759,0.5814452111545999,1.6702420000000004
NSGAII,DTLZ1,DTLZ,2,6,4005,0.002264257763030961,0.5813822612954119,1.6456430000000006
NSGAII,DTLZ1,DTLZ,2,6,4006,0.0022360106575788482,0.5813709854611455,1.7709300000000021
NSGAII,DTLZ1,DTLZ,2,6,4007,0.002226046705344289,0.5815255324856263,1.8123609999999966
NSGAII,DTLZ1,DTLZ,2,6,4008,0.0021452990419938535,0.5812639882566591,1.4270110000000025
NSGAII,DTLZ1,DTLZ,2,6,4009,0.0021979682214853346,0.5814080972975697,1.536477
NSGAII,DTLZ1,DTLZ,2,6,4010,0.0022907145155814973,0.5808911530930565,1.3842109999999996
NSGAII,DTLZ1,DTLZ,2,6,4011,0.0021863837365702116,0.5815806487267546,1.8524790000000009
NSGAII,DTLZ1,DTLZ,2,6,4012,0.0023454049838684404,0.5812931212873762,1.7828270000000002
NSGAII,DTLZ1,DTLZ,2,6,4013,0.0021434451664316054,0.5817577313048582,1.2804709999999997
NSGAII,DTLZ1,DTLZ,2,6,4014,0.002252537277876822,0.5810316515204854,1.4192430000000003
NSGAII,DTLZ1,DTLZ,2,6,4015,0.0023213810074071708,0.581296996338938,1.3535880000000018
NSGAII,DTLZ1,DTLZ,2,6,4016,0.0021466019437699517,0.5817163883093963,1.6015449999999978
NSGAII,DTLZ1,DTLZ,2,6,4017,0.002221568344509408,0.5814991819036124,1.6166659999999982
NSGAII,DTLZ1,DTLZ,2,6,4018,0.002189274349599665,0.5815833074886874,1.5042139999999968
NSGAII,DTLZ1,DTLZ,2,6,4019,0.0021700045920629487,0.5815660785332384,1.418972000000002
NSGAII,DTLZ1,DTLZ,2,6,4020,0.002165999966561706,0.5815703861232007,1.2547450000000024
NSGAII,DTLZ1,DTLZ,2,6,4021,0.002270218933371948,0.5814446574003138,1.377357
NSGAII,DTLZ1,DTLZ,2,6,4022,0.0023111674959056423,0.5813636277280285,1.2441499999999985
NSGAII,DTLZ1,DTLZ,2,6,4023,0.00242860814191693,0.5808195638663818,1.2759190000000011
NSGAII,DTLZ1,DTLZ,2,6,4024,0.0021810371369478504,0.5815952399336279,1.3279660000000004
NSGAII,DTLZ1,DTLZ,2,6,4025,0.002264008153324943,0.5814782812254196,1.4959200000000024
NSGAII,DTLZ1,DTLZ,2,6,4026,0.002342828635609197,0.5812998807224076,1.4748889999999992
NSGAII,DTLZ1,DTLZ,2,6,4027,0.002199129793964742,0.5812175067215057,1.2395720000000001
NSGAII,DTLZ1,DTLZ,2,6,4028,0.0020990290180803194,0.5815639366693852,1.2639039999999981
NSGAII,DTLZ1,DTLZ,2,6,4029,0.0022376430925246417,0.5813186000620156,1.3482270000000007
NSGAII,DTLZ1,DTLZ,2,6,4030,0.002265919850503086,0.5814693476627133,1.169435000000001
NSGAII,DTLZ1,DTLZ,3,7,4001,0.029433858478780026,0.8229790153231696,1.464246999999999
NSGAII,DTLZ1,DTLZ,3,7,4002,0.027261100181536005,0.8233620386839168,1.5142339999999999
NSGAII,DTLZ1,DTLZ,3,7,4003,0.025253628467610992,0.8263484026530183,1.4380730000000017
NSGAII,DTLZ1,DTLZ,3,7,4004,0.027087057301698712,0.8258110531821874,1.4253200000000001
NSGAII,DTLZ1,DTLZ,3,7,4005,0.025556707473320922,0.8239711170843242,1.3814209999999991
NSGAII,DTLZ1,DTLZ,3,7,4006,0.026146518573291016,0.8243054886661844,1.3722190000000005
NSGAII,DTLZ1,DTLZ,3,7,4007,0.026686269795488233,0.825838963509997,1.4891619999999983
NSGAII,DTLZ1,DTLZ,3,7,4008,0.025985251580191295,0.8264387111163993,1.7958770000000002
NSGAII,DTLZ1,DTLZ,3,7,4009,0.027982249562056884,0.8263587330753334,1.9690139999999978
NSGAII,DTLZ1,DTLZ,3,7,4010,0.026237844634486557,0.8256761805095114,1.5164439999999997
NSGAII,DTLZ1,DTLZ,3,7,4011,0.02652099554486756,0.8278934285823745,1.7323850000000012
NSGAII,DTLZ1,DTLZ,3,7,4012,0.027885755605251382,0.8268480710106969,1.8293910000000042
NSGAII,DTLZ1,DTLZ,3,7,4013,0.026564723564884103,0.8266543591157542,1.908032999999999
NSGAII,DTLZ1,DTLZ,3,7,4014,0.025929872188852614,0.8238470806683296,1.6934580000000001
NSGAII,DTLZ1,DTLZ,3,7,4015,0.025117553967791126,0.8195858016207787,1.5803609999999981
NSGAII,DTLZ1,DTLZ,3,7,4016,0.028153878910572593,0.8233446682828318,1.4165909999999997
NSGAII,DTLZ1,DTLZ,3,7,4017,0.027425682552129717,0.8247979176195629,1.7141210000000022
NSGAII,DTLZ1,DTLZ,3,7,4018,0.026188986591255875,0.8251622313123729,1.766772999999999
NSGAII,DTLZ1,DTLZ,3,7,4019,0.02508109885442946,0.8284632495591574,1.6711439999999995
NSGAII,DTLZ1,DTLZ,3,7,4020,0.02745750037173767,0.8260090712002606,2.1384100000000026
NSGAII,DTLZ1,DTLZ,3,7,4021,0.025121138616575004,0.8275973995390836,1.6241260000000017
NSGAII,DTLZ1,DTLZ,3,7,4022,0.025620524800631605,0.822938634206672,1.7808200000000034
NSGAII,DTLZ1,DTLZ,3,7,4023,0.02546693136511292,0.8260036023002865,1.422347999999999
NSGAII,DTLZ1,DTLZ,3,7,4024,0.025152582242559864,0.8303909908135189,1.5107300000000012
NSGAII,DTLZ1,DTLZ,3,7,4025,0.028194505074298545,0.8209593668671857,1.9585570000000014
NSGAII,DTLZ1,DTLZ,3,7,4026,0.028091950522557217,0.8243962073450347,1.4802699999999984
NSGAII,DTLZ1,DTLZ,3,7,4027,0.025841180106579025,0.8285978001815859,1.3798510000000002
NSGAII,DTLZ1,DTLZ,3,7,4028,0.026487514525907325,0.8249632041250624,1.4376269999999998
NSGAII,DTLZ1,DTLZ,3,7,4029,0.026281858436740548,0.8288912340138438,1.7752269999999997
NSGAII,DTLZ1,DTLZ,3,7,4030,0.02559903223420907,0.8270168514917836,1.2809799999999993
NSGAII,DTLZ2,DTLZ,2,11,4001,0.004934308247743572,0.34665249182081215,2.2818709999999998
NSGAII,DTLZ2,DTLZ,2,11,4002,0.005310737518893052,0.346432868489412,2.1285749999999983
NSGAII,DTLZ2,DTLZ,2,11,4003,0.005005866864634461,0.3465148242720478,1.989887999999998
NSGAII,DTLZ2,DTLZ,2,11,4004,0.005257114754869818,0.3465682251101982,2.0481469999999984
NSGAII,DTLZ2,DTLZ,2,11,4005,0.004919625154255164,0.34678270887579205,1.7268139999999983
NSGAII,DTLZ2,DTLZ,2,11,4006,0.005318148074891214,0.3464090922180852,2.1456470000000007
NSGAII,DTLZ2,DTLZ,2,11,4007,0.00516983974169417,0.346468170896443,2.2758699999999976
NSGAII,DTLZ2,DTLZ,2,11,4008,0.004955597294155835,0.3465494742411401,2.478439000000001
NSGAII,DTLZ2,DTLZ,2,11,4009,0.005557940489258609,0.3460792492749011,2.2097379999999998
NSGAII,DTLZ2,DTLZ,2,11,4010,0.004913798703988651,0.346654282156269,1.7785520000000001
NSGAII,DTLZ2,DTLZ,2,11,4011,0.005090335625020102,0.3467111513436075,2.1791280000000013
NSGAII,DTLZ2,DTLZ,2,11,4012,0.005364927008541563,0.34626773665893484,2.0629380000000004
NSGAII,DTLZ2,DTLZ,2,11,4013,0.0050593984856878,0.34665600451641365,1.990648
NSGAII,DTLZ2,DTLZ,2,11,4014,0.0051180482738200994,0.34647590218836394,1.9160190000000012
NSGAII,DTLZ2,DTLZ,2,11,4015,0.005675820895791795,0.34647989273906943,2.3507850000000015
NSGAII,DTLZ2,DTLZ,2,11,4016,0.005203313815773141,0.3465601373610449,2.614118999999999
NSGAII,DTLZ2,DTLZ,2,11,4017,0.005362199005619685,0.34663082344125434,2.372333999999999
NSGAII,DTLZ2,DTLZ,2,11,4018,0.0049621654444188526,0.3468025426807998,2.0121840000000004
NSGAII,DTLZ2,DTLZ,2,11,4019,0.004847805839453462,0.3464881729468381,2.5875900000000014
NSGAII,DTLZ2,DTLZ,2,11,4020,0.0052442531817209715,0.34672959408673915,2.060713000000001
NSGAII,DTLZ2,DTLZ,2,11,4021,0.005168335488266541,0.3464831776557527,2.295387999999999
NSGAII,DTLZ2,DTLZ,2,11,4022,0.0054323570442053335,0.34616003255079986,1.7508579999999994
NSGAII,DTLZ2,DTLZ,2,11,4023,0.00516811887846481,0.346665817111383,1.9197710000000001
NSGAII,DTLZ2,DTLZ,2,11,4024,0.005177167711025108,0.34627189634015354,2.268653999999999
NSGAII,DTLZ2,DTLZ,2,11,4025,0.005130070079310231,0.34639882748153866,1.799383
NSGAII,DTLZ2,DTLZ,2,11,4026,0.004987607161154129,0.34642128623191654,1.7708199999999998
NSGAII,DTLZ2,DTLZ,2,11,4027,0.005463345217539277,0.3457977099119971,2.1702779999999966
NSGAII,DTLZ2,DTLZ,2,11,4028,0.00503279404896227,0.34664767267724894,1.7732450000000006
NSGAII,DTLZ2,DTLZ,2,11,4029,0.004926273404122242,0.3465040763199279,1.831861000000001
NSGAII,DTLZ2,DTLZ,2,11,4030,0.005308310210575745,0.3466847343040165,1.6017930000000007
NSGAII,DTLZ2,DTLZ,3,12,4001,0.06890418404718418,0.5281231582374559,2.206743000000003
NSGAII,DTLZ2,DTLZ,3,12,4002,0.06868669290822883,0.5327315096815197,1.8596209999999993
NSGAII,DTLZ2,DTLZ,3,12,4003,0.06790560561624503,0.5366511358418837,1.9688030000000007
NSGAII,DTLZ2,DTLZ,3,12,4004,0.07494990805960397,0.5221286546878299,2.2685179999999963
NSGAII,DTLZ2,DTLZ,3,12,4005,0.07490242510064382,0.5222636878548501,1.979180000000001
NSGAII,DTLZ2,DTLZ,3,12,4006,0.06677787784608714,0.535051850846958,2.5824949999999998
NSGAII,DTLZ2,DTLZ,3,12,4007,0.06849259955283749,0.5378987781731865,1.8320080000000034
NSGAII,DTLZ2,DTLZ,3,12,4008,0.07416970729790262,0.5261127556203599,2.204553999999999
NSGAII,DTLZ2,DTLZ,3,12,4009,0.07725805307241838,0.5262669176021428,1.819294999999997
NSGAII,DTLZ2,DTLZ,3,12,4010,0.06942498756741891,0.526755704492097,2.4369560000000003
NSGAII,DTLZ2,DTLZ,3,12,4011,0.0685952889679899,0.5326458051303852,2.172972
NSGAII,DTLZ2,DTLZ,3,12,4012,0.07707364840765747,0.5248714069171085,2.5048279999999985
NSGAII,DTLZ2,DTLZ,3,12,4013,0.0721750947243115,0.5300996565229115,1.8780759999999994
NSGAII,DTLZ2,DTLZ,3,12,4014,0.06828709323662366,0.5337847108411524,2.123707000000001
NSGAII,DTLZ2,DTLZ,3,12,4015,0.07050382313227233,0.5256173196711523,1.9989929999999994
NSGAII,DTLZ2,DTLZ,3,12,4016,0.06981549759167457,0.5301314869722948,2.6909980000000076
NSGAII,DTLZ2,DTLZ,3,12,4017,0.07069977778641227,0.5324136447466901,1.8360029999999998
NSGAII,DTLZ2,DTLZ,3,12,4018,0.07051885006162142,0.5324636131113394,2.2690780000000035
NSGAII,DTLZ2,DTLZ,3,12,4019,0.06627466627720106,0.5329476552117541,1.9184999999999997
NSGAII,DTLZ2,DTLZ,3,12,4020,0.06980260712292785,0.5350469078474438,1.998559
NSGAII,DTLZ2,DTLZ,3,12,4021,0.07071861720172044,0.5245612883061284,1.856993999999999
NSGAII,DTLZ2,DTLZ,3,12,4022,0.07136350954224865,0.5292750662148197,1.6669209999999994
NSGAII,DTLZ2,DTLZ,3,12,4023,0.06882703096137598,0.5276501672179414,1.8058000000000003
NSGAII,DTLZ2,DTLZ,3,12,4024,0.07154500505737005,0.5328598139807222,2.0549659999999994
NSGAII,DTLZ2,DTLZ,3,12,4025,0.06518618436530907,0.5392540080282187,1.8411459999999995
NSGAII,DTLZ2,DTLZ,3,12,4026,0.07489877514527594,0.5328557983359371,1.7660149999999997
NSGAII,DTLZ2,DTLZ,3,12,4027,0.07187941753774076,0.5322853542146773,1.8905769999999986
NSGAII,DTLZ2,DTLZ,3,12,4028,0.06931922377576476,0.5366828389660612,2.0836020000000057
NSGAII,DTLZ2,DTLZ,3,12,4029,0.07018180172270588,0.5295603555822636,1.8622490000000014
NSGAII,DTLZ2,DTLZ,3,12,4030,0.06364352559906042,0.5378093563002921,1.9746739999999992
NSGAII,DTLZ3,DTLZ,2,11,4001,0.004858654385793932,0.3459004046132431,1.380377000000001
NSGAII,DTLZ3,DTLZ,2,11,4002,0.005522139873159931,0.3451425951572134,1.5091690000000004
NSGAII,DTLZ3,DTLZ,2,11,4003,0.005429868980858058,0.34597335174436317,1.5674199999999994
NSGAII,DTLZ3,DTLZ,2,11,4004,0.005998877347838251,0.34358006304559097,1.4098899999999996
NSGAII,DTLZ3,DTLZ,2,11,4005,0.005348133930070623,0.34488118373198745,1.5723389999999988
NSGAII,DTLZ3,DTLZ,2,11,4006,0.0061502750577845005,0.3444668971948309,1.3400610000000006
NSGAII,DTLZ3,DTLZ,2,11,4007,0.005228615384347623,0.345318303070465,2.3136800000000015
NSGAII,DTLZ3,DTLZ,2,11,4008,0.007066299812587979,0.34082633465996526,1.4023030000000003
NSGAII,DTLZ3,DTLZ,2,11,4009,0.005012459838934388,0.3467750285447533,1.6623749999999997
NSGAII,DTLZ3,DTLZ,2,11,4010,0.004907407778606687,0.3464131129742936,1.613753
NSGAII,DTLZ3,DTLZ,2,11,4011,0.005245979567452211,0.3457992987280356,2.1727670000000012
NSGAII,DTLZ3,DTLZ,2,11,4012,0.004967887243736132,0.3467395543899053,1.2868779999999997
NSGAII,DTLZ3,DTLZ,2,11,4013,0.005349255007153192,0.3457865108861374,1.8112139999999992
NSGAII,DTLZ3,DTLZ,2,11,4014,0.005269847129208715,0.3454822530831591,1.5414429999999992
NSGAII,DTLZ3,DTLZ,2,11,4015,0.005426028707603597,0.3461952968284944,1.8242639999999972
NSGAII,DTLZ3,DTLZ,2,11,4016,0.00504792458423489,0.3459060071653295,1.426755000000002
NSGAII,DTLZ3,DTLZ,2,11,4017,0.005193700784052294,0.3466296935339616,1.364390999999999
NSGAII,DTLZ3,DTLZ,2,11,4018,0.004935293829259399,0.34613977674452245,1.092832999999999
NSGAII,DTLZ3,DTLZ,2,11,4019,0.005185895838778984,0.3464751650600413,1.734167
NSGAII,DTLZ3,DTLZ,2,11,4020,0.005787820222721421,0.3442854929746909,1.696544000000001
NSGAII,DTLZ3,DTLZ,2,11,4021,0.0055934012360375675,0.34445931589929973,1.6286999999999998
NSGAII,DTLZ3,DTLZ,2,11,4022,0.005456558422599369,0.3451463668557209,1.9920520000000004
NSGAII,DTLZ3,DTLZ,2,11,4023,0.004938810094770778,0.34651081613861706,2.343265
NSGAII,DTLZ3,DTLZ,2,11,4024,0.005225710926570332,0.34546770045530545,1.8493439999999999
NSGAII,DTLZ3,DTLZ,2,11,4025,0.005144019525107685,0.34542453030055453,1.7423899999999992
NSGAII,DTLZ3,DTLZ,2,11,4026,0.005078735485423697,0.34601407667132417,1.4055840000000006
NSGAII,DTLZ3,DTLZ,2,11,4027,0.005437818342574703,0.3453393931918914,1.7591409999999994
NSGAII,DTLZ3,DTLZ,2,11,4028,0.005009563482722883,0.346069609337628,1.4227709999999998
NSGAII,DTLZ3,DTLZ,2,11,4029,0.005452932005331917,0.3443138318387513,1.5129219999999999
NSGAII,DTLZ3,DTLZ,2,11,4030,0.005366849036589892,0.3455171172854233,1.350795999999998
NSGAII,DTLZ3,DTLZ,3,12,4001,0.06787141314682031,0.5258502104172944,1.8861750000000017
NSGAII,DTLZ3,DTLZ,3,12,4002,0.06366964256641311,0.5314018320560219,2.1245849999999984
NSGAII,DTLZ3,DTLZ,3,12,4003,0.07084681738251936,0.5371613364904451,1.9483040000000005
NSGAII,DTLZ3,DTLZ,3,12,4004,0.06745453595621712,0.5428238665175873,2.1711650000000016
NSGAII,DTLZ3,DTLZ,3,12,4005,0.06862160685791206,0.536465196824548,2.730842000000001
NSGAII,DTLZ3,DTLZ,3,12,4006,0.06815289142885265,0.5213388706082038,2.282880999999998
NSGAII,DTLZ3,DTLZ,3,12,4007,0.07470054170352536,0.5235700414893165,1.8252060000000006
NSGAII,DTLZ3,DTLZ,3,12,4008,0.0763117221035599,0.5296144915740714,2.721706000000001
NSGAII,DTLZ3,DTLZ,3,12,4009,0.06469186586853745,0.5368847883447313,1.8525940000000027
NSGAII,DTLZ3,DTLZ,3,12,4010,0.06875714395703611,0.5382649315969443,2.505060999999999
NSGAII,DTLZ3,DTLZ,3,12,4011,0.06754020730456282,0.5394663029100835,2.0473220000000008
NSGAII,DTLZ3,DTLZ,3,12,4012,0.07307608324437759,0.5355444640828761,2.430056999999998
NSGAII,DTLZ3,DTLZ,3,12,4013,0.070412060684679,0.5315150620365,1.8441300000000014
NSGAII,DTLZ3,DTLZ,3,12,4014,0.06850206292311284,0.5350310020512705,2.4389730000000047
NSGAII,DTLZ3,DTLZ,3,12,4015,0.0717805405253805,0.5216677337470135,1.6338299999999986
NSGAII,DTLZ3,DTLZ,3,12,4016,0.07778353368119019,0.5110286964291662,2.3029090000000014
NSGAII,DTLZ3,DTLZ,3,12,4017,0.06743874387903072,0.5359704204506516,1.7121619999999989
NSGAII,DTLZ3,DTLZ,3,12,4018,0.07479986572175433,0.5201597494350327,2.8959600000000028
NSGAII,DTLZ3,DTLZ,3,12,4019,0.06672683212074461,0.5313483429910566,2.401348999999999
NSGAII,DTLZ3,DTLZ,3,12,4020,0.06926123040460358,0.5377004694866687,2.6321880000000024
NSGAII,DTLZ3,DTLZ,3,12,4021,0.07111379778572051,0.5260653163159386,2.120794999999999
NSGAII,DTLZ3,DTLZ,3,12,4022,0.06361712069133063,0.5344840666986252,2.6299199999999994
NSGAII,DTLZ3,DTLZ,3,12,4023,0.06759142605278794,0.5353410723599995,2.6879310000000043
NSGAII,DTLZ3,DTLZ,3,12,4024,0.06527753835323445,0.5353415827286927,2.2058030000000026
NSGAII,DTLZ3,DTLZ,3,12,4025,0.07010604013689153,0.5261133684087298,2.1817919999999984
NSGAII,DTLZ3,DTLZ,3,12,4026,0.0684561441528246,0.5244852420721537,2.036236000000002
NSGAII,DTLZ3,DTLZ,3,12,4027,0.0693810423333795,0.5320256711478004,1.770337999999998
NSGAII,DTLZ3,DTLZ,3,12,4028,0.06714124541649696,0.5289650770453578,1.7242660000000019
NSGAII,DTLZ3,DTLZ,3,12,4029,0.06996150231873818,0.519191640427364,1.6251520000000004
NSGAII,DTLZ3,DTLZ,3,12,4030,0.0720257254602275,0.5319836941885814,1.5818040000000024
NSGAII,DTLZ4,DTLZ,2,11,4001,0.7420913393441743,0.0909090889744022,1.9818620000000016
NSGAII,DTLZ4,DTLZ,2,11,4002,0.004919031577367001,0.3466021881764761,1.2876400000000003
NSGAII,DTLZ4,DTLZ,2,11,4003,0.0050979887768704,0.34672718213294024,1.3720770000000018
NSGAII,DTLZ4,DTLZ,2,11,4004,0.0050335562680725475,0.3466440469212938,1.430248
NSGAII,DTLZ4,DTLZ,2,11,4005,0.7420913389498512,0.09090908994052604,1.8818700000000033
NSGAII,DTLZ4,DTLZ,2,11,4006,0.005031460594934565,0.34631085956081176,1.344597000000001
NSGAII,DTLZ4,DTLZ,2,11,4007,0.005232783092887109,0.3466554708439472,2.266475999999999
NSGAII,DTLZ4,DTLZ,2,11,4008,0.005094407848531383,0.3465820766785959,2.044722999999999
NSGAII,DTLZ4,DTLZ,2,11,4009,0.004944704291467522,0.34659287065731675,2.0238560000000008
NSGAII,DTLZ4,DTLZ,2,11,4010,0.7420913389027537,0.09090909005591918,2.243511999999997
NSGAII,DTLZ4,DTLZ,2,11,4011,0.005216523702572877,0.346561023624823,1.6699700000000024
NSGAII,DTLZ4,DTLZ,2,11,4012,0.005045991674741392,0.34648274675387947,1.564095
NSGAII,DTLZ4,DTLZ,2,11,4013,0.005146955657001128,0.3464354566530525,1.624610000000001
NSGAII,DTLZ4,DTLZ,2,11,4014,0.7420913388511912,0.0909090901822488,2.9406520000000005
NSGAII,DTLZ4,DTLZ,2,11,4015,0.742091339290427,0.09090908910608841,2.6294469999999985
NSGAII,DTLZ4,DTLZ,2,11,4016,0.0049725787326532125,0.3464975440931792,1.620689999999998
NSGAII,DTLZ4,DTLZ,2,11,4017,0.005047184443070921,0.3463931169792881,1.7541829999999992
NSGAII,DTLZ4,DTLZ,2,11,4018,0.005136147947822652,0.3466201661177327,1.4911170000000007
NSGAII,DTLZ4,DTLZ,2,11,4019,0.005070274345717219,0.346656738438797,1.8700500000000013
NSGAII,DTLZ4,DTLZ,2,11,4020,0.005173927710911668,0.3466525291819194,1.5600719999999997
NSGAII,DTLZ4,DTLZ,2,11,4021,0.00597758371124408,0.3464998188357123,1.6298809999999968
NSGAII,DTLZ4,DTLZ,2,11,4022,0.7420913400518407,0.09090908724056534,2.181518000000001
NSGAII,DTLZ4,DTLZ,2,11,4023,0.004938194840404659,0.3464844910216913,1.4004220000000007
NSGAII,DTLZ4,DTLZ,2,11,4024,0.7420913415961811,0.09090908345682092,2.719626999999997
NSGAII,DTLZ4,DTLZ,2,11,4025,0.742091339690383,0.09090908812616505,2.336229999999998
NSGAII,DTLZ4,DTLZ,2,11,4026,0.00513187172081368,0.3465462593933372,1.4053800000000005
NSGAII,DTLZ4,DTLZ,2,11,4027,0.004734930139710069,0.3469296732850136,1.7852230000000002
NSGAII,DTLZ4,DTLZ,2,11,4028,0.005246400922997832,0.3464883200858316,1.8510790000000024
NSGAII,DTLZ4,DTLZ,2,11,4029,0.005122712385526199,0.34607194378341266,1.547063999999998
NSGAII,DTLZ4,DTLZ,2,11,4030,0.005322507463938292,0.3467035081342338,1.5896719999999998
NSGAII,DTLZ4,DTLZ,3,12,4001,0.07486843858931246,0.5243145016628021,2.1456399999999998
NSGAII,DTLZ4,DTLZ,3,12,4002,0.06606152981223862,0.5395063765146525,1.682645999999999
NSGAII,DTLZ4,DTLZ,3,12,4003,0.06594546854646308,0.5350069713532548,1.693229999999999
NSGAII,DTLZ4,DTLZ,3,12,4004,0.06868655638261595,0.5338939133322557,1.5298410000000005
NSGAII,DTLZ4,DTLZ,3,12,4005,0.06913691741215305,0.5404699964661073,1.9083370000000006
NSGAII,DTLZ4,DTLZ,3,12,4006,0.0687045548101079,0.5381714525038666,2.096872999999999
NSGAII,DTLZ4,DTLZ,3,12,4007,0.945924926821356,0.09090908915499318,2.850529999999995
NSGAII,DTLZ4,DTLZ,3,12,4008,0.0643270062739268,0.5344974443664618,2.056140000000002
NSGAII,DTLZ4,DTLZ,3,12,4009,0.06703564313872906,0.5353105823339971,2.0476770000000006
NSGAII,DTLZ4,DTLZ,3,12,4010,0.0664618382405786,0.5348457359708733,1.8648039999999997
NSGAII,DTLZ4,DTLZ,3,12,4011,0.07378974647739091,0.5329878424531499,2.2997089999999996
NSGAII,DTLZ4,DTLZ,3,12,4012,0.0677873149758319,0.5372468937033547,1.8602750000000003
NSGAII,DTLZ4,DTLZ,3,12,4013,0.06708257428785966,0.5381964052983621,1.6608039999999988
NSGAII,DTLZ4,DTLZ,3,12,4014,0.06624148709714592,0.533911725700964,1.7131130000000023
NSGAII,DTLZ4,DTLZ,3,12,4015,0.06603202743838203,0.5386404079132519,1.9276980000000006
NSGAII,DTLZ4,DTLZ,3,12,4016,0.06844576993068928,0.5375617655987639,1.893861
NSGAII,DTLZ4,DTLZ,3,12,4017,0.06593096274115974,0.5355866751708398,1.990452000000001
NSGAII,DTLZ4,DTLZ,3,12,4018,0.06727208955359576,0.5374114661547118,2.101653
NSGAII,DTLZ4,DTLZ,3,12,4019,0.06724317340565304,0.5347291968185766,1.4976139999999967
NSGAII,DTLZ4,DTLZ,3,12,4020,0.945924926223824,0.09090909030352579,1.8290389999999987
NSGAII,DTLZ4,DTLZ,3,12,4021,0.06952355020208427,0.5294331666278456,1.710889
NSGAII,DTLZ4,DTLZ,3,12,4022,0.06828267690913355,0.5371078397764446,1.852132000000002
NSGAII,DTLZ4,DTLZ,3,12,4023,0.0684767434928852,0.5339539595775127,1.8214269999999975
NSGAII,DTLZ4,DTLZ,3,12,4024,0.06668067474212362,0.5390302480411493,1.7771840000000023
NSGAII,DTLZ4,DTLZ,3,12,4025,0.07124017738248899,0.534607319663705,1.4424519999999996
NSGAII,DTLZ4,DTLZ,3,12,4026,0.07446311344283588,0.5338035552144371,2.29724
NSGAII,DTLZ4,DTLZ,3,12,4027,0.0689759601560792,0.5277352576306882,1.8739060000000014
NSGAII,DTLZ4,DTLZ,3,12,4028,0.9459249268958794,0.09090908901175387,2.685927000000001
NSGAII,DTLZ4,DTLZ,3,12,4029,0.06331942132180098,0.543545495689394,2.3708830000000023
NSGAII,DTLZ4,DTLZ,3,12,4030,0.06381659785239441,0.5383898639232407,2.210007999999997
NSGAII,DTLZ5,DTLZ,2,11,4001,0.00519772216365654,0.3466588679459216,2.4436400000000007
NSGAII,DTLZ5,DTLZ,2,11,4002,0.00497531595723272,0.34677215842199494,2.2317400000000016
NSGAII,DTLZ5,DTLZ,2,11,4003,0.004938009494409767,0.3464718141997585,2.891690999999997
NSGAII,DTLZ5,DTLZ,2,11,4004,0.005154766779364501,0.3468012622610427,2.133744000000001
NSGAII,DTLZ5,DTLZ,2,11,4005,0.005141622397061378,0.34615509492047597,2.3655120000000025
NSGAII,DTLZ5,DTLZ,2,11,4006,0.005260419721258276,0.34643422038274546,2.643878
NSGAII,DTLZ5,DTLZ,2,11,4007,0.0050387999576681835,0.34670818545564436,1.3305250000000024
NSGAII,DTLZ5,DTLZ,2,11,4008,0.005259032066214427,0.3463530921884035,1.7714319999999988
NSGAII,DTLZ5,DTLZ,2,11,4009,0.004961997774966376,0.3466704052689907,1.4262149999999996
NSGAII,DTLZ5,DTLZ,2,11,4010,0.005021948742589396,0.34659624340326217,1.8635549999999976
NSGAII,DTLZ5,DTLZ,2,11,4011,0.005161212721147878,0.3465830730128927,1.4139089999999996
NSGAII,DTLZ5,DTLZ,2,11,4012,0.004831320890940043,0.3467263333825824,1.5743350000000014
NSGAII,DTLZ5,DTLZ,2,11,4013,0.0053602237439353126,0.34649502530833554,1.4546580000000011
NSGAII,DTLZ5,DTLZ,2,11,4014,0.005128092484181108,0.34615750527974964,1.6065830000000023
NSGAII,DTLZ5,DTLZ,2,11,4015,0.005285691116699059,0.346462229633066,1.3176080000000001
NSGAII,DTLZ5,DTLZ,2,11,4016,0.0048947185897273895,0.3467319105770055,1.5939850000000007
NSGAII,DTLZ5,DTLZ,2,11,4017,0.004924985052412087,0.3467440140305416,1.3545000000000007
NSGAII,DTLZ5,DTLZ,2,11,4018,0.005290944788872773,0.3464662863057207,1.9708790000000012
NSGAII,DTLZ5,DTLZ,2,11,4019,0.00489886754371972,0.34683844880468406,1.3432630000000014
NSGAII,DTLZ5,DTLZ,2,11,4020,0.005315417269074772,0.34653760801506983,1.6305129999999992
NSGAII,DTLZ5,DTLZ,2,11,4021,0.004966284362287781,0.3466541122821881,1.7051600000000011
NSGAII,DTLZ5,DTLZ,2,11,4022,0.0050412413515173934,0.3463335462369026,2.151333999999999
NSGAII,DTLZ5,DTLZ,2,11,4023,0.0052389548774387455,0.3461440401736707,1.6138140000000014
NSGAII,DTLZ5,DTLZ,2,11,4024,0.005118301829095555,0.34683617285436846,1.5743819999999995
NSGAII,DTLZ5,DTLZ,2,11,4025,0.005245582397013827,0.34684906245488756,1.665594000000001
NSGAII,DTLZ5,DTLZ,2,11,4026,0.005101505866565513,0.34658914818737946,1.769243000000001
NSGAII,DTLZ5,DTLZ,2,11,4027,0.004908268125348363,0.34679482020378993,1.8530210000000014
NSGAII,DTLZ5,DTLZ,2,11,4028,0.005072521431443474,0.3466878207806924,1.8848790000000004
NSGAII,DTLZ5,DTLZ,2,11,4029,0.005290387209839913,0.34669098482469085,1.4074049999999982
NSGAII,DTLZ5,DTLZ,2,11,4030,0.005260362627540416,0.346456278935537,1.4417989999999987
NSGAII,DTLZ5,DTLZ,3,12,4001,0.005828830459598931,0.19924172512227326,1.3903000000000003
NSGAII,DTLZ5,DTLZ,3,12,4002,0.005934933626121266,0.19902425430413526,1.5451559999999989
NSGAII,DTLZ5,DTLZ,3,12,4003,0.005401465932415687,0.19897864117228029,1.9915700000000018
NSGAII,DTLZ5,DTLZ,3,12,4004,0.005871923188740228,0.19909201737287316,1.5538650000000023
NSGAII,DTLZ5,DTLZ,3,12,4005,0.00547151507627872,0.1991510466390372,1.939952
NSGAII,DTLZ5,DTLZ,3,12,4006,0.0055440137539697005,0.19863932642008011,1.963302000000001
NSGAII,DTLZ5,DTLZ,3,12,4007,0.006070641353921157,0.19922035715061048,1.2564260000000005
NSGAII,DTLZ5,DTLZ,3,12,4008,0.005816023198234857,0.19924799994205405,1.8278870000000003
NSGAII,DTLZ5,DTLZ,3,12,4009,0.00578706866534168,0.1993110374917413,1.9886689999999994
NSGAII,DTLZ5,DTLZ,3,12,4010,0.0058242422829221565,0.1991342278049883,1.6534680000000015
NSGAII,DTLZ5,DTLZ,3,12,4011,0.0053634245038814456,0.1992440551618961,1.6341129999999973
NSGAII,DTLZ5,DTLZ,3,12,4012,0.005729208568245997,0.1993718187818982,1.6685100000000006
NSGAII,DTLZ5,DTLZ,3,12,4013,0.0057521087330881055,0.19914474037157606,1.7479490000000009
NSGAII,DTLZ5,DTLZ,3,12,4014,0.006072134765240307,0.19894266383021933,1.6676499999999987
NSGAII,DTLZ5,DTLZ,3,12,4015,0.006045872142393054,0.19919952368456334,1.5003220000000002
NSGAII,DTLZ5,DTLZ,3,12,4016,0.005984798314319874,0.19920911855908657,1.807872999999998
NSGAII,DTLZ5,DTLZ,3,12,4017,0.005187498668747679,0.19910236829092356,1.3767720000000006
NSGAII,DTLZ5,DTLZ,3,12,4018,0.005405459190707496,0.19907959703267006,1.2728489999999992
NSGAII,DTLZ5,DTLZ,3,12,4019,0.005603287495876279,0.19920611356778092,2.1146200000000013
NSGAII,DTLZ5,DTLZ,3,12,4020,0.006064542089907737,0.1990580933698576,1.8808900000000015
NSGAII,DTLZ5,DTLZ,3,12,4021,0.007102669873797635,0.19914915952924322,1.9748300000000008
NSGAII,DTLZ5,DTLZ,3,12,4022,0.006471747742369809,0.19866594688099626,1.691655000000001
NSGAII,DTLZ5,DTLZ,3,12,4023,0.005867231967969067,0.1990548314671701,2.0301760000000013
NSGAII,DTLZ5,DTLZ,3,12,4024,0.006640288885908235,0.19875638832819387,1.5966310000000006
NSGAII,DTLZ5,DTLZ,3,12,4025,0.006227504645052506,0.19912606150259496,1.298415000000001
NSGAII,DTLZ5,DTLZ,3,12,4026,0.006189484224100949,0.19926496303438587,2.0582740000000035
NSGAII,DTLZ5,DTLZ,3,12,4027,0.005736731430023787,0.19916594748407843,1.829142999999999
NSGAII,DTLZ5,DTLZ,3,12,4028,0.005599966473612142,0.1993062209385928,2.2027369999999995
NSGAII,DTLZ5,DTLZ,3,12,4029,0.006090139949500208,0.19885117291829799,1.675493000000001
NSGAII,DTLZ5,DTLZ,3,12,4030,0.005700159979205746,0.19893270735251936,1.784133
NSGAII,DTLZ6,DTLZ,2,11,4001,0.005542058974210486,0.3464756179317162,2.085367000000003
NSGAII,DTLZ6,DTLZ,2,11,4002,0.0057430361655600335,0.34627666683010166,1.5756250000000003
NSGAII,DTLZ6,DTLZ,2,11,4003,0.00578942971305205,0.34643440332806985,1.7897729999999996
NSGAII,DTLZ6,DTLZ,2,11,4004,0.00579330759891935,0.3465986057271954,1.785650000000002
NSGAII,DTLZ6,DTLZ,2,11,4005,0.005737974968121053,0.3462854982595855,1.8819780000000013
NSGAII,DTLZ6,DTLZ,2,11,4006,0.005639953198861115,0.34660844313541367,1.6166400000000005
NSGAII,DTLZ6,DTLZ,2,11,4007,0.005977594376976262,0.3462273491367593,1.748317000000001
NSGAII,DTLZ6,DTLZ,2,11,4008,0.005650286256683598,0.3464823499460179,1.393385
NSGAII,DTLZ6,DTLZ,2,11,4009,0.005381936051839994,0.34657507748198746,1.9186139999999985
NSGAII,DTLZ6,DTLZ,2,11,4010,0.006112901863619648,0.3463001468186622,1.3239729999999994
NSGAII,DTLZ6,DTLZ,2,11,4011,0.006030440803474397,0.3460106897624412,1.6024870000000018
NSGAII,DTLZ6,DTLZ,2,11,4012,0.005565894438592243,0.3464649720447687,1.336991000000001
NSGAII,DTLZ6,DTLZ,2,11,4013,0.006056188728895341,0.34642178662668544,1.7177889999999996
NSGAII,DTLZ6,DTLZ,2,11,4014,0.005591248617104104,0.3463287590884784,1.3986110000000007
NSGAII,DTLZ6,DTLZ,2,11,4015,0.005795909675972448,0.34644549612775716,1.9907900000000005
NSGAII,DTLZ6,DTLZ,2,11,4016,0.005335888568900814,0.34680191844978897,1.8780549999999985
NSGAII,DTLZ6,DTLZ,2,11,4017,0.005516509225588954,0.3466077460191182,1.7491169999999991
NSGAII,DTLZ6,DTLZ,2,11,4018,0.0052326527293278585,0.34680279243675205,1.4851549999999993
NSGAII,DTLZ6,DTLZ,2,11,4019,0.005283077458745483,0.3463967494723024,2.1962589999999986
NSGAII,DTLZ6,DTLZ,2,11,4020,0.005598717495972741,0.3463447401068148,1.576886999999999
NSGAII,DTLZ6,DTLZ,2,11,4021,0.006319726064135551,0.3465718485114225,2.2340699999999987
NSGAII,DTLZ6,DTLZ,2,11,4022,0.005631706406036436,0.3464720716471972,1.9168449999999992
NSGAII,DTLZ6,DTLZ,2,11,4023,0.005267615010155316,0.34671963178065707,1.7754010000000016
NSGAII,DTLZ6,DTLZ,2,11,4024,0.005324370511020429,0.34644164365206315,1.6406910000000012
NSGAII,DTLZ6,DTLZ,2,11,4025,0.005582116979271765,0.3463655705232047,1.5804739999999966
NSGAII,DTLZ6,DTLZ,2,11,4026,0.005547929206931952,0.3462252467740601,1.7049120000000024
NSGAII,DTLZ6,DTLZ,2,11,4027,0.005831090228856495,0.3460871508890212,1.4332279999999993
NSGAII,DTLZ6,DTLZ,2,11,4028,0.005598271445353627,0.34634707105045626,1.5634059999999976
NSGAII,DTLZ6,DTLZ,2,11,4029,0.005762248451296273,0.34610163565547103,2.0121669999999976
NSGAII,DTLZ6,DTLZ,2,11,4030,0.005843102873967301,0.3465840084862944,1.5239390000000004
NSGAII,DTLZ6,DTLZ,3,12,4001,0.005655313321018215,0.1995514825336958,2.4167029999999956
NSGAII,DTLZ6,DTLZ,3,12,4002,0.006047860225247739,0.19926511143871897,2.251044999999997
NSGAII,DTLZ6,DTLZ,3,12,4003,0.005876201442365376,0.19916602301528796,2.6723290000000044
NSGAII,DTLZ6,DTLZ,3,12,4004,0.006075046442450384,0.19941042829168357,2.6024009999999995
NSGAII,DTLZ6,DTLZ,3,12,4005,0.005722253842268635,0.19948622249779407,2.1858069999999965
NSGAII,DTLZ6,DTLZ,3,12,4006,0.00588130241951924,0.19936407065141293,2.2409539999999994
NSGAII,DTLZ6,DTLZ,3,12,4007,0.0057249370682908,0.19953479301235744,1.6891729999999991
NSGAII,DTLZ6,DTLZ,3,12,4008,0.0059905150957414175,0.19940936749678875,1.323138
NSGAII,DTLZ6,DTLZ,3,12,4009,0.006182059179758492,0.19974100615734938,1.9674559999999983
NSGAII,DTLZ6,DTLZ,3,12,4010,0.005812364377476357,0.1995654509837167,1.500941
NSGAII,DTLZ6,DTLZ,3,12,4011,0.005616754467706748,0.19958273722658645,1.897942000000003
NSGAII,DTLZ6,DTLZ,3,12,4012,0.005690181318464227,0.19946896442584047,1.2724080000000002
NSGAII,DTLZ6,DTLZ,3,12,4013,0.00567972071048186,0.19926218674685556,1.8617690000000013
NSGAII,DTLZ6,DTLZ,3,12,4014,0.005440592514117521,0.1996420564558801,1.3889139999999995
NSGAII,DTLZ6,DTLZ,3,12,4015,0.005943515902513709,0.19928931247875858,1.5030610000000009
NSGAII,DTLZ6,DTLZ,3,12,4016,0.005984419229103437,0.19932199962811492,1.5098779999999992
NSGAII,DTLZ6,DTLZ,3,12,4017,0.005737488659219716,0.19951609725659558,1.665599000000003
NSGAII,DTLZ6,DTLZ,3,12,4018,0.0063080370398691,0.19897491354076213,1.3919590000000017
NSGAII,DTLZ6,DTLZ,3,12,4019,0.0056832376792795665,0.19924910507617238,1.1916660000000008
NSGAII,DTLZ6,DTLZ,3,12,4020,0.0054890956309059345,0.19959727110907965,1.202380000000001
NSGAII,DTLZ6,DTLZ,3,12,4021,0.0057305963084438565,0.1994350817771774,1.6157070000000007
NSGAII,DTLZ6,DTLZ,3,12,4022,0.006270837056570323,0.19916008085541537,1.4856330000000013
NSGAII,DTLZ6,DTLZ,3,12,4023,0.0055792695191546615,0.19937461983279273,1.4562470000000005
NSGAII,DTLZ6,DTLZ,3,12,4024,0.005974992897696375,0.19935854077619794,1.7102750000000013
NSGAII,DTLZ6,DTLZ,3,12,4025,0.00575949009776657,0.19962582678668359,1.6293289999999998
NSGAII,DTLZ6,DTLZ,3,12,4026,0.005699423469914866,0.1993699275667808,1.196169000000001
NSGAII,DTLZ6,DTLZ,3,12,4027,0.006263602494646898,0.19933370349931448,1.549107000000002
NSGAII,DTLZ6,DTLZ,3,12,4028,0.006258960627342277,0.1992377700479336,1.6572349999999993
NSGAII,DTLZ6,DTLZ,3,12,4029,0.005692286802516135,0.19937760457657308,1.4768460000000005
NSGAII,DTLZ6,DTLZ,3,12,4030,0.00615201209125314,0.1996279409647008,1.475163
NSGAII,DTLZ7,DTLZ,2,21,4001,0.005227960212233256,0.24275672965204692,1.781529999999998
NSGAII,DTLZ7,DTLZ,2,21,4002,0.005223860693541556,0.2427542437523717,1.7324709999999992
NSGAII,DTLZ7,DTLZ,2,21,4003,0.005345636707914557,0.24274425855899956,1.5460890000000005
NSGAII,DTLZ7,DTLZ,2,21,4004,0.005352230785152901,0.24271310479101765,1.4955119999999982
NSGAII,DTLZ7,DTLZ,2,21,4005,0.005407431284592339,0.2426530340901315,1.5740059999999991
NSGAII,DTLZ7,DTLZ,2,21,4006,0.0054359741376777265,0.24269440415649682,1.784908999999998
NSGAII,DTLZ7,DTLZ,2,21,4007,0.00543144072292436,0.24271769707697363,1.6516249999999981
NSGAII,DTLZ7,DTLZ,2,21,4008,0.005472402693992183,0.2426806500987027,2.1594980000000024
NSGAII,DTLZ7,DTLZ,2,21,4009,0.005525844915047496,0.24265347128841014,1.944585000000004
NSGAII,DTLZ7,DTLZ,2,21,4010,0.005339305955649286,0.24272006462872284,2.051414000000003
NSGAII,DTLZ7,DTLZ,2,21,4011,0.0052591404660920936,0.2427340766995434,1.9815119999999984
NSGAII,DTLZ7,DTLZ,2,21,4012,0.005745617813819157,0.24260930069475825,1.7468680000000023
NSGAII,DTLZ7,DTLZ,2,21,4013,0.005501529425614076,0.24264563323883898,1.7743220000000006
NSGAII,DTLZ7,DTLZ,2,21,4014,0.005454309928977121,0.24268955631537656,2.1534069999999987
NSGAII,DTLZ7,DTLZ,2,21,4015,0.0050587827560718895,0.24279418424937926,2.2065949999999996
NSGAII,DTLZ7,DTLZ,2,21,4016,0.005419509189942779,0.24269359098850635,1.794709
NSGAII,DTLZ7,DTLZ,2,21,4017,0.005255424773655459,0.2426724159598696,2.0216219999999976
NSGAII,DTLZ7,DTLZ,2,21,4018,0.005418369984354345,0.24267267502644452,2.047501000000002
NSGAII,DTLZ7,DTLZ,2,21,4019,0.005138304161604382,0.2427298368592401,2.044726
NSGAII,DTLZ7,DTLZ,2,21,4020,0.00555542555589898,0.24267700011228066,1.729888999999999
NSGAII,DTLZ7,DTLZ,2,21,4021,0.005498896971209067,0.24267768087239694,1.9189260000000008
NSGAII,DTLZ7,DTLZ,2,21,4022,0.005471439046223239,0.24267990088987923,2.5865400000000007
NSGAII,DTLZ7,DTLZ,2,21,4023,0.005231332005075787,0.2427444733214723,2.7405590000000073
NSGAII,DTLZ7,DTLZ,2,21,4024,0.005523856607082037,0.24267467160506762,2.212935000000003
NSGAII,DTLZ7,DTLZ,2,21,4025,0.005329283412411722,0.24269224369573245,2.7665479999999985
NSGAII,DTLZ7,DTLZ,2,21,4026,0.005270892512013839,0.2427435978446841,2.598718000000003
NSGAII,DTLZ7,DTLZ,2,21,4027,0.0058275876236979305,0.24262732348416788,2.6408230000000037
NSGAII,DTLZ7,DTLZ,2,21,4028,0.005248237318729657,0.24271819838793796,2.1848639999999984
NSGAII,DTLZ7,DTLZ,2,21,4029,0.0050049213208442495,0.24275828326496685,2.441094
NSGAII,DTLZ7,DTLZ,2,21,4030,0.0054192329929338,0.24269880296383473,2.5591510000000057
NSGAII,DTLZ7,DTLZ,3,22,4001,0.07939594985790689,0.26849768579015426,1.6507469999999982
NSGAII,DTLZ7,DTLZ,3,22,4002,0.07156263273740074,0.26890231294056977,1.939594000000002
NSGAII,DTLZ7,DTLZ,3,22,4003,0.08489128192331861,0.26663032162465417,1.6645050000000001
NSGAII,DTLZ7,DTLZ,3,22,4004,0.08127488424250143,0.27042356044851246,1.7442890000000022
NSGAII,DTLZ7,DTLZ,3,22,4005,0.06933318527247254,0.26884499361365977,1.7311730000000007
NSGAII,DTLZ7,DTLZ,3,22,4006,0.07453519917347069,0.26977848151022976,1.858366999999999
NSGAII,DTLZ7,DTLZ,3,22,4007,0.07526519093337297,0.2682381710888082,3.213200999999996
NSGAII,DTLZ7,DTLZ,3,22,4008,0.0694786199520021,0.27095830034234614,1.6922170000000003
NSGAII,DTLZ7,DTLZ,3,22,4009,0.07665807195337782,0.26798834222650036,1.8541899999999993
NSGAII,DTLZ7,DTLZ,3,22,4010,0.07391105864834481,0.27056910806240625,1.438733999999999
NSGAII,DTLZ7,DTLZ,3,22,4011,0.07461457361308413,0.2686838234200834,3.1572319999999987
NSGAII,DTLZ7,DTLZ,3,22,4012,0.07345169627605243,0.2695611488943036,1.6474539999999998
NSGAII,DTLZ7,DTLZ,3,22,4013,0.07950254069762391,0.2674666073079961,2.419086000000005
NSGAII,DTLZ7,DTLZ,3,22,4014,0.07508620179003471,0.26832525183715344,1.5081419999999992
NSGAII,DTLZ7,DTLZ,3,22,4015,0.07492803302057177,0.2699105754387101,2.711863999999997
NSGAII,DTLZ7,DTLZ,3,22,4016,0.07492699005102789,0.26793942022387923,1.5649290000000007
NSGAII,DTLZ7,DTLZ,3,22,4017,0.35779095799924954,0.23746044867298485,3.042248999999998
NSGAII,DTLZ7,DTLZ,3,22,4018,0.07452002638136676,0.2651043193206078,1.4747889999999997
NSGAII,DTLZ7,DTLZ,3,22,4019,0.08747578328081834,0.2706467959993464,2.1702039999999982
NSGAII,DTLZ7,DTLZ,3,22,4020,0.07472013571595049,0.2703083239899956,2.8366720000000014
NSGAII,DTLZ7,DTLZ,3,22,4021,0.3529945517393773,0.24032392333162444,3.215624
NSGAII,DTLZ7,DTLZ,3,22,4022,0.08042381043405931,0.26691661741875844,2.068098000000002
NSGAII,DTLZ7,DTLZ,3,22,4023,0.07260549280865088,0.2705991777064644,1.7757900000000006
NSGAII,DTLZ7,DTLZ,3,22,4024,0.07313154164360243,0.2713512836454438,1.8742750000000035
NSGAII,DTLZ7,DTLZ,3,22,4025,0.08063543752509393,0.2671142479529017,2.6070489999999955
NSGAII,DTLZ7,DTLZ,3,22,4026,0.0848263862563644,0.27150775945130995,3.0140490000000013
NSGAII,DTLZ7,DTLZ,3,22,4027,0.08098981023782884,0.27055132252807224,3.3878450000000035
NSGAII,DTLZ7,DTLZ,3,22,4028,0.07707535176608785,0.2659963850909309,2.771229000000001
NSGAII,DTLZ7,DTLZ,3,22,4029,0.09179461950357365,0.26680080854846355,3.037906999999998
NSGAII,DTLZ7,DTLZ,3,22,4030,0.07042768663249968,0.2691220519944306,2.8123040000000032
NSGAII,MaF1,MaF,2,11,4001,0.00460580156174052,0.5808725811893922,1.5357480000000006
NSGAII,MaF1,MaF,2,11,4002,0.004386359805625092,0.581306774204609,1.6486140000000031
NSGAII,MaF1,MaF,2,11,4003,0.004487337772693671,0.5809371413173858,1.856880000000001
NSGAII,MaF1,MaF,2,11,4004,0.004499620061150548,0.5809786337642451,1.3300920000000003
NSGAII,MaF1,MaF,2,11,4005,0.0044935085204679285,0.5809440608003515,1.5443929999999986
NSGAII,MaF1,MaF,2,11,4006,0.004620850093497856,0.5808033362191306,1.664592000000002
NSGAII,MaF1,MaF,2,11,4007,0.004445636163915945,0.5810571886729679,1.7390059999999985
NSGAII,MaF1,MaF,2,11,4008,0.004647947164709992,0.5807532179383507,1.8466140000000018
NSGAII,MaF1,MaF,2,11,4009,0.00475602613864986,0.5805390886171715,1.5917090000000005
NSGAII,MaF1,MaF,2,11,4010,0.004566797276294044,0.5809348120787258,1.759101999999999
NSGAII,MaF1,MaF,2,11,4011,0.00445078042972034,0.5811446586134276,1.6216760000000008
NSGAII,MaF1,MaF,2,11,4012,0.004475721537912154,0.5811913196673391,1.7915020000000001
NSGAII,MaF1,MaF,2,11,4013,0.004570879715204699,0.5809865632316068,1.6631189999999985
NSGAII,MaF1,MaF,2,11,4014,0.0048668562680523365,0.5804454926097133,1.8297760000000014
NSGAII,MaF1,MaF,2,11,4015,0.004289056225686328,0.5813344346381375,1.4377060000000002
NSGAII,MaF1,MaF,2,11,4016,0.00459856561361018,0.5809742397567461,1.7100959999999987
NSGAII,MaF1,MaF,2,11,4017,0.004514434672713767,0.581082435271296,1.8943249999999994
NSGAII,MaF1,MaF,2,11,4018,0.005010980594179204,0.5802656953847477,1.7143810000000002
NSGAII,MaF1,MaF,2,11,4019,0.004680008018488047,0.5806447188131519,1.6918379999999986
NSGAII,MaF1,MaF,2,11,4020,0.0045708384989208905,0.5808456402173203,1.5834490000000003
NSGAII,MaF1,MaF,2,11,4021,0.004507132129969624,0.5809772939742683,1.5569429999999984
NSGAII,MaF1,MaF,2,11,4022,0.004537882417750187,0.5809456234859243,1.7538220000000013
NSGAII,MaF1,MaF,2,11,4023,0.004741199050042035,0.5808767572474394,1.599686
NSGAII,MaF1,MaF,2,11,4024,0.004569756192737944,0.5809491796985504,1.9028280000000006
NSGAII,MaF1,MaF,2,11,4025,0.004649443590414073,0.5808615248943826,1.4780269999999989
NSGAII,MaF1,MaF,2,11,4026,0.004776717690916408,0.5805595263982853,1.4254369999999998
NSGAII,MaF1,MaF,2,11,4027,0.004523865451255903,0.5810404010374592,1.4330460000000005
NSGAII,MaF1,MaF,2,11,4028,0.004612826093381993,0.5806787333074399,1.5490350000000004
NSGAII,MaF1,MaF,2,11,4029,0.00462867323629602,0.5808415476855738,1.3111819999999976
NSGAII,MaF1,MaF,2,11,4030,0.004379400993041798,0.581254940427484,1.0212120000000005
NSGAII,MaF1,MaF,3,12,4001,0.05629957871788969,0.2034243818545619,2.0795900000000005
NSGAII,MaF1,MaF,3,12,4002,0.05982413541773077,0.20151764780928652,1.911179
NSGAII,MaF1,MaF,3,12,4003,0.05668040926954442,0.20385173808903193,2.358674999999998
NSGAII,MaF1,MaF,3,12,4004,0.05430218124206604,0.2067062084742977,2.128615
NSGAII,MaF1,MaF,3,12,4005,0.05888250747642163,0.20319115943315297,2.309578999999998
NSGAII,MaF1,MaF,3,12,4006,0.05839414135197974,0.2027856498072518,1.869828000000002
NSGAII,MaF1,MaF,3,12,4007,0.057714390809180165,0.20502967652904175,2.134105
NSGAII,MaF1,MaF,3,12,4008,0.05817159706609049,0.20400870050128486,2.382549999999997
NSGAII,MaF1,MaF,3,12,4009,0.05509350664467696,0.2061769581411586,2.1686560000000035
NSGAII,MaF1,MaF,3,12,4010,0.05513134976500923,0.20698600037268208,2.673960000000001
NSGAII,MaF1,MaF,3,12,4011,0.061721580733925106,0.20319863132964738,2.0123600000000015
NSGAII,MaF1,MaF,3,12,4012,0.06128688085162056,0.20110988410028283,2.261985000000005
NSGAII,MaF1,MaF,3,12,4013,0.05788760598845241,0.20368868153692038,2.118838
NSGAII,MaF1,MaF,3,12,4014,0.0599945645070891,0.2014118745696276,2.144034000000001
NSGAII,MaF1,MaF,3,12,4015,0.05781459280535735,0.20443676456244508,1.840467
NSGAII,MaF1,MaF,3,12,4016,0.056490138308501546,0.20545431959870836,2.315323999999997
NSGAII,MaF1,MaF,3,12,4017,0.05829360793629761,0.2039853861931783,2.036293999999999
NSGAII,MaF1,MaF,3,12,4018,0.0554609436355459,0.2065430237344051,2.8568900000000053
NSGAII,MaF1,MaF,3,12,4019,0.056042082291077995,0.2039382728551241,1.8104569999999984
NSGAII,MaF1,MaF,3,12,4020,0.053568572572543854,0.2063821297124745,2.1841010000000014
NSGAII,MaF1,MaF,3,12,4021,0.05399973164575678,0.20573113287874456,2.0308130000000015
NSGAII,MaF1,MaF,3,12,4022,0.05419799760878768,0.20677538530176529,2.2003069999999987
NSGAII,MaF1,MaF,3,12,4023,0.058246764425585344,0.20315972570437033,1.944061999999999
NSGAII,MaF1,MaF,3,12,4024,0.055021534537296725,0.2052789293376504,2.0893890000000015
NSGAII,MaF1,MaF,3,12,4025,0.06281434292380404,0.20178984502505026,1.703225999999998
NSGAII,MaF1,MaF,3,12,4026,0.062418896009260226,0.20215713856947884,2.3446489999999995
NSGAII,MaF1,MaF,3,12,4027,0.058198503873980144,0.2032029362041401,1.6905860000000006
NSGAII,MaF1,MaF,3,12,4028,0.05789009428133732,0.2049630800113501,2.1865329999999963
NSGAII,MaF1,MaF,3,12,4029,0.058119440417200095,0.2040287228419936,2.436513999999997
NSGAII,MaF1,MaF,3,12,4030,0.057839896840557854,0.2041812780237036,1.7959629999999995
NSGAII,MaF2,MaF,2,11,4001,0.002569761523452071,0.20691086785064425,2.4351339999999966
NSGAII,MaF2,MaF,2,11,4002,0.0029184108330008026,0.2065890539711801,2.390563000000004
NSGAII,MaF2,MaF,2,11,4003,0.0026581765599502337,0.20680757180811288,2.3795920000000006
NSGAII,MaF2,MaF,2,11,4004,0.002837666823759015,0.2067375988584022,2.6253720000000027
NSGAII,MaF2,MaF,2,11,4005,0.0028003337625313743,0.2067769151315147,2.3954409999999995
NSGAII,MaF2,MaF,2,11,4006,0.002727544288650865,0.20675559374209965,2.177179999999997
NSGAII,MaF2,MaF,2,11,4007,0.002709839876697194,0.20676378129847936,2.165058000000001
NSGAII,MaF2,MaF,2,11,4008,0.0027868850180535407,0.20669284150730677,1.9803360000000012
NSGAII,MaF2,MaF,2,11,4009,0.002666545387758303,0.2068621307385414,2.1930240000000043
NSGAII,MaF2,MaF,2,11,4010,0.002813731126447888,0.20672623586210476,2.482385000000002
NSGAII,MaF2,MaF,2,11,4011,0.0027616907668776133,0.20666100112427546,1.8569269999999998
NSGAII,MaF2,MaF,2,11,4012,0.002800454431882593,0.20677971102022122,2.2735980000000002
NSGAII,MaF2,MaF,2,11,4013,0.002768060123571266,0.20678598999549563,2.2572700000000006
NSGAII,MaF2,MaF,2,11,4014,0.0029057868405808077,0.20661707706935084,2.090968999999999
NSGAII,MaF2,MaF,2,11,4015,0.00289182591984929,0.2066825951850086,2.5597009999999996
NSGAII,MaF2,MaF,2,11,4016,0.002682396905770031,0.20678730244257718,2.8010570000000006
NSGAII,MaF2,MaF,2,11,4017,0.0026870517249994374,0.20684237834306501,1.9239859999999993
NSGAII,MaF2,MaF,2,11,4018,0.002750233097445799,0.20680759326774434,2.225277000000003
NSGAII,MaF2,MaF,2,11,4019,0.002662874378246484,0.20685498100407446,1.7628869999999994
NSGAII,MaF2,MaF,2,11,4020,0.002869895048896362,0.2067042206924151,1.8468429999999978
NSGAII,MaF2,MaF,2,11,4021,0.0027290460292268477,0.2067833079199863,1.8946789999999991
NSGAII,MaF2,MaF,2,11,4022,0.002680050040190389,0.20691888490345717,2.504605000000004
NSGAII,MaF2,MaF,2,11,4023,0.002987104832461228,0.20657730683750813,2.6849129999999977
NSGAII,MaF2,MaF,2,11,4024,0.0027759492495551775,0.20676891218260787,1.9067069999999986
NSGAII,MaF2,MaF,2,11,4025,0.0029736073343341637,0.2066282649400516,2.657333
NSGAII,MaF2,MaF,2,11,4026,0.002592768005044881,0.20691747978470051,1.9148269999999987
NSGAII,MaF2,MaF,2,11,4027,0.0028225547599125254,0.2067175220073983,2.290122000000003
NSGAII,MaF2,MaF,2,11,4028,0.002844074777327524,0.20665009818514196,3.061177000000001
NSGAII,MaF2,MaF,2,11,4029,0.002918394022534135,0.2065661746574143,2.213910000000005
NSGAII,MaF2,MaF,2,11,4030,0.0027544730753806435,0.20678529710516946,2.2485380000000013
NSGAII,MaF2,MaF,3,12,4001,0.04372580729543048,0.23261583812172293,0.8446589999999997
NSGAII,MaF2,MaF,3,12,4002,0.05350985873010885,0.23384859632930352,1.0781830000000003
NSGAII,MaF2,MaF,3,12,4003,0.04755823799081139,0.2360515417169391,1.1060699999999994
NSGAII,MaF2,MaF,3,12,4004,0.048219139099336956,0.235786312323446,0.9659720000000008
NSGAII,MaF2,MaF,3,12,4005,0.0479642225396975,0.2338656174077521,0.8420360000000005
NSGAII,MaF2,MaF,3,12,4006,0.04380615829365752,0.2358011915116593,0.8574809999999999
NSGAII,MaF2,MaF,3,12,4007,0.040595041817938174,0.2341194660252621,1.0471989999999989
NSGAII,MaF2,MaF,3,12,4008,0.04267913889481969,0.2367516918149819,0.8034190000000004
NSGAII,MaF2,MaF,3,12,4009,0.04569034134154495,0.23668684820142769,0.9826949999999994
NSGAII,MaF2,MaF,3,12,4010,0.04300047252196818,0.23526450052367706,0.9038020000000008
NSGAII,MaF2,MaF,3,12,4011,0.04612855599086036,0.2336822851174217,0.9868049999999999
NSGAII,MaF2,MaF,3,12,4012,0.0444860400518473,0.2337365176253625,1.0084380000000002
NSGAII,MaF2,MaF,3,12,4013,0.04468029023263418,0.23511226181914238,1.0845599999999995
NSGAII,MaF2,MaF,3,12,4014,0.050902386442337716,0.23506099743324455,0.8899939999999994
NSGAII,MaF2,MaF,3,12,4015,0.04246251073502176,0.23651926287544622,0.9302439999999993
NSGAII,MaF2,MaF,3,12,4016,0.04678552885116092,0.23613297420902135,0.8754560000000005
NSGAII,MaF2,MaF,3,12,4017,0.048811112498331574,0.23514312116697636,1.1762030000000014
NSGAII,MaF2,MaF,3,12,4018,0.04795138886581245,0.23243620685014005,1.0770340000000005
NSGAII,MaF2,MaF,3,12,4019,0.043264399775412146,0.23529746208959817,0.8774699999999998
NSGAII,MaF2,MaF,3,12,4020,0.04843129223291069,0.23408607679329935,1.0134569999999996
NSGAII,MaF2,MaF,3,12,4021,0.04479354002226727,0.23103797482574154,0.9069790000000004
NSGAII,MaF2,MaF,3,12,4022,0.0437178023184105,0.23514551925335853,1.0742840000000005
NSGAII,MaF2,MaF,3,12,4023,0.050805636892262133,0.23478369417219286,0.9110149999999996
NSGAII,MaF2,MaF,3,12,4024,0.04932952721219839,0.23224113763798573,1.1408950000000009
NSGAII,MaF2,MaF,3,12,4025,0.046941233624765114,0.23447759311353883,0.9127369999999982
NSGAII,MaF2,MaF,3,12,4026,0.04900598033441404,0.2319662054219174,1.027223999999999
NSGAII,MaF2,MaF,3,12,4027,0.04526851197293604,0.23424228171843295,0.9527389999999994
NSGAII,MaF2,MaF,3,12,4028,0.04706302494574834,0.23417370788604058,1.0270790000000005
NSGAII,MaF2,MaF,3,12,4029,0.046145673682257325,0.2368333313605696,0.9095319999999987
NSGAII,MaF2,MaF,3,12,4030,0.044129404666598974,0.23547331060397061,0.8097709999999994
NSGAII,MaF3,MaF,2,11,4001,0.0056523496268326145,0.7167668346256159,2.460802999999999
NSGAII,MaF3,MaF,2,11,4002,0.005650723028840136,0.7168825688195537,2.2443940000000007
NSGAII,MaF3,MaF,2,11,4003,0.005984705606471058,0.7164373258805633,2.6364370000000017
NSGAII,MaF3,MaF,2,11,4004,0.005592851921307471,0.7171019988730188,2.244013
NSGAII,MaF3,MaF,2,11,4005,0.007700412547922906,0.7134682928423934,2.610060999999998
NSGAII,MaF3,MaF,2,11,4006,0.004798664831680378,0.7186298198270467,2.289003000000002
NSGAII,MaF3,MaF,2,11,4007,0.0043809407080810485,0.7195132390410715,1.9887310000000018
NSGAII,MaF3,MaF,2,11,4008,0.005187982097884376,0.7181714025004641,2.244027000000001
NSGAII,MaF3,MaF,2,11,4009,0.004470414163598039,0.7193389069399581,2.103309000000001
NSGAII,MaF3,MaF,2,11,4010,0.005007163053700537,0.7190676208823554,2.9827479999999986
NSGAII,MaF3,MaF,2,11,4011,0.004433132102766871,0.7191657184860412,1.7874630000000022
NSGAII,MaF3,MaF,2,11,4012,0.0059512595384499135,0.7165505918176875,2.6336329999999983
NSGAII,MaF3,MaF,2,11,4013,0.005383987483339269,0.7173042825742829,2.0700769999999995
NSGAII,MaF3,MaF,2,11,4014,0.005782156776088212,0.716343994341429,2.4919409999999966
NSGAII,MaF3,MaF,2,11,4015,0.006588528605177662,0.7146899855980767,1.882987
NSGAII,MaF3,MaF,2,11,4016,0.0064562290769075974,0.7153415054641866,2.6013600000000014
NSGAII,MaF3,MaF,2,11,4017,0.004827352920211366,0.7185095592513765,1.963087000000003
NSGAII,MaF3,MaF,2,11,4018,0.005224750115974355,0.7174418672165301,2.099614000000001
NSGAII,MaF3,MaF,2,11,4019,0.004865635091857242,0.7180502734696275,2.547844999999999
NSGAII,MaF3,MaF,2,11,4020,0.004653845753458015,0.7192816014366337,2.288818000000003
NSGAII,MaF3,MaF,2,11,4021,0.0046796758844754585,0.7184780078896197,2.4721280000000028
NSGAII,MaF3,MaF,2,11,4022,0.004771387971426272,0.7183885790177745,2.47013
NSGAII,MaF3,MaF,2,11,4023,0.006290927131107918,0.7153717652786863,2.603317000000001
NSGAII,MaF3,MaF,2,11,4024,0.004799126517211187,0.718893185491202,2.6777399999999982
NSGAII,MaF3,MaF,2,11,4025,0.005171841953521537,0.7177267166668189,2.6413970000000035
NSGAII,MaF3,MaF,2,11,4026,0.004740799143175979,0.7195817840985197,2.4289840000000025
NSGAII,MaF3,MaF,2,11,4027,0.004951459302365369,0.7187735801169356,2.1073150000000007
NSGAII,MaF3,MaF,2,11,4028,0.004716408704424208,0.7185855908034259,1.9809549999999998
NSGAII,MaF3,MaF,2,11,4029,0.005399583138564081,0.7172971607977817,1.8903739999999978
NSGAII,MaF3,MaF,2,11,4030,0.005546339822550529,0.7178812921685102,1.9153179999999994
NSGAII,MaF3,MaF,3,12,4001,0.08250117571155405,0.9317456128623591,2.347236999999998
NSGAII,MaF3,MaF,3,12,4002,0.061865782086215786,0.9448028777297314,2.0543030000000018
NSGAII,MaF3,MaF,3,12,4003,0.04918346453096152,0.9497710637936853,2.7956440000000025
NSGAII,MaF3,MaF,3,12,4004,0.04789244650461387,0.9518983895272376,3.0221269999999985
NSGAII,MaF3,MaF,3,12,4005,0.04944204991557752,0.9538744423879344,2.3418519999999976
NSGAII,MaF3,MaF,3,12,4006,0.044500100900058674,0.9545771321464079,2.3807249999999978
NSGAII,MaF3,MaF,3,12,4007,0.05924620483615861,0.950887449135714,2.4348910000000004
NSGAII,MaF3,MaF,3,12,4008,0.060804680352006035,0.9471888903670064,2.326399999999998
NSGAII,MaF3,MaF,3,12,4009,0.044098116489321555,0.9530733957143422,1.7326640000000015
NSGAII,MaF3,MaF,3,12,4010,0.04705300607694955,0.950834336429072,1.6235260000000016
NSGAII,MaF3,MaF,3,12,4011,0.050206368320183915,0.9523157129697194,2.4025839999999996
NSGAII,MaF3,MaF,3,12,4012,0.07815640932888199,0.93213277461869,1.9019959999999994
NSGAII,MaF3,MaF,3,12,4013,0.05501547145237993,0.9436118770853603,2.385626000000003
NSGAII,MaF3,MaF,3,12,4014,0.04914858476420403,0.955048656632877,1.8118589999999992
NSGAII,MaF3,MaF,3,12,4015,0.05093414186490808,0.9499388853247703,2.241716999999999
NSGAII,MaF3,MaF,3,12,4016,0.0437334738727557,0.9558994370155033,1.7711130000000008
NSGAII,MaF3,MaF,3,12,4017,0.045790707856058314,0.9548031923140692,2.140371999999999
NSGAII,MaF3,MaF,3,12,4018,0.05658936530774468,0.9515638980788513,1.6757699999999989
NSGAII,MaF3,MaF,3,12,4019,0.05086973329766606,0.9520353931244038,1.997257000000001
NSGAII,MaF3,MaF,3,12,4020,0.05200620731247656,0.9511803556532527,3.046585999999996
NSGAII,MaF3,MaF,3,12,4021,0.0597360611686111,0.9492272706420537,1.9951660000000004
NSGAII,MaF3,MaF,3,12,4022,0.04296273170054376,0.9557514822739307,2.189637
NSGAII,MaF3,MaF,3,12,4023,0.04923510543370364,0.9515856217746272,2.2272139999999996
NSGAII,MaF3,MaF,3,12,4024,0.06513999941958572,0.9453366163182766,1.9469340000000008
NSGAII,MaF3,MaF,3,12,4025,0.0605208561671736,0.9489507511302597,2.330154000000003
NSGAII,MaF3,MaF,3,12,4026,0.05984272058721162,0.9498355735020546,3.0877660000000002
NSGAII,MaF3,MaF,3,12,4027,0.05013694909339074,0.9537458689868091,2.382004
NSGAII,MaF3,MaF,3,12,4028,0.0740886771150721,0.9362672952665771,2.2394380000000003
NSGAII,MaF3,MaF,3,12,4029,0.04807902522983332,0.9518951806086441,2.1333410000000015
NSGAII,MaF3,MaF,3,12,4030,0.06230333270773434,0.9465578733494191,2.3273770000000007
NSGAII,MaF4,MaF,2,11,4001,0.016965596206682428,0.818491621137657,1.574876999999998
NSGAII,MaF4,MaF,2,11,4002,0.015753825568889598,0.8181907280704729,1.7955069999999989
NSGAII,MaF4,MaF,2,11,4003,0.016445228231409616,0.8180861403475259,1.8126119999999981
NSGAII,MaF4,MaF,2,11,4004,0.015205592733487455,0.8183022560297061,1.7321700000000018
NSGAII,MaF4,MaF,2,11,4005,0.015535236160957365,0.8181020469499104,1.6884699999999997
NSGAII,MaF4,MaF,2,11,4006,0.014641005509825073,0.8187892476138625,1.6425559999999981
NSGAII,MaF4,MaF,2,11,4007,0.015457211807896996,0.8181956952808995,1.361646999999999
NSGAII,MaF4,MaF,2,11,4008,0.01571070050087214,0.8178295511245351,1.6865860000000013
NSGAII,MaF4,MaF,2,11,4009,0.01576540322009027,0.8177084436544124,1.040413000000001
NSGAII,MaF4,MaF,2,11,4010,0.01625493903885797,0.8184083202292026,1.6409240000000007
NSGAII,MaF4,MaF,2,11,4011,0.01547182869166672,0.8174611182895651,1.311864000000002
NSGAII,MaF4,MaF,2,11,4012,0.01594490435164462,0.817915713394176,1.7783009999999992
NSGAII,MaF4,MaF,2,11,4013,0.01586883227612777,0.8176673502080606,1.2641050000000016
NSGAII,MaF4,MaF,2,11,4014,0.016615997097788375,0.8177245812468225,1.7441089999999986
NSGAII,MaF4,MaF,2,11,4015,0.015644380759866044,0.8177463093207183,1.11764
NSGAII,MaF4,MaF,2,11,4016,0.015115546093499145,0.81830054233191,1.8404190000000011
NSGAII,MaF4,MaF,2,11,4017,0.015700822225826985,0.8177221775340896,1.2990230000000014
NSGAII,MaF4,MaF,2,11,4018,0.015498423355048163,0.8184812173744725,1.6135500000000012
NSGAII,MaF4,MaF,2,11,4019,0.015003048795328464,0.8187548476113163,1.417758999999999
NSGAII,MaF4,MaF,2,11,4020,0.017084407201785556,0.8179166940364109,1.445904
NSGAII,MaF4,MaF,2,11,4021,0.015691669064409292,0.8178331133385887,1.6921019999999964
NSGAII,MaF4,MaF,2,11,4022,0.015446727626322036,0.8183835094069447,1.488025000000002
NSGAII,MaF4,MaF,2,11,4023,0.015346708668519563,0.8184391767491377,1.698562
NSGAII,MaF4,MaF,2,11,4024,0.015356551925127582,0.8187065672665603,1.6519189999999997
NSGAII,MaF4,MaF,2,11,4025,0.016603288854775248,0.8177568319623355,1.1786699999999983
NSGAII,MaF4,MaF,2,11,4026,0.01612661682811621,0.8177349591972669,1.1527249999999987
NSGAII,MaF4,MaF,2,11,4027,0.015659142144327058,0.8183919744815129,1.2287979999999996
NSGAII,MaF4,MaF,2,11,4028,0.015246878385816336,0.8183499086703521,1.2001100000000016
NSGAII,MaF4,MaF,2,11,4029,0.015246008780577946,0.8184708818022624,1.2093969999999996
NSGAII,MaF4,MaF,2,11,4030,0.015622522882925625,0.818068963295811,1.235601000000001
NSGAII,MaF4,MaF,3,12,4001,0.29084134066034756,0.5148508946556108,2.295397999999999
NSGAII,MaF4,MaF,3,12,4002,0.3035608915644964,0.5222449527523613,2.2975560000000015
NSGAII,MaF4,MaF,3,12,4003,0.30114558586186213,0.5226800010646652,1.935620999999999
NSGAII,MaF4,MaF,3,12,4004,0.30720658486658325,0.5185765479936543,2.1583480000000006
NSGAII,MaF4,MaF,3,12,4005,0.2952171186476028,0.5204071326164207,2.1426979999999975
NSGAII,MaF4,MaF,3,12,4006,0.2958105794948385,0.5230311794772929,2.388835999999998
NSGAII,MaF4,MaF,3,12,4007,0.30885801602420415,0.5241433470833873,1.513120000000001
NSGAII,MaF4,MaF,3,12,4008,0.30164988924694985,0.521900553558686,2.6466229999999955
NSGAII,MaF4,MaF,3,12,4009,0.292859193826705,0.5249427211685689,1.3875199999999999
NSGAII,MaF4,MaF,3,12,4010,0.29387428385704584,0.5211977433410248,2.183618999999999
NSGAII,MaF4,MaF,3,12,4011,0.29936643444556643,0.515384795134446,1.3932770000000019
NSGAII,MaF4,MaF,3,12,4012,0.29022757223309803,0.5249995937734286,2.447849000000003
NSGAII,MaF4,MaF,3,12,4013,0.30298887236253585,0.5258980341780563,1.8199839999999985
NSGAII,MaF4,MaF,3,12,4014,0.28631262697676557,0.5213493716973968,2.445969000000004
NSGAII,MaF4,MaF,3,12,4015,0.30604485399453984,0.5184764409910799,1.7239179999999972
NSGAII,MaF4,MaF,3,12,4016,0.29503344653300995,0.5261125905884518,2.1457960000000016
NSGAII,MaF4,MaF,3,12,4017,0.3021622451194744,0.5217451487396597,1.875468000000001
NSGAII,MaF4,MaF,3,12,4018,0.3037477230471525,0.5238435082266645,1.9928000000000012
NSGAII,MaF4,MaF,3,12,4019,0.30738618739509027,0.5205101468128358,1.348414000000002
NSGAII,MaF4,MaF,3,12,4020,0.295845668313964,0.5233029317928974,1.5021590000000005
NSGAII,MaF4,MaF,3,12,4021,0.29629955623818344,0.5206030284598905,1.2678270000000011
NSGAII,MaF4,MaF,3,12,4022,0.29024637234392286,0.5185068068151728,1.6837529999999972
NSGAII,MaF4,MaF,3,12,4023,0.29109544368900586,0.5243728319491165,1.6892500000000024
NSGAII,MaF4,MaF,3,12,4024,0.2844272877817928,0.5270791165909308,1.4615600000000015
NSGAII,MaF4,MaF,3,12,4025,0.3041530306526051,0.5163656888730934,1.1539969999999997
NSGAII,MaF4,MaF,3,12,4026,0.3090415242411543,0.518021128136805,1.5796990000000009
NSGAII,MaF4,MaF,3,12,4027,0.2880394337352727,0.5253735011751404,1.5039600000000002
NSGAII,MaF4,MaF,3,12,4028,0.29549962759245185,0.5189111639838598,1.7066370000000006
NSGAII,MaF4,MaF,3,12,4029,0.2859533572327917,0.5284335224841182,1.7159800000000014
NSGAII,MaF4,MaF,3,12,4030,0.3024896312481647,0.5186073309859426,1.6842210000000004
NSGAII,MaF5,MaF,2,11,4001,0.016215354236980825,0.3465727005300631,1.8766079999999985
NSGAII,MaF5,MaF,2,11,4002,0.015463798787533102,0.3465500908553717,1.7140739999999997
NSGAII,MaF5,MaF,2,11,4003,2.008377438316852,0.0909090889035864,2.9007150000000004
NSGAII,MaF5,MaF,2,11,4004,0.015576114683801195,0.3464067342913921,1.6241639999999977
NSGAII,MaF5,MaF,2,11,4005,0.015684681922955853,0.3464393692870411,1.889984999999999
NSGAII,MaF5,MaF,2,11,4006,0.015075515659901615,0.34658010606011164,2.1483129999999995
NSGAII,MaF5,MaF,2,11,4007,0.015886355956707142,0.3463398191656621,1.8032350000000035
NSGAII,MaF5,MaF,2,11,4008,0.015348421475570254,0.3467316063355369,1.4961440000000015
NSGAII,MaF5,MaF,2,11,4009,0.015446461568038715,0.346290218174077,1.4898719999999996
NSGAII,MaF5,MaF,2,11,4010,0.014860081461286995,0.3465360129910369,1.4004040000000006
NSGAII,MaF5,MaF,2,11,4011,0.015072955212558182,0.34635269700956084,1.5519720000000004
NSGAII,MaF5,MaF,2,11,4012,2.0083774353013717,0.09090909013145909,1.8837530000000005
NSGAII,MaF5,MaF,2,11,4013,0.015313184214061613,0.34653165193983365,1.6863140000000008
NSGAII,MaF5,MaF,2,11,4014,0.015297204858767057,0.3467320817641141,1.4614719999999997
NSGAII,MaF5,MaF,2,11,4015,0.014799990591908977,0.346878413829956,1.5742090000000002
NSGAII,MaF5,MaF,2,11,4016,0.015897652962444074,0.34642950109061743,1.571978999999999
NSGAII,MaF5,MaF,2,11,4017,0.01506134695988982,0.34664299522141157,1.8432630000000025
NSGAII,MaF5,MaF,2,11,4018,2.0083774385564572,0.09090908880602155,1.8475770000000025
NSGAII,MaF5,MaF,2,11,4019,0.014700358047912164,0.3466344283427304,1.8637870000000014
NSGAII,MaF5,MaF,2,11,4020,0.015343952658369783,0.3465206473290222,1.9276289999999958
NSGAII,MaF5,MaF,2,11,4021,2.0083774433265718,0.09090908686368315,2.223683
NSGAII,MaF5,MaF,2,11,4022,0.015758750299146747,0.34630599133454976,1.3770300000000006
NSGAII,MaF5,MaF,2,11,4023,0.014779482708510688,0.3465029602639829,1.3953599999999977
NSGAII,MaF5,MaF,2,11,4024,0.015966799810118986,0.34644300686794527,1.2478849999999995
NSGAII,MaF5,MaF,2,11,4025,0.017012055299832865,0.3462873819439552,1.6091370000000005
NSGAII,MaF5,MaF,2,11,4026,0.01568899085140003,0.3465159709451267,1.6020239999999988
NSGAII,MaF5,MaF,2,11,4027,2.0083774362415636,0.09090908974862177,2.0671059999999994
NSGAII,MaF5,MaF,2,11,4028,0.015042847880491001,0.3464196602962488,1.882836
NSGAII,MaF5,MaF,2,11,4029,2.0083774385979987,0.09090908878910742,2.093506000000001
NSGAII,MaF5,MaF,2,11,4030,0.016448974707669303,0.34624171752624344,1.9336110000000037
NSGAII,MaF5,MaF,3,12,4001,0.30152188854448586,0.5261902031893,0.861612
NSGAII,MaF5,MaF,3,12,4002,0.2965506473924686,0.5337552136365357,0.8505360000000004
NSGAII,MaF5,MaF,3,12,4003,0.29261017784628257,0.5354458098625263,0.8298670000000001
NSGAII,MaF5,MaF,3,12,4004,0.3143260862265053,0.5373512144085592,0.8207230000000012
NSGAII,MaF5,MaF,3,12,4005,0.30955513372328336,0.5359965636835378,0.8358639999999997
NSGAII,MaF5,MaF,3,12,4006,0.2980964552171846,0.534060741739836,0.8732309999999992
NSGAII,MaF5,MaF,3,12,4007,0.28850925962163065,0.5354900411443069,0.9179760000000005
NSGAII,MaF5,MaF,3,12,4008,0.29669999092985905,0.5381810696338187,0.9420400000000014
NSGAII,MaF5,MaF,3,12,4009,0.2846977836855986,0.533059234470042,1.0325779999999993
NSGAII,MaF5,MaF,3,12,4010,0.29962706642122444,0.5269502300086547,0.9679779999999994
NSGAII,MaF5,MaF,3,12,4011,0.3007107617776279,0.5304951324489886,0.8601470000000001
NSGAII,MaF5,MaF,3,12,4012,0.31466247149126875,0.5285848257184866,0.8602499999999988
NSGAII,MaF5,MaF,3,12,4013,0.3382974795540609,0.5301115389547757,0.8512560000000016
NSGAII,MaF5,MaF,3,12,4014,0.2951634712709731,0.5349827358329411,0.8174869999999989
NSGAII,MaF5,MaF,3,12,4015,0.2954508034115437,0.5360200558598172,0.8957140000000013
NSGAII,MaF5,MaF,3,12,4016,0.3103281573323563,0.5342597697716446,0.8832149999999994
NSGAII,MaF5,MaF,3,12,4017,0.30034821575551013,0.5394648622631466,0.8940670000000002
NSGAII,MaF5,MaF,3,12,4018,0.29446765734215713,0.5328473792415054,0.8331990000000004
NSGAII,MaF5,MaF,3,12,4019,0.29558453600066764,0.5343440638788548,0.9320849999999987
NSGAII,MaF5,MaF,3,12,4020,0.3109547539984516,0.5297858294741227,0.9609359999999991
NSGAII,MaF5,MaF,3,12,4021,0.2987752749119452,0.538676005331544,0.8935899999999997
NSGAII,MaF5,MaF,3,12,4022,0.2971599691171521,0.5346181500073186,1.033872000000001
NSGAII,MaF5,MaF,3,12,4023,0.28320639585599955,0.5365898018777412,1.0689129999999993
NSGAII,MaF5,MaF,3,12,4024,0.2863891329164836,0.5353860500733789,0.9307050000000011
NSGAII,MaF5,MaF,3,12,4025,0.2882617532757666,0.5349773572359271,0.8805400000000005
NSGAII,MaF5,MaF,3,12,4026,0.2933017440194189,0.5391585766799719,0.9251779999999997
NSGAII,MaF5,MaF,3,12,4027,0.2948652726487932,0.5415795692308112,0.8982690000000014
NSGAII,MaF5,MaF,3,12,4028,0.2889718779156915,0.538855038497063,0.9232250000000001
NSGAII,MaF5,MaF,3,12,4029,0.2974200123036052,0.5346751413767116,0.8171520000000003
NSGAII,MaF5,MaF,3,12,4030,0.30924250827619926,0.5277012197611856,0.8955270000000006
NSGAII,MaF6,MaF,2,11,4001,0.0047134089878946095,0.34713011551658435,2.6914270000000045
NSGAII,MaF6,MaF,2,11,4002,0.004892466279258019,0.3469599257104235,1.9809889999999981
NSGAII,MaF6,MaF,2,11,4003,0.004749237872758407,0.3471657950288703,2.4164799999999946
NSGAII,MaF6,MaF,2,11,4004,0.005223069798033934,0.34684183007140745,2.3994040000000005
NSGAII,MaF6,MaF,2,11,4005,0.005066309682366815,0.3471625165046037,2.106914000000002
NSGAII,MaF6,MaF,2,11,4006,0.005091678042951719,0.3469008194911548,2.1396590000000018
NSGAII,MaF6,MaF,2,11,4007,0.004881632837767874,0.34710737295806965,1.9594219999999993
NSGAII,MaF6,MaF,2,11,4008,0.004855332903943351,0.34705881214618767,2.855110000000001
NSGAII,MaF6,MaF,2,11,4009,0.004926462550500649,0.3470859279944448,2.2531879999999993
NSGAII,MaF6,MaF,2,11,4010,0.004982884217470624,0.34715872412598936,2.5557399999999997
NSGAII,MaF6,MaF,2,11,4011,0.005104149751758908,0.3467664717454023,2.092681999999999
NSGAII,MaF6,MaF,2,11,4012,0.0053857100376514975,0.3472057273132764,2.6371060000000015
NSGAII,MaF6,MaF,2,11,4013,0.005231573551839861,0.34681116878572615,2.1500560000000006
NSGAII,MaF6,MaF,2,11,4014,0.004872323953977298,0.3469253522248553,2.4568719999999984
NSGAII,MaF6,MaF,2,11,4015,0.0048054035480712695,0.34717789158474743,2.3438449999999986
NSGAII,MaF6,MaF,2,11,4016,0.005069383404843479,0.34698428699027595,2.6753419999999997
NSGAII,MaF6,MaF,2,11,4017,0.0050652116924272735,0.34704834258250566,1.828339000000001
NSGAII,MaF6,MaF,2,11,4018,0.004915428709841974,0.3469732165902511,2.084977999999999
NSGAII,MaF6,MaF,2,11,4019,0.005296601444306804,0.34671596421238676,2.356927
NSGAII,MaF6,MaF,2,11,4020,0.005137132108747015,0.3472116170115511,2.3110870000000006
NSGAII,MaF6,MaF,2,11,4021,0.0048981885169857116,0.3472375890380433,2.696839000000003
NSGAII,MaF6,MaF,2,11,4022,0.005093496563021803,0.3470875708818537,2.641814999999996
NSGAII,MaF6,MaF,2,11,4023,0.005026787382647336,0.3470546234582135,2.225301999999996
NSGAII,MaF6,MaF,2,11,4024,0.005031697186931289,0.3468903163276458,2.1862929999999996
NSGAII,MaF6,MaF,2,11,4025,0.004994379866652454,0.34683972112461686,2.359737000000001
NSGAII,MaF6,MaF,2,11,4026,0.004961304087843238,0.34710249978306673,2.615356
NSGAII,MaF6,MaF,2,11,4027,0.004945943883221855,0.34697137873336925,2.168923999999998
NSGAII,MaF6,MaF,2,11,4028,0.005023589734493064,0.3469618755473715,1.861937000000001
NSGAII,MaF6,MaF,2,11,4029,0.005098615367931326,0.3471112101929249,2.254200000000001
NSGAII,MaF6,MaF,2,11,4030,0.005024044413277219,0.34684694157765955,2.132532999999999
NSGAII,MaF6,MaF,3,12,4001,0.005534329524320319,0.1997892656494042,1.7632839999999985
NSGAII,MaF6,MaF,3,12,4002,0.005389904882072017,0.19971366217727538,1.9788970000000021
NSGAII,MaF6,MaF,3,12,4003,0.005614952859716575,0.1998237940283028,1.828493
NSGAII,MaF6,MaF,3,12,4004,0.005386615594586795,0.1997667232773738,2.1501510000000006
NSGAII,MaF6,MaF,3,12,4005,0.0053117471113108185,0.19983019210454167,2.5914930000000007
NSGAII,MaF6,MaF,3,12,4006,0.005202694387561891,0.1996939565646603,1.6670369999999999
NSGAII,MaF6,MaF,3,12,4007,0.005219552996085031,0.19976606747546785,1.977100000000002
NSGAII,MaF6,MaF,3,12,4008,0.005194631872551406,0.199820815327517,1.488753000000002
NSGAII,MaF6,MaF,3,12,4009,0.00490860843490508,0.19972997342495316,1.3919199999999987
NSGAII,MaF6,MaF,3,12,4010,0.005851009524952987,0.19975130106342004,1.4139609999999976
NSGAII,MaF6,MaF,3,12,4011,0.00553794096673891,0.199686388428494,2.1790560000000005
NSGAII,MaF6,MaF,3,12,4012,0.005236412860400912,0.1996229765983614,2.015395000000001
NSGAII,MaF6,MaF,3,12,4013,0.005486218405070654,0.19972732547377536,2.290240000000004
NSGAII,MaF6,MaF,3,12,4014,0.006126055571817056,0.19971754439522194,2.200066999999997
NSGAII,MaF6,MaF,3,12,4015,0.005328703794561874,0.19988471550919623,1.962983000000001
NSGAII,MaF6,MaF,3,12,4016,0.005818543786186688,0.19968389388008828,1.8933520000000008
NSGAII,MaF6,MaF,3,12,4017,0.005058370061787848,0.1997035419762619,2.1336000000000017
NSGAII,MaF6,MaF,3,12,4018,0.005328772390839695,0.19987674030067387,1.3991439999999966
NSGAII,MaF6,MaF,3,12,4019,0.00510158643115295,0.1998902586250839,1.335187000000001
NSGAII,MaF6,MaF,3,12,4020,0.005097148709438189,0.19974408237203606,1.4478539999999995
NSGAII,MaF6,MaF,3,12,4021,0.005523327048323442,0.19974594403944346,1.484241000000001
NSGAII,MaF6,MaF,3,12,4022,0.004943575826804305,0.19968997280124345,1.3636730000000001
NSGAII,MaF6,MaF,3,12,4023,0.00511773517429258,0.1998521578665206,1.0994340000000011
NSGAII,MaF6,MaF,3,12,4024,0.005175425306537498,0.19979479428320043,1.5548840000000015
NSGAII,MaF6,MaF,3,12,4025,0.005377014271384805,0.1997833469493023,1.762350999999998
NSGAII,MaF6,MaF,3,12,4026,0.005227773236526209,0.1996333858977022,1.3504759999999998
NSGAII,MaF6,MaF,3,12,4027,0.005307307037742147,0.1996799242956548,1.5455089999999987
NSGAII,MaF6,MaF,3,12,4028,0.005479626935464399,0.19953827194578747,1.4994039999999988
NSGAII,MaF6,MaF,3,12,4029,0.005371315091811059,0.19945797374907226,1.404704999999999
NSGAII,MaF6,MaF,3,12,4030,0.0052900971660631005,0.19985875392474495,1.4804660000000007
NSGAII,MaF7,MaF,2,21,4001,0.0056665356085422,0.24266177719087986,1.482839
NSGAII,MaF7,MaF,2,21,4002,0.005141774287838585,0.24271646726314436,1.5513459999999981
NSGAII,MaF7,MaF,2,21,4003,0.005556183018218895,0.24263555977995527,1.5642290000000003
NSGAII,MaF7,MaF,2,21,4004,0.0052036759833736495,0.24274255633174185,1.9575320000000016
NSGAII,MaF7,MaF,2,21,4005,0.005319904956123296,0.24272331116082224,1.901720000000001
NSGAII,MaF7,MaF,2,21,4006,0.005543179033623295,0.24265007011812395,1.6351409999999982
NSGAII,MaF7,MaF,2,21,4007,0.005117585355869775,0.2427609269245882,1.8864499999999984
NSGAII,MaF7,MaF,2,21,4008,0.005555668518774597,0.24262682963585824,2.4406819999999994
NSGAII,MaF7,MaF,2,21,4009,0.005432492899764317,0.24267048697164578,1.830219999999998
NSGAII,MaF7,MaF,2,21,4010,0.005478439638727373,0.2426949945268367,2.8199779999999994
NSGAII,MaF7,MaF,2,21,4011,0.005090988068938705,0.24274381625914082,1.9370060000000004
NSGAII,MaF7,MaF,2,21,4012,0.005449126267181493,0.24266476520803965,2.2743059999999984
NSGAII,MaF7,MaF,2,21,4013,0.0052676628810355355,0.24275060642853513,2.186791000000002
NSGAII,MaF7,MaF,2,21,4014,0.0052920879633932124,0.2427297961500147,2.9303269999999975
NSGAII,MaF7,MaF,2,21,4015,0.00599321432379233,0.24251786670828718,1.8002169999999984
NSGAII,MaF7,MaF,2,21,4016,0.005589161760267528,0.24266583246930254,2.708344000000002
NSGAII,MaF7,MaF,2,21,4017,0.005287579021155719,0.24276501521511604,1.6371430000000007
NSGAII,MaF7,MaF,2,21,4018,0.005589846647722676,0.24262386902105434,2.4363609999999993
NSGAII,MaF7,MaF,2,21,4019,0.005319223684289681,0.24273700295060027,2.4846419999999965
NSGAII,MaF7,MaF,2,21,4020,0.005183088660142212,0.24275524449417335,1.815649
NSGAII,MaF7,MaF,2,21,4021,0.005338429440846457,0.2427300026232983,2.294689999999997
NSGAII,MaF7,MaF,2,21,4022,0.0051276946561010775,0.2427105166556299,1.775842000000001
NSGAII,MaF7,MaF,2,21,4023,0.0052638031430531215,0.24271015193052833,3.0233279999999993
NSGAII,MaF7,MaF,2,21,4024,0.0054246702055844665,0.24265306213792548,2.5237200000000044
NSGAII,MaF7,MaF,2,21,4025,0.005331777030448559,0.24266283540977468,2.6690230000000033
NSGAII,MaF7,MaF,2,21,4026,0.005230712643087632,0.2426698082303945,2.297839000000001
NSGAII,MaF7,MaF,2,21,4027,0.005290158788387157,0.24271064228510078,2.2170699999999988
NSGAII,MaF7,MaF,2,21,4028,0.005558759434607772,0.24264913339173605,2.411357000000001
NSGAII,MaF7,MaF,2,21,4029,0.005516047394108029,0.2427008723883008,1.5815959999999996
NSGAII,MaF7,MaF,2,21,4030,0.0058384163468861725,0.24254196399492098,1.9507069999999997
NSGAII,MaF7,MaF,3,22,4001,0.07966804586746334,0.26801952382235267,1.7067570000000007
NSGAII,MaF7,MaF,3,22,4002,0.08037866554428837,0.26699606922683544,2.321651999999997
NSGAII,MaF7,MaF,3,22,4003,0.07870593845906157,0.2673138585537302,2.0947500000000003
NSGAII,MaF7,MaF,3,22,4004,0.08018263154757246,0.2702819218289517,1.7437850000000015
NSGAII,MaF7,MaF,3,22,4005,0.07709938974117163,0.26787744145909265,1.778504
NSGAII,MaF7,MaF,3,22,4006,0.07404657846723356,0.27078980108978695,1.8185190000000013
NSGAII,MaF7,MaF,3,22,4007,0.07999421695631662,0.26662040669839565,1.5480369999999994
NSGAII,MaF7,MaF,3,22,4008,0.09236486068649062,0.2655969410887537,1.534133999999998
NSGAII,MaF7,MaF,3,22,4009,0.07702464465021348,0.27026383817390265,1.4835319999999987
NSGAII,MaF7,MaF,3,22,4010,0.0750762092217381,0.2677552924581921,1.5580099999999997
NSGAII,MaF7,MaF,3,22,4011,0.07307402018307874,0.26587230709433585,1.5928060000000008
NSGAII,MaF7,MaF,3,22,4012,0.074176136169681,0.2681534255593922,1.6605020000000001
NSGAII,MaF7,MaF,3,22,4013,0.3486273874800696,0.24033692428127296,1.775199000000002
NSGAII,MaF7,MaF,3,22,4014,0.07807895358793181,0.26685127778776824,1.473230999999999
NSGAII,MaF7,MaF,3,22,4015,0.07192901045005543,0.2663888906532281,1.5900030000000003
NSGAII,MaF7,MaF,3,22,4016,0.08790447765000274,0.2702481672967658,1.879331
NSGAII,MaF7,MaF,3,22,4017,0.07971403987429683,0.2656226048868552,1.559666000000001
NSGAII,MaF7,MaF,3,22,4018,0.07750149308196476,0.26897201786490166,1.6761420000000005
NSGAII,MaF7,MaF,3,22,4019,0.07323607614191528,0.26777708725326693,1.6411789999999997
NSGAII,MaF7,MaF,3,22,4020,0.07513996791991931,0.2701883562182908,1.5491759999999994
NSGAII,MaF7,MaF,3,22,4021,0.08037287437641367,0.2681425046661792,1.8014960000000004
NSGAII,MaF7,MaF,3,22,4022,0.07555911601503741,0.2691961625525338,1.5999000000000025
NSGAII,MaF7,MaF,3,22,4023,0.07675700486786288,0.2694669757586669,1.6329800000000025
NSGAII,MaF7,MaF,3,22,4024,0.07838677336534851,0.26567454026812,1.1262800000000006
NSGAII,MaF7,MaF,3,22,4025,0.08407900368123862,0.26745574915919856,1.3136070000000017
NSGAII,MaF7,MaF,3,22,4026,0.08120298380296703,0.26875370436957535,1.4932309999999982
NSGAII,MaF7,MaF,3,22,4027,0.07593174523842626,0.2698482035646696,1.3743609999999993
NSGAII,MaF7,MaF,3,22,4028,0.0713762525023166,0.2676438906872116,1.6892239999999996
NSGAII,MaF7,MaF,3,22,4029,0.08324862632119263,0.2652474055863827,2.3379709999999987
NSGAII,MaF7,MaF,3,22,4030,0.08274145645829664,0.2690132387249586,2.2058519999999993
NSGAII,RWMOP9,RWMOP,2,4,4001,0.03723859505587116,0.4089948906625581,0.7971649999999996
NSGAII,RWMOP9,RWMOP,2,4,4002,0.03723859505587116,0.40878399704544577,0.6881870000000002
NSGAII,RWMOP9,RWMOP,2,4,4003,0.03723859505587116,0.40912390698403067,0.6358760000000016
NSGAII,RWMOP9,RWMOP,2,4,4004,0.03723859505587116,0.4091112358290497,0.6272060000000005
NSGAII,RWMOP9,RWMOP,2,4,4005,0.03723859505587116,0.40920779468797497,0.6175720000000003
NSGAII,RWMOP9,RWMOP,2,4,4006,0.03723859505587116,0.40919911407935095,0.6810619999999998
NSGAII,RWMOP9,RWMOP,2,4,4007,0.03723859505587116,0.4090331816832083,0.6392440000000007
NSGAII,RWMOP9,RWMOP,2,4,4008,0.03723859505587116,0.40895786515601273,0.5939440000000007
NSGAII,RWMOP9,RWMOP,2,4,4009,0.03723859505587116,0.40873098806066815,0.587047000000001
NSGAII,RWMOP9,RWMOP,2,4,4010,0.03723859505587116,0.408828102908593,0.6055849999999997
NSGAII,RWMOP9,RWMOP,2,4,4011,0.03723859505587116,0.4091553512386559,0.6513820000000001
NSGAII,RWMOP9,RWMOP,2,4,4012,0.03723859505587116,0.40911034747469516,0.6348359999999998
NSGAII,RWMOP9,RWMOP,2,4,4013,0.03723859505587116,0.40901918552153554,0.5856160000000007
NSGAII,RWMOP9,RWMOP,2,4,4014,0.03723859505587116,0.40915067908477176,0.6305399999999991
NSGAII,RWMOP9,RWMOP,2,4,4015,0.03723859505587116,0.40909878263294036,0.7644110000000001
NSGAII,RWMOP9,RWMOP,2,4,4016,0.03723859505587116,0.40919494677717994,0.7050940000000018
NSGAII,RWMOP9,RWMOP,2,4,4017,0.03723859505587116,0.4090036336415529,0.6272499999999996
NSGAII,RWMOP9,RWMOP,2,4,4018,0.03723859505587116,0.4089912451168896,0.6886259999999984
NSGAII,RWMOP9,RWMOP,2,4,4019,0.03723859505587116,0.4090551881965298,0.7689739999999988
NSGAII,RWMOP9,RWMOP,2,4,4020,0.03723859505587116,0.4091081239606934,0.6270710000000004
NSGAII,RWMOP9,RWMOP,2,4,4021,0.03723859505587116,0.40899999966223305,0.7325679999999996
NSGAII,RWMOP9,RWMOP,2,4,4022,0.03723859505587116,0.40914262168013,0.7669429999999996
NSGAII,RWMOP9,RWMOP,2,4,4023,0.03723859505587116,0.40900034201562896,0.6212089999999997
NSGAII,RWMOP9,RWMOP,2,4,4024,0.03723859505587116,0.40898515753647985,0.6314690000000014
NSGAII,RWMOP9,RWMOP,2,4,4025,0.03723859505587116,0.40890671265185247,0.6392469999999998
NSGAII,RWMOP9,RWMOP,2,4,4026,0.03723859505587116,0.4087244560670596,0.6293450000000004
NSGAII,RWMOP9,RWMOP,2,4,4027,0.03723859505587116,0.40911415726449335,0.636239
NSGAII,RWMOP9,RWMOP,2,4,4028,0.03723859505587116,0.40921361034743337,0.7898329999999999
NSGAII,RWMOP9,RWMOP,2,4,4029,0.03723859505587116,0.4086941669955525,0.7205650000000007
NSGAII,RWMOP9,RWMOP,2,4,4030,0.03723859505587116,0.40930397080887787,0.6767089999999994
NSGAII,WFG1,WFG,2,11,4001,0.021491516760379057,0.6930473095603505,2.1055499999999987
NSGAII,WFG1,WFG,2,11,4002,0.022454966849998242,0.6923116134500368,2.760271999999995
NSGAII,WFG1,WFG,2,11,4003,0.022947690821957998,0.6889154711387263,2.1128740000000006
NSGAII,WFG1,WFG,2,11,4004,0.022270623496077228,0.6913632338966285,2.449877000000001
NSGAII,WFG1,WFG,2,11,4005,0.02043413259783589,0.6934978102053603,1.9569519999999985
NSGAII,WFG1,WFG,2,11,4006,0.019693412481189585,0.6937481082021546,1.8401660000000024
NSGAII,WFG1,WFG,2,11,4007,0.019646431738178136,0.6940172653788146,2.2192260000000017
NSGAII,WFG1,WFG,2,11,4008,0.0176597153339931,0.6946523272405803,2.691297000000001
NSGAII,WFG1,WFG,2,11,4009,0.020513566969500716,0.6931219332329174,2.1845090000000025
NSGAII,WFG1,WFG,2,11,4010,0.021654226694588538,0.6909244920031048,2.654528000000003
NSGAII,WFG1,WFG,2,11,4011,0.02050188131991662,0.6923349692029162,2.8099640000000017
NSGAII,WFG1,WFG,2,11,4012,0.023131154603377904,0.6917864309564524,2.792286
NSGAII,WFG1,WFG,2,11,4013,0.02282793696288016,0.6890414796107975,2.3763369999999946
NSGAII,WFG1,WFG,2,11,4014,0.021946709905315383,0.6900254784004076,2.026535
NSGAII,WFG1,WFG,2,11,4015,0.021923466441354254,0.691261539812324,2.2573779999999988
NSGAII,WFG1,WFG,2,11,4016,0.023730309494842852,0.6904459138776486,1.8144900000000015
NSGAII,WFG1,WFG,2,11,4017,0.01862204768791804,0.6945792182239977,2.596410000000001
NSGAII,WFG1,WFG,2,11,4018,0.01862135496022187,0.6942537133523782,2.3729129999999996
NSGAII,WFG1,WFG,2,11,4019,0.022095871725773715,0.6925015754802384,2.4327400000000026
NSGAII,WFG1,WFG,2,11,4020,0.02300873420381277,0.6890455764809759,2.268964000000001
NSGAII,WFG1,WFG,2,11,4021,0.019634999384668027,0.6940912491753446,2.7307759999999974
NSGAII,WFG1,WFG,2,11,4022,0.02091205480021379,0.6928725404837849,2.299296999999998
NSGAII,WFG1,WFG,2,11,4023,0.01980391678397424,0.6933706615607517,2.1154170000000025
NSGAII,WFG1,WFG,2,11,4024,0.018350193963020903,0.6945162209814376,2.141209000000002
NSGAII,WFG1,WFG,2,11,4025,0.018652133904953915,0.694361180558441,2.2578769999999984
NSGAII,WFG1,WFG,2,11,4026,0.0192598372677664,0.6940326614613098,2.3479960000000024
NSGAII,WFG1,WFG,2,11,4027,0.01965219980485003,0.6936013900497453,2.1340700000000017
NSGAII,WFG1,WFG,2,11,4028,0.022216294063499557,0.6915124215312881,1.4121710000000003
NSGAII,WFG1,WFG,2,11,4029,0.020349706388003107,0.6935774819945727,1.972906999999997
NSGAII,WFG1,WFG,2,11,4030,0.019544311200386955,0.6938751466907029,1.3751319999999994
NSGAII,WFG1,WFG,3,12,4001,0.2387720732562605,0.9332924804943378,1.7735139999999991
NSGAII,WFG1,WFG,3,12,4002,0.21733847602605236,0.930437165629429,2.474143999999998
NSGAII,WFG1,WFG,3,12,4003,0.2327622180082144,0.926758166892795,1.9228429999999972
NSGAII,WFG1,WFG,3,12,4004,0.22684884590656765,0.9233655786376291,1.745781
NSGAII,WFG1,WFG,3,12,4005,0.20707097535220897,0.927047161721421,2.132090000000002
NSGAII,WFG1,WFG,3,12,4006,0.2527438868268112,0.9272344364946219,2.3344669999999996
NSGAII,WFG1,WFG,3,12,4007,0.20671068188353503,0.9322937310443579,1.9900549999999992
NSGAII,WFG1,WFG,3,12,4008,0.2423900597844689,0.9303380372446157,1.7556669999999983
NSGAII,WFG1,WFG,3,12,4009,0.21319894861142044,0.9366378304912888,1.9971860000000015
NSGAII,WFG1,WFG,3,12,4010,0.222091038804954,0.9309973763240336,1.946384999999999
NSGAII,WFG1,WFG,3,12,4011,0.21246328045203544,0.9318301936717841,2.1857259999999967
NSGAII,WFG1,WFG,3,12,4012,0.2144337345746617,0.9360604469069158,2.0743199999999997
NSGAII,WFG1,WFG,3,12,4013,0.23434831628473574,0.9270300964649875,1.8548000000000013
NSGAII,WFG1,WFG,3,12,4014,0.22418091502090526,0.9314714968414386,1.7683110000000022
NSGAII,WFG1,WFG,3,12,4015,0.2500529077884889,0.9290361972823422,2.493470999999999
NSGAII,WFG1,WFG,3,12,4016,0.23410417919508839,0.9322372555528293,1.5893589999999984
NSGAII,WFG1,WFG,3,12,4017,0.22041902891444926,0.9300455373264701,1.8661110000000005
NSGAII,WFG1,WFG,3,12,4018,0.24813863500834415,0.9304157196941604,1.9821440000000023
NSGAII,WFG1,WFG,3,12,4019,0.21219879035439734,0.9339486502566489,2.1901569999999992
NSGAII,WFG1,WFG,3,12,4020,0.21465973451762818,0.933742690154973,1.5599080000000005
NSGAII,WFG1,WFG,3,12,4021,0.23869861090545325,0.9272328056306517,2.066274000000001
NSGAII,WFG1,WFG,3,12,4022,0.21293771603333,0.9255229125914888,1.9270319999999992
NSGAII,WFG1,WFG,3,12,4023,0.2184022964605742,0.9312195112287468,2.0836620000000017
NSGAII,WFG1,WFG,3,12,4024,0.2599009457658524,0.9189881903363374,1.5463899999999988
NSGAII,WFG1,WFG,3,12,4025,0.2077445812616979,0.9293394573881125,1.5994869999999999
NSGAII,WFG1,WFG,3,12,4026,0.2215971720012899,0.9307236300951095,2.126997000000002
NSGAII,WFG1,WFG,3,12,4027,0.22594552770726417,0.9325286745290163,2.0872130000000024
NSGAII,WFG1,WFG,3,12,4028,0.2513479305700084,0.9274808307454429,1.638709000000002
NSGAII,WFG1,WFG,3,12,4029,0.21854853202529798,0.9291415713981972,1.6149950000000004
NSGAII,WFG1,WFG,3,12,4030,0.22067880645038615,0.9290084020942817,1.803634
NSGAII,WFG2,WFG,2,11,4001,0.01316929569563381,0.6324157113520483,1.5537659999999998
NSGAII,WFG2,WFG,2,11,4002,0.013040190734176376,0.6328387130042106,1.9622450000000033
NSGAII,WFG2,WFG,2,11,4003,0.012605457031773546,0.6328171943561117,1.9070870000000018
NSGAII,WFG2,WFG,2,11,4004,0.012691960329939671,0.6332116963208918,1.7544310000000007
NSGAII,WFG2,WFG,2,11,4005,0.01259507084608159,0.6329514460106632,2.8471700000000006
NSGAII,WFG2,WFG,2,11,4006,0.012928201676753898,0.6329126921900552,1.4455280000000008
NSGAII,WFG2,WFG,2,11,4007,0.01282367139839314,0.6332971528741286,2.3631950000000006
NSGAII,WFG2,WFG,2,11,4008,0.01193026093973063,0.6335307070969151,1.7330860000000003
NSGAII,WFG2,WFG,2,11,4009,0.012862350774339634,0.6323137253491165,2.446910999999997
NSGAII,WFG2,WFG,2,11,4010,0.013031963030157157,0.6330678625443252,2.1909320000000023
NSGAII,WFG2,WFG,2,11,4011,0.013812374305995126,0.6327937521491344,2.100797000000001
NSGAII,WFG2,WFG,2,11,4012,0.013274560309778208,0.6326113957153177,2.426401999999999
NSGAII,WFG2,WFG,2,11,4013,0.012723623361529934,0.6326963797629197,2.501545000000002
NSGAII,WFG2,WFG,2,11,4014,0.012829170082222084,0.6331639013830614,2.2257749999999996
NSGAII,WFG2,WFG,2,11,4015,0.013390171079741461,0.6327855889625003,1.9730739999999973
NSGAII,WFG2,WFG,2,11,4016,0.012654800050147408,0.6324032509186416,1.967514
NSGAII,WFG2,WFG,2,11,4017,0.012254509571490942,0.6330671070303254,1.6839920000000026
NSGAII,WFG2,WFG,2,11,4018,0.013224067051223105,0.6324539596249672,2.0929579999999994
NSGAII,WFG2,WFG,2,11,4019,0.012547056431893697,0.6330228528287815,2.4387100000000004
NSGAII,WFG2,WFG,2,11,4020,0.013109472500626952,0.6326211183285209,2.062595
NSGAII,WFG2,WFG,2,11,4021,0.01313254144999008,0.632868167518059,2.0725010000000013
NSGAII,WFG2,WFG,2,11,4022,0.01272897518144688,0.6333859940340185,2.7466329999999988
NSGAII,WFG2,WFG,2,11,4023,0.013227947938654979,0.6330124206490951,1.8143619999999985
NSGAII,WFG2,WFG,2,11,4024,0.01312922165178637,0.6331589778447362,2.5965539999999994
NSGAII,WFG2,WFG,2,11,4025,0.013273819833079672,0.6326995018057309,1.533261
NSGAII,WFG2,WFG,2,11,4026,0.012210595929042603,0.6329640625196464,2.2389580000000007
NSGAII,WFG2,WFG,2,11,4027,0.013929727640224548,0.6323534747451313,1.8805449999999997
NSGAII,WFG2,WFG,2,11,4028,0.013159094038670981,0.6328260105675907,1.785071999999999
NSGAII,WFG2,WFG,2,11,4029,0.0123114330476622,0.6331462304886447,1.8765499999999988
NSGAII,WFG2,WFG,2,11,4030,0.01269300498794538,0.6333133405415576,1.5331969999999997
NSGAII,WFG2,WFG,3,12,4001,0.19876478275459317,0.9206718197955714,1.4218019999999985
NSGAII,WFG2,WFG,3,12,4002,0.21742867731954377,0.9251781592269493,1.7879790000000002
NSGAII,WFG2,WFG,3,12,4003,0.21510486465165052,0.9214911373601853,1.851836999999998
NSGAII,WFG2,WFG,3,12,4004,0.23301360140288818,0.921218211841505,1.7713289999999988
NSGAII,WFG2,WFG,3,12,4005,0.22193675417624611,0.9215546736549515,1.7225179999999982
NSGAII,WFG2,WFG,3,12,4006,0.21881330884334857,0.9189559441216033,1.999731000000001
NSGAII,WFG2,WFG,3,12,4007,0.25603793437793354,0.9163876737210299,1.6940979999999977
NSGAII,WFG2,WFG,3,12,4008,0.20468598904979005,0.9243971498309854,2.7686319999999998
NSGAII,WFG2,WFG,3,12,4009,0.2150455665685393,0.920287990725982,2.190392
NSGAII,WFG2,WFG,3,12,4010,0.2100148510935938,0.9227037113946194,2.4116829999999987
NSGAII,WFG2,WFG,3,12,4011,0.22107346246213136,0.9166927589401268,2.7206629999999983
NSGAII,WFG2,WFG,3,12,4012,0.2100127109886249,0.9209119533721576,1.8518729999999999
NSGAII,WFG2,WFG,3,12,4013,0.22840831674865641,0.9203568312319393,2.096188
NSGAII,WFG2,WFG,3,12,4014,0.2198014514081999,0.9212359525485252,1.8981240000000008
NSGAII,WFG2,WFG,3,12,4015,0.22513507197867846,0.918141548164714,2.0340070000000017
NSGAII,WFG2,WFG,3,12,4016,0.2128565117218845,0.91833009520712,2.1484700000000005
NSGAII,WFG2,WFG,3,12,4017,0.21805974963835165,0.9224545346779304,1.8629579999999957
NSGAII,WFG2,WFG,3,12,4018,0.23446341445192542,0.921519064877935,2.2884350000000033
NSGAII,WFG2,WFG,3,12,4019,0.2146733177040208,0.918944512988725,1.7228090000000005
NSGAII,WFG2,WFG,3,12,4020,0.22399781533577892,0.9152991951265528,1.8958460000000006
NSGAII,WFG2,WFG,3,12,4021,0.21087027723891377,0.9138124378315219,2.172123000000001
NSGAII,WFG2,WFG,3,12,4022,0.2501992165927154,0.9144967015833839,1.7754409999999998
NSGAII,WFG2,WFG,3,12,4023,0.20454029761538378,0.9230919352024258,2.4573289999999997
NSGAII,WFG2,WFG,3,12,4024,0.21535364526808917,0.9200815731411667,2.2846899999999972
NSGAII,WFG2,WFG,3,12,4025,0.2345531511617949,0.9212862283511191,2.1378590000000015
NSGAII,WFG2,WFG,3,12,4026,0.2855423241061558,0.9089943035073614,1.6161049999999988
NSGAII,WFG2,WFG,3,12,4027,0.21991406619395887,0.9215304588254197,1.8681099999999993
NSGAII,WFG2,WFG,3,12,4028,0.21744538643592248,0.919491561585118,2.1181200000000007
NSGAII,WFG2,WFG,3,12,4029,0.21796528370975166,0.9230798187732672,1.4743330000000008
NSGAII,WFG2,WFG,3,12,4030,0.22697383986942501,0.9202411562541397,1.5244180000000016
NSGAII,WFG3,WFG,2,11,4001,0.014600252619532746,0.5804909003008614,1.6664260000000006
NSGAII,WFG3,WFG,2,11,4002,0.014484874901940186,0.580533426425875,1.9770120000000027
NSGAII,WFG3,WFG,2,11,4003,0.014144271079677216,0.5805390877335157,2.147869
NSGAII,WFG3,WFG,2,11,4004,0.014007509409264537,0.5807124023888677,2.015621999999997
NSGAII,WFG3,WFG,2,11,4005,0.014243707504887612,0.58069832344212,1.763467000000001
NSGAII,WFG3,WFG,2,11,4006,0.015145678711389882,0.5797006768771218,1.9541330000000012
NSGAII,WFG3,WFG,2,11,4007,0.014444325928282695,0.5803952679089805,2.132855000000002
NSGAII,WFG3,WFG,2,11,4008,0.01442497459036732,0.5808098784292715,2.1660090000000003
NSGAII,WFG3,WFG,2,11,4009,0.013446033129849396,0.5809814005342491,1.9405949999999996
NSGAII,WFG3,WFG,2,11,4010,0.014643029218070723,0.5804710757532847,2.481256000000002
NSGAII,WFG3,WFG,2,11,4011,0.0143533621741178,0.5808685691023128,2.260590999999997
NSGAII,WFG3,WFG,2,11,4012,0.014586071599916815,0.5805403095380625,2.4093850000000003
NSGAII,WFG3,WFG,2,11,4013,0.014634662489424133,0.579847851952497,2.523457999999999
NSGAII,WFG3,WFG,2,11,4014,0.014886579579907445,0.5802121794829008,2.300553000000001
NSGAII,WFG3,WFG,2,11,4015,0.014121522076192375,0.581109480943778,2.1222379999999994
NSGAII,WFG3,WFG,2,11,4016,0.013924688823933261,0.58097826799574,2.0613919999999974
NSGAII,WFG3,WFG,2,11,4017,0.01477280364624944,0.5803237987543054,2.3709940000000027
NSGAII,WFG3,WFG,2,11,4018,0.014986973154313046,0.5801751737097535,2.1163889999999994
NSGAII,WFG3,WFG,2,11,4019,0.01545630997178099,0.5798250852505071,1.6918689999999996
NSGAII,WFG3,WFG,2,11,4020,0.015375753600940345,0.5797881863641068,1.7465879999999987
NSGAII,WFG3,WFG,2,11,4021,0.013596931306522416,0.5810968979366208,1.6123680000000002
NSGAII,WFG3,WFG,2,11,4022,0.014425250590868353,0.5807321779803102,2.4425890000000003
NSGAII,WFG3,WFG,2,11,4023,0.014399215636181469,0.580663757513045,2.520817999999996
NSGAII,WFG3,WFG,2,11,4024,0.014014367606488437,0.5807849458117121,1.5570339999999985
NSGAII,WFG3,WFG,2,11,4025,0.01432617335804371,0.5806351286159909,1.9635250000000015
NSGAII,WFG3,WFG,2,11,4026,0.01510907695776169,0.5799656899966132,1.966693000000001
NSGAII,WFG3,WFG,2,11,4027,0.014222171013906083,0.5801624607655949,1.8932980000000006
NSGAII,WFG3,WFG,2,11,4028,0.014435024720913986,0.5803627406471206,2.2464290000000005
NSGAII,WFG3,WFG,2,11,4029,0.015696959490033534,0.5802230164105316,2.1333559999999983
NSGAII,WFG3,WFG,2,11,4030,0.014587423790786905,0.5805423984406268,2.0550649999999977
NSGAII,WFG3,WFG,3,12,4001,0.07851695539643903,0.405400417567778,2.2822789999999973
NSGAII,WFG3,WFG,3,12,4002,0.08402913638712975,0.4018341002924782,2.616051000000001
NSGAII,WFG3,WFG,3,12,4003,0.10020350492546194,0.3952274724154322,2.411221000000003
NSGAII,WFG3,WFG,3,12,4004,0.07250923538884164,0.40373600029957984,2.4609300000000025
NSGAII,WFG3,WFG,3,12,4005,0.09115139129835076,0.4016018288355712,2.069184000000002
NSGAII,WFG3,WFG,3,12,4006,0.10155592834937123,0.40031992192632715,2.007283
NSGAII,WFG3,WFG,3,12,4007,0.13182034760751554,0.3919277443177919,2.2003170000000023
NSGAII,WFG3,WFG,3,12,4008,0.07790404495143818,0.4066774238661384,2.580728999999997
NSGAII,WFG3,WFG,3,12,4009,0.10551841976661087,0.39786086679021215,2.005785
NSGAII,WFG3,WFG,3,12,4010,0.07911130062528661,0.4042749158592454,2.516279000000001
NSGAII,WFG3,WFG,3,12,4011,0.1032084406453263,0.3960086611149196,1.7329849999999989
NSGAII,WFG3,WFG,3,12,4012,0.0851341585356068,0.4015036769624838,3.012216000000003
NSGAII,WFG3,WFG,3,12,4013,0.09692626139652186,0.39997929837889284,1.7860980000000002
NSGAII,WFG3,WFG,3,12,4014,0.1010010380478647,0.3992892035696566,2.754764
NSGAII,WFG3,WFG,3,12,4015,0.08327428384418553,0.4003350011223911,1.6790410000000007
NSGAII,WFG3,WFG,3,12,4016,0.09765454240206488,0.39873478120050104,2.704444000000002
NSGAII,WFG3,WFG,3,12,4017,0.08830532695332187,0.40532377619702986,1.7915419999999989
NSGAII,WFG3,WFG,3,12,4018,0.122414827267015,0.3972219179984618,2.4141009999999987
NSGAII,WFG3,WFG,3,12,4019,0.09419819979402494,0.40426007509572237,2.317734999999997
NSGAII,WFG3,WFG,3,12,4020,0.0949770938164111,0.3976970902828775,2.455909
NSGAII,WFG3,WFG,3,12,4021,0.10031776948661995,0.39776788751197617,2.1880270000000017
NSGAII,WFG3,WFG,3,12,4022,0.08341063155626673,0.40431347007468105,2.6473450000000027
NSGAII,WFG3,WFG,3,12,4023,0.1040219873750817,0.400840197917709,2.314539000000001
NSGAII,WFG3,WFG,3,12,4024,0.06831127396169555,0.4059167675266489,2.9553659999999966
NSGAII,WFG3,WFG,3,12,4025,0.07030189964483623,0.4048614482180173,1.8674099999999993
NSGAII,WFG3,WFG,3,12,4026,0.08915261220953813,0.40251872428004154,2.548001000000001
NSGAII,WFG3,WFG,3,12,4027,0.11947793883142244,0.39910058524271186,1.9126000000000007
NSGAII,WFG3,WFG,3,12,4028,0.09328418539063066,0.40077990095891475,1.7649409999999979
NSGAII,WFG3,WFG,3,12,4029,0.08446646336007746,0.4008620122170147,1.7621559999999972
NSGAII,WFG3,WFG,3,12,4030,0.08505828011744722,0.40083756364876666,1.3250149999999998
NSGAII,WFG4,WFG,2,11,4001,0.0158896304910162,0.34671881164469537,1.6375899999999988
NSGAII,WFG4,WFG,2,11,4002,0.015065846157480701,0.34666784375270876,1.7931839999999997
NSGAII,WFG4,WFG,2,11,4003,0.015709870464141205,0.34646066699199396,1.774307
NSGAII,WFG4,WFG,2,11,4004,0.015047760064505809,0.3467579230709024,1.6010990000000007
NSGAII,WFG4,WFG,2,11,4005,0.015013954155170551,0.34650192671905056,1.760874000000001
NSGAII,WFG4,WFG,2,11,4006,0.014926030881993032,0.3466586586108863,1.6185279999999982
NSGAII,WFG4,WFG,2,11,4007,0.015373973679327569,0.34621694091609717,1.1810989999999981
NSGAII,WFG4,WFG,2,11,4008,0.014978235083842134,0.3463036933493209,1.6856
NSGAII,WFG4,WFG,2,11,4009,0.015454277817988889,0.346260636154485,1.1863980000000018
NSGAII,WFG4,WFG,2,11,4010,0.01542133369559414,0.34651415098287974,1.956707000000001
NSGAII,WFG4,WFG,2,11,4011,0.014642152369673377,0.3462698733548055,1.3236580000000022
NSGAII,WFG4,WFG,2,11,4012,0.015311745707584331,0.3464931931340087,1.7636240000000012
NSGAII,WFG4,WFG,2,11,4013,0.014974062156661297,0.34664792217382856,1.4015820000000012
NSGAII,WFG4,WFG,2,11,4014,0.014299634272978852,0.34665924927171127,1.607514000000002
NSGAII,WFG4,WFG,2,11,4015,0.016308955062537458,0.3462105558624869,1.1866200000000007
NSGAII,WFG4,WFG,2,11,4016,0.01625810094337756,0.3461090085832277,1.7624539999999986
NSGAII,WFG4,WFG,2,11,4017,0.015024812216252128,0.34621797027126133,1.3133180000000013
NSGAII,WFG4,WFG,2,11,4018,0.01537443219526687,0.3462113318788384,1.6737590000000007
NSGAII,WFG4,WFG,2,11,4019,0.015929859237005097,0.3466112755587345,1.2842300000000006
NSGAII,WFG4,WFG,2,11,4020,0.01510604723641344,0.3465428392482008,1.3550380000000004
NSGAII,WFG4,WFG,2,11,4021,0.015154111232044647,0.3466543875892256,1.6665399999999997
NSGAII,WFG4,WFG,2,11,4022,0.016030164050678024,0.3462491191985117,1.3864489999999998
NSGAII,WFG4,WFG,2,11,4023,0.015934247092917492,0.3467238842181427,1.4608409999999996
NSGAII,WFG4,WFG,2,11,4024,0.014884692970689443,0.3464985367920891,1.3680600000000005
NSGAII,WFG4,WFG,2,11,4025,0.01498794499206037,0.34625411106605186,1.7045650000000012
NSGAII,WFG4,WFG,2,11,4026,0.01564292917096354,0.34643673212682213,1.5329379999999988
NSGAII,WFG4,WFG,2,11,4027,0.01466348870617102,0.34663775046463874,1.6980110000000002
NSGAII,WFG4,WFG,2,11,4028,0.01471938455467424,0.34654400237131,1.7588189999999986
NSGAII,WFG4,WFG,2,11,4029,0.01538289563303593,0.3465594346833925,2.0099160000000005
NSGAII,WFG4,WFG,2,11,4030,0.015598646234980787,0.34664433823029617,1.886627
NSGAII,WFG4,WFG,3,12,4001,0.26817682217542804,0.5245688783611018,1.525829000000002
NSGAII,WFG4,WFG,3,12,4002,0.26419487842261935,0.5267563797715388,1.4958509999999972
NSGAII,WFG4,WFG,3,12,4003,0.2632885973775439,0.5258357407300096,1.4461389999999992
NSGAII,WFG4,WFG,3,12,4004,0.2657134758924441,0.5273541561273712,1.5666109999999995
NSGAII,WFG4,WFG,3,12,4005,0.2755957507746386,0.5233657335252643,1.8913559999999998
NSGAII,WFG4,WFG,3,12,4006,0.27101451254844044,0.5153109162994883,1.7001939999999982
NSGAII,WFG4,WFG,3,12,4007,0.2565626487002125,0.5213846104387894,1.5392279999999983
NSGAII,WFG4,WFG,3,12,4008,0.26835464298760564,0.5178330535947472,1.8534659999999983
NSGAII,WFG4,WFG,3,12,4009,0.26394314020273857,0.5252665633502842,1.6021389999999989
NSGAII,WFG4,WFG,3,12,4010,0.2753805541662238,0.5314930548357591,1.816226999999998
NSGAII,WFG4,WFG,3,12,4011,0.26224009541378196,0.5284401612446915,1.2965559999999998
NSGAII,WFG4,WFG,3,12,4012,0.2544774727464594,0.5252210193736102,1.606928999999998
NSGAII,WFG4,WFG,3,12,4013,0.2805030535783758,0.5169411202839698,1.424788999999999
NSGAII,WFG4,WFG,3,12,4014,0.25789231252525446,0.5218391076170443,1.6323819999999993
NSGAII,WFG4,WFG,3,12,4015,0.2687205172781025,0.5204383910360029,1.9684059999999992
NSGAII,WFG4,WFG,3,12,4016,0.2747376470957795,0.5221545598908262,1.5837059999999987
NSGAII,WFG4,WFG,3,12,4017,0.2799621651628262,0.5189442484541685,1.4924329999999992
NSGAII,WFG4,WFG,3,12,4018,0.26193450813879815,0.5242537935891061,1.569296
NSGAII,WFG4,WFG,3,12,4019,0.25839210910905913,0.5282629260053917,1.7793699999999995
NSGAII,WFG4,WFG,3,12,4020,0.262455914767735,0.5246548225984895,1.6536339999999985
NSGAII,WFG4,WFG,3,12,4021,0.2822446276731205,0.5180096213136672,1.184095
NSGAII,WFG4,WFG,3,12,4022,0.26183169600826883,0.5314127807241495,1.2117010000000001
NSGAII,WFG4,WFG,3,12,4023,0.281871269557818,0.5195182046538123,1.4977900000000013
NSGAII,WFG4,WFG,3,12,4024,0.26478741034030706,0.5180179930507767,1.484574999999999
NSGAII,WFG4,WFG,3,12,4025,0.25960559170367187,0.5278819267287332,1.789295000000001
NSGAII,WFG4,WFG,3,12,4026,0.2696312627340013,0.5147177453685442,1.4216940000000005
NSGAII,WFG4,WFG,3,12,4027,0.26337379908895603,0.5243450711771329,1.4066559999999997
NSGAII,WFG4,WFG,3,12,4028,0.2701172328409728,0.5197531583576833,1.5951430000000018
NSGAII,WFG4,WFG,3,12,4029,0.2614026563905314,0.5242630444529278,1.5813259999999962
NSGAII,WFG4,WFG,3,12,4030,0.2918135707934074,0.5211465038774832,1.8947139999999996
NSGAII,WFG5,WFG,2,11,4001,0.06556311975021056,0.3129696143948842,1.4871869999999994
NSGAII,WFG5,WFG,2,11,4002,0.06468038829901866,0.3130826914488418,2.2605939999999998
NSGAII,WFG5,WFG,2,11,4003,0.06501057942668716,0.3128428118787209,1.7460989999999983
NSGAII,WFG5,WFG,2,11,4004,0.06534496692019943,0.312740502321972,1.5087119999999983
NSGAII,WFG5,WFG,2,11,4005,0.06553003911116076,0.3127629427600977,1.5403299999999975
NSGAII,WFG5,WFG,2,11,4006,0.06593694786821502,0.3127748868137298,1.8564760000000018
NSGAII,WFG5,WFG,2,11,4007,0.06501426541689755,0.3131152183667246,1.9666590000000015
NSGAII,WFG5,WFG,2,11,4008,0.06587588096154438,0.3128105865118672,1.2586889999999997
NSGAII,WFG5,WFG,2,11,4009,0.06612432992087286,0.3127899364883056,2.076478000000001
NSGAII,WFG5,WFG,2,11,4010,0.0649261132836052,0.31281672897205637,1.641731
NSGAII,WFG5,WFG,2,11,4011,0.06495494848788999,0.31298044488323307,2.547461000000001
NSGAII,WFG5,WFG,2,11,4012,0.06519106456360876,0.3125782792196351,1.8367639999999992
NSGAII,WFG5,WFG,2,11,4013,0.0651872007801593,0.31288336455746635,1.7936720000000015
NSGAII,WFG5,WFG,2,11,4014,0.06492326900724875,0.3129489848208794,1.6555979999999988
NSGAII,WFG5,WFG,2,11,4015,0.06562935274954801,0.3126145102878262,2.5831570000000004
NSGAII,WFG5,WFG,2,11,4016,0.06491067967935694,0.31274791925719037,2.0307439999999994
NSGAII,WFG5,WFG,2,11,4017,0.06502107705577766,0.3128595314554613,2.5004919999999964
NSGAII,WFG5,WFG,2,11,4018,0.06490803394212152,0.31309184237876014,1.7197609999999997
NSGAII,WFG5,WFG,2,11,4019,0.06546576400027386,0.31282646751869897,2.490943
NSGAII,WFG5,WFG,2,11,4020,0.06514325432224696,0.3125512492063436,2.1804159999999984
NSGAII,WFG5,WFG,2,11,4021,0.06602802069182907,0.312557281129699,2.6102469999999967
NSGAII,WFG5,WFG,2,11,4022,0.0660460540528543,0.3125498963793776,2.5765730000000024
NSGAII,WFG5,WFG,2,11,4023,0.0657875568336217,0.31265349607429127,2.084988000000002
NSGAII,WFG5,WFG,2,11,4024,0.0652032152066814,0.3127795657952513,2.4555650000000027
NSGAII,WFG5,WFG,2,11,4025,0.0658102748844962,0.3127502698240511,1.9922530000000003
NSGAII,WFG5,WFG,2,11,4026,0.06682263923568295,0.3128761183557308,2.104575999999998
NSGAII,WFG5,WFG,2,11,4027,0.06603898083741006,0.31271417183063055,2.415210999999998
NSGAII,WFG5,WFG,2,11,4028,0.06557124381467704,0.31308601994137675,2.068890000000001
NSGAII,WFG5,WFG,2,11,4029,0.06621066538401252,0.3126092248393933,1.5814949999999999
NSGAII,WFG5,WFG,2,11,4030,0.06490566182287039,0.31286387333739,1.870997
NSGAII,WFG5,WFG,3,12,4001,0.2859940828900793,0.4913664856794853,1.7882760000000006
NSGAII,WFG5,WFG,3,12,4002,0.31026697813809645,0.4820232825262242,1.9155659999999985
NSGAII,WFG5,WFG,3,12,4003,0.3007954831095595,0.48253546008408166,1.6835370000000005
NSGAII,WFG5,WFG,3,12,4004,0.2821717872047082,0.4953137170582399,1.634664000000001
NSGAII,WFG5,WFG,3,12,4005,0.26776015041621415,0.49556617722151824,1.7861930000000008
NSGAII,WFG5,WFG,3,12,4006,0.2835697385338368,0.4924384328174523,1.6156150000000016
NSGAII,WFG5,WFG,3,12,4007,0.2894909618916966,0.49018485905976045,1.3468369999999992
NSGAII,WFG5,WFG,3,12,4008,0.27715973397934796,0.4940206695660303,1.9868799999999969
NSGAII,WFG5,WFG,3,12,4009,0.27180732821641285,0.49648570693228183,1.955579
NSGAII,WFG5,WFG,3,12,4010,0.29459090192273696,0.4972244315819735,2.1145810000000034
NSGAII,WFG5,WFG,3,12,4011,0.2866323956529714,0.49040168304775,1.5756450000000002
NSGAII,WFG5,WFG,3,12,4012,0.281804664148988,0.4897843412496648,1.9916120000000008
NSGAII,WFG5,WFG,3,12,4013,0.29619612804681283,0.4927133324495766,1.6381270000000014
NSGAII,WFG5,WFG,3,12,4014,0.29150928940107335,0.48673583102536255,2.1072800000000007
NSGAII,WFG5,WFG,3,12,4015,0.28052582460911796,0.49688252439475517,1.382598
NSGAII,WFG5,WFG,3,12,4016,0.25905790997181427,0.5014047487240242,1.534183999999999
NSGAII,WFG5,WFG,3,12,4017,0.27190439917190545,0.4984176056536558,1.620049999999998
NSGAII,WFG5,WFG,3,12,4018,0.2883707930817226,0.4926728639174125,1.6194809999999982
NSGAII,WFG5,WFG,3,12,4019,0.2893625336907858,0.48416442230425516,1.4733769999999986
NSGAII,WFG5,WFG,3,12,4020,0.2739065606328748,0.49065605580936267,1.4906940000000009
NSGAII,WFG5,WFG,3,12,4021,0.29637869098151004,0.4899891104240842,1.4190850000000015
NSGAII,WFG5,WFG,3,12,4022,0.28661962204201674,0.48787659101512837,1.7348959999999978
NSGAII,WFG5,WFG,3,12,4023,0.27679076237044675,0.4894473930451543,1.796122999999998
NSGAII,WFG5,WFG,3,12,4024,0.27739364947109907,0.498295426054016,1.3804349999999976
NSGAII,WFG5,WFG,3,12,4025,0.2772868638329211,0.48979141260382547,1.6554199999999994
NSGAII,WFG5,WFG,3,12,4026,0.2734032259490817,0.4941336203643481,1.6634610000000014
NSGAII,WFG5,WFG,3,12,4027,0.278769271414442,0.4937782262723193,1.6930330000000002
NSGAII,WFG5,WFG,3,12,4028,0.2812979538232144,0.49347045818950847,1.7337369999999994
NSGAII,WFG5,WFG,3,12,4029,0.27838157636572747,0.4983756558263891,1.4877130000000023
NSGAII,WFG5,WFG,3,12,4030,0.2675479883979923,0.4962663145562113,1.5117569999999998
NSGAII,WFG6,WFG,2,11,4001,0.060805488448941354,0.3151935764601764,1.724695000000002
NSGAII,WFG6,WFG,2,11,4002,0.09420706385587935,0.296638884904169,2.2341180000000005
NSGAII,WFG6,WFG,2,11,4003,0.060456480157601036,0.31552159435214266,1.9528600000000014
NSGAII,WFG6,WFG,2,11,4004,0.1015275773804299,0.29239922783711775,2.3832639999999983
NSGAII,WFG6,WFG,2,11,4005,0.09531050634361156,0.2959672726026263,1.8731879999999985
NSGAII,WFG6,WFG,2,11,4006,0.09280058598832168,0.2975945308131239,1.9307459999999987
NSGAII,WFG6,WFG,2,11,4007,0.09912814458244781,0.2939450533426774,2.073022000000003
NSGAII,WFG6,WFG,2,11,4008,0.06886315604818101,0.31065356584603643,2.6693449999999985
NSGAII,WFG6,WFG,2,11,4009,0.06460730007293856,0.3131969141760049,2.3428029999999986
NSGAII,WFG6,WFG,2,11,4010,0.07341317900478493,0.30829833895049874,2.102835
NSGAII,WFG6,WFG,2,11,4011,0.07569732663751096,0.307017993320515,2.3713649999999986
NSGAII,WFG6,WFG,2,11,4012,0.11367689402032471,0.2859856538200804,2.349587
NSGAII,WFG6,WFG,2,11,4013,0.05936378152408073,0.31651031670133656,2.290598999999998
NSGAII,WFG6,WFG,2,11,4014,0.08657095178544595,0.3009022936030058,2.4685879999999965
NSGAII,WFG6,WFG,2,11,4015,0.08721823786313594,0.30058624037650944,2.4098279999999943
NSGAII,WFG6,WFG,2,11,4016,0.07366071580843275,0.30798013619563647,2.489719999999999
NSGAII,WFG6,WFG,2,11,4017,0.09252844726341836,0.297580220543628,2.483918999999996
NSGAII,WFG6,WFG,2,11,4018,0.08429268764995414,0.3021523901663997,2.9081440000000036
NSGAII,WFG6,WFG,2,11,4019,0.0815839295842612,0.3035149284249394,2.3706429999999963
NSGAII,WFG6,WFG,2,11,4020,0.10718943134088081,0.28938891273577827,2.617429000000005
NSGAII,WFG6,WFG,2,11,4021,0.0444217700618251,0.3246711355359937,2.127051
NSGAII,WFG6,WFG,2,11,4022,0.10363782577953141,0.2916052902504131,2.30687
NSGAII,WFG6,WFG,2,11,4023,0.06949411260220276,0.31034210677718904,2.4350199999999957
NSGAII,WFG6,WFG,2,11,4024,0.08447085475995429,0.3022268029506169,2.4641579999999976
NSGAII,WFG6,WFG,2,11,4025,0.09970212395728482,0.2940525931912657,1.8593100000000016
NSGAII,WFG6,WFG,2,11,4026,0.09759720538725379,0.2949400921800921,2.2288689999999987
NSGAII,WFG6,WFG,2,11,4027,0.04964280947728204,0.32157030409583753,2.1166859999999996
NSGAII,WFG6,WFG,2,11,4028,0.1126506777764565,0.2866450808106748,2.2876719999999993
NSGAII,WFG6,WFG,2,11,4029,0.055186738636518747,0.3185923921170021,2.1278900000000016
NSGAII,WFG6,WFG,2,11,4030,0.09241924083181606,0.2973957775991124,1.9800980000000004
NSGAII,WFG6,WFG,3,12,4001,0.3161673074746185,0.45923008999422027,2.7040759999999997
NSGAII,WFG6,WFG,3,12,4002,0.30095576467289725,0.46540729693320443,2.3044050000000036
NSGAII,WFG6,WFG,3,12,4003,0.2967738457181196,0.4867529361137557,2.183929000000002
NSGAII,WFG6,WFG,3,12,4004,0.28585438848235556,0.4967704253066716,2.498612999999996
NSGAII,WFG6,WFG,3,12,4005,0.29399087638078547,0.4787195846579448,2.1488120000000004
NSGAII,WFG6,WFG,3,12,4006,0.3177162140467279,0.48080022426137314,2.052524000000002
NSGAII,WFG6,WFG,3,12,4007,0.3169852071316943,0.4612800534432865,1.7489370000000006
NSGAII,WFG6,WFG,3,12,4008,0.3327069030909743,0.45335256184678074,1.7133169999999998
NSGAII,WFG6,WFG,3,12,4009,0.28505316883771153,0.49220765317508275,1.3419699999999979
NSGAII,WFG6,WFG,3,12,4010,0.31360432096835683,0.46891987638688193,1.481228999999999
NSGAII,WFG6,WFG,3,12,4011,0.298265535287771,0.47072281248243847,1.5322259999999999
NSGAII,WFG6,WFG,3,12,4012,0.2957425124008876,0.4766252682161735,1.6744390000000005
NSGAII,WFG6,WFG,3,12,4013,0.2726485108407528,0.5056630956581923,1.1574560000000003
NSGAII,WFG6,WFG,3,12,4014,0.31176705095654084,0.47959564715334624,1.5451229999999985
NSGAII,WFG6,WFG,3,12,4015,0.3060469990621837,0.4759355644594495,1.324069999999999
NSGAII,WFG6,WFG,3,12,4016,0.3095205743964155,0.46821112071998766,1.5891779999999978
NSGAII,WFG6,WFG,3,12,4017,0.2935623593830409,0.4743375498936031,1.4706329999999972
NSGAII,WFG6,WFG,3,12,4018,0.2796833591578573,0.48299212564383026,1.5369669999999986
NSGAII,WFG6,WFG,3,12,4019,0.3130003804089364,0.4650851058666153,1.5152069999999975
NSGAII,WFG6,WFG,3,12,4020,0.2816800396790307,0.4888397404937643,2.0797410000000003
NSGAII,WFG6,WFG,3,12,4021,0.28387578319480894,0.4893147296564089,1.3307509999999994
NSGAII,WFG6,WFG,3,12,4022,0.290151108881574,0.48493812705730766,1.3793279999999974
NSGAII,WFG6,WFG,3,12,4023,0.3041325663543601,0.46961124873569665,1.520628000000001
NSGAII,WFG6,WFG,3,12,4024,0.29565532213862955,0.4861989332852336,1.5912429999999995
NSGAII,WFG6,WFG,3,12,4025,0.2933265478026472,0.4861550305543735,1.596167000000001
NSGAII,WFG6,WFG,3,12,4026,0.27380328755088695,0.4856671626685243,1.602338999999999
NSGAII,WFG6,WFG,3,12,4027,0.33013729196198377,0.44989366723233765,1.4440500000000018
NSGAII,WFG6,WFG,3,12,4028,0.3052473099973644,0.4795347103808841,1.6053570000000001
NSGAII,WFG6,WFG,3,12,4029,0.32559916193573074,0.4558891049979552,1.9286860000000001
NSGAII,WFG6,WFG,3,12,4030,0.2949001385928826,0.46858085975557057,1.498697000000003
NSGAII,WFG7,WFG,2,11,4001,0.017294822150134094,0.3455266953512975,1.9762269999999988
NSGAII,WFG7,WFG,2,11,4002,0.016509489365323888,0.3453399730196151,1.481058999999999
NSGAII,WFG7,WFG,2,11,4003,0.01771530304418862,0.3452097678425168,1.4039269999999993
NSGAII,WFG7,WFG,2,11,4004,0.018770467991922286,0.3444443004973123,1.7762650000000002
NSGAII,WFG7,WFG,2,11,4005,0.01746174518959391,0.34513243180004677,1.3658650000000019
NSGAII,WFG7,WFG,2,11,4006,0.017872692070482414,0.34507324502897135,1.5161609999999999
NSGAII,WFG7,WFG,2,11,4007,0.01722010103016342,0.3454169510572022,1.7065089999999976
NSGAII,WFG7,WFG,2,11,4008,0.01707371712725925,0.3454322181592113,1.5298180000000006
NSGAII,WFG7,WFG,2,11,4009,0.016621887121085914,0.34499319379934035,1.5992629999999983
NSGAII,WFG7,WFG,2,11,4010,0.016761918958147475,0.34553534892445037,1.4319859999999986
NSGAII,WFG7,WFG,2,11,4011,0.016980849765532106,0.34463516159924457,1.6706739999999984
NSGAII,WFG7,WFG,2,11,4012,0.01597949862477017,0.34545578219240347,1.5654320000000024
NSGAII,WFG7,WFG,2,11,4013,0.01685184763706682,0.3451704273099797,1.4789530000000026
NSGAII,WFG7,WFG,2,11,4014,0.018492584402292837,0.3442056499042897,1.6239900000000014
NSGAII,WFG7,WFG,2,11,4015,0.017693554726535814,0.3452064691318829,1.529861999999998
NSGAII,WFG7,WFG,2,11,4016,0.017677701316632263,0.3451021741484661,2.105882
NSGAII,WFG7,WFG,2,11,4017,0.016283457091776712,0.3453352176258206,1.5388729999999993
NSGAII,WFG7,WFG,2,11,4018,0.017468932548353376,0.3452277608244727,1.5188659999999996
NSGAII,WFG7,WFG,2,11,4019,0.0161906251470838,0.3453879792794384,1.5986739999999997
NSGAII,WFG7,WFG,2,11,4020,0.01811237233995966,0.3452986496653048,1.3733479999999982
NSGAII,WFG7,WFG,2,11,4021,0.018814795085063656,0.34458716806509504,1.382614
NSGAII,WFG7,WFG,2,11,4022,0.01748392355674811,0.3450033397650699,1.4352610000000003
NSGAII,WFG7,WFG,2,11,4023,0.01631473828939685,0.3451522149848794,1.7814090000000014
NSGAII,WFG7,WFG,2,11,4024,0.01679437975501522,0.34522261988710035,1.4389550000000009
NSGAII,WFG7,WFG,2,11,4025,0.01722115978983944,0.34529916289368645,1.3515950000000003
NSGAII,WFG7,WFG,2,11,4026,0.01810731925083669,0.3451999191662237,1.2929559999999973
NSGAII,WFG7,WFG,2,11,4027,0.01779433896039975,0.3448638541333335,1.21256
NSGAII,WFG7,WFG,2,11,4028,0.017631463842421383,0.3443139172844182,1.292178
NSGAII,WFG7,WFG,2,11,4029,0.01723462595669031,0.3450751308549087,1.2469559999999988
NSGAII,WFG7,WFG,2,11,4030,0.01647375651480772,0.3452964004904013,1.427643999999999
NSGAII,WFG7,WFG,3,12,4001,0.27505820143603227,0.520059715275715,1.5614959999999982
NSGAII,WFG7,WFG,3,12,4002,0.3039571764939244,0.519899181956761,1.8858200000000003
NSGAII,WFG7,WFG,3,12,4003,0.30387474132489156,0.5109076494050513,1.8432220000000015
NSGAII,WFG7,WFG,3,12,4004,0.2676702466638023,0.5175680923472543,2.0981610000000015
NSGAII,WFG7,WFG,3,12,4005,0.28707212411016797,0.5234436381642688,1.9330409999999967
NSGAII,WFG7,WFG,3,12,4006,0.27451697513339596,0.5311311897367383,1.8566770000000017
NSGAII,WFG7,WFG,3,12,4007,0.2739298968606957,0.5272763482393844,1.5084730000000008
NSGAII,WFG7,WFG,3,12,4008,0.29712706844933984,0.5273239201361272,1.5367470000000023
NSGAII,WFG7,WFG,3,12,4009,0.2750530729314424,0.5238937309037542,1.4516719999999983
NSGAII,WFG7,WFG,3,12,4010,0.2914529899779168,0.515779995683421,1.5852269999999982
NSGAII,WFG7,WFG,3,12,4011,0.28596337012842854,0.5138617112964876,1.2031800000000017
NSGAII,WFG7,WFG,3,12,4012,0.2658325998639365,0.5236434411420262,1.6723569999999985
NSGAII,WFG7,WFG,3,12,4013,0.29336987147109356,0.5104192303113,1.3094950000000003
NSGAII,WFG7,WFG,3,12,4014,0.29408439146651066,0.5182276357739299,2.0614269999999975
NSGAII,WFG7,WFG,3,12,4015,0.2904756568474682,0.5163202353401284,1.3567099999999992
NSGAII,WFG7,WFG,3,12,4016,0.26943361042260494,0.5277533516352286,1.535845000000004
NSGAII,WFG7,WFG,3,12,4017,0.2658582485806827,0.5195866696586691,1.457018999999999
NSGAII,WFG7,WFG,3,12,4018,0.3065612462806111,0.5110738065873404,1.4125499999999998
NSGAII,WFG7,WFG,3,12,4019,0.2731865741225905,0.5326114679350658,1.2371170000000016
NSGAII,WFG7,WFG,3,12,4020,0.2637792504551482,0.5240025982547354,3.151273000000001
NSGAII,WFG7,WFG,3,12,4021,0.2675484856031643,0.5243661523696029,2.533441000000001
NSGAII,WFG7,WFG,3,12,4022,0.2781256475339269,0.523934548344695,2.557877
NSGAII,WFG7,WFG,3,12,4023,0.2734815988804051,0.5276764761978163,2.9237590000000027
NSGAII,WFG7,WFG,3,12,4024,0.3093868455873519,0.5227042196534573,3.2068640000000013
NSGAII,WFG7,WFG,3,12,4025,0.28040124584460135,0.5163702931768845,3.304915000000006
NSGAII,WFG7,WFG,3,12,4026,0.28469345462243234,0.5161636918344686,2.172805000000001
NSGAII,WFG7,WFG,3,12,4027,0.2787058444849079,0.5178334214706468,1.7900329999999995
NSGAII,WFG7,WFG,3,12,4028,0.2652427766896337,0.5226707938008843,1.7316849999999988
NSGAII,WFG7,WFG,3,12,4029,0.28447108218003525,0.5203478417809662,1.7397029999999991
NSGAII,WFG7,WFG,3,12,4030,0.2909559423246117,0.5185641713345838,1.6929650000000007
NSGAII,WFG8,WFG,2,11,4001,0.11008020853570959,0.2883052931408687,2.3569070000000023
NSGAII,WFG8,WFG,2,11,4002,0.10940446816213907,0.2885428682579258,3.1084829999999997
NSGAII,WFG8,WFG,2,11,4003,0.10720817617138137,0.2899307758571826,3.210259999999998
NSGAII,WFG8,WFG,2,11,4004,0.10735290666472923,0.28967051194858773,2.837353
NSGAII,WFG8,WFG,2,11,4005,0.11030635963616175,0.2881182154856568,2.2285699999999995
NSGAII,WFG8,WFG,2,11,4006,0.1114220710104431,0.2879014777719314,2.1777789999999966
NSGAII,WFG8,WFG,2,11,4007,0.10981914634392974,0.28856561728462404,2.5459559999999986
NSGAII,WFG8,WFG,2,11,4008,0.10948202998898802,0.2884890159761487,2.676283999999997
NSGAII,WFG8,WFG,2,11,4009,0.10288140064901277,0.29189860519285316,1.9703980000000014
NSGAII,WFG8,WFG,2,11,4010,0.10930328777931804,0.2888281970573864,2.1154139999999977
NSGAII,WFG8,WFG,2,11,4011,0.10777071976334468,0.28940213848478885,2.1226149999999984
NSGAII,WFG8,WFG,2,11,4012,0.10107711467569973,0.2931469487733881,2.240880999999997
NSGAII,WFG8,WFG,2,11,4013,0.10751326719478106,0.28956645818575405,2.0824809999999996
NSGAII,WFG8,WFG,2,11,4014,0.10833433837297084,0.28977216507803155,2.1765020000000024
NSGAII,WFG8,WFG,2,11,4015,0.10936610777543579,0.2889605698043669,2.2997019999999995
NSGAII,WFG8,WFG,2,11,4016,0.10993432944952992,0.2881088406756152,2.615099
NSGAII,WFG8,WFG,2,11,4017,0.11098304784635027,0.2897689960401945,1.8412880000000005
NSGAII,WFG8,WFG,2,11,4018,0.10335051821049605,0.2920127212454349,2.5002930000000005
NSGAII,WFG8,WFG,2,11,4019,0.11047092427244219,0.2879530008648948,2.760540999999996
NSGAII,WFG8,WFG,2,11,4020,0.10682397811346073,0.290162104311444,2.273939999999999
NSGAII,WFG8,WFG,2,11,4021,0.10985655923540572,0.28841794443973934,3.137523999999998
NSGAII,WFG8,WFG,2,11,4022,0.10539106896227313,0.29077958581671814,2.4307679999999983
NSGAII,WFG8,WFG,2,11,4023,0.1075774906196421,0.28949115328229885,2.324941
NSGAII,WFG8,WFG,2,11,4024,0.10953156720555528,0.2888598045646315,2.148087999999997
NSGAII,WFG8,WFG,2,11,4025,0.11059541636278991,0.2880843059322562,2.6893980000000006
NSGAII,WFG8,WFG,2,11,4026,0.11037998385220407,0.28807069241714783,2.4817960000000014
NSGAII,WFG8,WFG,2,11,4027,0.11017074614007677,0.2883744450438818,2.712903000000002
NSGAII,WFG8,WFG,2,11,4028,0.11040334671862984,0.28816617727085503,2.751468000000004
NSGAII,WFG8,WFG,2,11,4029,0.1109266015803832,0.2878453190815905,2.8012569999999997
NSGAII,WFG8,WFG,2,11,4030,0.11008967790177633,0.2883449487815041,2.6314320000000015
NSGAII,WFG8,WFG,3,12,4001,0.3756875894374967,0.4418247008654988,2.1093459999999995
NSGAII,WFG8,WFG,3,12,4002,0.38629551591450706,0.44525643481568095,2.444939000000002
NSGAII,WFG8,WFG,3,12,4003,0.34734157412059585,0.4434717060048535,2.517198000000002
NSGAII,WFG8,WFG,3,12,4004,0.3822543499612886,0.44156744274685833,2.3504240000000016
NSGAII,WFG8,WFG,3,12,4005,0.36096155160920657,0.4488077222526225,2.3005730000000004
NSGAII,WFG8,WFG,3,12,4006,0.37359982818712856,0.4452847917656342,2.168264
NSGAII,WFG8,WFG,3,12,4007,0.3733778943935288,0.44617756573586015,0.9070900000000003
NSGAII,WFG8,WFG,3,12,4008,0.35883502149172763,0.44501863321375296,1.556990000000001
NSGAII,WFG8,WFG,3,12,4009,0.3898304369938298,0.44088659895691407,0.9263499999999996
NSGAII,WFG8,WFG,3,12,4010,0.3612925361725139,0.4444125440345117,2.0040729999999987
NSGAII,WFG8,WFG,3,12,4011,0.36809051846756824,0.44671898576438207,0.8397439999999994
NSGAII,WFG8,WFG,3,12,4012,0.3875979447734144,0.4356372621436381,0.9622680000000009
NSGAII,WFG8,WFG,3,12,4013,0.36875278216578405,0.43996406304360497,1.0400670000000005
NSGAII,WFG8,WFG,3,12,4014,0.38804553285135623,0.4417258485387217,1.597746999999998
NSGAII,WFG8,WFG,3,12,4015,0.3759174021684625,0.4403131411512768,0.9002379999999992
NSGAII,WFG8,WFG,3,12,4016,0.3635664037826694,0.44522283634562076,1.1589450000000003
NSGAII,WFG8,WFG,3,12,4017,0.38506753084279893,0.4400712923744914,1.2086540000000003
NSGAII,WFG8,WFG,3,12,4018,0.3894426445461608,0.43918058745143435,1.6825670000000013
NSGAII,WFG8,WFG,3,12,4019,0.3900482318291879,0.443082144764996,0.833171
NSGAII,WFG8,WFG,3,12,4020,0.3600464129056853,0.4441591128657319,1.2085539999999995
NSGAII,WFG8,WFG,3,12,4021,0.3889998247039109,0.44043561327486364,0.8458720000000003
NSGAII,WFG8,WFG,3,12,4022,0.379642215993685,0.4356928882055824,0.8704889999999997
NSGAII,WFG8,WFG,3,12,4023,0.38119490788129873,0.4425749315027974,0.8558190000000009
NSGAII,WFG8,WFG,3,12,4024,0.37070142685382973,0.4443106943976764,0.8252639999999983
NSGAII,WFG8,WFG,3,12,4025,0.36528332681891407,0.44537489212594894,0.8695249999999998
NSGAII,WFG8,WFG,3,12,4026,0.36521092761107155,0.4430346659549699,1.0884289999999999
NSGAII,WFG8,WFG,3,12,4027,0.3736433093996655,0.44269536630298195,1.121189000000002
NSGAII,WFG8,WFG,3,12,4028,0.36377243809640153,0.44599065518029224,1.0084039999999999
NSGAII,WFG8,WFG,3,12,4029,0.37581004359700315,0.43791006966437285,0.887072
NSGAII,WFG8,WFG,3,12,4030,0.3862314061782172,0.4458635672025915,0.816896
NSGAII,WFG9,WFG,2,11,4001,0.017205530217284836,0.34369118200948806,3.0096540000000016
NSGAII,WFG9,WFG,2,11,4002,0.017768752187930798,0.342895785613589,2.64639
NSGAII,WFG9,WFG,2,11,4003,0.01682252687446337,0.3436442006502007,2.521785999999999
NSGAII,WFG9,WFG,2,11,4004,0.019866408085375306,0.341521187029994,3.1275380000000035
NSGAII,WFG9,WFG,2,11,4005,0.020567719478222692,0.34118015268888513,3.0317920000000025
NSGAII,WFG9,WFG,2,11,4006,0.017999605193409603,0.3424955171626437,2.699671000000001
NSGAII,WFG9,WFG,2,11,4007,0.018895336451880428,0.34215075651198756,1.631728000000001
NSGAII,WFG9,WFG,2,11,4008,0.017689711738852597,0.3432971507324156,2.5159700000000007
NSGAII,WFG9,WFG,2,11,4009,0.021021427179605867,0.34072770940992747,1.4914219999999974
NSGAII,WFG9,WFG,2,11,4010,0.018194908359342416,0.342634856056298,2.289633000000001
NSGAII,WFG9,WFG,2,11,4011,0.02010868928532146,0.3405684561698518,1.4690909999999997
NSGAII,WFG9,WFG,2,11,4012,0.017086315161650583,0.34353584521659164,2.0158970000000043
NSGAII,WFG9,WFG,2,11,4013,0.017112425906486636,0.34369742009470994,1.4856909999999997
NSGAII,WFG9,WFG,2,11,4014,0.030615404190884436,0.3333554654270943,2.331464
NSGAII,WFG9,WFG,2,11,4015,0.018538090751601136,0.34360083664899504,1.6040449999999993
NSGAII,WFG9,WFG,2,11,4016,0.016826125398688635,0.34448193847938413,2.0282909999999994
NSGAII,WFG9,WFG,2,11,4017,0.0183908295854019,0.3421815698569898,1.4853519999999987
NSGAII,WFG9,WFG,2,11,4018,0.018126614538464453,0.34289483083933914,1.9319229999999992
NSGAII,WFG9,WFG,2,11,4019,0.017342035650483232,0.34313088034551786,1.935730999999998
NSGAII,WFG9,WFG,2,11,4020,0.01721788930553728,0.34384464600723547,1.9613039999999984
NSGAII,WFG9,WFG,2,11,4021,0.019573818074875456,0.34162739355379457,1.4372800000000008
NSGAII,WFG9,WFG,2,11,4022,0.018315019451633874,0.3422770597958873,1.5163609999999998
NSGAII,WFG9,WFG,2,11,4023,0.01698896256831492,0.3435980548055923,1.8086920000000002
NSGAII,WFG9,WFG,2,11,4024,0.01979481120522037,0.34293603250486354,2.266619
NSGAII,WFG9,WFG,2,11,4025,0.017950787671902987,0.3432827318948106,1.9996269999999996
NSGAII,WFG9,WFG,2,11,4026,0.019346022155311407,0.3440421628074307,1.7125839999999986
NSGAII,WFG9,WFG,2,11,4027,0.01798375177836515,0.3429080424123005,1.673997000000002
NSGAII,WFG9,WFG,2,11,4028,0.018180622842727274,0.34344195153861634,2.0399520000000013
NSGAII,WFG9,WFG,2,11,4029,0.01911575787919878,0.34140332923203176,1.8314850000000005
NSGAII,WFG9,WFG,2,11,4030,0.0202622248170253,0.34279350778101375,1.837749999999998
NSGAII,WFG9,WFG,3,12,4001,0.2524065853225093,0.5155373509936186,2.0692610000000005
NSGAII,WFG9,WFG,3,12,4002,0.2944380549512792,0.4977827629918048,1.8567889999999994
NSGAII,WFG9,WFG,3,12,4003,0.2797405260973314,0.5005581234561114,1.6543520000000014
NSGAII,WFG9,WFG,3,12,4004,0.274185055963084,0.5000032021890455,2.404752999999998
NSGAII,WFG9,WFG,3,12,4005,0.2674262164424327,0.5051075526615629,1.6439730000000006
NSGAII,WFG9,WFG,3,12,4006,0.26206160131029294,0.5202372642956583,2.0200789999999995
NSGAII,WFG9,WFG,3,12,4007,0.27592210383495613,0.5040839403675609,1.3218420000000004
NSGAII,WFG9,WFG,3,12,4008,0.2866749678880213,0.49937733142220625,1.8036419999999997
NSGAII,WFG9,WFG,3,12,4009,0.2698421369592868,0.49462985138906607,1.8941130000000013
NSGAII,WFG9,WFG,3,12,4010,0.2833919407242673,0.5039370440264207,2.0107429999999997
NSGAII,WFG9,WFG,3,12,4011,0.26224847323294925,0.5046960045385288,1.8355329999999979
NSGAII,WFG9,WFG,3,12,4012,0.2653675326940061,0.5015614094521477,1.6680510000000004
NSGAII,WFG9,WFG,3,12,4013,0.26838890582801084,0.5055703085501249,1.3920979999999994
NSGAII,WFG9,WFG,3,12,4014,0.2644665703946739,0.5029081114481241,1.6976120000000003
NSGAII,WFG9,WFG,3,12,4015,0.27209548796616345,0.49964121995592237,2.268639999999999
NSGAII,WFG9,WFG,3,12,4016,0.2847569257493704,0.5123325168506071,1.6469559999999972
NSGAII,WFG9,WFG,3,12,4017,0.2690247019355713,0.5047386997042442,1.526143
NSGAII,WFG9,WFG,3,12,4018,0.2760789499492855,0.512206745620325,1.710427000000001
NSGAII,WFG9,WFG,3,12,4019,0.2790188272833444,0.49697594944857626,1.6415569999999995
NSGAII,WFG9,WFG,3,12,4020,0.26485068632492115,0.516076419984168,1.701208999999999
NSGAII,WFG9,WFG,3,12,4021,0.39469477648179774,0.38134978169128947,1.7277409999999978
NSGAII,WFG9,WFG,3,12,4022,0.2942764585085776,0.4978896868360789,1.6306920000000016
NSGAII,WFG9,WFG,3,12,4023,0.27920507911897285,0.5002233947756399,2.0239
NSGAII,WFG9,WFG,3,12,4024,0.2709818172738633,0.4998864133704469,1.5931100000000042
NSGAII,WFG9,WFG,3,12,4025,0.25145318260473404,0.5004303925736595,1.2426829999999989
NSGAII,WFG9,WFG,3,12,4026,0.2799630784771292,0.49887612364807077,1.4696480000000003
NSGAII,WFG9,WFG,3,12,4027,0.2637709676931398,0.5037654754320078,1.756122000000002
NSGAII,WFG9,WFG,3,12,4028,0.26807319187566764,0.5034634214383825,1.5424169999999997
NSGAII,WFG9,WFG,3,12,4029,0.2956887574646485,0.4999739193819276,1.6710689999999988
NSGAII,WFG9,WFG,3,12,4030,0.28520835393734545,0.49913307374325516,1.450546999999997
NSGAII,ZDT1,ZDT,2,30,4001,0.004598197272345503,0.7194907210589042,2.0247409999999997
NSGAII,ZDT1,ZDT,2,30,4002,0.004964160022437872,0.7193186563107448,1.9248790000000013
NSGAII,ZDT1,ZDT,2,30,4003,0.004729841325981915,0.7191876171761541,1.6283179999999984
NSGAII,ZDT1,ZDT,2,30,4004,0.004565398649579258,0.719697729723941,1.8051609999999996
NSGAII,ZDT1,ZDT,2,30,4005,0.004830572223815475,0.7191979745390169,2.1309420000000014
NSGAII,ZDT1,ZDT,2,30,4006,0.004521005063834743,0.7197293142857444,1.794831000000002
NSGAII,ZDT1,ZDT,2,30,4007,0.004931252359374149,0.7188806893615185,1.6701170000000007
NSGAII,ZDT1,ZDT,2,30,4008,0.005246383989405552,0.7189141627549778,2.132888999999998
NSGAII,ZDT1,ZDT,2,30,4009,0.004885083494905858,0.7189819340206716,1.628930999999999
NSGAII,ZDT1,ZDT,2,30,4010,0.004948185250860014,0.7191530869357943,1.7263630000000043
NSGAII,ZDT1,ZDT,2,30,4011,0.00507487530537178,0.7188799181061857,1.7558620000000025
NSGAII,ZDT1,ZDT,2,30,4012,0.004859546665499397,0.7193031298093305,2.101473000000001
NSGAII,ZDT1,ZDT,2,30,4013,0.00453047820090902,0.7195948014499489,1.9236609999999976
NSGAII,ZDT1,ZDT,2,30,4014,0.00486477943120193,0.7190092478040258,1.919687999999998
NSGAII,ZDT1,ZDT,2,30,4015,0.005019552839918199,0.718913980351601,1.7410260000000002
NSGAII,ZDT1,ZDT,2,30,4016,0.004511032255398714,0.7194703128338507,2.052024
NSGAII,ZDT1,ZDT,2,30,4017,0.004618874387926941,0.7193941035105684,1.6143570000000034
NSGAII,ZDT1,ZDT,2,30,4018,0.004763285638221511,0.7193184622492459,2.2115830000000014
NSGAII,ZDT1,ZDT,2,30,4019,0.004819398173747781,0.7192741452730516,2.379286000000004
NSGAII,ZDT1,ZDT,2,30,4020,0.004745106967520064,0.7191177734096861,3.0826229999999986
NSGAII,ZDT1,ZDT,2,30,4021,0.004995554035226864,0.7189885411509404,3.494555
NSGAII,ZDT1,ZDT,2,30,4022,0.0049762097713192495,0.7191508987164398,2.242302
NSGAII,ZDT1,ZDT,2,30,4023,0.004863559899735269,0.7190247313366613,2.471307999999999
NSGAII,ZDT1,ZDT,2,30,4024,0.004940924477181424,0.7192061206131768,3.0094580000000057
NSGAII,ZDT1,ZDT,2,30,4025,0.00453815540520539,0.7194175491768144,2.2338540000000013
NSGAII,ZDT1,ZDT,2,30,4026,0.004505831931130065,0.7195688067179903,1.7648639999999989
NSGAII,ZDT1,ZDT,2,30,4027,0.004850135563411829,0.7192024303938116,2.2207329999999983
NSGAII,ZDT1,ZDT,2,30,4028,0.004991424776096855,0.7190562354417265,1.9025650000000005
NSGAII,ZDT1,ZDT,2,30,4029,0.004905146335749176,0.7190504973936469,1.8372919999999995
NSGAII,ZDT1,ZDT,2,30,4030,0.005084856606970015,0.7186183414953843,2.0121120000000023
NSGAII,ZDT2,ZDT,2,30,4001,0.004601006347727175,0.44414063447319646,1.409453000000002
NSGAII,ZDT2,ZDT,2,30,4002,0.0050400113495808925,0.4437760931080559,1.5989579999999985
NSGAII,ZDT2,ZDT,2,30,4003,0.004691210089614461,0.44399194452383856,1.5653880000000004
NSGAII,ZDT2,ZDT,2,30,4004,0.004907175009199776,0.4438961856493838,1.4665179999999987
NSGAII,ZDT2,ZDT,2,30,4005,0.0046701238862563105,0.44420972197285274,1.6853140000000004
NSGAII,ZDT2,ZDT,2,30,4006,0.005105234200205717,0.44371500718688717,1.565117999999998
NSGAII,ZDT2,ZDT,2,30,4007,0.004899191690227348,0.44398629090364033,1.955557000000001
NSGAII,ZDT2,ZDT,2,30,4008,0.005546529217792017,0.4431453616860317,1.5737690000000006
NSGAII,ZDT2,ZDT,2,30,4009,0.004924013153318194,0.4437108904326401,1.8651900000000003
NSGAII,ZDT2,ZDT,2,30,4010,0.004868961296580464,0.4440600605787981,1.5589359999999994
NSGAII,ZDT2,ZDT,2,30,4011,0.004856011792905214,0.44402144082304135,2.0076930000000024
NSGAII,ZDT2,ZDT,2,30,4012,0.005128968481436655,0.44362161745022016,1.584837
NSGAII,ZDT2,ZDT,2,30,4013,0.004845095583687539,0.44391245069536833,1.874069999999999
NSGAII,ZDT2,ZDT,2,30,4014,0.004914683941798708,0.44409451645343284,1.4194720000000007
NSGAII,ZDT2,ZDT,2,30,4015,0.004885370278366101,0.44436224241420513,1.5843929999999995
NSGAII,ZDT2,ZDT,2,30,4016,0.004907903057604431,0.44417900219609024,1.6488849999999997
NSGAII,ZDT2,ZDT,2,30,4017,0.004920123901956117,0.44388500940140785,2.4456029999999984
NSGAII,ZDT2,ZDT,2,30,4018,0.004630178340126476,0.44420244904227724,1.6330369999999987
NSGAII,ZDT2,ZDT,2,30,4019,0.0049347746883101696,0.44402075851045975,2.010483
NSGAII,ZDT2,ZDT,2,30,4020,0.004864611605548263,0.4439611169346276,1.7432319999999997
NSGAII,ZDT2,ZDT,2,30,4021,0.0047646080938611515,0.44400809398422136,1.6656869999999981
NSGAII,ZDT2,ZDT,2,30,4022,0.0048852146720241105,0.44405874747637547,1.7195130000000007
NSGAII,ZDT2,ZDT,2,30,4023,0.004716177426180318,0.44394478100608215,2.1003070000000013
NSGAII,ZDT2,ZDT,2,30,4024,0.0048327186387580115,0.44398284126646814,1.7899109999999998
NSGAII,ZDT2,ZDT,2,30,4025,0.005142748046488493,0.44364149577437,2.2926480000000002
NSGAII,ZDT2,ZDT,2,30,4026,0.005053901319196398,0.443826606794474,1.7737249999999996
NSGAII,ZDT2,ZDT,2,30,4027,0.004839310857501138,0.4439010229089406,1.9142910000000002
NSGAII,ZDT2,ZDT,2,30,4028,0.00497733771053678,0.4440729305187346,2.2022210000000007
NSGAII,ZDT2,ZDT,2,30,4029,0.004666549171781131,0.4443285043290457,1.634749999999998
NSGAII,ZDT2,ZDT,2,30,4030,0.00480327442386271,0.444216193451999,1.9884529999999985
NSGAII,ZDT3,ZDT,2,30,4001,0.005544946559824047,0.599295886338865,1.6070859999999993
NSGAII,ZDT3,ZDT,2,30,4002,0.005510060265416058,0.5994609352305837,1.5355429999999999
NSGAII,ZDT3,ZDT,2,30,4003,0.005361248608933357,0.5994431788248492,1.3867420000000004
NSGAII,ZDT3,ZDT,2,30,4004,0.0053345753882282805,0.5994637876067496,1.5612040000000011
NSGAII,ZDT3,ZDT,2,30,4005,0.005658032001965666,0.5993338573036133,1.528454999999999
NSGAII,ZDT3,ZDT,2,30,4006,0.005534743317719944,0.599414953358775,1.671837999999999
NSGAII,ZDT3,ZDT,2,30,4007,0.005336306310489835,0.5994756923199825,2.293317999999999
NSGAII,ZDT3,ZDT,2,30,4008,0.005062953284849293,0.5995448160627465,1.997260999999999
NSGAII,ZDT3,ZDT,2,30,4009,0.00546308422538119,0.599377305671052,1.8034019999999988
NSGAII,ZDT3,ZDT,2,30,4010,0.005390657505713751,0.5993847920841879,2.1532479999999965
NSGAII,ZDT3,ZDT,2,30,4011,0.005471325605552884,0.5993827859203446,1.7109870000000025
NSGAII,ZDT3,ZDT,2,30,4012,0.005061808777807761,0.5995549877254042,1.957583
NSGAII,ZDT3,ZDT,2,30,4013,0.005503990981925029,0.5993676647346269,1.5296239999999997
NSGAII,ZDT3,ZDT,2,30,4014,0.005100388090308193,0.5994506926133338,1.8181460000000005
NSGAII,ZDT3,ZDT,2,30,4015,0.005645669962716447,0.599231099588534,1.916302
NSGAII,ZDT3,ZDT,2,30,4016,0.005525964002844625,0.5993553554988169,1.8892920000000004
NSGAII,ZDT3,ZDT,2,30,4017,0.00541735550563322,0.5993372730278793,1.6096960000000013
NSGAII,ZDT3,ZDT,2,30,4018,0.0053715572990373755,0.5994444186148311,1.8386020000000007
NSGAII,ZDT3,ZDT,2,30,4019,0.00545624917151512,0.5994142382652423,2.2962119999999997
NSGAII,ZDT3,ZDT,2,30,4020,0.005492491390296324,0.5993914985429509,1.6650689999999997
NSGAII,ZDT3,ZDT,2,30,4021,0.005358263678793248,0.5994294296325585,2.122421999999997
NSGAII,ZDT3,ZDT,2,30,4022,0.005596556984197564,0.5994414831811558,1.785568999999998
NSGAII,ZDT3,ZDT,2,30,4023,0.005309552860790048,0.599444175191387,1.5057430000000014
NSGAII,ZDT3,ZDT,2,30,4024,0.005387415498297157,0.5994547997924154,1.5225300000000017
NSGAII,ZDT3,ZDT,2,30,4025,0.0056324191452281815,0.5993650978718182,1.9630529999999977
NSGAII,ZDT3,ZDT,2,30,4026,0.005269414724638592,0.5994037474930106,1.6190139999999973
NSGAII,ZDT3,ZDT,2,30,4027,0.005278044132349725,0.5993058192715534,1.8433370000000004
NSGAII,ZDT3,ZDT,2,30,4028,0.0053953282861261,0.5994164575031725,1.5268000000000024
NSGAII,ZDT3,ZDT,2,30,4029,0.005473798045284966,0.5992987958925988,1.8684629999999995
NSGAII,ZDT3,ZDT,2,30,4030,0.005596436065264705,0.5992825567668542,1.7846580000000003
NSGAII,ZDT4,ZDT,2,10,4001,0.004319731032383693,0.7199566851623274,1.7788319999999997
NSGAII,ZDT4,ZDT,2,10,4002,0.004553108824347681,0.719552525962524,1.932632999999999
NSGAII,ZDT4,ZDT,2,10,4003,0.004607059404579513,0.7189154871364835,2.294973999999998
NSGAII,ZDT4,ZDT,2,10,4004,0.004485214214536462,0.7192143460613611,2.102630999999999
NSGAII,ZDT4,ZDT,2,10,4005,0.0043596304623129325,0.719970563019654,2.166095000000003
NSGAII,ZDT4,ZDT,2,10,4006,0.004418445207073671,0.7193452807338845,1.9792370000000015
NSGAII,ZDT4,ZDT,2,10,4007,0.004396597500962019,0.7196850437792308,2.1598479999999984
NSGAII,ZDT4,ZDT,2,10,4008,0.004488246766616473,0.7196434555510112,2.433401000000001
NSGAII,ZDT4,ZDT,2,10,4009,0.004648369998541522,0.7195910961302183,2.1317209999999998
NSGAII,ZDT4,ZDT,2,10,4010,0.004255128883086526,0.71984128385177,1.9290770000000004
NSGAII,ZDT4,ZDT,2,10,4011,0.004530767575723233,0.7194711776086239,1.889956999999999
NSGAII,ZDT4,ZDT,2,10,4012,0.004587204248862142,0.719670092802425,1.999233000000002
NSGAII,ZDT4,ZDT,2,10,4013,0.004548438533959924,0.7197285949562607,2.2539580000000012
NSGAII,ZDT4,ZDT,2,10,4014,0.004786833686553083,0.7193329774248297,2.2031000000000014
NSGAII,ZDT4,ZDT,2,10,4015,0.004764450186781703,0.7194514555688887,1.8942570000000003
NSGAII,ZDT4,ZDT,2,10,4016,0.004527869719982711,0.7196943494507642,2.215610999999997
NSGAII,ZDT4,ZDT,2,10,4017,0.004375478500521745,0.7196528513849546,1.828496999999999
NSGAII,ZDT4,ZDT,2,10,4018,0.004831453293744865,0.7189888576118301,2.186848000000002
NSGAII,ZDT4,ZDT,2,10,4019,0.004215341663160274,0.720106780267129,1.715611999999998
NSGAII,ZDT4,ZDT,2,10,4020,0.0045227394615663516,0.7195758158657221,1.6684430000000021
NSGAII,ZDT4,ZDT,2,10,4021,0.0044797291912368736,0.7197500256222081,2.362418000000001
NSGAII,ZDT4,ZDT,2,10,4022,0.004449331871992295,0.7197043407367534,2.063457
NSGAII,ZDT4,ZDT,2,10,4023,0.004433507713147393,0.7197557312411379,1.6321890000000003
NSGAII,ZDT4,ZDT,2,10,4024,0.004766392999912249,0.7191816477976681,1.5444579999999983
NSGAII,ZDT4,ZDT,2,10,4025,0.004638232883222032,0.7195373942068497,1.9346550000000018
NSGAII,ZDT4,ZDT,2,10,4026,0.004635685870072043,0.7191448797963603,2.1131170000000026
NSGAII,ZDT4,ZDT,2,10,4027,0.00450385799847077,0.7196261518518121,1.7844459999999995
NSGAII,ZDT4,ZDT,2,10,4028,0.004310272137336802,0.719924739420142,2.1347080000000025
NSGAII,ZDT4,ZDT,2,10,4029,0.004452054611769261,0.719868583125983,1.9997699999999987
NSGAII,ZDT4,ZDT,2,10,4030,0.004623753965684774,0.7195419522681199,1.883639999999997
NSGAII,ZDT6,ZDT,2,10,4001,0.0036624368108722416,0.38832399521967087,1.993251
NSGAII,ZDT6,ZDT,2,10,4002,0.003471586970931941,0.3885304532439758,1.3302490000000013
NSGAII,ZDT6,ZDT,2,10,4003,0.003566866397088631,0.3884173280500974,1.4185869999999994
NSGAII,ZDT6,ZDT,2,10,4004,0.0036827640184786724,0.3882799466337215,2.2472410000000007
NSGAII,ZDT6,ZDT,2,10,4005,0.0035881057682421286,0.38837809448900656,1.4488299999999985
NSGAII,ZDT6,ZDT,2,10,4006,0.0034796349341313,0.38849078754025734,1.9239210000000018
NSGAII,ZDT6,ZDT,2,10,4007,0.0036236320094492486,0.3883788367422757,2.166434000000004
NSGAII,ZDT6,ZDT,2,10,4008,0.0036335343126483147,0.3883641452404706,1.2833510000000008
NSGAII,ZDT6,ZDT,2,10,4009,0.0035450931352876184,0.38846909768376614,1.5263219999999977
NSGAII,ZDT6,ZDT,2,10,4010,0.003524676763636672,0.3884350156005615,1.7457999999999996
NSGAII,ZDT6,ZDT,2,10,4011,0.0035791920837915923,0.38840482658821557,1.6390959999999994
NSGAII,ZDT6,ZDT,2,10,4012,0.0037348890301488248,0.3882812106427962,1.516925000000001
NSGAII,ZDT6,ZDT,2,10,4013,0.003567158468777063,0.3884605149915022,1.8242660000000002
NSGAII,ZDT6,ZDT,2,10,4014,0.0036174488670066376,0.3883139105094637,1.5968830000000005
NSGAII,ZDT6,ZDT,2,10,4015,0.0037665779032487598,0.38822460720176916,1.452595999999999
NSGAII,ZDT6,ZDT,2,10,4016,0.00357314190943195,0.38837942323633434,1.417168
NSGAII,ZDT6,ZDT,2,10,4017,0.003711775968839113,0.3883008405082658,1.9761110000000024
NSGAII,ZDT6,ZDT,2,10,4018,0.003699693952309626,0.388284917834149,1.2400559999999985
NSGAII,ZDT6,ZDT,2,10,4019,0.0036543144743512884,0.3883861639725385,1.291565
NSGAII,ZDT6,ZDT,2,10,4020,0.0035538630373115913,0.38841275124154406,1.3325140000000002
NSGAII,ZDT6,ZDT,2,10,4021,0.0038799171779905967,0.38818193684323277,1.8372570000000013
NSGAII,ZDT6,ZDT,2,10,4022,0.0036029490912239657,0.3883931626863715,1.4158129999999998
NSGAII,ZDT6,ZDT,2,10,4023,0.00372096343396191,0.38824545364638247,1.2723879999999994
NSGAII,ZDT6,ZDT,2,10,4024,0.0037496680835822508,0.38822704407310105,1.4667840000000005
NSGAII,ZDT6,ZDT,2,10,4025,0.003633159853103632,0.38837650538432134,1.5519590000000003
NSGAII,ZDT6,ZDT,2,10,4026,0.003549398767383058,0.3884313940062198,1.3228770000000003
NSGAII,ZDT6,ZDT,2,10,4027,0.003670588629877427,0.38834664051301315,1.569049
NSGAII,ZDT6,ZDT,2,10,4028,0.0035741285135310425,0.3884437050213837,1.5206410000000026
NSGAII,ZDT6,ZDT,2,10,4029,0.003574842802074424,0.3884179685385294,1.972145999999998
NSGAII,ZDT6,ZDT,2,10,4030,0.0037961646712265343,0.38815062802040207,1.368533
NSGAIII,DTLZ1,DTLZ,2,6,5001,0.0017891879504758122,0.5824500012448526,3.2747530000000014
NSGAIII,DTLZ1,DTLZ,2,6,5002,0.001787785924249777,0.5824905380129648,3.0664999999999973
NSGAIII,DTLZ1,DTLZ,2,6,5003,0.0017856337230094206,0.5825781027691297,3.137399000000001
NSGAIII,DTLZ1,DTLZ,2,6,5004,0.001785397098817101,0.5826024256033056,2.745841
NSGAIII,DTLZ1,DTLZ,2,6,5005,0.00178837158761545,0.582475413921813,3.308065999999997
NSGAIII,DTLZ1,DTLZ,2,6,5006,0.0017859841200356843,0.5825567717690884,2.9396570000000013
NSGAIII,DTLZ1,DTLZ,2,6,5007,0.0017898970030492088,0.5824595710431879,2.453310999999997
NSGAIII,DTLZ1,DTLZ,2,6,5008,0.0017854325145285805,0.5826022947433951,3.0826290000000034
NSGAIII,DTLZ1,DTLZ,2,6,5009,0.0018156471365408891,0.5820715506498877,2.922325000000003
NSGAIII,DTLZ1,DTLZ,2,6,5010,0.0017910983152314489,0.5824570868253165,2.7409499999999998
NSGAIII,DTLZ1,DTLZ,2,6,5011,0.0017856173287653866,0.5825788805813557,2.9582230000000025
NSGAIII,DTLZ1,DTLZ,2,6,5012,0.0017892660442665783,0.5824578581970612,3.4332440000000024
NSGAIII,DTLZ1,DTLZ,2,6,5013,0.0017854063969539424,0.5826022805621988,2.6893170000000017
NSGAIII,DTLZ1,DTLZ,2,6,5014,0.0017866332360574372,0.5825272933079801,2.7244659999999983
NSGAIII,DTLZ1,DTLZ,2,6,5015,0.0017856408716032596,0.5825875373692582,3.428964999999997
NSGAIII,DTLZ1,DTLZ,2,6,5016,0.001786312628636809,0.5825409330171385,2.644767999999999
NSGAIII,DTLZ1,DTLZ,2,6,5017,0.0017855931514808414,0.5825828909704307,2.665233000000001
NSGAIII,DTLZ1,DTLZ,2,6,5018,0.0017857900277492324,0.5825680317593835,3.5323040000000017
NSGAIII,DTLZ1,DTLZ,2,6,5019,0.0017964367709837354,0.5823108835757587,3.433636000000002
NSGAIII,DTLZ1,DTLZ,2,6,5020,0.0017859035062623462,0.5825601267985272,4.135207
NSGAIII,DTLZ1,DTLZ,2,6,5021,0.001788052912497219,0.582479914231341,3.1793639999999983
NSGAIII,DTLZ1,DTLZ,2,6,5022,0.0017856883049094223,0.5825728130479583,3.0265589999999998
NSGAIII,DTLZ1,DTLZ,2,6,5023,0.0017853934255725598,0.5826009649255918,2.903849999999999
NSGAIII,DTLZ1,DTLZ,2,6,5024,0.001785890696431757,0.5825635846978725,3.1278690000000013
NSGAIII,DTLZ1,DTLZ,2,6,5025,0.0017854628643439437,0.5825995049908425,3.7955049999999937
NSGAIII,DTLZ1,DTLZ,2,6,5026,0.001787430955988383,0.5824995441922642,3.7805129999999934
NSGAIII,DTLZ1,DTLZ,2,6,5027,0.0017860842861342264,0.5825511889526562,2.7991740000000034
NSGAIII,DTLZ1,DTLZ,2,6,5028,0.0017879947603802527,0.582481805885755,3.274273000000001
NSGAIII,DTLZ1,DTLZ,2,6,5029,0.0017854622271201762,0.5825950300726098,3.683928999999998
NSGAIII,DTLZ1,DTLZ,2,6,5030,0.001798722522400547,0.5822761563428964,2.5819949999999965
NSGAIII,DTLZ1,DTLZ,3,7,5001,0.020559814094249357,0.8416809416558433,3.3894889999999998
NSGAIII,DTLZ1,DTLZ,3,7,5002,0.02063971881855492,0.8407023270373132,3.6264719999999997
NSGAIII,DTLZ1,DTLZ,3,7,5003,0.020557002024357295,0.8417153008141679,2.7096500000000012
NSGAIII,DTLZ1,DTLZ,3,7,5004,0.02055802518328322,0.8417133025630075,3.853918000000001
NSGAIII,DTLZ1,DTLZ,3,7,5005,0.02056407225068781,0.8416231899319015,4.150542000000003
NSGAIII,DTLZ1,DTLZ,3,7,5006,0.020557646961801866,0.8417037586376399,3.299690000000004
NSGAIII,DTLZ1,DTLZ,3,7,5007,0.020569729206882468,0.8415453790776566,3.697649999999999
NSGAIII,DTLZ1,DTLZ,3,7,5008,0.020556543966996858,0.8417368641442896,2.5339740000000015
NSGAIII,DTLZ1,DTLZ,3,7,5009,0.020556369242424717,0.8417313701306239,2.8518679999999934
NSGAIII,DTLZ1,DTLZ,3,7,5010,0.020568475817861958,0.841560100455074,3.071824999999999
NSGAIII,DTLZ1,DTLZ,3,7,5011,0.020562333326180897,0.8416502263603395,2.7743090000000015
NSGAIII,DTLZ1,DTLZ,3,7,5012,0.020557368754961416,0.8417234095260565,3.533452999999999
NSGAIII,DTLZ1,DTLZ,3,7,5013,0.020557173380757784,0.8417170434231424,3.0270840000000048
NSGAIII,DTLZ1,DTLZ,3,7,5014,0.020567887572062196,0.8415630100083837,3.1743569999999997
NSGAIII,DTLZ1,DTLZ,3,7,5015,0.020556839870462897,0.8417300125427079,3.2050779999999977
NSGAIII,DTLZ1,DTLZ,3,7,5016,0.020560897093442526,0.8416709657919275,4.191241
NSGAIII,DTLZ1,DTLZ,3,7,5017,0.020573088874788526,0.8415041065493266,2.9902320000000007
NSGAIII,DTLZ1,DTLZ,3,7,5018,0.02058434903410583,0.8413469707898772,2.623396999999999
NSGAIII,DTLZ1,DTLZ,3,7,5019,0.020558820668756382,0.8416952094426625,2.7946999999999953
NSGAIII,DTLZ1,DTLZ,3,7,5020,0.020577152728847498,0.841425654493248,2.3297060000000016
NSGAIII,DTLZ1,DTLZ,3,7,5021,0.020556528556760614,0.8417323705462835,2.8901219999999985
NSGAIII,DTLZ1,DTLZ,3,7,5022,0.020592842867055167,0.8412419498882723,2.691116999999998
NSGAIII,DTLZ1,DTLZ,3,7,5023,0.020568349103362,0.8415513121442647,2.359297000000002
NSGAIII,DTLZ1,DTLZ,3,7,5024,0.020593655839454397,0.8411888638399817,3.338376000000003
NSGAIII,DTLZ1,DTLZ,3,7,5025,0.02056593577379246,0.8415989101227802,3.5087909999999995
NSGAIII,DTLZ1,DTLZ,3,7,5026,0.020584899960935092,0.8413405269980391,2.7097059999999997
NSGAIII,DTLZ1,DTLZ,3,7,5027,0.02055912222657987,0.841689236728376,2.9363519999999994
NSGAIII,DTLZ1,DTLZ,3,7,5028,0.020565325358408968,0.8416086414904053,3.7900749999999985
NSGAIII,DTLZ1,DTLZ,3,7,5029,0.020560521110168564,0.8416727728501795,2.971572999999999
NSGAIII,DTLZ1,DTLZ,3,7,5030,0.02055750581724831,0.8417208144640711,3.131177999999995
NSGAIII,DTLZ2,DTLZ,2,11,5001,0.003966016923475471,0.34721513615815025,2.792856000000002
NSGAIII,DTLZ2,DTLZ,2,11,5002,0.004101059083824304,0.3469966683376398,2.7865610000000016
NSGAIII,DTLZ2,DTLZ,2,11,5003,0.0039660200623092305,0.34721515618389853,3.940685000000001
NSGAIII,DTLZ2,DTLZ,2,11,5004,0.00396603586955447,0.3472144802415808,2.657183999999996
NSGAIII,DTLZ2,DTLZ,2,11,5005,0.00396603537747334,0.34721512554159406,3.162376000000005
NSGAIII,DTLZ2,DTLZ,2,11,5006,0.003966045419009755,0.3472151332534749,3.1266660000000037
NSGAIII,DTLZ2,DTLZ,2,11,5007,0.003966053623791322,0.34721498169487996,3.1447529999999992
NSGAIII,DTLZ2,DTLZ,2,11,5008,0.003966048996190865,0.34721509645806437,2.7966239999999982
NSGAIII,DTLZ2,DTLZ,2,11,5009,0.003966072859914054,0.347215123808473,3.8552290000000005
NSGAIII,DTLZ2,DTLZ,2,11,5010,0.003966037210600858,0.347215186008629,2.9425679999999987
NSGAIII,DTLZ2,DTLZ,2,11,5011,0.003966092539239109,0.3472150666368956,3.5664680000000017
NSGAIII,DTLZ2,DTLZ,2,11,5012,0.003966033305728765,0.3472151487977182,3.221182000000001
NSGAIII,DTLZ2,DTLZ,2,11,5013,0.003966006573527268,0.34721517279661507,3.865739000000003
NSGAIII,DTLZ2,DTLZ,2,11,5014,0.0039661855293243705,0.3472151204816099,3.201088
NSGAIII,DTLZ2,DTLZ,2,11,5015,0.003966924235219195,0.34720837870894355,3.130053999999997
NSGAIII,DTLZ2,DTLZ,2,11,5016,0.003966022384836798,0.34721512799594473,2.7104269999999966
NSGAIII,DTLZ2,DTLZ,2,11,5017,0.003966052110425365,0.34721505908852357,4.0131790000000045
NSGAIII,DTLZ2,DTLZ,2,11,5018,0.003966026402474422,0.34721514592345304,3.1845129999999995
NSGAIII,DTLZ2,DTLZ,2,11,5019,0.0039660381469412654,0.3472151574361681,3.5146870000000017
NSGAIII,DTLZ2,DTLZ,2,11,5020,0.003966077461924331,0.34721498505813936,4.165737000000004
NSGAIII,DTLZ2,DTLZ,2,11,5021,0.003966028343608015,0.34721510633024416,4.269026
NSGAIII,DTLZ2,DTLZ,2,11,5022,0.003966027428673411,0.34721515203925757,4.7265510000000015
NSGAIII,DTLZ2,DTLZ,2,11,5023,0.003966022385946405,0.34721514118323504,4.113866999999997
NSGAIII,DTLZ2,DTLZ,2,11,5024,0.003966007111324342,0.34721510405290446,3.361545999999996
NSGAIII,DTLZ2,DTLZ,2,11,5025,0.003966025068036061,0.34721504894783806,4.309394000000005
NSGAIII,DTLZ2,DTLZ,2,11,5026,0.003966061062660445,0.34721492783129587,3.787808
NSGAIII,DTLZ2,DTLZ,2,11,5027,0.00396604954046593,0.34721512440447216,3.2104460000000024
NSGAIII,DTLZ2,DTLZ,2,11,5028,0.003966034575419923,0.34721513720064495,3.795561000000003
NSGAIII,DTLZ2,DTLZ,2,11,5029,0.003966043820496891,0.34721474448309636,3.1906369999999993
NSGAIII,DTLZ2,DTLZ,2,11,5030,0.0039660842760438865,0.3472151078922364,3.884414
NSGAIII,DTLZ2,DTLZ,3,12,5001,0.054464830950975165,0.5596141359555276,3.4128330000000004
NSGAIII,DTLZ2,DTLZ,3,12,5002,0.054468703918956224,0.5596157604807839,2.946798
NSGAIII,DTLZ2,DTLZ,3,12,5003,0.054464679235908815,0.5596156469430413,2.923137
NSGAIII,DTLZ2,DTLZ,3,12,5004,0.05446432484022541,0.5596118032107396,2.9922099999999983
NSGAIII,DTLZ2,DTLZ,3,12,5005,0.05446389377152301,0.5596191539311397,3.103921
NSGAIII,DTLZ2,DTLZ,3,12,5006,0.054464667360264576,0.5596152435830961,3.4246740000000013
NSGAIII,DTLZ2,DTLZ,3,12,5007,0.054464578589163884,0.5596176736457019,3.7235760000000013
NSGAIII,DTLZ2,DTLZ,3,12,5008,0.05446441153309069,0.5596164389419342,4.012926000000002
NSGAIII,DTLZ2,DTLZ,3,12,5009,0.054466324306663295,0.5595970683780895,3.9931240000000012
NSGAIII,DTLZ2,DTLZ,3,12,5010,0.054463160507665316,0.5596165711349953,3.4802519999999983
NSGAIII,DTLZ2,DTLZ,3,12,5011,0.054464620414459965,0.5596161100344943,3.0434460000000025
NSGAIII,DTLZ2,DTLZ,3,12,5012,0.05446391718168458,0.5596149564914218,3.291539000000002
NSGAIII,DTLZ2,DTLZ,3,12,5013,0.05446333443040386,0.5596208342394657,3.2003740000000036
NSGAIII,DTLZ2,DTLZ,3,12,5014,0.05446422268730526,0.5596150102297199,4.738381000000001
NSGAIII,DTLZ2,DTLZ,3,12,5015,0.054463829247949645,0.5596172868468507,4.482980999999999
NSGAIII,DTLZ2,DTLZ,3,12,5016,0.05446530805302206,0.5596184535837581,3.459958000000003
NSGAIII,DTLZ2,DTLZ,3,12,5017,0.054464166489214705,0.5596161850097003,3.173168000000004
NSGAIII,DTLZ2,DTLZ,3,12,5018,0.05446359589458702,0.5596187577461513,3.738771999999998
NSGAIII,DTLZ2,DTLZ,3,12,5019,0.05446386284934824,0.5596167643629372,3.7959989999999992
NSGAIII,DTLZ2,DTLZ,3,12,5020,0.05446478757554023,0.5596132247003305,3.405013000000003
NSGAIII,DTLZ2,DTLZ,3,12,5021,0.05446477814922594,0.559608128771063,3.9391699999999945
NSGAIII,DTLZ2,DTLZ,3,12,5022,0.05446396458613695,0.5596188001967601,3.836371000000002
NSGAIII,DTLZ2,DTLZ,3,12,5023,0.05446319489702004,0.5596170660378899,3.4394340000000025
NSGAIII,DTLZ2,DTLZ,3,12,5024,0.05446420333731627,0.559619637677016,4.025365999999999
NSGAIII,DTLZ2,DTLZ,3,12,5025,0.05446402481325582,0.5596127143764572,3.397259999999999
NSGAIII,DTLZ2,DTLZ,3,12,5026,0.05446361213589906,0.5596175877990559,4.0361689999999975
NSGAIII,DTLZ2,DTLZ,3,12,5027,0.05446372385478991,0.5596187849658316,3.3262150000000053
NSGAIII,DTLZ2,DTLZ,3,12,5028,0.05446409786119989,0.5596186915703516,3.7382319999999956
NSGAIII,DTLZ2,DTLZ,3,12,5029,0.05446413430986498,0.5596141849769833,2.548525999999998
NSGAIII,DTLZ2,DTLZ,3,12,5030,0.05446404633553991,0.5596148078811995,3.331474000000005
NSGAIII,DTLZ3,DTLZ,2,11,5001,0.004053918726755837,0.3464537176657596,3.356116999999995
NSGAIII,DTLZ3,DTLZ,2,11,5002,0.004979330588969025,0.3438125223332226,2.993108000000002
NSGAIII,DTLZ3,DTLZ,2,11,5003,0.004468722011949475,0.3455988745684464,3.1217040000000016
NSGAIII,DTLZ3,DTLZ,2,11,5004,0.005053935166462191,0.34365253718619665,3.7243389999999983
NSGAIII,DTLZ3,DTLZ,2,11,5005,0.004290365779699304,0.3455541028154086,3.3352720000000002
NSGAIII,DTLZ3,DTLZ,2,11,5006,0.004077344420235774,0.34632974284074264,4.358276999999999
NSGAIII,DTLZ3,DTLZ,2,11,5007,0.004071158092977271,0.34641234819763556,2.5860199999999995
NSGAIII,DTLZ3,DTLZ,2,11,5008,0.003979845847217206,0.34695213493155536,3.1645639999999995
NSGAIII,DTLZ3,DTLZ,2,11,5009,0.0041325602294091865,0.3460869812783603,3.07943
NSGAIII,DTLZ3,DTLZ,2,11,5010,0.0039984864206544825,0.3467914644665166,3.057594999999999
NSGAIII,DTLZ3,DTLZ,2,11,5011,0.004859306594573431,0.3441032104730604,2.4159300000000017
NSGAIII,DTLZ3,DTLZ,2,11,5012,0.004262801883439876,0.3456795979400149,3.5054369999999984
NSGAIII,DTLZ3,DTLZ,2,11,5013,0.003990388865276369,0.34687666872758927,2.7623760000000006
NSGAIII,DTLZ3,DTLZ,2,11,5014,0.0045053827155731654,0.34492895391269385,4.2419350000000025
NSGAIII,DTLZ3,DTLZ,2,11,5015,0.00398702088722005,0.34687772086170315,2.690532999999997
NSGAIII,DTLZ3,DTLZ,2,11,5016,0.004577539143735182,0.3451149052725413,2.7695519999999987
NSGAIII,DTLZ3,DTLZ,2,11,5017,0.004123501108949418,0.346124884664775,3.339103999999999
NSGAIII,DTLZ3,DTLZ,2,11,5018,0.004463354642630436,0.345035936349568,3.133739999999997
NSGAIII,DTLZ3,DTLZ,2,11,5019,0.004067437972838794,0.3463743247022054,3.8337130000000026
NSGAIII,DTLZ3,DTLZ,2,11,5020,0.004040822111588457,0.3465124832596225,2.5846949999999995
NSGAIII,DTLZ3,DTLZ,2,11,5021,0.004719567054052157,0.34573773467274477,2.929561999999998
NSGAIII,DTLZ3,DTLZ,2,11,5022,0.004009471040093689,0.34696992749747957,3.5521950000000015
NSGAIII,DTLZ3,DTLZ,2,11,5023,0.004276409715721098,0.34574596979321354,2.837801999999999
NSGAIII,DTLZ3,DTLZ,2,11,5024,0.0057603635940081215,0.3422774932495345,2.7014270000000047
NSGAIII,DTLZ3,DTLZ,2,11,5025,0.004893196536436824,0.3440134806490344,4.0514019999999995
NSGAIII,DTLZ3,DTLZ,2,11,5026,0.004656158713618593,0.3446534306827231,3.855906999999993
NSGAIII,DTLZ3,DTLZ,2,11,5027,0.004588992896215752,0.34471415796560795,2.9956580000000055
NSGAIII,DTLZ3,DTLZ,2,11,5028,0.004180263310288221,0.345906303042849,3.5175549999999967
NSGAIII,DTLZ3,DTLZ,2,11,5029,0.004112263021009859,0.34635795049041307,3.5022360000000026
NSGAIII,DTLZ3,DTLZ,2,11,5030,0.004041591227643461,0.3465203082018161,2.892295000000002
NSGAIII,DTLZ3,DTLZ,3,12,5001,0.054591940296896124,0.556711716640621,3.6769120000000033
NSGAIII,DTLZ3,DTLZ,3,12,5002,0.054528787970472795,0.5577517901877265,4.453942
NSGAIII,DTLZ3,DTLZ,3,12,5003,0.054539977410800015,0.5579698470709731,2.9086270000000005
NSGAIII,DTLZ3,DTLZ,3,12,5004,0.05460217969955028,0.5564773564019905,3.069335000000005
NSGAIII,DTLZ3,DTLZ,3,12,5005,0.05467161508410702,0.555512319813146,4.586783000000003
NSGAIII,DTLZ3,DTLZ,3,12,5006,0.054947530363125045,0.5526795096777278,4.118577000000003
NSGAIII,DTLZ3,DTLZ,3,12,5007,0.054562091819408604,0.5572514408444158,3.1367209999999996
NSGAIII,DTLZ3,DTLZ,3,12,5008,0.054991083155806746,0.5523166587283281,4.348386000000007
NSGAIII,DTLZ3,DTLZ,3,12,5009,0.054511393431643095,0.5581421959521664,3.0755019999999997
NSGAIII,DTLZ3,DTLZ,3,12,5010,0.05447563606513456,0.5591125346956071,4.2164309999999965
NSGAIII,DTLZ3,DTLZ,3,12,5011,0.05483174555659752,0.5539166763420871,3.1111939999999962
NSGAIII,DTLZ3,DTLZ,3,12,5012,0.055008093083211536,0.552141678647339,5.113835000000001
NSGAIII,DTLZ3,DTLZ,3,12,5013,0.054509784199217585,0.5580869139433811,3.218040000000006
NSGAIII,DTLZ3,DTLZ,3,12,5014,0.05479775393036075,0.5545412252948975,3.7455690000000037
NSGAIII,DTLZ3,DTLZ,3,12,5015,0.05447305670856131,0.5591862177250787,3.232609000000001
NSGAIII,DTLZ3,DTLZ,3,12,5016,0.054654794228117864,0.5557128721215003,5.023686999999998
NSGAIII,DTLZ3,DTLZ,3,12,5017,0.054469205752195646,0.5593841275263494,2.8554480000000058
NSGAIII,DTLZ3,DTLZ,3,12,5018,0.05481915649598164,0.5538584791585788,4.248137999999999
NSGAIII,DTLZ3,DTLZ,3,12,5019,0.05453825527425302,0.5575601532425912,4.343996999999994
NSGAIII,DTLZ3,DTLZ,3,12,5020,0.05461059256189065,0.5564048636880286,4.473975000000003
NSGAIII,DTLZ3,DTLZ,3,12,5021,0.0548170319320926,0.553891626426378,3.585645999999995
NSGAIII,DTLZ3,DTLZ,3,12,5022,0.05467768186675163,0.5556028504509949,4.329258000000004
NSGAIII,DTLZ3,DTLZ,3,12,5023,0.054556347624190496,0.5575414452396042,5.110265000000006
NSGAIII,DTLZ3,DTLZ,3,12,5024,0.054465600571696644,0.55954693090845,4.399892999999996
NSGAIII,DTLZ3,DTLZ,3,12,5025,0.05593291898466189,0.5462062312312211,4.222548999999993
NSGAIII,DTLZ3,DTLZ,3,12,5026,0.05461577814049364,0.5562935639147062,3.792174000000004
NSGAIII,DTLZ3,DTLZ,3,12,5027,0.05477429509915388,0.5543254685944199,3.3096170000000003
NSGAIII,DTLZ3,DTLZ,3,12,5028,0.05447962842975144,0.5589725777185353,3.688873999999998
NSGAIII,DTLZ3,DTLZ,3,12,5029,0.054558992103735014,0.5572830952216568,3.6345189999999983
NSGAIII,DTLZ3,DTLZ,3,12,5030,0.05577001774227149,0.5471347486344612,3.5194660000000106
NSGAIII,DTLZ4,DTLZ,2,11,5001,0.003966255642405003,0.3472151008031652,3.353251999999994
NSGAIII,DTLZ4,DTLZ,2,11,5002,0.0039660835756028965,0.34721513002284804,2.6255679999999986
NSGAIII,DTLZ4,DTLZ,2,11,5003,0.003966372074471222,0.3472150214127899,3.1790790000000033
NSGAIII,DTLZ4,DTLZ,2,11,5004,0.003966007815096454,0.3472151174914266,3.0219919999999996
NSGAIII,DTLZ4,DTLZ,2,11,5005,0.00396605399629824,0.34721515770067085,2.3909039999999977
NSGAIII,DTLZ4,DTLZ,2,11,5006,0.00396622987694463,0.3472120522399904,3.3641850000000018
NSGAIII,DTLZ4,DTLZ,2,11,5007,0.003966022775543013,0.3472150766658451,3.5894020000000006
NSGAIII,DTLZ4,DTLZ,2,11,5008,0.0039675934090903755,0.34720409900710697,2.9500969999999995
NSGAIII,DTLZ4,DTLZ,2,11,5009,0.7420913394268067,0.09090908877195047,5.223229000000012
NSGAIII,DTLZ4,DTLZ,2,11,5010,0.003966095828459643,0.3472150786184771,3.831979999999998
NSGAIII,DTLZ4,DTLZ,2,11,5011,0.00396683099067802,0.3472140167942288,2.8210950000000046
NSGAIII,DTLZ4,DTLZ,2,11,5012,0.003967169845799504,0.34720758155360193,2.7958530000000024
NSGAIII,DTLZ4,DTLZ,2,11,5013,0.003966088740200375,0.347215094059562,3.284810999999997
NSGAIII,DTLZ4,DTLZ,2,11,5014,0.003966052951920291,0.34721479185054277,3.3170899999999994
NSGAIII,DTLZ4,DTLZ,2,11,5015,0.7420913392366192,0.09090908923791952,11.81055399999998
NSGAIII,DTLZ4,DTLZ,2,11,5016,0.003966013934715169,0.34721503694271094,2.9135170000000006
NSGAIII,DTLZ4,DTLZ,2,11,5017,0.003972832255078008,0.34718699476614645,3.018325000000001
NSGAIII,DTLZ4,DTLZ,2,11,5018,0.00396602508230351,0.3472151041185781,3.304898000000003
NSGAIII,DTLZ4,DTLZ,2,11,5019,0.004114010835055324,0.3469539684136404,2.9073410000000024
NSGAIII,DTLZ4,DTLZ,2,11,5020,0.003966043185055833,0.3472150908299293,3.048430999999996
NSGAIII,DTLZ4,DTLZ,2,11,5021,0.003966199062464148,0.34721505691166143,3.313223000000001
NSGAIII,DTLZ4,DTLZ,2,11,5022,0.003970098254824772,0.34721128745318425,2.7829289999999984
NSGAIII,DTLZ4,DTLZ,2,11,5023,0.003966511545610453,0.34721342940944194,2.677797
NSGAIII,DTLZ4,DTLZ,2,11,5024,0.003967805052884134,0.3472130413647313,3.8123560000000016
NSGAIII,DTLZ4,DTLZ,2,11,5025,0.003966040009805354,0.34721514581773283,3.464669000000001
NSGAIII,DTLZ4,DTLZ,2,11,5026,0.0041964057834872745,0.3468312924217448,2.746699999999997
NSGAIII,DTLZ4,DTLZ,2,11,5027,0.003966099829081643,0.3472151195484139,2.571571000000003
NSGAIII,DTLZ4,DTLZ,2,11,5028,0.003966084585520327,0.3472151593804994,2.9358639999999987
NSGAIII,DTLZ4,DTLZ,2,11,5029,0.003966045813902638,0.34721512483093725,3.2254389999999997
NSGAIII,DTLZ4,DTLZ,2,11,5030,0.003966027129510657,0.34721506913316286,2.535915000000001
NSGAIII,DTLZ4,DTLZ,3,12,5001,0.05447675788068513,0.5595125759949355,3.1318920000000054
NSGAIII,DTLZ4,DTLZ,3,12,5002,0.9459249263912474,0.0909090899817161,4.344242999999995
NSGAIII,DTLZ4,DTLZ,3,12,5003,0.054465320694187955,0.5595940672647703,2.9296849999999965
NSGAIII,DTLZ4,DTLZ,3,12,5004,0.054464631642631274,0.5596136112085204,3.1361669999999973
NSGAIII,DTLZ4,DTLZ,3,12,5005,0.5414300371190602,0.34031250171612415,4.6738760000000035
NSGAIII,DTLZ4,DTLZ,3,12,5006,0.5412954666631844,0.34176486495774383,4.409977000000002
NSGAIII,DTLZ4,DTLZ,3,12,5007,0.5418327543200933,0.33829192621504056,6.249213000000001
NSGAIII,DTLZ4,DTLZ,3,12,5008,0.05446475399331929,0.5595960631124282,2.641304999999999
NSGAIII,DTLZ4,DTLZ,3,12,5009,0.054469964423365144,0.5595947549124581,4.240218999999993
NSGAIII,DTLZ4,DTLZ,3,12,5010,0.05446746323572807,0.5595780065047395,3.0399809999999983
NSGAIII,DTLZ4,DTLZ,3,12,5011,0.0544669405288143,0.559598128932455,4.618570999999999
NSGAIII,DTLZ4,DTLZ,3,12,5012,0.5419066978879773,0.33904561438750824,3.965762000000002
NSGAIII,DTLZ4,DTLZ,3,12,5013,0.05448188857669158,0.5595226075733724,3.723240000000004
NSGAIII,DTLZ4,DTLZ,3,12,5014,0.054596848226702285,0.5588019500751835,2.2374350000000023
NSGAIII,DTLZ4,DTLZ,3,12,5015,0.054463886892294235,0.5596127307804196,4.690866000000002
NSGAIII,DTLZ4,DTLZ,3,12,5016,0.0544664080533664,0.5596053515435843,2.532581000000003
NSGAIII,DTLZ4,DTLZ,3,12,5017,0.05446525346545198,0.5596235802707935,4.178464999999997
NSGAIII,DTLZ4,DTLZ,3,12,5018,0.054464091554203904,0.5596202160763697,2.6808760000000023
NSGAIII,DTLZ4,DTLZ,3,12,5019,0.054465763185305986,0.5595655276549585,3.2520629999999984
NSGAIII,DTLZ4,DTLZ,3,12,5020,0.054480456652728076,0.5595663832038154,4.308744000000002
NSGAIII,DTLZ4,DTLZ,3,12,5021,0.54144993645881,0.3400266069852246,5.042848000000002
NSGAIII,DTLZ4,DTLZ,3,12,5022,0.0545524124579674,0.5590716474366471,3.3789959999999977
NSGAIII,DTLZ4,DTLZ,3,12,5023,0.05446276921901171,0.5596163018554328,3.6016450000000018
NSGAIII,DTLZ4,DTLZ,3,12,5024,0.05448279749679524,0.5595126595684442,3.750873
NSGAIII,DTLZ4,DTLZ,3,12,5025,0.05446964340098179,0.5594790019432738,3.706762999999996
NSGAIII,DTLZ4,DTLZ,3,12,5026,0.5412919082725729,0.3414549154875565,6.115566000000004
NSGAIII,DTLZ4,DTLZ,3,12,5027,0.5416227923389685,0.33933930759917086,5.922987999999998
NSGAIII,DTLZ4,DTLZ,3,12,5028,0.054464165789995904,0.5596089914622207,3.9418420000000016
NSGAIII,DTLZ4,DTLZ,3,12,5029,0.05446327458071281,0.5596208294932036,4.432718999999996
NSGAIII,DTLZ4,DTLZ,3,12,5030,0.054472470545844746,0.5594691915346475,3.691274999999999
NSGAIII,DTLZ5,DTLZ,2,11,5001,0.003966063935054195,0.3472151108289446,3.6110240000000067
NSGAIII,DTLZ5,DTLZ,2,11,5002,0.003966096671412777,0.3472151045117083,4.645229000000006
NSGAIII,DTLZ5,DTLZ,2,11,5003,0.003966018858374386,0.34721513280247257,4.039447000000006
NSGAIII,DTLZ5,DTLZ,2,11,5004,0.003966023994673243,0.3472145826155579,4.015202999999999
NSGAIII,DTLZ5,DTLZ,2,11,5005,0.003966056246704767,0.3472148973349328,3.677448999999997
NSGAIII,DTLZ5,DTLZ,2,11,5006,0.003966022238734794,0.34721516018402543,3.4937410000000004
NSGAIII,DTLZ5,DTLZ,2,11,5007,0.003966277084811904,0.3472113663094208,4.500980999999994
NSGAIII,DTLZ5,DTLZ,2,11,5008,0.0039660319718067515,0.34721505204645964,3.7150019999999957
NSGAIII,DTLZ5,DTLZ,2,11,5009,0.003966026197763604,0.34721510926495835,3.656872
NSGAIII,DTLZ5,DTLZ,2,11,5010,0.003966016822044509,0.34721514710010065,3.5610629999999914
NSGAIII,DTLZ5,DTLZ,2,11,5011,0.003966081346810079,0.34721504078616033,3.6212119999999977
NSGAIII,DTLZ5,DTLZ,2,11,5012,0.003966051942747523,0.34721519908504606,4.264398999999997
NSGAIII,DTLZ5,DTLZ,2,11,5013,0.00396604345404683,0.3472150737670608,3.2859669999999963
NSGAIII,DTLZ5,DTLZ,2,11,5014,0.0039660107503000416,0.3472151254914642,3.4512599999999964
NSGAIII,DTLZ5,DTLZ,2,11,5015,0.003966038514370324,0.34721515946115344,3.1564239999999986
NSGAIII,DTLZ5,DTLZ,2,11,5016,0.003966111863026438,0.3472150636162389,3.0973369999999956
NSGAIII,DTLZ5,DTLZ,2,11,5017,0.003966025421379586,0.3472151017154381,4.336314999999997
NSGAIII,DTLZ5,DTLZ,2,11,5018,0.003966054278707664,0.34721508808560236,3.0169730000000015
NSGAIII,DTLZ5,DTLZ,2,11,5019,0.0039660257130423515,0.34721513413552335,4.3340159999999965
NSGAIII,DTLZ5,DTLZ,2,11,5020,0.003966017949801089,0.34721513769402323,3.617278999999997
NSGAIII,DTLZ5,DTLZ,2,11,5021,0.003966065308976168,0.3472151345439579,4.432749999999997
NSGAIII,DTLZ5,DTLZ,2,11,5022,0.003966053976160961,0.34721513005055465,3.813731999999998
NSGAIII,DTLZ5,DTLZ,2,11,5023,0.003966014946797676,0.34721513212724225,3.880932000000003
NSGAIII,DTLZ5,DTLZ,2,11,5024,0.003966034392818135,0.347214942829419,4.136932000000001
NSGAIII,DTLZ5,DTLZ,2,11,5025,0.003966016373607557,0.34721508086838526,3.7642200000000003
NSGAIII,DTLZ5,DTLZ,2,11,5026,0.003966043289318066,0.3472151160805963,3.823044
NSGAIII,DTLZ5,DTLZ,2,11,5027,0.003966016760289921,0.3472151153825567,3.5220539999999994
NSGAIII,DTLZ5,DTLZ,2,11,5028,0.003966047985188374,0.3472149423256699,3.6038529999999986
NSGAIII,DTLZ5,DTLZ,2,11,5029,0.00396603728198772,0.3472148718153967,3.6706349999999937
NSGAIII,DTLZ5,DTLZ,2,11,5030,0.003966031953682676,0.34721511745550665,4.030179000000003
NSGAIII,DTLZ5,DTLZ,3,12,5001,0.013408971506972043,0.19428353415370334,6.082576999999998
NSGAIII,DTLZ5,DTLZ,3,12,5002,0.013061045344507761,0.194363187900856,5.513727000000002
NSGAIII,DTLZ5,DTLZ,3,12,5003,0.011499388163549272,0.19471148341448924,5.903986999999991
NSGAIII,DTLZ5,DTLZ,3,12,5004,0.011784381536700486,0.19485830036043422,5.704543999999993
NSGAIII,DTLZ5,DTLZ,3,12,5005,0.011877687675775518,0.19375909929304636,5.017912999999995
NSGAIII,DTLZ5,DTLZ,3,12,5006,0.012503854977651085,0.1939621590595181,4.897958
NSGAIII,DTLZ5,DTLZ,3,12,5007,0.011365971126745436,0.19557852273349557,4.827824000000001
NSGAIII,DTLZ5,DTLZ,3,12,5008,0.014779711019567054,0.1916006341902432,4.547499000000001
NSGAIII,DTLZ5,DTLZ,3,12,5009,0.01503392679782691,0.19230707956031823,4.104703999999998
NSGAIII,DTLZ5,DTLZ,3,12,5010,0.0100327894148433,0.1952784981396375,4.536619000000005
NSGAIII,DTLZ5,DTLZ,3,12,5011,0.011898194447168763,0.19345964339756586,4.272363999999995
NSGAIII,DTLZ5,DTLZ,3,12,5012,0.011942718572755027,0.1937898134098373,4.583676000000004
NSGAIII,DTLZ5,DTLZ,3,12,5013,0.01255173440465761,0.19338050237751528,5.206848000000006
NSGAIII,DTLZ5,DTLZ,3,12,5014,0.015822957676582122,0.19162816549611097,5.047865999999997
NSGAIII,DTLZ5,DTLZ,3,12,5015,0.01340495252770204,0.19369467572766386,3.807015999999998
NSGAIII,DTLZ5,DTLZ,3,12,5016,0.011888850939758623,0.19374938235473427,4.855717000000005
NSGAIII,DTLZ5,DTLZ,3,12,5017,0.013285718697081188,0.19363698729003787,5.2198749999999965
NSGAIII,DTLZ5,DTLZ,3,12,5018,0.012163006283290537,0.19505294374673385,5.540327999999997
NSGAIII,DTLZ5,DTLZ,3,12,5019,0.00892615210420268,0.19502207242964995,5.324182
NSGAIII,DTLZ5,DTLZ,3,12,5020,0.01350207490577318,0.19285157333573727,5.0389119999999945
NSGAIII,DTLZ5,DTLZ,3,12,5021,0.012668575635322605,0.19332159278581781,4.831535999999997
NSGAIII,DTLZ5,DTLZ,3,12,5022,0.010923779227565062,0.19605928031545597,4.765543999999991
NSGAIII,DTLZ5,DTLZ,3,12,5023,0.014411067072739515,0.191989417309039,5.124064999999997
NSGAIII,DTLZ5,DTLZ,3,12,5024,0.011427860759253516,0.19520201331504958,4.565913
NSGAIII,DTLZ5,DTLZ,3,12,5025,0.013086249116052577,0.1944100661212294,4.7347800000000015
NSGAIII,DTLZ5,DTLZ,3,12,5026,0.012019476574302851,0.19421559598385044,4.842658000000005
NSGAIII,DTLZ5,DTLZ,3,12,5027,0.014179607717019621,0.19121584221800245,4.117155999999996
NSGAIII,DTLZ5,DTLZ,3,12,5028,0.013262292041031657,0.19319121951056187,4.237859999999997
NSGAIII,DTLZ5,DTLZ,3,12,5029,0.01270894877669074,0.19300883549679348,4.2491759999999985
NSGAIII,DTLZ5,DTLZ,3,12,5030,0.01824089068787385,0.19132798792993488,4.3908480000000045
NSGAIII,DTLZ6,DTLZ,2,11,5001,0.003965965068422197,0.34721515119164265,3.0684789999999964
NSGAIII,DTLZ6,DTLZ,2,11,5002,0.003965967001426298,0.34721517194454293,4.112591
NSGAIII,DTLZ6,DTLZ,2,11,5003,0.00396597035543722,0.34721514438245094,2.932411999999998
NSGAIII,DTLZ6,DTLZ,2,11,5004,0.0039659852347785785,0.34721517195132806,3.5769939999999987
NSGAIII,DTLZ6,DTLZ,2,11,5005,0.00396596736590404,0.3472151760025153,3.323825999999997
NSGAIII,DTLZ6,DTLZ,2,11,5006,0.003965971271246603,0.34721515534697817,3.870142000000003
NSGAIII,DTLZ6,DTLZ,2,11,5007,0.003965979857844349,0.3472151635947397,3.399457
NSGAIII,DTLZ6,DTLZ,2,11,5008,0.003965966866556911,0.34721513798479503,3.1270480000000056
NSGAIII,DTLZ6,DTLZ,2,11,5009,0.003965961184074031,0.3472151579939775,3.1945140000000016
NSGAIII,DTLZ6,DTLZ,2,11,5010,0.00396598037316191,0.34721517422931564,3.538510000000001
NSGAIII,DTLZ6,DTLZ,2,11,5011,0.003965982762029942,0.3472151578812262,3.186299999999997
NSGAIII,DTLZ6,DTLZ,2,11,5012,0.0039659775741729296,0.3472151693433816,2.8800490000000005
NSGAIII,DTLZ6,DTLZ,2,11,5013,0.003965981038453486,0.3472151679067637,3.4142749999999986
NSGAIII,DTLZ6,DTLZ,2,11,5014,0.003965992378580372,0.3472151416538298,3.4724840000000037
NSGAIII,DTLZ6,DTLZ,2,11,5015,0.003966005811873598,0.347215149804577,3.3176229999999984
NSGAIII,DTLZ6,DTLZ,2,11,5016,0.003965977324350109,0.34721518303636467,3.5234579999999966
NSGAIII,DTLZ6,DTLZ,2,11,5017,0.003965966086784162,0.3472151594031125,2.6656720000000003
NSGAIII,DTLZ6,DTLZ,2,11,5018,0.003965990661902238,0.3472151304352307,3.330327000000004
NSGAIII,DTLZ6,DTLZ,2,11,5019,0.003965956508694182,0.34721516640666533,3.0638530000000013
NSGAIII,DTLZ6,DTLZ,2,11,5020,0.003965958980520664,0.34721516910939615,2.9434159999999956
NSGAIII,DTLZ6,DTLZ,2,11,5021,0.0039659507507864,0.3472151798879415,3.2483619999999953
NSGAIII,DTLZ6,DTLZ,2,11,5022,0.003965982661919105,0.34721514557070565,3.4687020000000013
NSGAIII,DTLZ6,DTLZ,2,11,5023,0.003965964287063515,0.3472151509166114,3.875889999999997
NSGAIII,DTLZ6,DTLZ,2,11,5024,0.003965967967628191,0.34721513635716705,4.122919000000003
NSGAIII,DTLZ6,DTLZ,2,11,5025,0.003965985329571095,0.3472151786393592,2.8362639999999995
NSGAIII,DTLZ6,DTLZ,2,11,5026,0.003965953435672981,0.34721498099232434,3.7248180000000026
NSGAIII,DTLZ6,DTLZ,2,11,5027,0.00396596665963501,0.3472151635707843,4.139595000000007
NSGAIII,DTLZ6,DTLZ,2,11,5028,0.003965965097311863,0.34721505658916846,3.592582999999994
NSGAIII,DTLZ6,DTLZ,2,11,5029,0.00396597409841137,0.34721515761897487,2.9596039999999997
NSGAIII,DTLZ6,DTLZ,2,11,5030,0.003965973467745643,0.34721510700590097,3.6869919999999974
NSGAIII,DTLZ6,DTLZ,3,12,5001,0.015001190276306135,0.1932331463426063,6.430850999999986
NSGAIII,DTLZ6,DTLZ,3,12,5002,0.01938056060504476,0.1907612454417665,5.496741000000004
NSGAIII,DTLZ6,DTLZ,3,12,5003,0.019261244904912288,0.18932420698525465,6.572997999999999
NSGAIII,DTLZ6,DTLZ,3,12,5004,0.01267103243793656,0.19379019260681793,5.905383000000003
NSGAIII,DTLZ6,DTLZ,3,12,5005,0.01844175782538495,0.19022012181744988,6.048383999999993
NSGAIII,DTLZ6,DTLZ,3,12,5006,0.020720854407612656,0.19140271100724232,5.973290000000009
NSGAIII,DTLZ6,DTLZ,3,12,5007,0.019574399753446402,0.1917805980287756,4.712093999999997
NSGAIII,DTLZ6,DTLZ,3,12,5008,0.01993932499869383,0.19134540652709828,5.736643
NSGAIII,DTLZ6,DTLZ,3,12,5009,0.02082070265274253,0.18918382171623216,4.345528000000001
NSGAIII,DTLZ6,DTLZ,3,12,5010,0.02023633154694111,0.18932602660842457,5.589759999999999
NSGAIII,DTLZ6,DTLZ,3,12,5011,0.015788405372460575,0.1929112267521855,5.4407470000000036
NSGAIII,DTLZ6,DTLZ,3,12,5012,0.019621993649462155,0.19264888164367358,4.703234999999999
NSGAIII,DTLZ6,DTLZ,3,12,5013,0.018252391565822687,0.1924867588158233,4.492636000000001
NSGAIII,DTLZ6,DTLZ,3,12,5014,0.020332636148199752,0.191645788110638,5.663995999999998
NSGAIII,DTLZ6,DTLZ,3,12,5015,0.017569105657805107,0.1912397647208188,4.138431000000003
NSGAIII,DTLZ6,DTLZ,3,12,5016,0.012012369842800248,0.1945253551608555,4.985352999999996
NSGAIII,DTLZ6,DTLZ,3,12,5017,0.018347677849084535,0.19175100326356825,4.707956999999999
NSGAIII,DTLZ6,DTLZ,3,12,5018,0.020021948504827775,0.1905458750054126,4.807837999999998
NSGAIII,DTLZ6,DTLZ,3,12,5019,0.023364327479569038,0.19031761229004743,6.237022000000009
NSGAIII,DTLZ6,DTLZ,3,12,5020,0.021954993825035886,0.18817780911914528,5.537053999999997
NSGAIII,DTLZ6,DTLZ,3,12,5021,0.01776341131059922,0.19163767671163942,5.556981999999996
NSGAIII,DTLZ6,DTLZ,3,12,5022,0.02276104329765898,0.18722971231027072,4.970915
NSGAIII,DTLZ6,DTLZ,3,12,5023,0.02109438181939856,0.19091036184183088,5.275550999999998
NSGAIII,DTLZ6,DTLZ,3,12,5024,0.020958887653613475,0.18809170474629763,5.856920000000002
NSGAIII,DTLZ6,DTLZ,3,12,5025,0.01900483691974403,0.1911758353215927,5.035236000000005
NSGAIII,DTLZ6,DTLZ,3,12,5026,0.018862946074206202,0.19019319212271124,4.61903
NSGAIII,DTLZ6,DTLZ,3,12,5027,0.021345563606373973,0.19096545281903862,4.784801000000007
NSGAIII,DTLZ6,DTLZ,3,12,5028,0.01855352438576899,0.19017780512022517,4.718298999999997
NSGAIII,DTLZ6,DTLZ,3,12,5029,0.017771503501286007,0.19194929617327175,5.430215000000006
NSGAIII,DTLZ6,DTLZ,3,12,5030,0.02081750471470572,0.19212861060230174,3.943186000000002
NSGAIII,DTLZ7,DTLZ,2,21,5001,0.005170241853526809,0.24278978561344844,3.6372219999999973
NSGAIII,DTLZ7,DTLZ,2,21,5002,0.00507560420372779,0.2428064727237835,2.895028000000002
NSGAIII,DTLZ7,DTLZ,2,21,5003,0.005014904086526036,0.2428220694255685,2.9902969999999978
NSGAIII,DTLZ7,DTLZ,2,21,5004,0.005073992722844774,0.24281054227351145,3.769818000000002
NSGAIII,DTLZ7,DTLZ,2,21,5005,0.005085381730475985,0.24281489380300536,3.3846670000000025
NSGAIII,DTLZ7,DTLZ,2,21,5006,0.005179965017608491,0.24279301722805502,3.8931890000000053
NSGAIII,DTLZ7,DTLZ,2,21,5007,0.005177948732756541,0.24279445789443543,3.581960000000005
NSGAIII,DTLZ7,DTLZ,2,21,5008,0.005094795611757759,0.24280723623078299,4.661422999999995
NSGAIII,DTLZ7,DTLZ,2,21,5009,0.005117690015606564,0.24280703620212826,3.3005560000000007
NSGAIII,DTLZ7,DTLZ,2,21,5010,0.005063489673448964,0.24281419077405583,4.869041999999997
NSGAIII,DTLZ7,DTLZ,2,21,5011,0.005191989637691257,0.24278158215801024,2.923882
NSGAIII,DTLZ7,DTLZ,2,21,5012,0.0050758324863535865,0.24281201132645394,3.811032
NSGAIII,DTLZ7,DTLZ,2,21,5013,0.0052252390443824695,0.24277621225927878,3.128957
NSGAIII,DTLZ7,DTLZ,2,21,5014,0.005177533855773459,0.2427902974685499,4.443341
NSGAIII,DTLZ7,DTLZ,2,21,5015,0.005086799490413602,0.2428063531531507,3.3019420000000017
NSGAIII,DTLZ7,DTLZ,2,21,5016,0.005220964201974906,0.24278456246716143,3.8265390000000004
NSGAIII,DTLZ7,DTLZ,2,21,5017,0.005146541687532354,0.2427916625723524,3.7705579999999967
NSGAIII,DTLZ7,DTLZ,2,21,5018,0.004957733501859853,0.24284046116412147,3.8089239999999975
NSGAIII,DTLZ7,DTLZ,2,21,5019,0.005023072246270704,0.2428199478797439,3.663698999999997
NSGAIII,DTLZ7,DTLZ,2,21,5020,0.005072815304191546,0.24281472870172696,3.5933359999999963
NSGAIII,DTLZ7,DTLZ,2,21,5021,0.005123983725064431,0.24280365181454786,3.474114000000001
NSGAIII,DTLZ7,DTLZ,2,21,5022,0.005100800266186314,0.2428060659077189,3.5692530000000042
NSGAIII,DTLZ7,DTLZ,2,21,5023,0.005173817712851259,0.24278708592980575,3.941541000000004
NSGAIII,DTLZ7,DTLZ,2,21,5024,0.0051564341108477985,0.2427998387141818,3.8039109999999985
NSGAIII,DTLZ7,DTLZ,2,21,5025,0.004928248226417271,0.24284685424440844,3.53053
NSGAIII,DTLZ7,DTLZ,2,21,5026,0.0050136941687302,0.24282068358550227,3.8731710000000024
NSGAIII,DTLZ7,DTLZ,2,21,5027,0.00521740875311007,0.24278215735094705,3.2638140000000044
NSGAIII,DTLZ7,DTLZ,2,21,5028,0.005132553142658521,0.24280203314521462,3.9110520000000015
NSGAIII,DTLZ7,DTLZ,2,21,5029,0.00503814198147768,0.24281406863109828,3.243994000000003
NSGAIII,DTLZ7,DTLZ,2,21,5030,0.0050977863662877414,0.24280316347006178,3.1962309999999934
NSGAIII,DTLZ7,DTLZ,3,22,5001,0.07537558448883155,0.26653479627647836,4.232568999999996
NSGAIII,DTLZ7,DTLZ,3,22,5002,0.07354989558794564,0.27135975257354433,4.151682000000004
NSGAIII,DTLZ7,DTLZ,3,22,5003,0.07616170969079071,0.27316819405962545,4.455118000000005
NSGAIII,DTLZ7,DTLZ,3,22,5004,0.07808621474527827,0.2688698204234482,4.088527999999998
NSGAIII,DTLZ7,DTLZ,3,22,5005,0.07965631414885492,0.26976525025692677,4.610560000000005
NSGAIII,DTLZ7,DTLZ,3,22,5006,0.0844117184119378,0.2647053369310586,4.907777
NSGAIII,DTLZ7,DTLZ,3,22,5007,0.07821935733580476,0.26628264583985534,3.495429000000003
NSGAIII,DTLZ7,DTLZ,3,22,5008,0.07519217062442597,0.2687506721815893,4.894289999999995
NSGAIII,DTLZ7,DTLZ,3,22,5009,0.07288131814265311,0.27049185775818885,4.724234000000006
NSGAIII,DTLZ7,DTLZ,3,22,5010,0.3846034187767029,0.23347789922801748,5.3462479999999974
NSGAIII,DTLZ7,DTLZ,3,22,5011,0.07587242090523282,0.2694363030727521,3.7620380000000018
NSGAIII,DTLZ7,DTLZ,3,22,5012,0.0820036382238375,0.2661457185034554,4.193183999999997
NSGAIII,DTLZ7,DTLZ,3,22,5013,0.08038640208817097,0.2660783978247809,3.366303999999999
NSGAIII,DTLZ7,DTLZ,3,22,5014,0.07668545397617176,0.2703284329192642,5.111312
NSGAIII,DTLZ7,DTLZ,3,22,5015,0.07854242630463361,0.2675241608105877,4.213552
NSGAIII,DTLZ7,DTLZ,3,22,5016,0.07410153432340727,0.27015918703424646,4.286163
NSGAIII,DTLZ7,DTLZ,3,22,5017,0.06963758452047143,0.2712563688981984,4.209556000000004
NSGAIII,DTLZ7,DTLZ,3,22,5018,0.0765288539746518,0.26815248272116776,5.086848999999996
NSGAIII,DTLZ7,DTLZ,3,22,5019,0.07836934317502951,0.2678850982408517,4.070927999999995
NSGAIII,DTLZ7,DTLZ,3,22,5020,0.07962331264136113,0.2694219501024139,3.870796999999998
NSGAIII,DTLZ7,DTLZ,3,22,5021,0.07999885256398492,0.2656119246168879,4.3947799999999955
NSGAIII,DTLZ7,DTLZ,3,22,5022,0.07466353345408218,0.26851152745481466,3.883428000000008
NSGAIII,DTLZ7,DTLZ,3,22,5023,0.07427757623832582,0.2698728105264859,3.9009219999999982
NSGAIII,DTLZ7,DTLZ,3,22,5024,0.4122948503200887,0.2210610258260894,4.44572
NSGAIII,DTLZ7,DTLZ,3,22,5025,0.07865297283780116,0.2681016913190595,4.381647999999998
NSGAIII,DTLZ7,DTLZ,3,22,5026,0.07852061288460814,0.266693476193782,4.452467999999991
NSGAIII,DTLZ7,DTLZ,3,22,5027,0.07457100332792979,0.27054399706208376,4.928649
NSGAIII,DTLZ7,DTLZ,3,22,5028,0.07337658728778489,0.26808749552072514,4.148033000000005
NSGAIII,DTLZ7,DTLZ,3,22,5029,0.07325180759652865,0.27073489924494853,3.891135000000001
NSGAIII,DTLZ7,DTLZ,3,22,5030,0.08695164684321224,0.2704546871887872,4.197159000000001
NSGAIII,MaF1,MaF,2,11,5001,0.003570708527744111,0.582602035494712,3.333428999999996
NSGAIII,MaF1,MaF,2,11,5002,0.003570711515747331,0.5826020292181533,3.186601999999998
NSGAIII,MaF1,MaF,2,11,5003,0.003570716728139561,0.5826020294039813,2.9174870000000013
NSGAIII,MaF1,MaF,2,11,5004,0.0035706889422325956,0.5826018888456928,2.657338999999998
NSGAIII,MaF1,MaF,2,11,5005,0.0035707081645043643,0.582602020700997,2.86237
NSGAIII,MaF1,MaF,2,11,5006,0.0035706767896599187,0.5826020344738944,3.5321489999999995
NSGAIII,MaF1,MaF,2,11,5007,0.00357076739074694,0.5826001152227231,3.443056999999999
NSGAIII,MaF1,MaF,2,11,5008,0.0035708187232626584,0.582601933510601,2.664543999999999
NSGAIII,MaF1,MaF,2,11,5009,0.0035707048775249824,0.5826020298397274,2.5192320000000006
NSGAIII,MaF1,MaF,2,11,5010,0.003570680023350414,0.5826020323932595,2.7516710000000018
NSGAIII,MaF1,MaF,2,11,5011,0.003570670168397782,0.5826020371052931,2.674112000000003
NSGAIII,MaF1,MaF,2,11,5012,0.003570701121610152,0.5826020330195213,2.5737239999999977
NSGAIII,MaF1,MaF,2,11,5013,0.0035708815395277755,0.5825992997719756,3.2493650000000005
NSGAIII,MaF1,MaF,2,11,5014,0.00357067483573259,0.5826020324652774,3.473924999999997
NSGAIII,MaF1,MaF,2,11,5015,0.003570726374347953,0.5826014355566425,2.365058
NSGAIII,MaF1,MaF,2,11,5016,0.0035707267561856833,0.5826007889928119,2.5084650000000033
NSGAIII,MaF1,MaF,2,11,5017,0.0035706770772850048,0.5826020344657676,2.9025180000000006
NSGAIII,MaF1,MaF,2,11,5018,0.003570744036173871,0.5826019719377237,3.8298479999999966
NSGAIII,MaF1,MaF,2,11,5019,0.0035706933148445252,0.5826020383001598,3.273288000000004
NSGAIII,MaF1,MaF,2,11,5020,0.003570691314272473,0.5826020358593005,3.9681009999999945
NSGAIII,MaF1,MaF,2,11,5021,0.00357069751288223,0.582602032090773,3.664706000000004
NSGAIII,MaF1,MaF,2,11,5022,0.003570710686573679,0.5826020280465075,2.654290000000001
NSGAIII,MaF1,MaF,2,11,5023,0.0035707154742057874,0.5826020267613083,3.486717000000001
NSGAIII,MaF1,MaF,2,11,5024,0.0035707135076294976,0.5826019683567537,2.6589939999999985
NSGAIII,MaF1,MaF,2,11,5025,0.003570718766313148,0.5826020252255084,2.688286000000002
NSGAIII,MaF1,MaF,2,11,5026,0.0035707430347048097,0.5826008461716259,2.828374999999998
NSGAIII,MaF1,MaF,2,11,5027,0.0035707007016786293,0.5826020275088515,2.5118679999999967
NSGAIII,MaF1,MaF,2,11,5028,0.003570693387115492,0.5826020286493653,2.4115699999999958
NSGAIII,MaF1,MaF,2,11,5029,0.0035707117463562306,0.5826020322127996,2.1930610000000037
NSGAIII,MaF1,MaF,2,11,5030,0.003570689876452065,0.5826020347818328,2.315876999999999
NSGAIII,MaF1,MaF,3,12,5001,0.06244320914168991,0.20433797412542426,4.960765999999999
NSGAIII,MaF1,MaF,3,12,5002,0.0610506819059869,0.20549894560521792,5.119312000000002
NSGAIII,MaF1,MaF,3,12,5003,0.06008385715199239,0.20616466821587967,5.364271000000003
NSGAIII,MaF1,MaF,3,12,5004,0.06381504313805682,0.2026754853592909,5.074249
NSGAIII,MaF1,MaF,3,12,5005,0.05898477623763051,0.2070512650009226,4.315956999999998
NSGAIII,MaF1,MaF,3,12,5006,0.058185930172616286,0.20735545924806767,4.510476999999996
NSGAIII,MaF1,MaF,3,12,5007,0.05959037038126507,0.20647970520940928,4.608304999999999
NSGAIII,MaF1,MaF,3,12,5008,0.05830945603192058,0.2076223550826318,3.619841000000004
NSGAIII,MaF1,MaF,3,12,5009,0.06370674762273916,0.20218536238153972,5.099456000000008
NSGAIII,MaF1,MaF,3,12,5010,0.058764291726756866,0.206635557520332,3.8954620000000006
NSGAIII,MaF1,MaF,3,12,5011,0.06115218925219348,0.2040084229111286,5.618159999999992
NSGAIII,MaF1,MaF,3,12,5012,0.0616261222076785,0.20447847933633986,3.8578840000000003
NSGAIII,MaF1,MaF,3,12,5013,0.059308826456439236,0.206451219419511,5.669642999999999
NSGAIII,MaF1,MaF,3,12,5014,0.05946173156893656,0.20631344679167704,4.856146000000005
NSGAIII,MaF1,MaF,3,12,5015,0.06356416924683661,0.20313145530633236,5.8861210000000055
NSGAIII,MaF1,MaF,3,12,5016,0.056752897601759764,0.20814084387409476,4.409820000000008
NSGAIII,MaF1,MaF,3,12,5017,0.058564116023805866,0.2070665561237761,4.972436999999992
NSGAIII,MaF1,MaF,3,12,5018,0.06018074547504505,0.2061151541930764,4.336551000000001
NSGAIII,MaF1,MaF,3,12,5019,0.05596233303946278,0.2086340233503425,3.543228000000002
NSGAIII,MaF1,MaF,3,12,5020,0.06113232219641605,0.20447058492720957,3.6683750000000015
NSGAIII,MaF1,MaF,3,12,5021,0.05920198203494419,0.20611812916140865,4.6080660000000035
NSGAIII,MaF1,MaF,3,12,5022,0.05779555346544797,0.2060494607891977,3.711941999999997
NSGAIII,MaF1,MaF,3,12,5023,0.06113909718754121,0.2046218482309984,3.756196000000004
NSGAIII,MaF1,MaF,3,12,5024,0.061361559927439066,0.20474148380911023,3.5962369999999932
NSGAIII,MaF1,MaF,3,12,5025,0.055039100687845496,0.2093372384665412,4.471681
NSGAIII,MaF1,MaF,3,12,5026,0.06074164319409351,0.20539614545761797,4.343322999999994
NSGAIII,MaF1,MaF,3,12,5027,0.06150360840961302,0.20467368778264422,4.558737000000002
NSGAIII,MaF1,MaF,3,12,5028,0.062312762156739074,0.20467684805728073,4.968088000000001
NSGAIII,MaF1,MaF,3,12,5029,0.059529567009825354,0.20611937105554445,4.716458000000003
NSGAIII,MaF1,MaF,3,12,5030,0.05903618611102237,0.20637133622706133,4.350835999999999
NSGAIII,MaF2,MaF,2,11,5001,0.0020072271346005663,0.20755915145508005,2.9400290000000022
NSGAIII,MaF2,MaF,2,11,5002,0.0020066472232445,0.20756077349126378,4.376507999999998
NSGAIII,MaF2,MaF,2,11,5003,0.002008184306103387,0.20755828995932205,2.979066999999999
NSGAIII,MaF2,MaF,2,11,5004,0.002006706805625409,0.20756053797214613,3.9653550000000033
NSGAIII,MaF2,MaF,2,11,5005,0.0020064928639459984,0.20756071533451784,3.795476000000002
NSGAIII,MaF2,MaF,2,11,5006,0.0020064151040770756,0.20756200155362797,3.153243
NSGAIII,MaF2,MaF,2,11,5007,0.0020068996828354244,0.20755855635876072,2.7824519999999993
NSGAIII,MaF2,MaF,2,11,5008,0.0020065217801651814,0.20755953758615714,3.8285080000000007
NSGAIII,MaF2,MaF,2,11,5009,0.0020076433573003177,0.20755497342386428,2.745634999999998
NSGAIII,MaF2,MaF,2,11,5010,0.002006820587671755,0.20755935095746939,3.150436000000001
NSGAIII,MaF2,MaF,2,11,5011,0.002007350997248232,0.2075539252265894,3.5361830000000003
NSGAIII,MaF2,MaF,2,11,5012,0.0020064776360884363,0.20756160703952992,3.678172000000003
NSGAIII,MaF2,MaF,2,11,5013,0.0020066050827617665,0.2075602997122152,2.8199949999999974
NSGAIII,MaF2,MaF,2,11,5014,0.002007169821684157,0.20755837802855556,2.956726
NSGAIII,MaF2,MaF,2,11,5015,0.0020174631917475746,0.20751939559213656,2.8918829999999978
NSGAIII,MaF2,MaF,2,11,5016,0.002006485524529948,0.2075610442102277,3.8300559999999955
NSGAIII,MaF2,MaF,2,11,5017,0.0020081458621116276,0.20754640271741467,2.5718740000000007
NSGAIII,MaF2,MaF,2,11,5018,0.002006465555630823,0.20756093417464105,3.3432450000000014
NSGAIII,MaF2,MaF,2,11,5019,0.0020071972708899056,0.20755883625486998,3.231451000000001
NSGAIII,MaF2,MaF,2,11,5020,0.0020082734802735285,0.20755672829070984,2.910262
NSGAIII,MaF2,MaF,2,11,5021,0.0020064334517198106,0.2075615956300188,3.052561999999998
NSGAIII,MaF2,MaF,2,11,5022,0.002010911683823948,0.20754977019372803,3.1114310000000014
NSGAIII,MaF2,MaF,2,11,5023,0.0020074111987392956,0.20755669666306878,3.1164069999999997
NSGAIII,MaF2,MaF,2,11,5024,0.0020092086498393917,0.20754582361216262,2.639608999999998
NSGAIII,MaF2,MaF,2,11,5025,0.0020102374844733115,0.2075547737332098,3.191635999999997
NSGAIII,MaF2,MaF,2,11,5026,0.002006401412626785,0.2075631326372484,3.095204000000002
NSGAIII,MaF2,MaF,2,11,5027,0.0020065517476747508,0.20756017383980285,2.913223
NSGAIII,MaF2,MaF,2,11,5028,0.00200794419613741,0.20755733343033655,2.4562849999999976
NSGAIII,MaF2,MaF,2,11,5029,0.0020063974622645366,0.2075623053835474,2.986831999999999
NSGAIII,MaF2,MaF,2,11,5030,0.002006551576739847,0.20756035152377833,2.1567570000000016
NSGAIII,MaF2,MaF,3,12,5001,0.035962714215637265,0.23885328919107474,2.9627889999999995
NSGAIII,MaF2,MaF,3,12,5002,0.036083858248629044,0.23956512665431398,2.886152000000001
NSGAIII,MaF2,MaF,3,12,5003,0.0349123390706934,0.23743643351425028,2.861351
NSGAIII,MaF2,MaF,3,12,5004,0.03687628880342923,0.2381338434429316,2.6207459999999996
NSGAIII,MaF2,MaF,3,12,5005,0.03565945139597442,0.23788289975659452,2.776302000000001
NSGAIII,MaF2,MaF,3,12,5006,0.03603241906075529,0.23778292085202035,3.220893999999999
NSGAIII,MaF2,MaF,3,12,5007,0.034965685622846625,0.23967098203046663,2.4565710000000016
NSGAIII,MaF2,MaF,3,12,5008,0.036071879221286796,0.238665192877015,2.3837859999999993
NSGAIII,MaF2,MaF,3,12,5009,0.03547380221400019,0.23826024148245714,2.9626200000000003
NSGAIII,MaF2,MaF,3,12,5010,0.03597063852887321,0.23857819711139128,2.479773000000003
NSGAIII,MaF2,MaF,3,12,5011,0.036269904288496274,0.23774766247111634,3.133130000000001
NSGAIII,MaF2,MaF,3,12,5012,0.035269549435840486,0.23837817703413983,2.1498709999999988
NSGAIII,MaF2,MaF,3,12,5013,0.035457107539413,0.2364897189024377,3.167362999999998
NSGAIII,MaF2,MaF,3,12,5014,0.0359177580455277,0.23685959234332193,1.5939579999999987
NSGAIII,MaF2,MaF,3,12,5015,0.03882498746611664,0.23530062758441667,2.8391189999999984
NSGAIII,MaF2,MaF,3,12,5016,0.034511484153170596,0.23911472182779428,2.4463570000000003
NSGAIII,MaF2,MaF,3,12,5017,0.03599249210917149,0.23850859416483935,2.5271250000000016
NSGAIII,MaF2,MaF,3,12,5018,0.036179226049965596,0.23577823617564225,2.3403589999999994
NSGAIII,MaF2,MaF,3,12,5019,0.03521248557816599,0.23715362322165434,2.2262720000000003
NSGAIII,MaF2,MaF,3,12,5020,0.03580366179996793,0.23603190284362946,2.375874000000004
NSGAIII,MaF2,MaF,3,12,5021,0.03588730342554657,0.23617375233088073,3.0021800000000036
NSGAIII,MaF2,MaF,3,12,5022,0.03844683001819352,0.23523637653237497,2.223504000000003
NSGAIII,MaF2,MaF,3,12,5023,0.03480838369561198,0.23717834232116128,2.1612899999999984
NSGAIII,MaF2,MaF,3,12,5024,0.03617221551219903,0.23626076778462846,2.115342000000001
NSGAIII,MaF2,MaF,3,12,5025,0.03601028532301044,0.23852447626185708,1.7585939999999982
NSGAIII,MaF2,MaF,3,12,5026,0.03627488197093856,0.23797927546275002,1.6829100000000017
NSGAIII,MaF2,MaF,3,12,5027,0.036724022255775486,0.23831598442746443,1.9467519999999958
NSGAIII,MaF2,MaF,3,12,5028,0.03545098253603024,0.23957242283052974,1.8760769999999982
NSGAIII,MaF2,MaF,3,12,5029,0.03708950191240645,0.2371748363545197,1.9823690000000016
NSGAIII,MaF2,MaF,3,12,5030,0.03664164454362001,0.23701375150558787,1.6354279999999974
NSGAIII,MaF3,MaF,2,11,5001,0.00837339919698354,0.715032490743542,2.781208999999997
NSGAIII,MaF3,MaF,2,11,5002,0.006040868365992941,0.7197030161530975,2.8443709999999944
NSGAIII,MaF3,MaF,2,11,5003,0.0071999406036476815,0.717122902089148,2.662533000000001
NSGAIII,MaF3,MaF,2,11,5004,0.0063652805826438195,0.7188059012014457,3.8352410000000017
NSGAIII,MaF3,MaF,2,11,5005,0.005984825646983541,0.7199603558054254,2.8561760000000023
NSGAIII,MaF3,MaF,2,11,5006,0.006054119430197967,0.7196063916085259,3.081959
NSGAIII,MaF3,MaF,2,11,5007,0.005932082597514377,0.7200593905299298,3.457241999999999
NSGAIII,MaF3,MaF,2,11,5008,0.006767503317632863,0.7179447013297331,3.9847420000000033
NSGAIII,MaF3,MaF,2,11,5009,0.006218463166790341,0.7191536354496507,3.3868379999999987
NSGAIII,MaF3,MaF,2,11,5010,0.0066802592664912085,0.7180936020276214,5.166051
NSGAIII,MaF3,MaF,2,11,5011,0.007126358466737221,0.7172608428550576,3.6876649999999986
NSGAIII,MaF3,MaF,2,11,5012,0.006552375452719997,0.718402951385755,4.206578000000004
NSGAIII,MaF3,MaF,2,11,5013,0.007261402439257892,0.7169850679555662,4.209753000000001
NSGAIII,MaF3,MaF,2,11,5014,0.006219169075944685,0.7191497154876648,4.326329999999996
NSGAIII,MaF3,MaF,2,11,5015,0.008249398130147884,0.7152747961706278,3.533218000000006
NSGAIII,MaF3,MaF,2,11,5016,0.006440521166646779,0.7186395912993998,4.444756
NSGAIII,MaF3,MaF,2,11,5017,0.008100552160448674,0.7155378582849523,3.6519480000000017
NSGAIII,MaF3,MaF,2,11,5018,0.0063207692704568275,0.7188999608128547,5.200166000000003
NSGAIII,MaF3,MaF,2,11,5019,0.007035166554291775,0.7174268792605571,3.450984000000003
NSGAIII,MaF3,MaF,2,11,5020,0.005960771812349419,0.7199661389091188,2.8969509999999987
NSGAIII,MaF3,MaF,2,11,5021,0.007271896607623305,0.7169899308377843,3.6321180000000033
NSGAIII,MaF3,MaF,2,11,5022,0.006267244794151302,0.7190700131605,4.461700999999993
NSGAIII,MaF3,MaF,2,11,5023,0.0064796102728551675,0.7185235264773835,4.245562000000001
NSGAIII,MaF3,MaF,2,11,5024,0.006578582492145951,0.7183192243167682,3.8259780000000014
NSGAIII,MaF3,MaF,2,11,5025,0.006528435484154646,0.7184411937172485,3.8871119999999975
NSGAIII,MaF3,MaF,2,11,5026,0.006151018628039553,0.7192461730543573,3.8545919999999967
NSGAIII,MaF3,MaF,2,11,5027,0.007094850781811169,0.7173250093156305,3.768034999999998
NSGAIII,MaF3,MaF,2,11,5028,0.006536095837182466,0.7184226435807591,3.9368569999999954
NSGAIII,MaF3,MaF,2,11,5029,0.006313258869362815,0.7189348886311651,3.5969319999999994
NSGAIII,MaF3,MaF,2,11,5030,0.007513792546960343,0.7165586700261893,3.6906900000000027
NSGAIII,MaF3,MaF,3,12,5001,0.04748261282155942,0.956673689350018,4.579887999999999
NSGAIII,MaF3,MaF,3,12,5002,0.0468451938228157,0.9575747580798013,4.0119859999999985
NSGAIII,MaF3,MaF,3,12,5003,0.04718282509041624,0.9571025489393482,3.7662320000000045
NSGAIII,MaF3,MaF,3,12,5004,0.046451835318581894,0.9577636160375244,4.115036999999998
NSGAIII,MaF3,MaF,3,12,5005,0.04649644839042183,0.9580947429165041,4.044450999999998
NSGAIII,MaF3,MaF,3,12,5006,0.04650500668215174,0.9577413768246648,4.6598730000000055
NSGAIII,MaF3,MaF,3,12,5007,0.047756665097061855,0.9564029731144469,3.5173639999999975
NSGAIII,MaF3,MaF,3,12,5008,0.04623098086363497,0.9582473491772746,2.9918670000000023
NSGAIII,MaF3,MaF,3,12,5009,0.04708240491465809,0.9572259906115803,3.157140999999995
NSGAIII,MaF3,MaF,3,12,5010,0.04636991562103274,0.9580848423754869,3.644489000000008
NSGAIII,MaF3,MaF,3,12,5011,0.046682810817128474,0.9575665990718735,2.9813280000000035
NSGAIII,MaF3,MaF,3,12,5012,0.04712582419140776,0.9571558709846818,3.5925920000000007
NSGAIII,MaF3,MaF,3,12,5013,0.046729840191523334,0.9577149982827032,2.8224979999999973
NSGAIII,MaF3,MaF,3,12,5014,0.04816282809922323,0.955513657341859,3.3527220000000026
NSGAIII,MaF3,MaF,3,12,5015,0.04667354137598842,0.9575979169363353,3.799215999999998
NSGAIII,MaF3,MaF,3,12,5016,0.04669408308046279,0.9575570391407198,4.016575999999996
NSGAIII,MaF3,MaF,3,12,5017,0.04626392270642385,0.9582453667382147,3.087125000000002
NSGAIII,MaF3,MaF,3,12,5018,0.04736856447237943,0.9566959505262778,3.232889000000001
NSGAIII,MaF3,MaF,3,12,5019,0.047432715849605935,0.9573553843613326,3.8770610000000003
NSGAIII,MaF3,MaF,3,12,5020,0.04723336860821831,0.9570159506692723,4.510244000000003
NSGAIII,MaF3,MaF,3,12,5021,0.0470758362312526,0.9573488689212103,4.728366000000002
NSGAIII,MaF3,MaF,3,12,5022,0.04644763349330432,0.9580091572289976,3.836860999999999
NSGAIII,MaF3,MaF,3,12,5023,0.04612631354731609,0.9577534706811618,3.2647679999999992
NSGAIII,MaF3,MaF,3,12,5024,0.04728201640754962,0.9569879779256945,4.060458000000006
NSGAIII,MaF3,MaF,3,12,5025,0.04850052245301943,0.9547881374114202,2.822302999999999
NSGAIII,MaF3,MaF,3,12,5026,0.04661888201266142,0.9585319781291545,2.909550000000001
NSGAIII,MaF3,MaF,3,12,5027,0.04654185944417779,0.9576511456994644,3.477314999999999
NSGAIII,MaF3,MaF,3,12,5028,0.04806693010246178,0.9553043748150077,3.4026379999999983
NSGAIII,MaF3,MaF,3,12,5029,0.04891481454714515,0.9550477141691177,2.746376999999997
NSGAIII,MaF3,MaF,3,12,5030,0.04828556424730433,0.9554849021368106,2.9892530000000024
NSGAIII,MaF4,MaF,2,11,5001,0.0349704966086744,0.8181332048843979,2.292954999999998
NSGAIII,MaF4,MaF,2,11,5002,0.03605842214469449,0.8175744752429691,2.2746980000000008
NSGAIII,MaF4,MaF,2,11,5003,0.03492085816606026,0.8181929384990881,2.135685000000002
NSGAIII,MaF4,MaF,2,11,5004,0.046517729430227625,0.8168218415137255,2.165167000000001
NSGAIII,MaF4,MaF,2,11,5005,0.0349180614653852,0.8180624176532936,1.9983329999999988
NSGAIII,MaF4,MaF,2,11,5006,0.03531775076143907,0.8176989685393646,2.124002999999998
NSGAIII,MaF4,MaF,2,11,5007,0.03422950380016987,0.8180915444773738,2.4992580000000038
NSGAIII,MaF4,MaF,2,11,5008,0.03505706176110156,0.8178791655673342,2.4283479999999984
NSGAIII,MaF4,MaF,2,11,5009,0.035050914758866396,0.8180129695463239,3.183854999999995
NSGAIII,MaF4,MaF,2,11,5010,0.035108518036199146,0.8178789292295083,2.833490999999996
NSGAIII,MaF4,MaF,2,11,5011,0.03532691425340078,0.8177443746007067,2.4956939999999985
NSGAIII,MaF4,MaF,2,11,5012,0.03548091148605008,0.8172971754659352,2.5293990000000015
NSGAIII,MaF4,MaF,2,11,5013,0.034923775119086974,0.8180892679796687,3.3569470000000012
NSGAIII,MaF4,MaF,2,11,5014,0.035146578979381386,0.8177054554791396,2.788981
NSGAIII,MaF4,MaF,2,11,5015,0.03490438739476673,0.818129611337624,2.237868
NSGAIII,MaF4,MaF,2,11,5016,0.03501081659455404,0.8180025534174057,2.735555
NSGAIII,MaF4,MaF,2,11,5017,0.03535466090913476,0.8177035702377216,2.829871999999999
NSGAIII,MaF4,MaF,2,11,5018,0.035430608533308455,0.8178181411521243,3.0391289999999986
NSGAIII,MaF4,MaF,2,11,5019,0.03556926828245869,0.8178494900922393,2.7364209999999973
NSGAIII,MaF4,MaF,2,11,5020,0.03222650939836651,0.8177805605559182,3.057719000000002
NSGAIII,MaF4,MaF,2,11,5021,0.03494750851691828,0.8180530435298398,2.5050849999999985
NSGAIII,MaF4,MaF,2,11,5022,0.0351902110301057,0.8177892467383318,4.063806000000002
NSGAIII,MaF4,MaF,2,11,5023,0.035982420584338794,0.8168492889467087,2.6832200000000017
NSGAIII,MaF4,MaF,2,11,5024,0.03494510056757442,0.8181041807506102,3.1766669999999935
NSGAIII,MaF4,MaF,2,11,5025,0.03522169333419449,0.818000522028308,2.6646469999999995
NSGAIII,MaF4,MaF,2,11,5026,0.035464135892880354,0.8175407546596937,3.0828089999999984
NSGAIII,MaF4,MaF,2,11,5027,0.035586655461348815,0.8176584661573644,3.5325379999999975
NSGAIII,MaF4,MaF,2,11,5028,0.03485901348712659,0.8183017278120656,2.713890999999997
NSGAIII,MaF4,MaF,2,11,5029,0.047555236783302056,0.8157676692341057,2.176694000000001
NSGAIII,MaF4,MaF,2,11,5030,0.03519605565327286,0.8175234079075431,2.3710589999999985
NSGAIII,MaF4,MaF,3,12,5001,0.3141073674958496,0.5188724620985017,3.844556999999996
NSGAIII,MaF4,MaF,3,12,5002,0.33949486382073774,0.5162540135972405,3.145475999999999
NSGAIII,MaF4,MaF,3,12,5003,0.3221128538790795,0.514893409883921,3.167206
NSGAIII,MaF4,MaF,3,12,5004,0.3887560539453607,0.5026528428759737,3.454404
NSGAIII,MaF4,MaF,3,12,5005,0.32239930539182976,0.5179806774773742,3.652350000000004
NSGAIII,MaF4,MaF,3,12,5006,0.32610985822892,0.5131514176187888,4.194665
NSGAIII,MaF4,MaF,3,12,5007,0.35823870340981434,0.5115339989318659,3.5491979999999996
NSGAIII,MaF4,MaF,3,12,5008,0.3341553160327487,0.5058228893076127,4.051044
NSGAIII,MaF4,MaF,3,12,5009,0.35414045388151644,0.5109039331483045,4.602385
NSGAIII,MaF4,MaF,3,12,5010,0.3596510365973426,0.5062413312473467,3.499555000000001
NSGAIII,MaF4,MaF,3,12,5011,0.3118584242027718,0.5142892718966711,3.71721
NSGAIII,MaF4,MaF,3,12,5012,0.3311355677128171,0.5148451539692362,3.2700649999999984
NSGAIII,MaF4,MaF,3,12,5013,0.36794306702294965,0.5169981701500624,3.027105000000003
NSGAIII,MaF4,MaF,3,12,5014,0.3303032956447044,0.521607657793416,3.7770190000000006
NSGAIII,MaF4,MaF,3,12,5015,0.3643525896032709,0.510992482085834,3.735495999999998
NSGAIII,MaF4,MaF,3,12,5016,0.3565660957886562,0.5201808312676995,4.530138000000001
NSGAIII,MaF4,MaF,3,12,5017,0.34513475490569895,0.5187787315264903,3.8301240000000014
NSGAIII,MaF4,MaF,3,12,5018,0.3211811522552489,0.5195435270059122,3.434943000000002
NSGAIII,MaF4,MaF,3,12,5019,0.31978925107321443,0.5135221058429557,3.0335440000000005
NSGAIII,MaF4,MaF,3,12,5020,0.3423483281937027,0.5176163680525471,3.0804779999999985
NSGAIII,MaF4,MaF,3,12,5021,0.33089767903327916,0.5125984164308091,3.1619230000000007
NSGAIII,MaF4,MaF,3,12,5022,0.3399541838018754,0.5102988010669431,3.273186000000004
NSGAIII,MaF4,MaF,3,12,5023,0.3279573954817841,0.5214642987483109,2.7421159999999993
NSGAIII,MaF4,MaF,3,12,5024,0.3661643943902321,0.5098307808132063,3.060200999999998
NSGAIII,MaF4,MaF,3,12,5025,0.3595398402468916,0.5145319146861361,3.816284999999997
NSGAIII,MaF4,MaF,3,12,5026,0.32300601532009227,0.5118205421553673,3.946478999999998
NSGAIII,MaF4,MaF,3,12,5027,0.36198556240687885,0.5129971552324515,3.5733290000000038
NSGAIII,MaF4,MaF,3,12,5028,0.35633398536072947,0.513603902531435,4.157257999999998
NSGAIII,MaF4,MaF,3,12,5029,0.339714693077822,0.5161550910591507,3.1499089999999974
NSGAIII,MaF4,MaF,3,12,5030,0.3231168224282087,0.5164735472980685,3.642569999999999
NSGAIII,MaF5,MaF,2,11,5001,0.01223092090492874,0.3472151340260282,2.7590499999999993
NSGAIII,MaF5,MaF,2,11,5002,0.012230928964998502,0.3472148264632721,2.967296999999998
NSGAIII,MaF5,MaF,2,11,5003,0.01223111881301969,0.34721503143526633,3.3801240000000004
NSGAIII,MaF5,MaF,2,11,5004,0.012231587515648991,0.3472127737224978,3.732043999999998
NSGAIII,MaF5,MaF,2,11,5005,0.012231005018529641,0.3472151544662471,3.826577999999995
NSGAIII,MaF5,MaF,2,11,5006,2.008377437167497,0.09090908937159226,12.204424000000008
NSGAIII,MaF5,MaF,2,11,5007,2.0083774425535696,0.09090908717844104,10.93542200000001
NSGAIII,MaF5,MaF,2,11,5008,0.012231003215657881,0.34721511706925706,2.7027490000000007
NSGAIII,MaF5,MaF,2,11,5009,0.012230960628569385,0.3472150754528253,2.7931749999999984
NSGAIII,MaF5,MaF,2,11,5010,0.012231032056685836,0.34721513110659924,2.6682349999999992
NSGAIII,MaF5,MaF,2,11,5011,0.012231040627909369,0.34721513177612984,2.9443030000000006
NSGAIII,MaF5,MaF,2,11,5012,0.012239499015752007,0.3471958792758628,2.3106449999999987
NSGAIII,MaF5,MaF,2,11,5013,0.01225217199762373,0.34718855869123993,2.775318999999999
NSGAIII,MaF5,MaF,2,11,5014,0.012233262617369267,0.3472151142968223,2.864122999999999
NSGAIII,MaF5,MaF,2,11,5015,2.0083774385821154,0.09090908879557313,5.3136849999999995
NSGAIII,MaF5,MaF,2,11,5016,2.0083774425575314,0.090909087176826,5.071804000000007
NSGAIII,MaF5,MaF,2,11,5017,0.012231034150881588,0.3472151624491386,2.9783429999999997
NSGAIII,MaF5,MaF,2,11,5018,0.012233740715316544,0.3472140691177922,3.0359709999999986
NSGAIII,MaF5,MaF,2,11,5019,0.012230989365374754,0.3472151125937343,3.3408129999999985
NSGAIII,MaF5,MaF,2,11,5020,0.012230986599782594,0.34721477064822803,3.506830000000002
NSGAIII,MaF5,MaF,2,11,5021,0.012230980295762292,0.34721461287144706,2.873468999999999
NSGAIII,MaF5,MaF,2,11,5022,0.012243173385266749,0.3472137854895372,3.3245020000000047
NSGAIII,MaF5,MaF,2,11,5023,0.012231019260667761,0.34721506603615077,3.236864000000006
NSGAIII,MaF5,MaF,2,11,5024,0.012230911184263183,0.3472151385875389,2.2944970000000002
NSGAIII,MaF5,MaF,2,11,5025,0.012231005450285758,0.34721514619027616,2.7894470000000013
NSGAIII,MaF5,MaF,2,11,5026,0.01223098727468703,0.3472150818118791,2.9363850000000036
NSGAIII,MaF5,MaF,2,11,5027,0.01223100175458956,0.34721513346837046,2.667427
NSGAIII,MaF5,MaF,2,11,5028,0.012231058753187569,0.3472150621814688,2.196955000000001
NSGAIII,MaF5,MaF,2,11,5029,0.012230980851668022,0.3472150938469111,2.034048000000002
NSGAIII,MaF5,MaF,2,11,5030,0.012230946310576937,0.3472150311422939,2.304746000000002
NSGAIII,MaF5,MaF,3,12,5001,0.25983566798024815,0.5595209296426753,1.5902800000000012
NSGAIII,MaF5,MaF,3,12,5002,0.2597790802630759,0.5596000012667512,1.544448999999999
NSGAIII,MaF5,MaF,3,12,5003,0.2598779797202597,0.5594053634723916,1.799618000000001
NSGAIII,MaF5,MaF,3,12,5004,0.2597454162303061,0.5596181625500536,1.735443000000001
NSGAIII,MaF5,MaF,3,12,5005,0.2597489861772012,0.5596173578561826,1.6758829999999987
NSGAIII,MaF5,MaF,3,12,5006,2.024110279868938,0.34145658992537775,2.4283489999999976
NSGAIII,MaF5,MaF,3,12,5007,1.5032379091578272,0.3380206685028938,2.530027999999999
NSGAIII,MaF5,MaF,3,12,5008,0.2597479033456766,0.5596144452253673,1.7070039999999975
NSGAIII,MaF5,MaF,3,12,5009,0.2597471038466786,0.5596164853836061,1.4913649999999996
NSGAIII,MaF5,MaF,3,12,5010,0.25984846019143326,0.5595844078627846,1.5790150000000012
NSGAIII,MaF5,MaF,3,12,5011,0.2597697541923826,0.5596189528640642,1.694943000000003
NSGAIII,MaF5,MaF,3,12,5012,0.2598100807091829,0.5596074515924937,1.5968579999999983
NSGAIII,MaF5,MaF,3,12,5013,0.2597534126945883,0.5596151435630198,1.533076000000001
NSGAIII,MaF5,MaF,3,12,5014,0.2597442284492413,0.5596123989504977,1.7509319999999984
NSGAIII,MaF5,MaF,3,12,5015,0.2600774134712102,0.5593453845596573,2.3613990000000027
NSGAIII,MaF5,MaF,3,12,5016,0.25975100537559304,0.5596170853343949,1.7463859999999989
NSGAIII,MaF5,MaF,3,12,5017,1.500999844122805,0.3397743890287161,2.426772999999999
NSGAIII,MaF5,MaF,3,12,5018,0.2597554195828255,0.5596128756572526,1.5303179999999996
NSGAIII,MaF5,MaF,3,12,5019,0.2597513337250853,0.5596172033132836,1.4581130000000009
NSGAIII,MaF5,MaF,3,12,5020,0.2597515278106179,0.5596202516916506,1.6141819999999978
NSGAIII,MaF5,MaF,3,12,5021,2.0237645504280555,0.3411443406668693,2.4107260000000035
NSGAIII,MaF5,MaF,3,12,5022,0.2599476200175975,0.5593466713750141,2.4033369999999987
NSGAIII,MaF5,MaF,3,12,5023,0.25976047363966176,0.5595840834821577,1.540109999999998
NSGAIII,MaF5,MaF,3,12,5024,0.2597510918616315,0.5596185862373056,1.7002869999999997
NSGAIII,MaF5,MaF,3,12,5025,0.259757543500431,0.5596135704118261,1.5088869999999983
NSGAIII,MaF5,MaF,3,12,5026,0.25991314275549304,0.5595298510847937,1.4896139999999982
NSGAIII,MaF5,MaF,3,12,5027,0.2597430066132931,0.5596204214545425,2.0460670000000007
NSGAIII,MaF5,MaF,3,12,5028,0.2598497609526021,0.5594239226026431,1.52066
NSGAIII,MaF5,MaF,3,12,5029,0.26004959495845764,0.5592170080944094,1.5644629999999975
NSGAIII,MaF5,MaF,3,12,5030,2.0239419837916826,0.3418561081625984,2.196253000000002
NSGAIII,MaF6,MaF,2,11,5001,0.003966074179449783,0.34721504354933297,2.7683620000000055
NSGAIII,MaF6,MaF,2,11,5002,0.003966108413378049,0.3472150879083261,2.4832539999999987
NSGAIII,MaF6,MaF,2,11,5003,0.0039660809392221535,0.34721325692444804,2.867648000000001
NSGAIII,MaF6,MaF,2,11,5004,0.003966123076762532,0.34721411007917674,3.0260939999999987
NSGAIII,MaF6,MaF,2,11,5005,0.003966037645724657,0.3472147717984036,3.174863000000002
NSGAIII,MaF6,MaF,2,11,5006,0.003966091998933312,0.34721480708826746,2.8823770000000004
NSGAIII,MaF6,MaF,2,11,5007,0.0039660932482733,0.34721498059089395,3.267509999999996
NSGAIII,MaF6,MaF,2,11,5008,0.003966070042003563,0.3472147659902692,3.921675999999997
NSGAIII,MaF6,MaF,2,11,5009,0.003966081419939514,0.34721343190632703,2.889412000000002
NSGAIII,MaF6,MaF,2,11,5010,0.003966112312429868,0.34721401857192563,3.0148929999999936
NSGAIII,MaF6,MaF,2,11,5011,0.003966078012399691,0.34721348966428317,3.110570999999999
NSGAIII,MaF6,MaF,2,11,5012,0.003966100418599979,0.3472135738753392,2.872633000000001
NSGAIII,MaF6,MaF,2,11,5013,0.003966055243351196,0.34721466171534393,4.062885
NSGAIII,MaF6,MaF,2,11,5014,0.00396607915773103,0.3472144435898193,3.7582769999999956
NSGAIII,MaF6,MaF,2,11,5015,0.003966071491844038,0.3472146391425587,3.611586000000006
NSGAIII,MaF6,MaF,2,11,5016,0.003966094694988261,0.34721318209097307,3.199539000000001
NSGAIII,MaF6,MaF,2,11,5017,0.003966136775143538,0.3472147324419066,3.2478959999999946
NSGAIII,MaF6,MaF,2,11,5018,0.003966113749058896,0.34721490684310924,3.4414959999999946
NSGAIII,MaF6,MaF,2,11,5019,0.003966064004600154,0.34721372355514013,2.672760999999999
NSGAIII,MaF6,MaF,2,11,5020,0.003966110739652977,0.34721353185050335,2.9041389999999967
NSGAIII,MaF6,MaF,2,11,5021,0.003966053867801484,0.3472145214849673,4.287149999999998
NSGAIII,MaF6,MaF,2,11,5022,0.0039661374758987655,0.3472144721617356,3.296474
NSGAIII,MaF6,MaF,2,11,5023,0.003968299304551473,0.3472134828674159,3.7086610000000007
NSGAIII,MaF6,MaF,2,11,5024,0.003966049823887574,0.34721484300463207,2.829144999999999
NSGAIII,MaF6,MaF,2,11,5025,0.0039660614695794984,0.34721514903929934,2.9995500000000015
NSGAIII,MaF6,MaF,2,11,5026,0.00396607004201167,0.3472147687331817,2.715930999999997
NSGAIII,MaF6,MaF,2,11,5027,0.003966087020149135,0.34721404859075405,3.1750249999999998
NSGAIII,MaF6,MaF,2,11,5028,0.0039660552954009914,0.3472137321711923,3.2697190000000025
NSGAIII,MaF6,MaF,2,11,5029,0.0039660460442971475,0.3472140501837681,2.699431
NSGAIII,MaF6,MaF,2,11,5030,0.003966109913034245,0.34721126236212774,3.099759000000001
NSGAIII,MaF6,MaF,3,12,5001,0.01356526844162496,0.1926500062347088,5.354510000000004
NSGAIII,MaF6,MaF,3,12,5002,0.016534994453073184,0.1919818708419704,5.431361000000001
NSGAIII,MaF6,MaF,3,12,5003,0.014460028312304186,0.19237366261868596,4.9212289999999985
NSGAIII,MaF6,MaF,3,12,5004,0.017432540770796926,0.19202756347198097,5.273379999999999
NSGAIII,MaF6,MaF,3,12,5005,0.0160036402566925,0.19255064430160856,4.359604999999995
NSGAIII,MaF6,MaF,3,12,5006,0.013450837892309556,0.19331976242129603,4.893939000000003
NSGAIII,MaF6,MaF,3,12,5007,0.016031945594178785,0.1932537221569274,5.2309470000000085
NSGAIII,MaF6,MaF,3,12,5008,0.016935666751996224,0.19099677714409372,4.408359999999998
NSGAIII,MaF6,MaF,3,12,5009,0.01599452567734421,0.19202614540223653,4.739353999999993
NSGAIII,MaF6,MaF,3,12,5010,0.01528297495794576,0.19178019840904284,4.585604000000006
NSGAIII,MaF6,MaF,3,12,5011,0.01592083837524236,0.19169864124469016,4.564578
NSGAIII,MaF6,MaF,3,12,5012,0.015601118812881646,0.19313867159564377,4.614688000000006
NSGAIII,MaF6,MaF,3,12,5013,0.014831133915206825,0.19300445074164804,4.785105000000008
NSGAIII,MaF6,MaF,3,12,5014,0.01696558719427357,0.1925953551416168,5.0610889999999955
NSGAIII,MaF6,MaF,3,12,5015,0.015125067202236914,0.19230553016130658,4.993156999999991
NSGAIII,MaF6,MaF,3,12,5016,0.014629205798248524,0.1937149792422745,4.345686999999999
NSGAIII,MaF6,MaF,3,12,5017,0.01552545746514782,0.19286377252643835,5.419738000000015
NSGAIII,MaF6,MaF,3,12,5018,0.015960509315624195,0.19147294881820257,5.0532469999999945
NSGAIII,MaF6,MaF,3,12,5019,0.016839707487021377,0.19178263052829014,4.562159999999993
NSGAIII,MaF6,MaF,3,12,5020,0.012313865569886596,0.19450200104646617,4.478535000000001
NSGAIII,MaF6,MaF,3,12,5021,0.014451914772641834,0.1942480462269597,4.040727
NSGAIII,MaF6,MaF,3,12,5022,0.014533661201938162,0.19331604002290592,4.324875000000005
NSGAIII,MaF6,MaF,3,12,5023,0.014242531982966525,0.19427541098449078,4.586069999999995
NSGAIII,MaF6,MaF,3,12,5024,0.01584893598938126,0.189512502849318,4.212973000000003
NSGAIII,MaF6,MaF,3,12,5025,0.012418240634578803,0.19317265239942408,4.152945000000005
NSGAIII,MaF6,MaF,3,12,5026,0.015711308504575118,0.19274628300703897,3.7964230000000017
NSGAIII,MaF6,MaF,3,12,5027,0.01709638123176818,0.1919111423250553,3.6969069999999977
NSGAIII,MaF6,MaF,3,12,5028,0.015649940104084676,0.19251026674923552,3.566021
NSGAIII,MaF6,MaF,3,12,5029,0.016118923563866204,0.19071100157063778,3.5970349999999995
NSGAIII,MaF6,MaF,3,12,5030,0.017279084066737557,0.19313918658677645,3.469429999999999
NSGAIII,MaF7,MaF,2,21,5001,0.0051451979684378445,0.2427979221663116,3.0354669999999992
NSGAIII,MaF7,MaF,2,21,5002,0.005072052131746048,0.242817815148176,3.7120540000000006
NSGAIII,MaF7,MaF,2,21,5003,0.004973366301001296,0.24283352521028834,2.9037330000000012
NSGAIII,MaF7,MaF,2,21,5004,0.004970034447533752,0.24282923943528065,4.126885000000002
NSGAIII,MaF7,MaF,2,21,5005,0.0052225337462143105,0.24278363433060804,3.6722540000000032
NSGAIII,MaF7,MaF,2,21,5006,0.00499227755685733,0.24282913479166435,2.866022000000001
NSGAIII,MaF7,MaF,2,21,5007,0.005095244674031938,0.24280670026497445,2.7221619999999964
NSGAIII,MaF7,MaF,2,21,5008,0.005075488055562972,0.24280982772790977,3.022317000000003
NSGAIII,MaF7,MaF,2,21,5009,0.0050633098454519855,0.24280673480030857,3.271745000000001
NSGAIII,MaF7,MaF,2,21,5010,0.005077031889782548,0.24281542455937016,3.148632999999998
NSGAIII,MaF7,MaF,2,21,5011,0.005149254867467608,0.24279576314018478,3.0493749999999995
NSGAIII,MaF7,MaF,2,21,5012,0.0051193618090054896,0.24280327309834,2.9167760000000027
NSGAIII,MaF7,MaF,2,21,5013,0.005175371972847706,0.2427892812433292,2.8349439999999992
NSGAIII,MaF7,MaF,2,21,5014,0.005037879325241581,0.24281354751640605,2.9256860000000042
NSGAIII,MaF7,MaF,2,21,5015,0.0050946444233417555,0.24279950413280948,3.1704329999999996
NSGAIII,MaF7,MaF,2,21,5016,0.005040985975563943,0.24282379382451813,2.9496979999999997
NSGAIII,MaF7,MaF,2,21,5017,0.004911382471484047,0.2428519354862679,2.775241
NSGAIII,MaF7,MaF,2,21,5018,0.0050990886922663865,0.24279910659687368,3.617562999999999
NSGAIII,MaF7,MaF,2,21,5019,0.005038333059394699,0.24281134269598864,2.4519119999999974
NSGAIII,MaF7,MaF,2,21,5020,0.005216695164881159,0.24277667017407717,2.3733260000000005
NSGAIII,MaF7,MaF,2,21,5021,0.005090971167574569,0.24280584106147235,3.0003779999999978
NSGAIII,MaF7,MaF,2,21,5022,0.005039311587367803,0.24282128448082052,2.4654399999999983
NSGAIII,MaF7,MaF,2,21,5023,0.005050660034765328,0.24281482990578834,2.6643240000000015
NSGAIII,MaF7,MaF,2,21,5024,0.005123199593854788,0.24279965185040742,2.8712840000000015
NSGAIII,MaF7,MaF,2,21,5025,0.0050168429507412154,0.24282066793823195,3.550728000000002
NSGAIII,MaF7,MaF,2,21,5026,0.005037575863216397,0.24281853303219217,3.363661000000003
NSGAIII,MaF7,MaF,2,21,5027,0.0051852808773437285,0.24279030103799626,4.3410720000000005
NSGAIII,MaF7,MaF,2,21,5028,0.005131188118825338,0.2427940441326757,4.761415999999987
NSGAIII,MaF7,MaF,2,21,5029,0.005067708825915099,0.24281177603371856,3.657577
NSGAIII,MaF7,MaF,2,21,5030,0.005059861541808961,0.24280662429347383,4.564260999999995
NSGAIII,MaF7,MaF,3,22,5001,0.07738654652037398,0.2695164303072219,3.720358000000003
NSGAIII,MaF7,MaF,3,22,5002,0.07923161731997563,0.2725900184454618,4.000744
NSGAIII,MaF7,MaF,3,22,5003,0.08057685165710297,0.26834361100329834,3.511658000000002
NSGAIII,MaF7,MaF,3,22,5004,0.07784412749658573,0.27060510203692023,3.6303739999999958
NSGAIII,MaF7,MaF,3,22,5005,0.07151801464385331,0.2717725910185929,4.943620000000009
NSGAIII,MaF7,MaF,3,22,5006,0.07874140716187476,0.2714317702676373,3.9582200000000007
NSGAIII,MaF7,MaF,3,22,5007,0.07778466879817234,0.2689791301479188,3.871228
NSGAIII,MaF7,MaF,3,22,5008,0.07644003813724258,0.2682804189274308,3.9448809999999965
NSGAIII,MaF7,MaF,3,22,5009,0.07657662345424089,0.26723015687949825,3.6413270000000004
NSGAIII,MaF7,MaF,3,22,5010,0.08068500009913121,0.2681506875857887,3.328521000000002
NSGAIII,MaF7,MaF,3,22,5011,0.07529132496073569,0.2680001241473493,3.153266999999999
NSGAIII,MaF7,MaF,3,22,5012,0.08192578639141042,0.266521523006767,3.270384000000001
NSGAIII,MaF7,MaF,3,22,5013,0.06945944722711835,0.2700461368772934,3.4017449999999982
NSGAIII,MaF7,MaF,3,22,5014,0.07280529776980268,0.2687471377024927,3.1551449999999983
NSGAIII,MaF7,MaF,3,22,5015,0.07342173816393936,0.26818887789103807,5.002394999999997
NSGAIII,MaF7,MaF,3,22,5016,0.0744712619351244,0.26922864239744476,4.078406999999992
NSGAIII,MaF7,MaF,3,22,5017,0.07187361908812875,0.2714086571102502,4.5090040000000045
NSGAIII,MaF7,MaF,3,22,5018,0.07616655814423387,0.2712583035277732,3.6724959999999984
NSGAIII,MaF7,MaF,3,22,5019,0.0713017435399308,0.2698058869501106,3.0352330000000003
NSGAIII,MaF7,MaF,3,22,5020,0.08571061301195654,0.26822289352028655,3.8923650000000007
NSGAIII,MaF7,MaF,3,22,5021,0.07415269482553677,0.2702158432539644,3.1486249999999982
NSGAIII,MaF7,MaF,3,22,5022,0.07520717540063175,0.2692521504953027,3.3876310000000003
NSGAIII,MaF7,MaF,3,22,5023,0.07828068306875668,0.2702480355425396,3.0868480000000007
NSGAIII,MaF7,MaF,3,22,5024,0.08081723519326814,0.2636932041971015,4.193370000000001
NSGAIII,MaF7,MaF,3,22,5025,0.07596379082838127,0.2720284544580792,3.3393420000000016
NSGAIII,MaF7,MaF,3,22,5026,0.0804111759660516,0.26599980703006115,3.154595000000004
NSGAIII,MaF7,MaF,3,22,5027,0.07693013299590905,0.26907103667840593,3.9989900000000005
NSGAIII,MaF7,MaF,3,22,5028,0.07969657465458449,0.2635053954142071,3.739336999999998
NSGAIII,MaF7,MaF,3,22,5029,0.08483530087725474,0.26059388847518217,4.218928999999998
NSGAIII,MaF7,MaF,3,22,5030,0.08174289246604173,0.26484404026214603,3.4995909999999983
NSGAIII,RWMOP9,RWMOP,2,4,5001,0.03736502982861766,0.4097705931391764,1.2951450000000007
NSGAIII,RWMOP9,RWMOP,2,4,5002,0.03723859505587116,0.40993322364624313,1.2790140000000016
NSGAIII,RWMOP9,RWMOP,2,4,5003,0.03745050375452549,0.4099012099196415,1.3365209999999985
NSGAIII,RWMOP9,RWMOP,2,4,5004,0.03723859505587116,0.40971891761753937,1.2191090000000016
NSGAIII,RWMOP9,RWMOP,2,4,5005,0.037418524298615086,0.41006929353146176,1.2487300000000014
NSGAIII,RWMOP9,RWMOP,2,4,5006,0.03728143045537305,0.41006588388717236,1.314742999999999
NSGAIII,RWMOP9,RWMOP,2,4,5007,0.037312639188411476,0.40986968136631763,1.1573990000000003
NSGAIII,RWMOP9,RWMOP,2,4,5008,0.03735186382650875,0.4098528483678462,1.164988
NSGAIII,RWMOP9,RWMOP,2,4,5009,0.03723859505587116,0.4100190104006175,1.2379479999999992
NSGAIII,RWMOP9,RWMOP,2,4,5010,0.03723859505587116,0.410086245579485,1.1916370000000014
NSGAIII,RWMOP9,RWMOP,2,4,5011,0.03723859505587116,0.4100980281248474,1.1655840000000006
NSGAIII,RWMOP9,RWMOP,2,4,5012,0.03731088038084349,0.409740949009377,1.3509570000000022
NSGAIII,RWMOP9,RWMOP,2,4,5013,0.03731595119987899,0.4097037752631014,1.3315120000000018
NSGAIII,RWMOP9,RWMOP,2,4,5014,0.037946350707521385,0.4099144879068601,1.319644
NSGAIII,RWMOP9,RWMOP,2,4,5015,0.03729825160997709,0.4096726942998546,1.2637630000000009
NSGAIII,RWMOP9,RWMOP,2,4,5016,0.03746540501611589,0.40985220646981224,1.2543390000000003
NSGAIII,RWMOP9,RWMOP,2,4,5017,0.03725806216812558,0.41001832534853255,1.2242479999999996
NSGAIII,RWMOP9,RWMOP,2,4,5018,0.03723859505587116,0.40977110716168025,1.2448750000000008
NSGAIII,RWMOP9,RWMOP,2,4,5019,0.03723859505587116,0.40987866277718354,1.2525750000000015
NSGAIII,RWMOP9,RWMOP,2,4,5020,0.03741874903262471,0.40998688085302964,1.1787900000000018
NSGAIII,RWMOP9,RWMOP,2,4,5021,0.03723859505587116,0.40999550231696513,1.1727730000000007
NSGAIII,RWMOP9,RWMOP,2,4,5022,0.037245605221850685,0.40971850501691287,1.1796060000000006
NSGAIII,RWMOP9,RWMOP,2,4,5023,0.037430345431523813,0.4098865898909902,1.1981210000000004
NSGAIII,RWMOP9,RWMOP,2,4,5024,0.03734559405656983,0.4098289299789058,1.1541239999999993
NSGAIII,RWMOP9,RWMOP,2,4,5025,0.03732422006856755,0.4100121377977721,1.1330320000000023
NSGAIII,RWMOP9,RWMOP,2,4,5026,0.03723859505587116,0.4099931090227474,1.2250900000000011
NSGAIII,RWMOP9,RWMOP,2,4,5027,0.03723859505587116,0.40997008060119017,1.1703680000000003
NSGAIII,RWMOP9,RWMOP,2,4,5028,0.037416417556593314,0.40988119172575205,1.4495920000000002
NSGAIII,RWMOP9,RWMOP,2,4,5029,0.03732616614701589,0.40997082034137394,1.1540200000000014
NSGAIII,RWMOP9,RWMOP,2,4,5030,0.0374347545014896,0.4100707743669696,1.171533
NSGAIII,WFG1,WFG,2,11,5001,0.11260852146806881,0.6530774088979907,4.235001000000001
NSGAIII,WFG1,WFG,2,11,5002,0.05185604307259741,0.6799418926768355,4.032833000000002
NSGAIII,WFG1,WFG,2,11,5003,0.07073678513181683,0.6761723685066707,5.614625000000001
NSGAIII,WFG1,WFG,2,11,5004,0.07217980068577909,0.6711543873373647,4.140465999999999
NSGAIII,WFG1,WFG,2,11,5005,0.06888869401938988,0.6764705392995767,4.0328589999999975
NSGAIII,WFG1,WFG,2,11,5006,0.06924691259208987,0.676502164610925,4.029074000000008
NSGAIII,WFG1,WFG,2,11,5007,0.046695043400169195,0.6807981866813251,3.5910740000000034
NSGAIII,WFG1,WFG,2,11,5008,0.09038914844427975,0.6710540302297092,4.021319000000001
NSGAIII,WFG1,WFG,2,11,5009,0.11222031846563968,0.6534843463799916,3.289972
NSGAIII,WFG1,WFG,2,11,5010,0.05026288806963407,0.6803318296657056,3.570713
NSGAIII,WFG1,WFG,2,11,5011,0.08841072603236985,0.6716788984948686,3.0119760000000064
NSGAIII,WFG1,WFG,2,11,5012,0.09553203835822582,0.669238614125515,3.9594140000000033
NSGAIII,WFG1,WFG,2,11,5013,0.11698291911258928,0.6476970782402252,3.128508000000001
NSGAIII,WFG1,WFG,2,11,5014,0.10965488216746917,0.6580092716839073,4.004927999999996
NSGAIII,WFG1,WFG,2,11,5015,0.08955657535013822,0.6712888994675602,3.695808000000002
NSGAIII,WFG1,WFG,2,11,5016,0.11374296289990739,0.6512094175431588,4.426219000000001
NSGAIII,WFG1,WFG,2,11,5017,0.05510760935975425,0.6792660566253721,4.691096
NSGAIII,WFG1,WFG,2,11,5018,0.08484260173859982,0.6727013313110619,4.015051999999998
NSGAIII,WFG1,WFG,2,11,5019,0.10081657052540723,0.666828765963926,3.9301069999999982
NSGAIII,WFG1,WFG,2,11,5020,0.06679733130433987,0.6770102872832455,4.544296
NSGAIII,WFG1,WFG,2,11,5021,0.09769936170936461,0.6682984612722217,3.6453690000000027
NSGAIII,WFG1,WFG,2,11,5022,0.07632128150711089,0.6748847696795464,3.8770269999999964
NSGAIII,WFG1,WFG,2,11,5023,0.09807951879211194,0.6681418771283991,3.8328199999999986
NSGAIII,WFG1,WFG,2,11,5024,0.042891985676815896,0.6817394059642533,3.878637999999995
NSGAIII,WFG1,WFG,2,11,5025,0.09506810645021613,0.6694540945635109,3.4369989999999957
NSGAIII,WFG1,WFG,2,11,5026,0.0920003362303319,0.6705162104074658,3.5966450000000014
NSGAIII,WFG1,WFG,2,11,5027,0.10970686514244363,0.6579903581821529,3.3474260000000053
NSGAIII,WFG1,WFG,2,11,5028,0.08459457253608883,0.6727729015482175,2.976368999999995
NSGAIII,WFG1,WFG,2,11,5029,0.09048113581720141,0.671020920199348,3.161535999999996
NSGAIII,WFG1,WFG,2,11,5030,0.10420671652717742,0.6648852043705178,2.940761
NSGAIII,WFG1,WFG,3,12,5001,0.14836825449533492,0.9439350296274881,3.792831000000004
NSGAIII,WFG1,WFG,3,12,5002,0.15415687222027885,0.9412019436568482,4.152387999999996
NSGAIII,WFG1,WFG,3,12,5003,0.14918361113269274,0.9426365109757435,4.132473000000002
NSGAIII,WFG1,WFG,3,12,5004,0.1470762073013512,0.9439645067955109,4.798380999999998
NSGAIII,WFG1,WFG,3,12,5005,0.1474412125744252,0.9438595291751907,4.081506000000001
NSGAIII,WFG1,WFG,3,12,5006,0.148235959031387,0.9438291419549751,3.7478020000000036
NSGAIII,WFG1,WFG,3,12,5007,0.15973640524496321,0.9411277307098056,3.209468999999998
NSGAIII,WFG1,WFG,3,12,5008,0.14795793186080577,0.9434069222233225,3.7081289999999982
NSGAIII,WFG1,WFG,3,12,5009,0.1472982029899465,0.9438145299877821,2.864843000000001
NSGAIII,WFG1,WFG,3,12,5010,0.14954470457179256,0.9424531052536846,4.508251999999991
NSGAIII,WFG1,WFG,3,12,5011,0.14846944287970562,0.9432955409759308,4.017993
NSGAIII,WFG1,WFG,3,12,5012,0.14694479020966333,0.943609945434899,3.2164360000000056
NSGAIII,WFG1,WFG,3,12,5013,0.14732290230100875,0.9432016949259382,4.312890999999996
NSGAIII,WFG1,WFG,3,12,5014,0.14682235798460766,0.9442714739610863,3.1412520000000015
NSGAIII,WFG1,WFG,3,12,5015,0.14739450052142447,0.943642673427865,3.4804120000000007
NSGAIII,WFG1,WFG,3,12,5016,0.15020857586048328,0.9422180997132256,3.698225999999996
NSGAIII,WFG1,WFG,3,12,5017,0.14784104279082716,0.9440853540845603,4.793005999999994
NSGAIII,WFG1,WFG,3,12,5018,0.14704817706119505,0.9433017500044479,3.5339959999999997
NSGAIII,WFG1,WFG,3,12,5019,0.14709761979582692,0.9438056896116214,3.5730849999999976
NSGAIII,WFG1,WFG,3,12,5020,0.14648985845234003,0.9434990042180101,3.830797999999999
NSGAIII,WFG1,WFG,3,12,5021,0.14623994260880707,0.9443544247092329,4.355076999999994
NSGAIII,WFG1,WFG,3,12,5022,0.14711278380888063,0.9438611375735105,3.206098999999997
NSGAIII,WFG1,WFG,3,12,5023,0.14838266730913288,0.9434469069252183,3.984854999999999
NSGAIII,WFG1,WFG,3,12,5024,0.14877674368795055,0.9431262330614909,2.9369940000000017
NSGAIII,WFG1,WFG,3,12,5025,0.15034760811863465,0.9423418336440389,3.4358400000000002
NSGAIII,WFG1,WFG,3,12,5026,0.1434974226164832,0.9451901056930382,3.1597289999999973
NSGAIII,WFG1,WFG,3,12,5027,0.14871475490392486,0.9426629574568304,2.7586600000000017
NSGAIII,WFG1,WFG,3,12,5028,0.14818375679566903,0.9425228282264232,2.6015180000000013
NSGAIII,WFG1,WFG,3,12,5029,0.14883560784056812,0.9429128505218322,3.7288960000000007
NSGAIII,WFG1,WFG,3,12,5030,0.14857674141542784,0.9431284083039362,4.085204
NSGAIII,WFG2,WFG,2,11,5001,0.014464780669202688,0.6320402464376147,3.28845
NSGAIII,WFG2,WFG,2,11,5002,0.0142827610242569,0.6323324178457762,3.4557210000000027
NSGAIII,WFG2,WFG,2,11,5003,0.0143233161419719,0.6320532052781755,3.2793959999999984
NSGAIII,WFG2,WFG,2,11,5004,0.013774566192340134,0.6325076996909457,3.746517999999997
NSGAIII,WFG2,WFG,2,11,5005,0.013559086829481154,0.6329186557912021,3.8397189999999943
NSGAIII,WFG2,WFG,2,11,5006,0.013821737867684385,0.6322530903028304,3.6733150000000023
NSGAIII,WFG2,WFG,2,11,5007,0.015060269583937596,0.6319687394337735,3.8971070000000045
NSGAIII,WFG2,WFG,2,11,5008,0.01349424577739977,0.6321016008674383,4.096933
NSGAIII,WFG2,WFG,2,11,5009,0.014654348309862062,0.6323067980286725,5.498574000000001
NSGAIII,WFG2,WFG,2,11,5010,0.014769577854033787,0.632443957753234,4.257514000000003
NSGAIII,WFG2,WFG,2,11,5011,0.013700490303560155,0.6323595971415437,3.414056000000002
NSGAIII,WFG2,WFG,2,11,5012,0.013614551567808577,0.6325640194719055,3.324213000000001
NSGAIII,WFG2,WFG,2,11,5013,0.014343020239523609,0.6316978651585642,3.784632000000004
NSGAIII,WFG2,WFG,2,11,5014,0.013583119696390927,0.6327072898708899,4.829378000000002
NSGAIII,WFG2,WFG,2,11,5015,0.013865491462526488,0.6325396447539935,3.9818250000000024
NSGAIII,WFG2,WFG,2,11,5016,0.013775232266214884,0.6320129176446252,3.3849080000000002
NSGAIII,WFG2,WFG,2,11,5017,0.013397731780754854,0.6322264928533072,5.039271999999997
NSGAIII,WFG2,WFG,2,11,5018,0.013710651932426484,0.6319565759716743,4.847485999999994
NSGAIII,WFG2,WFG,2,11,5019,0.013968251165352557,0.6314760393654248,3.907828000000002
NSGAIII,WFG2,WFG,2,11,5020,0.013663767502226159,0.6327160047570806,5.038848
NSGAIII,WFG2,WFG,2,11,5021,0.014442498501333558,0.6323578942824656,4.814472
NSGAIII,WFG2,WFG,2,11,5022,0.014107567410708287,0.6322994781944046,5.411524000000008
NSGAIII,WFG2,WFG,2,11,5023,0.014227559145890047,0.6322319936024035,4.604799000000001
NSGAIII,WFG2,WFG,2,11,5024,0.013636996228062805,0.6323861114278982,4.937975000000001
NSGAIII,WFG2,WFG,2,11,5025,0.014547961423738674,0.6320641796705249,4.095143
NSGAIII,WFG2,WFG,2,11,5026,0.01436684138194309,0.6320477014716176,4.0047
NSGAIII,WFG2,WFG,2,11,5027,0.014202649185152003,0.6324737490974363,3.9552590000000016
NSGAIII,WFG2,WFG,2,11,5028,0.013535366570209376,0.6320037470464065,4.866082000000006
NSGAIII,WFG2,WFG,2,11,5029,0.013409658532335392,0.6323492751218336,3.8796550000000005
NSGAIII,WFG2,WFG,2,11,5030,0.014065402169071864,0.6322711343802135,3.457547000000002
NSGAIII,WFG2,WFG,3,12,5001,0.16375770785563487,0.9309957560412637,3.237352000000007
NSGAIII,WFG2,WFG,3,12,5002,0.1651761172852143,0.931487905483755,3.943315
NSGAIII,WFG2,WFG,3,12,5003,0.1638216711992375,0.9323380047518308,3.0774620000000015
NSGAIII,WFG2,WFG,3,12,5004,0.16397482231336744,0.9308984793381444,3.7444870000000003
NSGAIII,WFG2,WFG,3,12,5005,0.16169669238854822,0.9340019101420268,3.057786000000004
NSGAIII,WFG2,WFG,3,12,5006,0.16483163180001076,0.9323685943492408,3.654166
NSGAIII,WFG2,WFG,3,12,5007,0.16458988589356738,0.930885410747047,3.762183
NSGAIII,WFG2,WFG,3,12,5008,0.16539131173542096,0.9314636630649139,4.7138050000000025
NSGAIII,WFG2,WFG,3,12,5009,0.16409371450008334,0.9301570902024772,4.0208180000000056
NSGAIII,WFG2,WFG,3,12,5010,0.16534253812843072,0.9324895523977487,4.0429230000000045
NSGAIII,WFG2,WFG,3,12,5011,0.1647906010995377,0.9315401143468717,3.8833669999999985
NSGAIII,WFG2,WFG,3,12,5012,0.16482678658646246,0.9320224172716156,4.378516999999998
NSGAIII,WFG2,WFG,3,12,5013,0.16450614878596193,0.9307650991884603,3.543955000000001
NSGAIII,WFG2,WFG,3,12,5014,0.16413045769585252,0.9316129277654611,3.5089310000000005
NSGAIII,WFG2,WFG,3,12,5015,0.16232431762697863,0.9314129221929819,3.2594489999999974
NSGAIII,WFG2,WFG,3,12,5016,0.16472847300755822,0.9322526842370596,3.381207999999996
NSGAIII,WFG2,WFG,3,12,5017,0.16373648765911034,0.9314085586481183,3.6258100000000026
NSGAIII,WFG2,WFG,3,12,5018,0.16387405314773076,0.931379692910201,4.488451000000001
NSGAIII,WFG2,WFG,3,12,5019,0.1647999316933691,0.9313476593545336,3.8236599999999994
NSGAIII,WFG2,WFG,3,12,5020,0.1659176789910376,0.9308661213827836,3.6980720000000016
NSGAIII,WFG2,WFG,3,12,5021,0.16494997548609347,0.9304375982077665,4.625130000000002
NSGAIII,WFG2,WFG,3,12,5022,0.16499633689374033,0.9302954107734682,3.0057690000000017
NSGAIII,WFG2,WFG,3,12,5023,0.1655941755713354,0.9302819147781682,3.2348219999999963
NSGAIII,WFG2,WFG,3,12,5024,0.16443143870594035,0.9316529514954345,3.1355800000000036
NSGAIII,WFG2,WFG,3,12,5025,0.16626467424515318,0.9317642618321924,3.5388319999999984
NSGAIII,WFG2,WFG,3,12,5026,0.1663806103990554,0.9311482942782509,3.8338669999999984
NSGAIII,WFG2,WFG,3,12,5027,0.16455968285667352,0.9312512039424599,3.589152000000004
NSGAIII,WFG2,WFG,3,12,5028,0.1655903683416975,0.9303688282883922,3.3234990000000035
NSGAIII,WFG2,WFG,3,12,5029,0.16532945841010546,0.9291318189290614,4.448413000000006
NSGAIII,WFG2,WFG,3,12,5030,0.1628325268241735,0.9313506680399795,2.9578899999999972
NSGAIII,WFG3,WFG,2,11,5001,0.011323067829897285,0.5823526101895977,3.5210489999999983
NSGAIII,WFG3,WFG,2,11,5002,0.01135160358644161,0.582218988898787,3.366128999999999
NSGAIII,WFG3,WFG,2,11,5003,0.011307483434976206,0.5824259554559941,3.676117999999999
NSGAIII,WFG3,WFG,2,11,5004,0.011336970950537996,0.5822803717884929,3.012122000000003
NSGAIII,WFG3,WFG,2,11,5005,0.011344434295982362,0.582247789029138,3.234291999999996
NSGAIII,WFG3,WFG,2,11,5006,0.011362329824375638,0.5821838439489404,3.017061999999999
NSGAIII,WFG3,WFG,2,11,5007,0.011384776892343356,0.5821133726811515,3.656588
NSGAIII,WFG3,WFG,2,11,5008,0.011366959720209645,0.582171624566152,3.4213970000000002
NSGAIII,WFG3,WFG,2,11,5009,0.011340761730880985,0.5822602737423789,3.6654629999999977
NSGAIII,WFG3,WFG,2,11,5010,0.01142863409297073,0.581982283849847,2.7640290000000034
NSGAIII,WFG3,WFG,2,11,5011,0.011569104637371513,0.5816721001947897,4.416643000000004
NSGAIII,WFG3,WFG,2,11,5012,0.011313208890363725,0.5823999397460206,3.1194069999999994
NSGAIII,WFG3,WFG,2,11,5013,0.011390294080735193,0.5820941252108105,4.167843999999998
NSGAIII,WFG3,WFG,2,11,5014,0.011322806481736355,0.5823381247344085,3.4113699999999954
NSGAIII,WFG3,WFG,2,11,5015,0.01133225936930402,0.58229580568679,4.228456999999994
NSGAIII,WFG3,WFG,2,11,5016,0.011466363379643171,0.5818897375251013,3.0752250000000014
NSGAIII,WFG3,WFG,2,11,5017,0.011310471043936591,0.5824064518535944,4.750008999999997
NSGAIII,WFG3,WFG,2,11,5018,0.011309730759664996,0.58241000625295,3.034403999999999
NSGAIII,WFG3,WFG,2,11,5019,0.011372860459083253,0.5821435257758685,4.252102000000004
NSGAIII,WFG3,WFG,2,11,5020,0.011411391999566372,0.5820291593783837,4.133102
NSGAIII,WFG3,WFG,2,11,5021,0.011325011822157317,0.582348386254681,3.555090999999996
NSGAIII,WFG3,WFG,2,11,5022,0.011305011140546094,0.5824405781177457,3.9618479999999945
NSGAIII,WFG3,WFG,2,11,5023,0.011314504972604325,0.5823831360316613,4.202812000000003
NSGAIII,WFG3,WFG,2,11,5024,0.01139342739733585,0.5820864628419309,4.100572999999995
NSGAIII,WFG3,WFG,2,11,5025,0.011367944304699644,0.5821633818058369,4.026963999999999
NSGAIII,WFG3,WFG,2,11,5026,0.011325642409826187,0.5823292371701574,3.170787999999995
NSGAIII,WFG3,WFG,2,11,5027,0.011419646307753209,0.5820107276457784,3.407761
NSGAIII,WFG3,WFG,2,11,5028,0.01132210843571605,0.5823426978090859,3.109534000000002
NSGAIII,WFG3,WFG,2,11,5029,0.011424002322129095,0.5820003236338033,2.9797950000000033
NSGAIII,WFG3,WFG,2,11,5030,0.01130695168071756,0.5824265366708102,3.4708440000000014
NSGAIII,WFG3,WFG,3,12,5001,0.09784448954870208,0.39293069227128863,3.3656609999999954
NSGAIII,WFG3,WFG,3,12,5002,0.11070203603278897,0.3831158715941276,3.2959830000000023
NSGAIII,WFG3,WFG,3,12,5003,0.10230318889063911,0.3910132738608222,3.387769000000003
NSGAIII,WFG3,WFG,3,12,5004,0.10614518652997518,0.3868138361988463,3.2162879999999947
NSGAIII,WFG3,WFG,3,12,5005,0.09898903160152273,0.38902796105077964,3.4616819999999997
NSGAIII,WFG3,WFG,3,12,5006,0.12825274329820924,0.379547785609904,3.7044420000000065
NSGAIII,WFG3,WFG,3,12,5007,0.10041237971592851,0.38696030739933174,2.9296260000000034
NSGAIII,WFG3,WFG,3,12,5008,0.10556894925295594,0.3860842351418159,3.915241000000006
NSGAIII,WFG3,WFG,3,12,5009,0.11809611723253577,0.38319844907905015,3.680255999999996
NSGAIII,WFG3,WFG,3,12,5010,0.11842410882127556,0.3803606452440554,3.990077999999999
NSGAIII,WFG3,WFG,3,12,5011,0.09240007171021308,0.39413066255497076,3.8851270000000016
NSGAIII,WFG3,WFG,3,12,5012,0.12131918846270145,0.38390494283558296,4.803738999999999
NSGAIII,WFG3,WFG,3,12,5013,0.10690202165139422,0.3862168335423089,3.5767809999999987
NSGAIII,WFG3,WFG,3,12,5014,0.0917381130009742,0.39538381664768363,4.149204999999994
NSGAIII,WFG3,WFG,3,12,5015,0.11142416081755825,0.382218332186317,3.6733960000000008
NSGAIII,WFG3,WFG,3,12,5016,0.10723257419992124,0.3830364467357018,3.773983000000004
NSGAIII,WFG3,WFG,3,12,5017,0.12822338985560536,0.3780002853566174,4.108964999999994
NSGAIII,WFG3,WFG,3,12,5018,0.08890495477305993,0.39552612738248016,3.6518430000000004
NSGAIII,WFG3,WFG,3,12,5019,0.11004571057427165,0.3889887140044981,4.0301690000000026
NSGAIII,WFG3,WFG,3,12,5020,0.1157156887738061,0.3852660539677115,3.4993079999999983
NSGAIII,WFG3,WFG,3,12,5021,0.09981015589220478,0.39272486094999454,4.153104000000001
NSGAIII,WFG3,WFG,3,12,5022,0.1016806672150194,0.38515194042515916,3.673920999999999
NSGAIII,WFG3,WFG,3,12,5023,0.09936108472433978,0.39399980470025364,4.0017879999999995
NSGAIII,WFG3,WFG,3,12,5024,0.12073021297158862,0.38202332915469983,3.7405330000000023
NSGAIII,WFG3,WFG,3,12,5025,0.11215767317889565,0.3844343137744115,3.9615229999999952
NSGAIII,WFG3,WFG,3,12,5026,0.10097952712371375,0.38827395303206325,3.8169809999999997
NSGAIII,WFG3,WFG,3,12,5027,0.09335659314616909,0.39571097970923835,3.440903999999995
NSGAIII,WFG3,WFG,3,12,5028,0.0977277028411846,0.39221014074698557,3.743363000000003
NSGAIII,WFG3,WFG,3,12,5029,0.10786418726334632,0.3870866963232581,3.499818000000006
NSGAIII,WFG3,WFG,3,12,5030,0.09696766736829202,0.39430477040160894,3.3847720000000026
NSGAIII,WFG4,WFG,2,11,5001,0.012232310601914447,0.34721469265213484,2.9834260000000024
NSGAIII,WFG4,WFG,2,11,5002,0.012233545456615279,0.347207630657823,4.108978
NSGAIII,WFG4,WFG,2,11,5003,0.012233944644982451,0.3472044530431303,2.9362400000000024
NSGAIII,WFG4,WFG,2,11,5004,0.012234339777970752,0.34721188018887766,3.9898149999999997
NSGAIII,WFG4,WFG,2,11,5005,0.012232818892195902,0.34721413198686535,2.6513449999999996
NSGAIII,WFG4,WFG,2,11,5006,0.012234581925154567,0.34721310093897817,3.9486729999999994
NSGAIII,WFG4,WFG,2,11,5007,0.012232913779494129,0.347203403767957,3.4629359999999982
NSGAIII,WFG4,WFG,2,11,5008,0.012232283321466498,0.34721470047492775,3.096193000000001
NSGAIII,WFG4,WFG,2,11,5009,0.012232438217805397,0.34721474879430547,3.032893000000005
NSGAIII,WFG4,WFG,2,11,5010,0.012233210632993038,0.3472021305215625,2.9652239999999983
NSGAIII,WFG4,WFG,2,11,5011,0.01223238995001287,0.3472145228720449,2.629495000000004
NSGAIII,WFG4,WFG,2,11,5012,0.012232403299352962,0.3472119836075539,3.0661909999999994
NSGAIII,WFG4,WFG,2,11,5013,0.012238963673802214,0.3472130385155703,3.1668290000000043
NSGAIII,WFG4,WFG,2,11,5014,0.012238023297075483,0.3471418201910449,3.0032720000000044
NSGAIII,WFG4,WFG,2,11,5015,0.012232804480859618,0.3472121454874009,3.8203270000000016
NSGAIII,WFG4,WFG,2,11,5016,0.012232349690533358,0.34721482658344044,3.7427129999999993
NSGAIII,WFG4,WFG,2,11,5017,0.012233020153267004,0.34721093457161906,3.8238439999999994
NSGAIII,WFG4,WFG,2,11,5018,0.012232362746228093,0.3472146802189737,4.290757999999996
NSGAIII,WFG4,WFG,2,11,5019,0.012232202371072934,0.34721324628641564,3.289584
NSGAIII,WFG4,WFG,2,11,5020,0.012232546849662034,0.347210264603256,2.9144459999999985
NSGAIII,WFG4,WFG,2,11,5021,0.012239855228361485,0.3471571932749943,3.5083489999999964
NSGAIII,WFG4,WFG,2,11,5022,0.012232659818988348,0.34721387497152584,2.6589169999999984
NSGAIII,WFG4,WFG,2,11,5023,0.012232722520426616,0.34721019723346314,2.7468210000000015
NSGAIII,WFG4,WFG,2,11,5024,0.012232321265831297,0.3472137957089096,3.312344000000002
NSGAIII,WFG4,WFG,2,11,5025,0.012232391664672082,0.34721483238718,2.756661
NSGAIII,WFG4,WFG,2,11,5026,0.012231986395501852,0.34721409715482277,2.777504999999998
NSGAIII,WFG4,WFG,2,11,5027,0.012232258355051609,0.3472147792790926,3.261425000000004
NSGAIII,WFG4,WFG,2,11,5028,0.012233482878880774,0.34721452763160804,2.8045210000000043
NSGAIII,WFG4,WFG,2,11,5029,0.012232421269334893,0.3472145855428819,2.742720000000001
NSGAIII,WFG4,WFG,2,11,5030,0.012232573026761409,0.3472148831776337,3.084583000000001
NSGAIII,WFG4,WFG,3,12,5001,0.2208938369387983,0.5583479178826354,3.383435999999992
NSGAIII,WFG4,WFG,3,12,5002,0.22095046431778112,0.5592716151380269,4.171847999999997
NSGAIII,WFG4,WFG,3,12,5003,0.22089450317315745,0.5589858453350395,3.7088339999999977
NSGAIII,WFG4,WFG,3,12,5004,0.22082610613622275,0.5591848713840937,4.848340000000003
NSGAIII,WFG4,WFG,3,12,5005,0.22091745040524532,0.5591422908926735,3.263841999999998
NSGAIII,WFG4,WFG,3,12,5006,0.22086675235300718,0.5589479487441376,3.4254620000000005
NSGAIII,WFG4,WFG,3,12,5007,0.22099395060938207,0.5589431514312926,4.155603999999999
NSGAIII,WFG4,WFG,3,12,5008,0.22087070882200655,0.5591240795030231,3.7445000000000017
NSGAIII,WFG4,WFG,3,12,5009,0.2209734773010377,0.5588955512750355,3.9466700000000063
NSGAIII,WFG4,WFG,3,12,5010,0.22093550756540753,0.5591763431420775,3.058572999999998
NSGAIII,WFG4,WFG,3,12,5011,0.2210030280158905,0.5585447929140315,3.473378000000007
NSGAIII,WFG4,WFG,3,12,5012,0.22091259964098572,0.5588869446104853,3.8627710000000057
NSGAIII,WFG4,WFG,3,12,5013,0.2210585912284526,0.5591149961081201,3.2321449999999983
NSGAIII,WFG4,WFG,3,12,5014,0.22086514356253487,0.5589454474856488,3.2011770000000004
NSGAIII,WFG4,WFG,3,12,5015,0.22091450113071337,0.5591913364605265,3.829063000000005
NSGAIII,WFG4,WFG,3,12,5016,0.22089881332695477,0.5587937109229791,3.6405939999999974
NSGAIII,WFG4,WFG,3,12,5017,0.22095565922147978,0.5587639593774094,3.948936000000007
NSGAIII,WFG4,WFG,3,12,5018,0.2209103690437681,0.559147927083612,3.9221499999999985
NSGAIII,WFG4,WFG,3,12,5019,0.2209966778230251,0.5590296556211336,2.9612779999999996
NSGAIII,WFG4,WFG,3,12,5020,0.22092853468514512,0.5588448824701944,3.216411999999995
NSGAIII,WFG4,WFG,3,12,5021,0.22092766300015318,0.5593219269361743,3.0879740000000053
NSGAIII,WFG4,WFG,3,12,5022,0.22083709533835746,0.5587168968736453,3.357862000000001
NSGAIII,WFG4,WFG,3,12,5023,0.22091708339109464,0.559097539609505,3.195888999999999
NSGAIII,WFG4,WFG,3,12,5024,0.22099918297177787,0.5592336257483271,2.9186609999999917
NSGAIII,WFG4,WFG,3,12,5025,0.22102022855796125,0.558902844780151,3.471615000000005
NSGAIII,WFG4,WFG,3,12,5026,0.22098619420285776,0.5588097793686425,4.370828000000006
NSGAIII,WFG4,WFG,3,12,5027,0.22090210365748092,0.559008418187036,3.0495750000000017
NSGAIII,WFG4,WFG,3,12,5028,0.22098756203827497,0.5591902386151005,3.255045999999999
NSGAIII,WFG4,WFG,3,12,5029,0.22102106875238178,0.5589333661233961,3.2823369999999983
NSGAIII,WFG4,WFG,3,12,5030,0.2209744748667073,0.5591187507873188,3.007527999999998
NSGAIII,WFG5,WFG,2,11,5001,0.06336898942359652,0.313380693143045,3.5219369999999923
NSGAIII,WFG5,WFG,2,11,5002,0.0633686677537783,0.3133816384406966,3.6472129999999954
NSGAIII,WFG5,WFG,2,11,5003,0.063369758990426,0.31337737983001035,4.4249849999999995
NSGAIII,WFG5,WFG,2,11,5004,0.06336991710484458,0.3133773250911369,4.166382999999996
NSGAIII,WFG5,WFG,2,11,5005,0.06337423524649244,0.31337337163576545,3.8255370000000073
NSGAIII,WFG5,WFG,2,11,5006,0.06336996775927602,0.31338112742850166,4.483222000000004
NSGAIII,WFG5,WFG,2,11,5007,0.06337109038967921,0.3133728645201296,4.095072000000004
NSGAIII,WFG5,WFG,2,11,5008,0.0633690263368232,0.31338119824843463,4.189616999999998
NSGAIII,WFG5,WFG,2,11,5009,0.06340480087998879,0.3132535239867974,3.39917
NSGAIII,WFG5,WFG,2,11,5010,0.06336932677248451,0.3133815689742071,4.640462000000008
NSGAIII,WFG5,WFG,2,11,5011,0.06336927151598144,0.3133793745890369,3.317685999999995
NSGAIII,WFG5,WFG,2,11,5012,0.06338109761739356,0.31333904040550226,3.842915
NSGAIII,WFG5,WFG,2,11,5013,0.06336907858091241,0.3133812802057723,3.7173279999999935
NSGAIII,WFG5,WFG,2,11,5014,0.06336891850064261,0.31338056398048897,4.2485850000000065
NSGAIII,WFG5,WFG,2,11,5015,0.06337670066460427,0.3133518049305301,3.3704829999999992
NSGAIII,WFG5,WFG,2,11,5016,0.06337567903675019,0.31335666833439557,3.9721259999999954
NSGAIII,WFG5,WFG,2,11,5017,0.06337107683093508,0.31337378008804695,3.487357
NSGAIII,WFG5,WFG,2,11,5018,0.06338413371180134,0.31332761619158234,3.7502589999999985
NSGAIII,WFG5,WFG,2,11,5019,0.06337376779061327,0.3133632506603759,4.437419999999999
NSGAIII,WFG5,WFG,2,11,5020,0.06336641093995488,0.3134059272899749,4.185560000000009
NSGAIII,WFG5,WFG,2,11,5021,0.06336974630865132,0.3133810265594769,4.355628
NSGAIII,WFG5,WFG,2,11,5022,0.06337511101680407,0.31336013441283517,4.395816000000001
NSGAIII,WFG5,WFG,2,11,5023,0.0633885690630224,0.31331428496493824,4.944230000000002
NSGAIII,WFG5,WFG,2,11,5024,0.06336873200442428,0.31338161567949563,4.327008000000002
NSGAIII,WFG5,WFG,2,11,5025,0.0633717611441994,0.3133700421222323,3.879629
NSGAIII,WFG5,WFG,2,11,5026,0.06337882652167671,0.31334696959128283,3.8916179999999976
NSGAIII,WFG5,WFG,2,11,5027,0.06336940592133715,0.31337874282866424,3.57019
NSGAIII,WFG5,WFG,2,11,5028,0.06336955665864913,0.3133794489924288,2.7468330000000023
NSGAIII,WFG5,WFG,2,11,5029,0.06337054806025043,0.31337489283220576,3.136720000000001
NSGAIII,WFG5,WFG,2,11,5030,0.06336867695548144,0.3133822379784795,3.6345470000000017
NSGAIII,WFG5,WFG,3,12,5001,0.22992144061337255,0.5184279496856598,3.601526999999997
NSGAIII,WFG5,WFG,3,12,5002,0.22986474952021943,0.5184376673234747,4.930918000000001
NSGAIII,WFG5,WFG,3,12,5003,0.22990276441784993,0.5184082352580143,3.1755740000000046
NSGAIII,WFG5,WFG,3,12,5004,0.2298936894152826,0.5184359861096511,3.1103509999999983
NSGAIII,WFG5,WFG,3,12,5005,0.2299987215884208,0.5183799312971654,3.8155140000000047
NSGAIII,WFG5,WFG,3,12,5006,0.22989789231418198,0.5184281567179186,4.820385000000003
NSGAIII,WFG5,WFG,3,12,5007,0.22987359221716733,0.5184522350675218,3.8076100000000026
NSGAIII,WFG5,WFG,3,12,5008,0.2298756878846604,0.5184617884539192,3.283763
NSGAIII,WFG5,WFG,3,12,5009,0.22987055015864355,0.5184540863266605,2.6282270000000025
NSGAIII,WFG5,WFG,3,12,5010,0.2298187704158484,0.5183550000185607,4.013560999999997
NSGAIII,WFG5,WFG,3,12,5011,0.22989496325779082,0.5183837659102082,4.200755000000001
NSGAIII,WFG5,WFG,3,12,5012,0.2298703943768646,0.518452509169997,3.9675510000000025
NSGAIII,WFG5,WFG,3,12,5013,0.22984436227503965,0.5184308394709723,2.8276160000000017
NSGAIII,WFG5,WFG,3,12,5014,0.2298672093633942,0.5184377028096921,3.0273570000000025
NSGAIII,WFG5,WFG,3,12,5015,0.22991833994697655,0.5184347416858204,3.1362129999999984
NSGAIII,WFG5,WFG,3,12,5016,0.22986680064752527,0.5184450590295567,3.1408400000000016
NSGAIII,WFG5,WFG,3,12,5017,0.2299546717256108,0.5184207409205984,3.153091999999995
NSGAIII,WFG5,WFG,3,12,5018,0.22987169609038732,0.5184317661321561,3.716397999999996
NSGAIII,WFG5,WFG,3,12,5019,0.23002470868756572,0.5183570319742502,2.3998650000000015
NSGAIII,WFG5,WFG,3,12,5020,0.22994113087095613,0.518437847378003,3.237193000000001
NSGAIII,WFG5,WFG,3,12,5021,0.22988512358732752,0.5184451272618267,3.6445810000000014
NSGAIII,WFG5,WFG,3,12,5022,0.22986600709406318,0.5184541953107787,2.5553189999999995
NSGAIII,WFG5,WFG,3,12,5023,0.2298826038327353,0.5184287728778545,2.4730009999999973
NSGAIII,WFG5,WFG,3,12,5024,0.22987376087667452,0.5184564806595978,2.671471999999999
NSGAIII,WFG5,WFG,3,12,5025,0.22990040937609763,0.5184244935787884,3.675773999999995
NSGAIII,WFG5,WFG,3,12,5026,0.22989309467731764,0.5184343538769846,3.673982999999999
NSGAIII,WFG5,WFG,3,12,5027,0.22985491089679422,0.518442098567788,3.8146150000000016
NSGAIII,WFG5,WFG,3,12,5028,0.22990066157144362,0.5184461827643598,3.4439680000000017
NSGAIII,WFG5,WFG,3,12,5029,0.22991319069590607,0.5184432810011155,2.9305529999999984
NSGAIII,WFG5,WFG,3,12,5030,0.22984537348081965,0.5184467618090173,3.6296149999999994
NSGAIII,WFG6,WFG,2,11,5001,0.07667421122695606,0.3060040210200321,4.2521860000000045
NSGAIII,WFG6,WFG,2,11,5002,0.08799659141958785,0.2997858567081032,3.657725999999999
NSGAIII,WFG6,WFG,2,11,5003,0.08795875315975375,0.2998070595698149,4.582250999999995
NSGAIII,WFG6,WFG,2,11,5004,0.08102744882398097,0.3036076690480763,3.670504999999998
NSGAIII,WFG6,WFG,2,11,5005,0.09970375212607885,0.2934007233020457,3.946428000000003
NSGAIII,WFG6,WFG,2,11,5006,0.08702284862960723,0.3003191824016872,4.927307000000006
NSGAIII,WFG6,WFG,2,11,5007,0.09455663260980737,0.2962031298379472,3.736471
NSGAIII,WFG6,WFG,2,11,5008,0.08489779123305027,0.30148317154197324,3.194271999999998
NSGAIII,WFG6,WFG,2,11,5009,0.09674894186376498,0.2950087178121547,3.589931000000002
NSGAIII,WFG6,WFG,2,11,5010,0.04336935674977022,0.32471163556091864,3.37511
NSGAIII,WFG6,WFG,2,11,5011,0.08756141492227704,0.30002420257761014,3.7252009999999935
NSGAIII,WFG6,WFG,2,11,5012,0.10255891262483656,0.2918497340920013,4.222778000000001
NSGAIII,WFG6,WFG,2,11,5013,0.0850823903123195,0.3013818749051692,4.0818410000000025
NSGAIII,WFG6,WFG,2,11,5014,0.10502266041963434,0.2905129261500286,3.0235939999999966
NSGAIII,WFG6,WFG,2,11,5015,0.08348360112081761,0.30225865218281667,4.514825999999994
NSGAIII,WFG6,WFG,2,11,5016,0.1026913207901891,0.2917778613007679,4.032402000000004
NSGAIII,WFG6,WFG,2,11,5017,0.08993259550464024,0.29872725586694426,4.109196999999999
NSGAIII,WFG6,WFG,2,11,5018,0.066445003896746,0.3116685506463556,3.717821999999996
NSGAIII,WFG6,WFG,2,11,5019,0.09425656726368324,0.29636673724211027,4.489150999999999
NSGAIII,WFG6,WFG,2,11,5020,0.06486589354830134,0.312547428406444,3.134635000000004
NSGAIII,WFG6,WFG,2,11,5021,0.05533746318043904,0.3178865374956454,3.626439999999997
NSGAIII,WFG6,WFG,2,11,5022,0.12220062731444177,0.2812332396142329,4.427013000000003
NSGAIII,WFG6,WFG,2,11,5023,0.08639477111181457,0.3006627830429306,4.227458000000001
NSGAIII,WFG6,WFG,2,11,5024,0.06468487184471573,0.31264844440248546,3.7061209999999987
NSGAIII,WFG6,WFG,2,11,5025,0.09317697181355371,0.2969563866793398,3.509016999999999
NSGAIII,WFG6,WFG,2,11,5026,0.11431433531219196,0.28548457012939715,3.796407000000001
NSGAIII,WFG6,WFG,2,11,5027,0.07879309407826421,0.30483676013606603,3.996314999999999
NSGAIII,WFG6,WFG,2,11,5028,0.0891851144752892,0.29913578987515405,3.8755319999999984
NSGAIII,WFG6,WFG,2,11,5029,0.07505723853394333,0.3068962244405359,3.8562819999999998
NSGAIII,WFG6,WFG,2,11,5030,0.07714647297151153,0.3057435907333379,4.146799999999998
NSGAIII,WFG6,WFG,3,12,5001,0.2416555174369988,0.5005404505836827,4.605223000000006
NSGAIII,WFG6,WFG,3,12,5002,0.25004114062457145,0.4901320064278539,4.219226999999998
NSGAIII,WFG6,WFG,3,12,5003,0.24250940584045524,0.4993886904962814,4.717276000000009
NSGAIII,WFG6,WFG,3,12,5004,0.23784886772476457,0.5057535930738191,3.386563
NSGAIII,WFG6,WFG,3,12,5005,0.24220306028997288,0.4998996386785868,3.904758000000005
NSGAIII,WFG6,WFG,3,12,5006,0.23566616652090336,0.5089192392133615,3.4115590000000067
NSGAIII,WFG6,WFG,3,12,5007,0.2481382436660807,0.49239454650580317,3.8248730000000006
NSGAIII,WFG6,WFG,3,12,5008,0.2328245170792764,0.5134816968586073,3.1570060000000013
NSGAIII,WFG6,WFG,3,12,5009,0.23913344660248861,0.5047091240988254,3.02398
NSGAIII,WFG6,WFG,3,12,5010,0.22733586879660322,0.523516817545773,3.2207130000000026
NSGAIII,WFG6,WFG,3,12,5011,0.2307762720134768,0.5168629616951541,3.055335
NSGAIII,WFG6,WFG,3,12,5012,0.2350839813274605,0.5097541486221012,2.606107000000001
NSGAIII,WFG6,WFG,3,12,5013,0.24030542769667695,0.502395100176593,4.203026999999999
NSGAIII,WFG6,WFG,3,12,5014,0.24221653611051236,0.49975540858350137,2.8365850000000052
NSGAIII,WFG6,WFG,3,12,5015,0.23522438347645894,0.5095317274494842,3.157878000000006
NSGAIII,WFG6,WFG,3,12,5016,0.2338964984800029,0.5117045104993512,3.5410999999999984
NSGAIII,WFG6,WFG,3,12,5017,0.23119852275798447,0.5161654367949242,2.4347829999999964
NSGAIII,WFG6,WFG,3,12,5018,0.2258325419371824,0.526892245019042,2.4383079999999993
NSGAIII,WFG6,WFG,3,12,5019,0.24379730172322975,0.498289768237831,4.810711
NSGAIII,WFG6,WFG,3,12,5020,0.2354363380458101,0.5101999262708979,4.372822999999995
NSGAIII,WFG6,WFG,3,12,5021,0.23455372869166227,0.5107271155889824,4.037573999999996
NSGAIII,WFG6,WFG,3,12,5022,0.23826548586198598,0.5050924685944959,4.001576999999996
NSGAIII,WFG6,WFG,3,12,5023,0.2614921886111888,0.47779546852916416,4.830253999999995
NSGAIII,WFG6,WFG,3,12,5024,0.23391393954057757,0.5116010525998699,3.3631369999999956
NSGAIII,WFG6,WFG,3,12,5025,0.23885897986586982,0.5043052216753667,3.129640000000001
NSGAIII,WFG6,WFG,3,12,5026,0.23229061963872943,0.5143118302685379,3.2168930000000016
NSGAIII,WFG6,WFG,3,12,5027,0.24002183724758488,0.5043786739467134,3.9894009999999995
NSGAIII,WFG6,WFG,3,12,5028,0.2329943415083267,0.5131302892897441,3.417512999999999
NSGAIII,WFG6,WFG,3,12,5029,0.2550484469683064,0.48476634209581343,3.739458000000002
NSGAIII,WFG6,WFG,3,12,5030,0.2511416281448578,0.4889316755856346,3.542930999999997
NSGAIII,WFG7,WFG,2,11,5001,0.012233169114620423,0.34718623685999583,2.7423009999999977
NSGAIII,WFG7,WFG,2,11,5002,0.012245387387244315,0.3471865072764899,2.992346
NSGAIII,WFG7,WFG,2,11,5003,0.012236161253681077,0.3471411499759929,3.890294999999998
NSGAIII,WFG7,WFG,2,11,5004,0.012234311864120318,0.3471766053778075,4.106488999999997
NSGAIII,WFG7,WFG,2,11,5005,0.012232286707940512,0.34719237704072103,2.590853000000003
NSGAIII,WFG7,WFG,2,11,5006,0.012235054688415322,0.3471681713073544,3.0334290000000035
NSGAIII,WFG7,WFG,2,11,5007,0.012233580913035107,0.34718878755340343,4.130273999999999
NSGAIII,WFG7,WFG,2,11,5008,0.012235698482296787,0.34715905236999783,2.9790739999999984
NSGAIII,WFG7,WFG,2,11,5009,0.012233283956502665,0.34717774643439336,3.6344850000000086
NSGAIII,WFG7,WFG,2,11,5010,0.012233323868886871,0.34717379038562146,2.8379680000000036
NSGAIII,WFG7,WFG,2,11,5011,0.012234885117979885,0.34716621149441496,2.9535409999999986
NSGAIII,WFG7,WFG,2,11,5012,0.012233273610931912,0.34717605711981503,2.7763999999999993
NSGAIII,WFG7,WFG,2,11,5013,0.012234270749676066,0.347176821786817,3.749968999999999
NSGAIII,WFG7,WFG,2,11,5014,0.012240679837611358,0.3471241978537356,2.8515369999999973
NSGAIII,WFG7,WFG,2,11,5015,0.012234058730081994,0.347175914479265,2.8396860000000004
NSGAIII,WFG7,WFG,2,11,5016,0.012232869811131905,0.34718451766513453,4.023804999999999
NSGAIII,WFG7,WFG,2,11,5017,0.012234054154765334,0.34718891348271974,4.1695700000000055
NSGAIII,WFG7,WFG,2,11,5018,0.012233009106121222,0.3471872469567838,3.746797999999996
NSGAIII,WFG7,WFG,2,11,5019,0.012233333410961375,0.34717232955744537,3.2649979999999976
NSGAIII,WFG7,WFG,2,11,5020,0.012234109020345585,0.3471800410144118,3.5295460000000003
NSGAIII,WFG7,WFG,2,11,5021,0.012233943253431526,0.3471825576774338,3.5043619999999973
NSGAIII,WFG7,WFG,2,11,5022,0.012232806948552511,0.34718819244116317,3.2735739999999973
NSGAIII,WFG7,WFG,2,11,5023,0.012238556390320284,0.34716430171928725,4.157050000000001
NSGAIII,WFG7,WFG,2,11,5024,0.012233240847043246,0.34718317242977925,3.3065639999999985
NSGAIII,WFG7,WFG,2,11,5025,0.012235381588142073,0.34715050121696156,3.024701
NSGAIII,WFG7,WFG,2,11,5026,0.0122330828266423,0.3471870174477013,2.592099999999995
NSGAIII,WFG7,WFG,2,11,5027,0.012234734334225788,0.34716766374575725,3.601613
NSGAIII,WFG7,WFG,2,11,5028,0.012233692090977492,0.3471793029812904,2.677146
NSGAIII,WFG7,WFG,2,11,5029,0.012233861920100548,0.3471813365294638,3.165521
NSGAIII,WFG7,WFG,2,11,5030,0.012234019384797182,0.34718066470150866,1.7350259999999995
NSGAIII,WFG7,WFG,3,12,5001,0.2210824094114707,0.5586349282199724,3.557937000000002
NSGAIII,WFG7,WFG,3,12,5002,0.22114118470510458,0.5585854664393701,3.4806110000000015
NSGAIII,WFG7,WFG,3,12,5003,0.2210516348515958,0.5585553424845893,3.014168000000003
NSGAIII,WFG7,WFG,3,12,5004,0.22110537969429098,0.5585487212909818,3.3433519999999977
NSGAIII,WFG7,WFG,3,12,5005,0.2211898800524585,0.5583693508906384,3.0465640000000063
NSGAIII,WFG7,WFG,3,12,5006,0.22118486192932887,0.5585121684250215,3.5455020000000004
NSGAIII,WFG7,WFG,3,12,5007,0.22116171956399128,0.5583578739351571,3.1539629999999943
NSGAIII,WFG7,WFG,3,12,5008,0.22110603030760076,0.5584408731569221,4.564039999999996
NSGAIII,WFG7,WFG,3,12,5009,0.2211246030253813,0.5582294524066929,3.3871289999999976
NSGAIII,WFG7,WFG,3,12,5010,0.2211739106896649,0.5582766719607583,4.660077999999999
NSGAIII,WFG7,WFG,3,12,5011,0.22103158502906864,0.5587577157306285,3.6957319999999965
NSGAIII,WFG7,WFG,3,12,5012,0.22108234877682184,0.5585314586112855,4.1213109999999995
NSGAIII,WFG7,WFG,3,12,5013,0.22107731551443616,0.5584688705446895,4.988034999999997
NSGAIII,WFG7,WFG,3,12,5014,0.22097773404442914,0.5587093689695083,4.8568679999999995
NSGAIII,WFG7,WFG,3,12,5015,0.22123004084039818,0.5583766169320323,4.2854899999999985
NSGAIII,WFG7,WFG,3,12,5016,0.22099669482759102,0.5589623290059101,4.3575729999999995
NSGAIII,WFG7,WFG,3,12,5017,0.22111231473704102,0.5581605300985103,3.673016999999998
NSGAIII,WFG7,WFG,3,12,5018,0.22102659647459483,0.5585725967290762,4.238050999999995
NSGAIII,WFG7,WFG,3,12,5019,0.22107113533065864,0.5586402122447197,3.8790789999999986
NSGAIII,WFG7,WFG,3,12,5020,0.22112236454075776,0.5586497803330331,3.905308999999996
NSGAIII,WFG7,WFG,3,12,5021,0.22104606414435354,0.5586470457631716,3.6568619999999994
NSGAIII,WFG7,WFG,3,12,5022,0.2210361378449144,0.5586385405158273,3.297244999999998
NSGAIII,WFG7,WFG,3,12,5023,0.22105519291213815,0.5585911657199337,3.4856540000000074
NSGAIII,WFG7,WFG,3,12,5024,0.22106482177254594,0.5586045204579647,3.4324460000000037
NSGAIII,WFG7,WFG,3,12,5025,0.22101455913371135,0.558800919395023,4.461662999999999
NSGAIII,WFG7,WFG,3,12,5026,0.22114282280562517,0.558508004370543,3.5718389999999993
NSGAIII,WFG7,WFG,3,12,5027,0.2210942493482818,0.558530702018687,5.026618999999999
NSGAIII,WFG7,WFG,3,12,5028,0.22108313445576078,0.5585973934691866,4.413362
NSGAIII,WFG7,WFG,3,12,5029,0.22104216523286563,0.5586305001700501,4.358010999999991
NSGAIII,WFG7,WFG,3,12,5030,0.22107996053793996,0.5588952546402373,3.8983209999999953
NSGAIII,WFG8,WFG,2,11,5001,0.10747855960477637,0.2898149403864236,3.823442999999995
NSGAIII,WFG8,WFG,2,11,5002,0.10459023977046918,0.2914787921947973,2.8424390000000037
NSGAIII,WFG8,WFG,2,11,5003,0.10430680281058842,0.29146139516779346,3.0890729999999995
NSGAIII,WFG8,WFG,2,11,5004,0.10275131097322301,0.29245583514440543,3.479129999999998
NSGAIII,WFG8,WFG,2,11,5005,0.10002292955652294,0.29358510959804984,3.357080000000003
NSGAIII,WFG8,WFG,2,11,5006,0.10645353447454797,0.2903517503745115,3.8764669999999968
NSGAIII,WFG8,WFG,2,11,5007,0.10608419052562885,0.29052432395649275,3.198431000000007
NSGAIII,WFG8,WFG,2,11,5008,0.10494856820609944,0.291098755670072,3.541463999999999
NSGAIII,WFG8,WFG,2,11,5009,0.105599605403023,0.29072465590976293,3.9114620000000064
NSGAIII,WFG8,WFG,2,11,5010,0.1069490765004539,0.2900393097246,3.832948999999999
NSGAIII,WFG8,WFG,2,11,5011,0.10565142453765507,0.2907065509469836,4.021216000000004
NSGAIII,WFG8,WFG,2,11,5012,0.10198731868644695,0.2925649735257962,3.139136000000003
NSGAIII,WFG8,WFG,2,11,5013,0.10444982476472194,0.2913315016877473,3.0500299999999956
NSGAIII,WFG8,WFG,2,11,5014,0.10656095105642503,0.29027837828231523,3.3625949999999984
NSGAIII,WFG8,WFG,2,11,5015,0.10733083150589434,0.28989454459065994,3.5295750000000035
NSGAIII,WFG8,WFG,2,11,5016,0.10521381526866555,0.2908656781781425,3.4048750000000005
NSGAIII,WFG8,WFG,2,11,5017,0.10768025888986898,0.2896582506520235,3.7452090000000005
NSGAIII,WFG8,WFG,2,11,5018,0.10586429051100203,0.2906991009959609,3.501555999999994
NSGAIII,WFG8,WFG,2,11,5019,0.10487102036477072,0.2912930745345162,3.3134889999999935
NSGAIII,WFG8,WFG,2,11,5020,0.10629019927025367,0.2903593078974572,3.212458000000002
NSGAIII,WFG8,WFG,2,11,5021,0.10347860735262301,0.29178616655397016,3.769327000000003
NSGAIII,WFG8,WFG,2,11,5022,0.10917347014511006,0.2891079596126219,3.4150240000000007
NSGAIII,WFG8,WFG,2,11,5023,0.1068440540306065,0.29013127562601104,3.4565449999999998
NSGAIII,WFG8,WFG,2,11,5024,0.10689555126593045,0.29009707152027386,3.2855060000000016
NSGAIII,WFG8,WFG,2,11,5025,0.10420408924477759,0.29174538305981146,3.5601709999999964
NSGAIII,WFG8,WFG,2,11,5026,0.10512621406623907,0.2909951055923515,3.1804720000000017
NSGAIII,WFG8,WFG,2,11,5027,0.10730066129126617,0.2899303880060483,3.748218
NSGAIII,WFG8,WFG,2,11,5028,0.10540219852550264,0.2909005595506594,2.8136050000000017
NSGAIII,WFG8,WFG,2,11,5029,0.10721423501812796,0.2899299516011225,3.4348029999999996
NSGAIII,WFG8,WFG,2,11,5030,0.10522939716864123,0.2910015835662055,2.9423000000000004
NSGAIII,WFG8,WFG,3,12,5001,0.273363049368723,0.47751115320267834,4.360726
NSGAIII,WFG8,WFG,3,12,5002,0.2740149116038354,0.476071285495398,3.142745000000003
NSGAIII,WFG8,WFG,3,12,5003,0.28537671448930935,0.4701762943999359,2.8803030000000045
NSGAIII,WFG8,WFG,3,12,5004,0.2862812157783438,0.4714348472771191,3.4155100000000007
NSGAIII,WFG8,WFG,3,12,5005,0.2790387795877471,0.4732107874331192,3.2661930000000052
NSGAIII,WFG8,WFG,3,12,5006,0.2810345839535547,0.4736684583605044,2.9623799999999982
NSGAIII,WFG8,WFG,3,12,5007,0.286005445010167,0.47166464892245646,3.497336000000003
NSGAIII,WFG8,WFG,3,12,5008,0.2850870106728637,0.4678224405838644,3.546432000000005
NSGAIII,WFG8,WFG,3,12,5009,0.2774085757292729,0.4749037361605077,2.696349999999997
NSGAIII,WFG8,WFG,3,12,5010,0.2841955942161557,0.4739294578016574,3.3431170000000017
NSGAIII,WFG8,WFG,3,12,5011,0.27602181308094703,0.4762254198075284,3.1307589999999967
NSGAIII,WFG8,WFG,3,12,5012,0.27763129510335927,0.47384652073507166,3.5394899999999967
NSGAIII,WFG8,WFG,3,12,5013,0.2764556093103842,0.4757102315999988,3.407771
NSGAIII,WFG8,WFG,3,12,5014,0.28686002412556766,0.4730486435969506,3.465937000000002
NSGAIII,WFG8,WFG,3,12,5015,0.2795618280994274,0.4754892785779858,2.899711000000001
NSGAIII,WFG8,WFG,3,12,5016,0.279496990903651,0.47552027030346145,3.271144
NSGAIII,WFG8,WFG,3,12,5017,0.2833487288241015,0.4701788860172108,3.209156000000004
NSGAIII,WFG8,WFG,3,12,5018,0.2802495754516946,0.4729419414500378,3.3128769999999967
NSGAIII,WFG8,WFG,3,12,5019,0.2853224316809672,0.4692305772910219,4.358461999999998
NSGAIII,WFG8,WFG,3,12,5020,0.2794769512086848,0.47704888894866365,3.2281160000000004
NSGAIII,WFG8,WFG,3,12,5021,0.28149130528108984,0.4727452545793911,3.5870770000000034
NSGAIII,WFG8,WFG,3,12,5022,0.2799088180834587,0.4735755867420275,3.4789990000000026
NSGAIII,WFG8,WFG,3,12,5023,0.2812491645691712,0.4735169004348085,2.805055
NSGAIII,WFG8,WFG,3,12,5024,0.2853907641689523,0.47012249845071163,3.9633769999999977
NSGAIII,WFG8,WFG,3,12,5025,0.2782084717934533,0.47333527962893257,3.4538440000000032
NSGAIII,WFG8,WFG,3,12,5026,0.27965433157498676,0.47290711012002806,3.5539789999999947
NSGAIII,WFG8,WFG,3,12,5027,0.27927363670993194,0.47476003336682443,3.808085
NSGAIII,WFG8,WFG,3,12,5028,0.28084968489490564,0.4743097508015372,2.414347000000001
NSGAIII,WFG8,WFG,3,12,5029,0.2856376925868646,0.46833462763755146,3.269504000000005
NSGAIII,WFG8,WFG,3,12,5030,0.27972269507691483,0.4732603203462877,2.492275000000003
NSGAIII,WFG9,WFG,2,11,5001,0.013350152064470927,0.344823132431673,4.960930999999998
NSGAIII,WFG9,WFG,2,11,5002,0.014523908051298497,0.34357401281351113,4.150660999999997
NSGAIII,WFG9,WFG,2,11,5003,0.014606915939054955,0.34372312039012826,4.083836999999997
NSGAIII,WFG9,WFG,2,11,5004,0.013123421251780414,0.3451589310652259,4.237736000000003
NSGAIII,WFG9,WFG,2,11,5005,0.014486667122800665,0.343602367389531,4.060842000000002
NSGAIII,WFG9,WFG,2,11,5006,0.014552240022369605,0.34358474178334325,4.532474999999997
NSGAIII,WFG9,WFG,2,11,5007,0.014465011684604727,0.34362300451485733,5.180811999999996
NSGAIII,WFG9,WFG,2,11,5008,0.016337879285946804,0.34192116431313657,3.8388039999999988
NSGAIII,WFG9,WFG,2,11,5009,0.0141337288183007,0.34404165609127535,5.1931329999999996
NSGAIII,WFG9,WFG,2,11,5010,0.013453653375964353,0.34475815808460064,4.459988999999994
NSGAIII,WFG9,WFG,2,11,5011,0.01611186189793677,0.3421417843298301,4.8768019999999925
NSGAIII,WFG9,WFG,2,11,5012,0.013554178119284057,0.34461678842081506,4.7270929999999955
NSGAIII,WFG9,WFG,2,11,5013,0.01676714975145641,0.34171688509307563,4.813746000000007
NSGAIII,WFG9,WFG,2,11,5014,0.017084967868383285,0.341326439996948,4.19539899999999
NSGAIII,WFG9,WFG,2,11,5015,0.01472145517962408,0.34338868810888534,5.725009999999999
NSGAIII,WFG9,WFG,2,11,5016,0.015760591838252028,0.34243964613972694,3.555598000000007
NSGAIII,WFG9,WFG,2,11,5017,0.016068007049405083,0.34213020234607505,5.445542999999999
NSGAIII,WFG9,WFG,2,11,5018,0.01497934355792927,0.3436421508715476,3.984993000000003
NSGAIII,WFG9,WFG,2,11,5019,0.015236888696157228,0.34291125909888076,4.373769000000003
NSGAIII,WFG9,WFG,2,11,5020,0.01406547559875681,0.3447242499343502,5.110436999999993
NSGAIII,WFG9,WFG,2,11,5021,0.01469159391795647,0.34316101745679206,4.435188999999997
NSGAIII,WFG9,WFG,2,11,5022,0.014561617210869928,0.3434996188169897,4.780738
NSGAIII,WFG9,WFG,2,11,5023,0.012890248387192582,0.345526211429164,4.726886999999999
NSGAIII,WFG9,WFG,2,11,5024,0.013841162655270361,0.3446202896201201,4.582739999999997
NSGAIII,WFG9,WFG,2,11,5025,0.014493605293263186,0.34361550927602047,3.6768249999999996
NSGAIII,WFG9,WFG,2,11,5026,0.014837864802105822,0.343286518690868,3.940265
NSGAIII,WFG9,WFG,2,11,5027,0.01346827340868708,0.3447193202932488,3.9115660000000014
NSGAIII,WFG9,WFG,2,11,5028,0.01506724817331281,0.3430623167847784,4.121645999999998
NSGAIII,WFG9,WFG,2,11,5029,0.015006687793675012,0.34312372873998187,3.720397000000002
NSGAIII,WFG9,WFG,2,11,5030,0.014294933868564712,0.34408219738084456,3.7184060000000017
NSGAIII,WFG9,WFG,3,12,5001,0.22154007851642024,0.5362517086984052,4.518379000000003
NSGAIII,WFG9,WFG,3,12,5002,0.22117858541667124,0.5400567692456687,4.439001000000002
NSGAIII,WFG9,WFG,3,12,5003,0.22116465837262056,0.5330294117033011,4.773809999999999
NSGAIII,WFG9,WFG,3,12,5004,0.22719489103319,0.5259812089679041,5.004014999999991
NSGAIII,WFG9,WFG,3,12,5005,0.22431044461782784,0.5323238134458127,4.085047000000003
NSGAIII,WFG9,WFG,3,12,5006,0.2235438577816504,0.5377945583384912,4.451849000000002
NSGAIII,WFG9,WFG,3,12,5007,0.22078825721969944,0.5403316613278807,4.090494999999999
NSGAIII,WFG9,WFG,3,12,5008,0.2214516546775446,0.5369288046387769,4.362489999999996
NSGAIII,WFG9,WFG,3,12,5009,0.2191193616830326,0.5378609201329297,5.354681999999987
NSGAIII,WFG9,WFG,3,12,5010,0.22118913810058377,0.5365320066981369,4.354189999999996
NSGAIII,WFG9,WFG,3,12,5011,0.22220816587999537,0.5347116438630846,4.008088999999997
NSGAIII,WFG9,WFG,3,12,5012,0.22043926213050852,0.5388402486309251,4.424187000000004
NSGAIII,WFG9,WFG,3,12,5013,0.22121520949645596,0.5421658197486504,5.482001000000005
NSGAIII,WFG9,WFG,3,12,5014,0.22065604421886756,0.5415410815623605,4.207967000000003
NSGAIII,WFG9,WFG,3,12,5015,0.22292117050003907,0.5288468621781994,5.530602999999995
NSGAIII,WFG9,WFG,3,12,5016,0.21962939881515042,0.5385702780781207,4.420481000000002
NSGAIII,WFG9,WFG,3,12,5017,0.22201773268807476,0.5357918687832297,5.039753999999995
NSGAIII,WFG9,WFG,3,12,5018,0.22177930245208244,0.5362381519112412,4.014710000000001
NSGAIII,WFG9,WFG,3,12,5019,0.22193847506256129,0.5390791673047476,4.936414000000008
NSGAIII,WFG9,WFG,3,12,5020,0.22137627770142707,0.5370135331256917,4.322764999999994
NSGAIII,WFG9,WFG,3,12,5021,0.22114256837824633,0.5396608011824208,4.935940999999996
NSGAIII,WFG9,WFG,3,12,5022,0.22271621786797852,0.5324128077030428,4.993292000000004
NSGAIII,WFG9,WFG,3,12,5023,0.22012654234304566,0.53911007723333,4.3844630000000056
NSGAIII,WFG9,WFG,3,12,5024,0.22184002383188745,0.5360136448280698,4.635556999999994
NSGAIII,WFG9,WFG,3,12,5025,0.22262286009332974,0.5346439569914246,5.370379999999996
NSGAIII,WFG9,WFG,3,12,5026,0.22083226106823123,0.5366397842782726,5.507304000000005
NSGAIII,WFG9,WFG,3,12,5027,0.22058151790659283,0.5407405896661456,5.225389999999994
NSGAIII,WFG9,WFG,3,12,5028,0.22154426577911088,0.5390516026445671,4.858468999999995
NSGAIII,WFG9,WFG,3,12,5029,0.22170892703102338,0.5372138790655298,5.3435020000000035
NSGAIII,WFG9,WFG,3,12,5030,0.2206185430828709,0.5377257788387382,4.0848949999999995
NSGAIII,ZDT1,ZDT,2,30,5001,0.0038876779121516207,0.720305886593055,3.244922999999998
NSGAIII,ZDT1,ZDT,2,30,5002,0.003887831235205703,0.7203055413731009,4.346529000000006
NSGAIII,ZDT1,ZDT,2,30,5003,0.0038880737421002876,0.7203050177650709,3.739937999999999
NSGAIII,ZDT1,ZDT,2,30,5004,0.003888040358967568,0.7203050623238951,2.986754999999997
NSGAIII,ZDT1,ZDT,2,30,5005,0.0038877170136735516,0.7203058674394534,4.272325000000001
NSGAIII,ZDT1,ZDT,2,30,5006,0.003887915439599699,0.720305394538673,2.8770039999999986
NSGAIII,ZDT1,ZDT,2,30,5007,0.003888027094684711,0.7203050564488783,3.226398000000002
NSGAIII,ZDT1,ZDT,2,30,5008,0.0038878922194025235,0.7203042945107366,3.3648049999999987
NSGAIII,ZDT1,ZDT,2,30,5009,0.0038859873048459207,0.7203110069504799,3.361937000000003
NSGAIII,ZDT1,ZDT,2,30,5010,0.003887875838634332,0.7203055449932122,3.588332999999999
NSGAIII,ZDT1,ZDT,2,30,5011,0.003887802677100663,0.7203057110344082,2.8523029999999974
NSGAIII,ZDT1,ZDT,2,30,5012,0.003887938282368563,0.7203053039928935,3.4636299999999984
NSGAIII,ZDT1,ZDT,2,30,5013,0.0038884999962133784,0.720303941506378,3.313976000000003
NSGAIII,ZDT1,ZDT,2,30,5014,0.0038880552729306265,0.7203049951779896,3.6900020000000047
NSGAIII,ZDT1,ZDT,2,30,5015,0.0038880178990478922,0.7203050069254205,3.459692999999998
NSGAIII,ZDT1,ZDT,2,30,5016,0.0038881372657979616,0.7203047316860145,3.572581999999995
NSGAIII,ZDT1,ZDT,2,30,5017,0.003887903044623911,0.720305333156652,2.997661999999998
NSGAIII,ZDT1,ZDT,2,30,5018,0.0038879684772470183,0.7203024125599551,3.2369290000000004
NSGAIII,ZDT1,ZDT,2,30,5019,0.003879850352507298,0.7203275366431361,2.7590059999999985
NSGAIII,ZDT1,ZDT,2,30,5020,0.0038881056367706655,0.7203048427984309,2.950597000000003
NSGAIII,ZDT1,ZDT,2,30,5021,0.003885502711157349,0.720311635518927,3.311103
NSGAIII,ZDT1,ZDT,2,30,5022,0.003887981206508067,0.7203051414364637,4.513310999999998
NSGAIII,ZDT1,ZDT,2,30,5023,0.0038879163463159017,0.7203052258742988,3.9712219999999996
NSGAIII,ZDT1,ZDT,2,30,5024,0.0038878320650801066,0.72030498956804,3.9326189999999985
NSGAIII,ZDT1,ZDT,2,30,5025,0.0038879891254332295,0.7203052662959218,3.2915229999999975
NSGAIII,ZDT1,ZDT,2,30,5026,0.0038879217440242284,0.7203053472759097,2.8407190000000018
NSGAIII,ZDT1,ZDT,2,30,5027,0.0038878915460898627,0.7203054094307265,3.1730919999999956
NSGAIII,ZDT1,ZDT,2,30,5028,0.0038879404128596235,0.7203053001697272,3.1408259999999975
NSGAIII,ZDT1,ZDT,2,30,5029,0.00388788902877681,0.7203054371870471,2.636789
NSGAIII,ZDT1,ZDT,2,30,5030,0.003886130820378908,0.7203111052182799,2.6631460000000033
NSGAIII,ZDT2,ZDT,2,30,5001,0.0038069828893816686,0.44503375922456184,3.0103489999999975
NSGAIII,ZDT2,ZDT,2,30,5002,0.0038070120922987527,0.4450337679428064,2.9505550000000036
NSGAIII,ZDT2,ZDT,2,30,5003,0.003806992121611274,0.4450337806699955,3.5889849999999957
NSGAIII,ZDT2,ZDT,2,30,5004,0.0038069818414024873,0.44503376195646577,4.426618000000003
NSGAIII,ZDT2,ZDT,2,30,5005,0.0038070046115048486,0.44503374146954955,3.6758470000000014
NSGAIII,ZDT2,ZDT,2,30,5006,0.0038070078196024114,0.4450337277702692,3.0339139999999984
NSGAIII,ZDT2,ZDT,2,30,5007,0.003806957335167362,0.4450337904390323,2.7298119999999986
NSGAIII,ZDT2,ZDT,2,30,5008,0.003806980073264586,0.44503374898986553,3.148894999999997
NSGAIII,ZDT2,ZDT,2,30,5009,0.0038069906397175737,0.4450337476135171,3.4469200000000013
NSGAIII,ZDT2,ZDT,2,30,5010,0.0038070075255749233,0.4450337594438753,3.4451909999999994
NSGAIII,ZDT2,ZDT,2,30,5011,0.0038069827004510097,0.44503378168168484,3.3516269999999975
NSGAIII,ZDT2,ZDT,2,30,5012,0.0038069921342851437,0.4450337639916283,3.6346789999999998
NSGAIII,ZDT2,ZDT,2,30,5013,0.0038069922544618088,0.4450337284951099,2.572790999999998
NSGAIII,ZDT2,ZDT,2,30,5014,0.003806995536676338,0.4450337382035079,3.404199000000005
NSGAIII,ZDT2,ZDT,2,30,5015,0.0038069957240658425,0.4450337458719683,2.3749359999999995
NSGAIII,ZDT2,ZDT,2,30,5016,0.00380701030571186,0.44503366223618596,3.5732629999999945
NSGAIII,ZDT2,ZDT,2,30,5017,0.0038070235233872113,0.4450337387681535,2.9292880000000014
NSGAIII,ZDT2,ZDT,2,30,5018,0.00380699488076672,0.4450337362038294,3.278876999999999
NSGAIII,ZDT2,ZDT,2,30,5019,0.003806979585196704,0.4450336914697366,3.303955999999996
NSGAIII,ZDT2,ZDT,2,30,5020,0.0038070002698332795,0.44503374340885504,4.2729240000000015
NSGAIII,ZDT2,ZDT,2,30,5021,0.00380699676010614,0.4450337429404948,3.292384999999998
NSGAIII,ZDT2,ZDT,2,30,5022,0.0038069864757463764,0.44503374660602213,3.9915819999999993
NSGAIII,ZDT2,ZDT,2,30,5023,0.0038069925941470123,0.4450337511029872,3.7306099999999973
NSGAIII,ZDT2,ZDT,2,30,5024,0.0038070139062377933,0.44503375191226596,3.1791610000000006
NSGAIII,ZDT2,ZDT,2,30,5025,0.0038069915251898565,0.44503374198922113,3.4149629999999958
NSGAIII,ZDT2,ZDT,2,30,5026,0.003807018062835329,0.44503359173576257,3.1631229999999957
NSGAIII,ZDT2,ZDT,2,30,5027,0.003806983095309777,0.44503382233060085,3.9031430000000005
NSGAIII,ZDT2,ZDT,2,30,5028,0.003806983112372837,0.4450337607292122,3.3015569999999994
NSGAIII,ZDT2,ZDT,2,30,5029,0.0038069885896995174,0.44503380322353525,3.428368999999998
NSGAIII,ZDT2,ZDT,2,30,5030,0.0038069710153590536,0.44503376966830216,3.6340980000000047
NSGAIII,ZDT3,ZDT,2,30,5001,0.005776265585098764,0.5988658378449131,3.3428540000000004
NSGAIII,ZDT3,ZDT,2,30,5002,0.006215567097766778,0.5987229642270757,3.943158999999997
NSGAIII,ZDT3,ZDT,2,30,5003,0.006333898723567748,0.5986974747927072,3.621580000000003
NSGAIII,ZDT3,ZDT,2,30,5004,0.006180104344868127,0.5987527809394623,3.2344719999999985
NSGAIII,ZDT3,ZDT,2,30,5005,0.006262319309566849,0.5987310345065522,4.062151999999999
NSGAIII,ZDT3,ZDT,2,30,5006,0.006107862753467691,0.5987749607093763,3.8698830000000015
NSGAIII,ZDT3,ZDT,2,30,5007,0.006237475288726996,0.5988652568514397,2.425285999999999
NSGAIII,ZDT3,ZDT,2,30,5008,0.005585992108940014,0.5989680730498048,2.9349439999999976
NSGAIII,ZDT3,ZDT,2,30,5009,0.005990919868888699,0.5988100385734163,2.648081999999996
NSGAIII,ZDT3,ZDT,2,30,5010,0.005973197437431136,0.5988500668264926,3.4919909999999943
NSGAIII,ZDT3,ZDT,2,30,5011,0.006104842013108742,0.5987587196832276,2.7794400000000015
NSGAIII,ZDT3,ZDT,2,30,5012,0.005659158596226156,0.5989387621457516,3.5002879999999985
NSGAIII,ZDT3,ZDT,2,30,5013,0.006258163461274083,0.5987034468321386,2.882066
NSGAIII,ZDT3,ZDT,2,30,5014,0.0058909227769534485,0.5988599934311399,3.641360000000007
NSGAIII,ZDT3,ZDT,2,30,5015,0.006252827273396216,0.5991939803559544,3.049517000000002
NSGAIII,ZDT3,ZDT,2,30,5016,0.006293995932030277,0.5987583343443353,3.0768859999999987
NSGAIII,ZDT3,ZDT,2,30,5017,0.005944745807041405,0.5991158552029757,3.1133680000000035
NSGAIII,ZDT3,ZDT,2,30,5018,0.006356649587153522,0.5990433782399858,3.792878000000002
NSGAIII,ZDT3,ZDT,2,30,5019,0.005721030627372984,0.5989033546965581,3.858764999999995
NSGAIII,ZDT3,ZDT,2,30,5020,0.006156253307029805,0.5993148133056497,4.627747999999996
NSGAIII,ZDT3,ZDT,2,30,5021,0.006080873582793503,0.5987704185449677,3.938407999999997
NSGAIII,ZDT3,ZDT,2,30,5022,0.006302595225558364,0.5987260248666006,4.421588
NSGAIII,ZDT3,ZDT,2,30,5023,0.00597459083781243,0.5988361615640414,3.245622999999999
NSGAIII,ZDT3,ZDT,2,30,5024,0.006205637020878048,0.598728279757889,3.2086049999999986
NSGAIII,ZDT3,ZDT,2,30,5025,0.00611809416847485,0.5987958139189736,4.111664000000003
NSGAIII,ZDT3,ZDT,2,30,5026,0.00593415084170577,0.5988550712236161,3.5285899999999986
NSGAIII,ZDT3,ZDT,2,30,5027,0.006114047655976842,0.598769228637605,3.6776560000000056
NSGAIII,ZDT3,ZDT,2,30,5028,0.006183692548224301,0.5987428815323808,3.4909440000000074
NSGAIII,ZDT3,ZDT,2,30,5029,0.006278147984338864,0.5987201380413999,3.693402000000001
NSGAIII,ZDT3,ZDT,2,30,5030,0.006053456802728033,0.5992634549504051,3.3704209999999972
NSGAIII,ZDT4,ZDT,2,10,5001,0.003905000796164671,0.7200097862469728,4.167246000000003
NSGAIII,ZDT4,ZDT,2,10,5002,0.003895306771149474,0.7201332233576005,3.4015259999999987
NSGAIII,ZDT4,ZDT,2,10,5003,0.0038889606223071085,0.7202499863825258,3.493053000000001
NSGAIII,ZDT4,ZDT,2,10,5004,0.003931964697673954,0.7198266068045726,3.169214
NSGAIII,ZDT4,ZDT,2,10,5005,0.00389154451693732,0.7201811190148458,3.7567130000000013
NSGAIII,ZDT4,ZDT,2,10,5006,0.0038881540028332,0.7202847377591468,3.800776999999999
NSGAIII,ZDT4,ZDT,2,10,5007,0.0040119570700327565,0.7194407033314107,3.624862999999997
NSGAIII,ZDT4,ZDT,2,10,5008,0.003910827691572548,0.7199643370129629,2.7502229999999988
NSGAIII,ZDT4,ZDT,2,10,5009,0.003920726167552391,0.7198954459392037,3.6625439999999982
NSGAIII,ZDT4,ZDT,2,10,5010,0.0038902365112167816,0.7202132534408896,2.8762640000000035
NSGAIII,ZDT4,ZDT,2,10,5011,0.003965512999117001,0.7196464001121323,2.7460000000000027
NSGAIII,ZDT4,ZDT,2,10,5012,0.0038986692292648007,0.7200883554064079,2.8748450000000023
NSGAIII,ZDT4,ZDT,2,10,5013,0.0038881132842786543,0.720299167552333,3.0365890000000015
NSGAIII,ZDT4,ZDT,2,10,5014,0.00388936483839457,0.7202238289216565,2.751147000000001
NSGAIII,ZDT4,ZDT,2,10,5015,0.003894264754957031,0.7201288118522816,3.441234000000001
NSGAIII,ZDT4,ZDT,2,10,5016,0.0038969792938065317,0.7201005764811751,2.6988639999999995
NSGAIII,ZDT4,ZDT,2,10,5017,0.003889123559059913,0.7202284983005108,2.7054449999999988
NSGAIII,ZDT4,ZDT,2,10,5018,0.0038897792858260177,0.720200019136631,2.8931600000000035
NSGAIII,ZDT4,ZDT,2,10,5019,0.0038891693864668256,0.7202428076357638,3.010864000000005
NSGAIII,ZDT4,ZDT,2,10,5020,0.0039032127763379363,0.7200356457246957,2.943134999999996
NSGAIII,ZDT4,ZDT,2,10,5021,0.003890910794272209,0.7201877871200144,3.4695539999999983
NSGAIII,ZDT4,ZDT,2,10,5022,0.0038944062565252273,0.7201325933297231,2.8698419999999967
NSGAIII,ZDT4,ZDT,2,10,5023,0.00389242722154243,0.7201611398341483,4.137984
NSGAIII,ZDT4,ZDT,2,10,5024,0.003925925511751271,0.7198513810854499,2.7566309999999996
NSGAIII,ZDT4,ZDT,2,10,5025,0.0038948224318245323,0.7201325024974903,2.9877739999999995
NSGAIII,ZDT4,ZDT,2,10,5026,0.003909069865240518,0.719986662863094,3.6442600000000063
NSGAIII,ZDT4,ZDT,2,10,5027,0.0038897007673952444,0.7201920374293287,2.7272659999999975
NSGAIII,ZDT4,ZDT,2,10,5028,0.0038891979483821545,0.7202529204507198,2.7017890000000016
NSGAIII,ZDT4,ZDT,2,10,5029,0.003894519340432013,0.7201382348113996,2.8116019999999975
NSGAIII,ZDT4,ZDT,2,10,5030,0.0038924359042187178,0.7201653347970512,2.9966420000000022
NSGAIII,ZDT6,ZDT,2,10,5001,0.0030012967952224613,0.3889558590365795,3.216408999999999
NSGAIII,ZDT6,ZDT,2,10,5002,0.003001272298857162,0.38895584684984424,3.1887659999999967
NSGAIII,ZDT6,ZDT,2,10,5003,0.0030012821270216142,0.3889558498970889,2.946126999999997
NSGAIII,ZDT6,ZDT,2,10,5004,0.003001254603959189,0.38895589025215693,2.4632260000000024
NSGAIII,ZDT6,ZDT,2,10,5005,0.00300128588823279,0.38895584537656114,2.764618
NSGAIII,ZDT6,ZDT,2,10,5006,0.003001255730438659,0.3889558638739266,2.855920000000002
NSGAIII,ZDT6,ZDT,2,10,5007,0.003001285190713905,0.3889558377048575,2.6213249999999984
NSGAIII,ZDT6,ZDT,2,10,5008,0.0030012587190740773,0.3889558552206177,2.6663350000000006
NSGAIII,ZDT6,ZDT,2,10,5009,0.0030012748808691376,0.38895586613681477,2.7322250000000015
NSGAIII,ZDT6,ZDT,2,10,5010,0.003001299928616299,0.38895582573974,3.6823039999999994
NSGAIII,ZDT6,ZDT,2,10,5011,0.0030012770803505015,0.3889558410540065,2.9779760000000013
NSGAIII,ZDT6,ZDT,2,10,5012,0.0030012584332460533,0.3889558445755179,2.505917000000002
NSGAIII,ZDT6,ZDT,2,10,5013,0.003001260707672956,0.3889558814024307,2.8906609999999993
NSGAIII,ZDT6,ZDT,2,10,5014,0.0030012871900914743,0.3889558371610378,3.312078999999998
NSGAIII,ZDT6,ZDT,2,10,5015,0.0030012692771214495,0.3889558475188415,2.5500129999999963
NSGAIII,ZDT6,ZDT,2,10,5016,0.003001278606530787,0.3889558642209744,3.152689000000002
NSGAIII,ZDT6,ZDT,2,10,5017,0.0030012717585061444,0.3889558503032962,2.5061739999999952
NSGAIII,ZDT6,ZDT,2,10,5018,0.0030012482167623357,0.3889558758346246,2.9447670000000006
NSGAIII,ZDT6,ZDT,2,10,5019,0.003001271686894242,0.38895584650262294,3.379270000000003
NSGAIII,ZDT6,ZDT,2,10,5020,0.003001333494284645,0.3889558106208105,3.7241289999999996
NSGAIII,ZDT6,ZDT,2,10,5021,0.0030012609083364837,0.3889558352841124,3.562894000000004
NSGAIII,ZDT6,ZDT,2,10,5022,0.0030012420042081623,0.3889558806731025,3.765268000000005
NSGAIII,ZDT6,ZDT,2,10,5023,0.0030012938692486678,0.3889558166369903,2.8159470000000026
NSGAIII,ZDT6,ZDT,2,10,5024,0.0030012487261650545,0.38895588180198987,2.6606179999999977
NSGAIII,ZDT6,ZDT,2,10,5025,0.0030012757671123054,0.388955849382236,3.030835000000005
NSGAIII,ZDT6,ZDT,2,10,5026,0.0030012771245312843,0.3889558385026077,3.0913130000000053
NSGAIII,ZDT6,ZDT,2,10,5027,0.003001269799832211,0.38895585877312466,2.8303460000000014
NSGAIII,ZDT6,ZDT,2,10,5028,0.0030013068304977635,0.38895584019881746,2.729175999999998
NSGAIII,ZDT6,ZDT,2,10,5029,0.003001275548687316,0.3889558368156617,3.913349
NSGAIII,ZDT6,ZDT,2,10,5030,0.0030012629451708754,0.3889558749264711,2.797963000000003
