comparison,metric,tau,algo,fe_norm,fraction_solved,ci_low,ci_high,n_traces
IVFNSGAIII_vs_NSGAIII,IGD,0.5,IVFNSGAIII,0.1,0.6091503267973856,0.5856209150326798,0.6339869281045751,1530
IVFNSGAIII_vs_NSGAIII,IGD,0.5,IVFNSGAIII,0.1090909090909091,0.6516339869281046,0.626797385620915,0.6751797385620916,1530
IVFNSGAIII_vs_NSGAIII,IGD,0.5,IVFNSGAIII,0.1181818181818182,0.6973856209150326,0.6745098039215687,0.719624183006536,1530
IVFNSGAIII_vs_NSGAIII,IGD,0.5,IVFNSGAIII,0.1272727272727273,0.7333333333333333,0.7104575163398693,0.7555555555555555,1530
IVFNSGAIII_vs_NSGAIII,IGD,0.5,IVFNSGAIII,0.13636363636363635,0.7725490196078432,0.7522712418300653,0.7934640522875817,1530
IVFNSGAIII_vs_NSGAIII,IGD,0.5,IVFNSGAIII,0.14545454545454545,0.8156862745098039,0.7967320261437908,0.8340032679738563,1530
IVFNSGAIII_vs_NSGAIII,IGD,0.5,IVFNSGAIII,0.15454545454545454,0.8620915032679739,0.845735294117647,0.8790849673202614,1530
IVFNSGAIII_vs_NSGAIII,IGD,0.5,IVFNSGAIII,0.16363636363636364,0.8901960784313725,0.8745098039215686,0.9052287581699346,1530
IVFNSGAIII_vs_NSGAIII,IGD,0.5,IVFNSGAIII,0.17272727272727273,0.9065359477124183,0.8928104575163399,0.9202614379084967,1530
IVFNSGAIII_vs_NSGAIII,IGD,0.5,IVFNSGAIII,0.18181818181818182,0.9183006535947712,0.9052287581699346,0.9320261437908497,1530
IVFNSGAIII_vs_NSGAIII,IGD,0.5,IVFNSGAIII,0.19090909090909092,0.9261437908496732,0.9137254901960784,0.9392156862745098,1530
IVFNSGAIII_vs_NSGAIII,IGD,0.5,IVFNSGAIII,0.2,0.9339869281045752,0.9222058823529412,0.9464052287581699,1530
IVFNSGAIII_vs_NSGAIII,IGD,0.5,IVFNSGAIII,0.2090909090909091,0.9359477124183007,0.9248366013071896,0.9477124183006536,1530
IVFNSGAIII_vs_NSGAIII,IGD,0.5,IVFNSGAIII,0.2181818181818182,0.9392156862745098,0.9274509803921569,0.9503267973856209,1530
IVFNSGAIII_vs_NSGAIII,IGD,0.5,IVFNSGAIII,0.22727272727272727,0.9424836601307189,0.9313725490196079,0.9535947712418301,1530
IVFNSGAIII_vs_NSGAIII,IGD,0.5,IVFNSGAIII,0.23636363636363636,0.9457516339869281,0.934640522875817,0.9562254901960785,1530
IVFNSGAIII_vs_NSGAIII,IGD,0.5,IVFNSGAIII,0.24545454545454545,0.949673202614379,0.9392156862745098,0.9601307189542484,1530
IVFNSGAIII_vs_NSGAIII,IGD,0.5,IVFNSGAIII,0.2545454545454545,0.9522875816993464,0.9424673202614379,0.9620915032679739,1530
IVFNSGAIII_vs_NSGAIII,IGD,0.5,IVFNSGAIII,0.26363636363636367,0.9555555555555556,0.9457516339869281,0.965359477124183,1530
IVFNSGAIII_vs_NSGAIII,IGD,0.5,IVFNSGAIII,0.2727272727272727,0.9575163398692811,0.9483660130718954,0.9673202614379085,1530
IVFNSGAIII_vs_NSGAIII,IGD,0.5,IVFNSGAIII,0.28181818181818186,0.9620915032679739,0.953578431372549,0.9712418300653595,1530
IVFNSGAIII_vs_NSGAIII,IGD,0.5,IVFNSGAIII,0.2909090909090909,0.9633986928104575,0.9549019607843138,0.9725490196078431,1530
IVFNSGAIII_vs_NSGAIII,IGD,0.5,IVFNSGAIII,0.3,0.9666666666666667,0.9581699346405229,0.9745098039215686,1530
IVFNSGAIII_vs_NSGAIII,IGD,0.5,IVFNSGAIII,0.3090909090909091,0.9666666666666667,0.9581699346405229,0.9745098039215686,1530
IVFNSGAIII_vs_NSGAIII,IGD,0.5,IVFNSGAIII,0.3181818181818182,0.9686274509803922,0.9607843137254902,0.9771241830065359,1530
IVFNSGAIII_vs_NSGAIII,IGD,0.5,IVFNSGAIII,0.32727272727272727,0.9699346405228758,0.9620915032679739,0.9777941176470588,1530
IVFNSGAIII_vs_NSGAIII,IGD,0.5,IVFNSGAIII,0.33636363636363636,0.9699346405228758,0.9620915032679739,0.9777941176470588,1530
IVFNSGAIII_vs_NSGAIII,IGD,0.5,IVFNSGAIII,0.34545454545454546,0.9712418300653595,0.9633986928104575,0.9791013071895425,1530
IVFNSGAIII_vs_NSGAIII,IGD,0.5,IVFNSGAIII,0.3545454545454545,0.9725490196078431,0.965343137254902,0.9803921568627451,1530
IVFNSGAIII_vs_NSGAIII,IGD,0.5,IVFNSGAIII,0.36363636363636365,0.9738562091503268,0.9660130718954248,0.9816993464052287,1530
IVFNSGAIII_vs_NSGAIII,IGD,0.5,IVFNSGAIII,0.3727272727272727,0.9764705882352941,0.969281045751634,0.9836601307189542,1530
IVFNSGAIII_vs_NSGAIII,IGD,0.5,IVFNSGAIII,0.38181818181818183,0.9771241830065359,0.9705718954248366,0.984313725490196,1530
IVFNSGAIII_vs_NSGAIII,IGD,0.5,IVFNSGAIII,0.3909090909090909,0.9771241830065359,0.9705718954248366,0.984313725490196,1530
IVFNSGAIII_vs_NSGAIII,IGD,0.5,IVFNSGAIII,0.4,0.9777777777777777,0.9712418300653595,0.984967320261438,1530
IVFNSGAIII_vs_NSGAIII,IGD,0.5,IVFNSGAIII,0.40909090909090906,0.9784313725490196,0.9712418300653595,0.9856209150326798,1530
IVFNSGAIII_vs_NSGAIII,IGD,0.5,IVFNSGAIII,0.4181818181818182,0.9790849673202614,0.9725490196078431,0.9862745098039216,1530
IVFNSGAIII_vs_NSGAIII,IGD,0.5,IVFNSGAIII,0.42727272727272725,0.9790849673202614,0.9725490196078431,0.9862745098039216,1530
IVFNSGAIII_vs_NSGAIII,IGD,0.5,IVFNSGAIII,0.4363636363636364,0.9803921568627451,0.9738562091503268,0.9869281045751634,1530
IVFNSGAIII_vs_NSGAIII,IGD,0.5,IVFNSGAIII,0.44545454545454544,0.9810457516339869,0.9745098039215686,0.9875816993464053,1530
IVFNSGAIII_vs_NSGAIII,IGD,0.5,IVFNSGAIII,0.4545454545454546,0.9836601307189542,0.9771241830065359,0.9895424836601308,1530
IVFNSGAIII_vs_NSGAIII,IGD,0.5,IVFNSGAIII,0.4636363636363636,0.9836601307189542,0.9771241830065359,0.9895424836601308,1530
IVFNSGAIII_vs_NSGAIII,IGD,0.5,IVFNSGAIII,0.47272727272727266,0.9836601307189542,0.9771241830065359,0.9895424836601308,1530
IVFNSGAIII_vs_NSGAIII,IGD,0.5,IVFNSGAIII,0.4818181818181818,0.9836601307189542,0.9771241830065359,0.9895424836601308,1530
IVFNSGAIII_vs_NSGAIII,IGD,0.5,IVFNSGAIII,0.49090909090909085,0.9836601307189542,0.9771241830065359,0.9895424836601308,1530
IVFNSGAIII_vs_NSGAIII,IGD,0.5,IVFNSGAIII,0.5,0.9836601307189542,0.9771241830065359,0.9895424836601308,1530
IVFNSGAIII_vs_NSGAIII,IGD,0.5,IVFNSGAIII,0.509090909090909,0.984967320261438,0.9790849673202614,0.9908496732026144,1530
IVFNSGAIII_vs_NSGAIII,IGD,0.5,IVFNSGAIII,0.5181818181818182,0.984967320261438,0.9790849673202614,0.9908496732026144,1530
IVFNSGAIII_vs_NSGAIII,IGD,0.5,IVFNSGAIII,0.5272727272727272,0.984967320261438,0.9790849673202614,0.9908496732026144,1530
IVFNSGAIII_vs_NSGAIII,IGD,0.5,IVFNSGAIII,0.5363636363636364,0.9856209150326798,0.9797385620915032,0.9915032679738562,1530
IVFNSGAIII_vs_NSGAIII,IGD,0.5,IVFNSGAIII,0.5454545454545454,0.9856209150326798,0.9797385620915032,0.9915032679738562,1530
IVFNSGAIII_vs_NSGAIII,IGD,0.5,IVFNSGAIII,0.5545454545454546,0.9862745098039216,0.9803921568627451,0.9915196078431373,1530
IVFNSGAIII_vs_NSGAIII,IGD,0.5,IVFNSGAIII,0.5636363636363636,0.9862745098039216,0.9803921568627451,0.9915196078431373,1530
IVFNSGAIII_vs_NSGAIII,IGD,0.5,IVFNSGAIII,0.5727272727272728,0.9862745098039216,0.9803921568627451,0.9915196078431373,1530
IVFNSGAIII_vs_NSGAIII,IGD,0.5,IVFNSGAIII,0.5818181818181818,0.9862745098039216,0.9803921568627451,0.9915196078431373,1530
IVFNSGAIII_vs_NSGAIII,IGD,0.5,IVFNSGAIII,0.5909090909090909,0.9869281045751634,0.9810457516339869,0.9921568627450981,1530
IVFNSGAIII_vs_NSGAIII,IGD,0.5,IVFNSGAIII,0.6,0.9869281045751634,0.9810457516339869,0.9921568627450981,1530
IVFNSGAIII_vs_NSGAIII,IGD,0.5,IVFNSGAIII,0.609090909090909,0.9869281045751634,0.9810457516339869,0.9921568627450981,1530
IVFNSGAIII_vs_NSGAIII,IGD,0.5,IVFNSGAIII,0.6181818181818182,0.9869281045751634,0.9810457516339869,0.9921568627450981,1530
IVFNSGAIII_vs_NSGAIII,IGD,0.5,IVFNSGAIII,0.6272727272727272,0.9869281045751634,0.9810457516339869,0.9921568627450981,1530
IVFNSGAIII_vs_NSGAIII,IGD,0.5,IVFNSGAIII,0.6363636363636364,0.9869281045751634,0.9810457516339869,0.9921568627450981,1530
IVFNSGAIII_vs_NSGAIII,IGD,0.5,IVFNSGAIII,0.6454545454545454,0.9869281045751634,0.9810457516339869,0.9921568627450981,1530
IVFNSGAIII_vs_NSGAIII,IGD,0.5,IVFNSGAIII,0.6545454545454545,0.9869281045751634,0.9810457516339869,0.9921568627450981,1530
IVFNSGAIII_vs_NSGAIII,IGD,0.5,IVFNSGAIII,0.6636363636363636,0.9869281045751634,0.9810457516339869,0.9921568627450981,1530
IVFNSGAIII_vs_NSGAIII,IGD,0.5,IVFNSGAIII,0.6727272727272727,0.9869281045751634,0.9810457516339869,0.9921568627450981,1530
IVFNSGAIII_vs_NSGAIII,IGD,0.5,IVFNSGAIII,0.6818181818181818,0.9869281045751634,0.9810457516339869,0.9921568627450981,1530
IVFNSGAIII_vs_NSGAIII,IGD,0.5,IVFNSGAIII,0.6909090909090908,0.9869281045751634,0.9810457516339869,0.9921568627450981,1530
IVFNSGAIII_vs_NSGAIII,IGD,0.5,IVFNSGAIII,0.7,0.9875816993464053,0.9816993464052287,0.9928104575163399,1530
IVFNSGAIII_vs_NSGAIII,IGD,0.5,IVFNSGAIII,0.709090909090909,0.9875816993464053,0.9816993464052287,0.9928104575163399,1530
IVFNSGAIII_vs_NSGAIII,IGD,0.5,IVFNSGAIII,0.7181818181818181,0.9875816993464053,0.9816993464052287,0.9928104575163399,1530
IVFNSGAIII_vs_NSGAIII,IGD,0.5,IVFNSGAIII,0.7272727272727272,0.9875816993464053,0.9816993464052287,0.9928104575163399,1530
IVFNSGAIII_vs_NSGAIII,IGD,0.5,IVFNSGAIII,0.7363636363636363,0.9882352941176471,0.9830065359477124,0.9934640522875817,1530
IVFNSGAIII_vs_NSGAIII,IGD,0.5,IVFNSGAIII,0.7454545454545454,0.9882352941176471,0.9830065359477124,0.9934640522875817,1530
IVFNSGAIII_vs_NSGAIII,IGD,0.5,IVFNSGAIII,0.7545454545454545,0.9882352941176471,0.9830065359477124,0.9934640522875817,1530
IVFNSGAIII_vs_NSGAIII,IGD,0.5,IVFNSGAIII,0.7636363636363636,0.9882352941176471,0.9830065359477124,0.9934640522875817,1530
IVFNSGAIII_vs_NSGAIII,IGD,0.5,IVFNSGAIII,0.7727272727272727,0.9882352941176471,0.9830065359477124,0.9934640522875817,1530
IVFNSGAIII_vs_NSGAIII,IGD,0.5,IVFNSGAIII,0.7818181818181817,0.9882352941176471,0.9830065359477124,0.9934640522875817,1530
IVFNSGAIII_vs_NSGAIII,IGD,0.5,IVFNSGAIII,0.7909090909090909,0.9882352941176471,0.9830065359477124,0.9934640522875817,1530
IVFNSGAIII_vs_NSGAIII,IGD,0.5,IVFNSGAIII,0.7999999999999999,0.9882352941176471,0.9830065359477124,0.9934640522875817,1530
IVFNSGAIII_vs_NSGAIII,IGD,0.5,IVFNSGAIII,0.8090909090909091,0.9888888888888889,0.9836601307189542,0.9941176470588236,1530
IVFNSGAIII_vs_NSGAIII,IGD,0.5,IVFNSGAIII,0.8181818181818181,0.9888888888888889,0.9836601307189542,0.9941176470588236,1530
IVFNSGAIII_vs_NSGAIII,IGD,0.5,IVFNSGAIII,0.8272727272727273,0.9888888888888889,0.9836601307189542,0.9941176470588236,1530
IVFNSGAIII_vs_NSGAIII,IGD,0.5,IVFNSGAIII,0.8363636363636363,0.9895424836601308,0.984313725490196,0.9941176470588236,1530
IVFNSGAIII_vs_NSGAIII,IGD,0.5,IVFNSGAIII,0.8454545454545453,0.9895424836601308,0.984313725490196,0.9941176470588236,1530
IVFNSGAIII_vs_NSGAIII,IGD,0.5,IVFNSGAIII,0.8545454545454545,0.9895424836601308,0.984313725490196,0.9941176470588236,1530
IVFNSGAIII_vs_NSGAIII,IGD,0.5,IVFNSGAIII,0.8636363636363635,0.9895424836601308,0.984313725490196,0.9941176470588236,1530
IVFNSGAIII_vs_NSGAIII,IGD,0.5,IVFNSGAIII,0.8727272727272727,0.9895424836601308,0.984313725490196,0.9941176470588236,1530
IVFNSGAIII_vs_NSGAIII,IGD,0.5,IVFNSGAIII,0.8818181818181817,0.9895424836601308,0.984313725490196,0.9941176470588236,1530
IVFNSGAIII_vs_NSGAIII,IGD,0.5,IVFNSGAIII,0.8909090909090909,0.9895424836601308,0.984313725490196,0.9941176470588236,1530
IVFNSGAIII_vs_NSGAIII,IGD,0.5,IVFNSGAIII,0.8999999999999999,0.9895424836601308,0.984313725490196,0.9941176470588236,1530
IVFNSGAIII_vs_NSGAIII,IGD,0.5,IVFNSGAIII,0.9090909090909091,0.9901960784313726,0.984967320261438,0.9947712418300654,1530
IVFNSGAIII_vs_NSGAIII,IGD,0.5,IVFNSGAIII,0.9181818181818181,0.9901960784313726,0.984967320261438,0.9947712418300654,1530
IVFNSGAIII_vs_NSGAIII,IGD,0.5,IVFNSGAIII,0.9272727272727272,0.9901960784313726,0.984967320261438,0.9947712418300654,1530
IVFNSGAIII_vs_NSGAIII,IGD,0.5,IVFNSGAIII,0.9363636363636363,0.9901960784313726,0.984967320261438,0.9947712418300654,1530
IVFNSGAIII_vs_NSGAIII,IGD,0.5,IVFNSGAIII,0.9454545454545454,0.9901960784313726,0.984967320261438,0.9947712418300654,1530
IVFNSGAIII_vs_NSGAIII,IGD,0.5,IVFNSGAIII,0.9545454545454545,0.9901960784313726,0.984967320261438,0.9947712418300654,1530
IVFNSGAIII_vs_NSGAIII,IGD,0.5,IVFNSGAIII,0.9636363636363636,0.9901960784313726,0.984967320261438,0.9947712418300654,1530
IVFNSGAIII_vs_NSGAIII,IGD,0.5,IVFNSGAIII,0.9727272727272727,0.9901960784313726,0.984967320261438,0.9947712418300654,1530
IVFNSGAIII_vs_NSGAIII,IGD,0.5,IVFNSGAIII,0.9818181818181817,0.9901960784313726,0.984967320261438,0.9947712418300654,1530
IVFNSGAIII_vs_NSGAIII,IGD,0.5,IVFNSGAIII,0.9909090909090909,0.9908496732026144,0.9862581699346405,0.9954248366013072,1530
IVFNSGAIII_vs_NSGAIII,IGD,0.5,IVFNSGAIII,1.0,0.9908496732026144,0.9862581699346405,0.9954248366013072,1530
IVFNSGAIII_vs_NSGAIII,IGD,0.5,NSGAIII,0.1,0.6875816993464052,0.6647058823529411,0.711764705882353,1530
IVFNSGAIII_vs_NSGAIII,IGD,0.5,NSGAIII,0.1090909090909091,0.7196078431372549,0.6980228758169934,0.7425,1530
IVFNSGAIII_vs_NSGAIII,IGD,0.5,NSGAIII,0.1181818181818182,0.7549019607843137,0.7333333333333333,0.7777777777777778,1530
IVFNSGAIII_vs_NSGAIII,IGD,0.5,NSGAIII,0.1272727272727273,0.7869281045751634,0.7660130718954249,0.8084967320261438,1530
IVFNSGAIII_vs_NSGAIII,IGD,0.5,NSGAIII,0.13636363636363635,0.8202614379084967,0.8006372549019608,0.8411764705882353,1530
IVFNSGAIII_vs_NSGAIII,IGD,0.5,NSGAIII,0.14545454545454545,0.8457516339869281,0.8281045751633986,0.865359477124183,1530
IVFNSGAIII_vs_NSGAIII,IGD,0.5,NSGAIII,0.15454545454545454,0.8686274509803922,0.8516339869281045,0.8856372549019608,1530
IVFNSGAIII_vs_NSGAIII,IGD,0.5,NSGAIII,0.16363636363636364,0.8934640522875817,0.8771241830065359,0.9084967320261438,1530
IVFNSGAIII_vs_NSGAIII,IGD,0.5,NSGAIII,0.17272727272727273,0.9058823529411765,0.8908496732026144,0.9202614379084967,1530
IVFNSGAIII_vs_NSGAIII,IGD,0.5,NSGAIII,0.18181818181818182,0.9137254901960784,0.8993464052287582,0.9281045751633987,1530
IVFNSGAIII_vs_NSGAIII,IGD,0.5,NSGAIII,0.19090909090909092,0.9215686274509803,0.907843137254902,0.9352941176470588,1530
IVFNSGAIII_vs_NSGAIII,IGD,0.5,NSGAIII,0.2,0.9294117647058824,0.9163398692810457,0.9418300653594771,1530
IVFNSGAIII_vs_NSGAIII,IGD,0.5,NSGAIII,0.2090909090909091,0.9313725490196079,0.918954248366013,0.9437908496732026,1530
IVFNSGAIII_vs_NSGAIII,IGD,0.5,NSGAIII,0.2181818181818182,0.9352941176470588,0.9228758169934641,0.9470588235294117,1530
IVFNSGAIII_vs_NSGAIII,IGD,0.5,NSGAIII,0.22727272727272727,0.9398692810457516,0.9280882352941177,0.9516339869281045,1530
IVFNSGAIII_vs_NSGAIII,IGD,0.5,NSGAIII,0.23636363636363636,0.9444444444444444,0.9326797385620915,0.9549183006535948,1530
IVFNSGAIII_vs_NSGAIII,IGD,0.5,NSGAIII,0.24545454545454545,0.9470588235294117,0.9359477124183007,0.9575163398692811,1530
IVFNSGAIII_vs_NSGAIII,IGD,0.5,NSGAIII,0.2545454545454545,0.9503267973856209,0.9398529411764706,0.9601307189542484,1530
IVFNSGAIII_vs_NSGAIII,IGD,0.5,NSGAIII,0.26363636363636367,0.954248366013072,0.9437908496732026,0.9640522875816994,1530
IVFNSGAIII_vs_NSGAIII,IGD,0.5,NSGAIII,0.2727272727272727,0.9588235294117647,0.9490196078431372,0.9686274509803922,1530
IVFNSGAIII_vs_NSGAIII,IGD,0.5,NSGAIII,0.28181818181818186,0.9620915032679739,0.9522875816993464,0.9712418300653595,1530
IVFNSGAIII_vs_NSGAIII,IGD,0.5,NSGAIII,0.2909090909090909,0.9640522875816994,0.9548856209150327,0.973202614379085,1530
IVFNSGAIII_vs_NSGAIII,IGD,0.5,NSGAIII,0.3,0.965359477124183,0.9562091503267974,0.9745098039215686,1530
IVFNSGAIII_vs_NSGAIII,IGD,0.5,NSGAIII,0.3090909090909091,0.965359477124183,0.9562091503267974,0.9745098039215686,1530
IVFNSGAIII_vs_NSGAIII,IGD,0.5,NSGAIII,0.3181818181818182,0.9660130718954248,0.9568627450980393,0.9745098039215686,1530
IVFNSGAIII_vs_NSGAIII,IGD,0.5,NSGAIII,0.32727272727272727,0.9660130718954248,0.9568627450980393,0.9745098039215686,1530
IVFNSGAIII_vs_NSGAIII,IGD,0.5,NSGAIII,0.33636363636363636,0.9666666666666667,0.9575163398692811,0.9751633986928104,1530
IVFNSGAIII_vs_NSGAIII,IGD,0.5,NSGAIII,0.34545454545454546,0.969281045751634,0.9607843137254902,0.9771241830065359,1530
IVFNSGAIII_vs_NSGAIII,IGD,0.5,NSGAIII,0.3545454545454545,0.9699346405228758,0.961437908496732,0.9777777777777777,1530
IVFNSGAIII_vs_NSGAIII,IGD,0.5,NSGAIII,0.36363636363636365,0.9712418300653595,0.9627450980392157,0.9790849673202614,1530
IVFNSGAIII_vs_NSGAIII,IGD,0.5,NSGAIII,0.3727272727272727,0.9718954248366013,0.9633986928104575,0.9797385620915032,1530
IVFNSGAIII_vs_NSGAIII,IGD,0.5,NSGAIII,0.38181818181818183,0.9725490196078431,0.9640522875816994,0.9803921568627451,1530
IVFNSGAIII_vs_NSGAIII,IGD,0.5,NSGAIII,0.3909090909090909,0.9738562091503268,0.965359477124183,0.981062091503268,1530
IVFNSGAIII_vs_NSGAIII,IGD,0.5,NSGAIII,0.4,0.9745098039215686,0.9666666666666667,0.9823529411764705,1530
IVFNSGAIII_vs_NSGAIII,IGD,0.5,NSGAIII,0.40909090909090906,0.9764705882352941,0.9686274509803922,0.9836601307189542,1530
IVFNSGAIII_vs_NSGAIII,IGD,0.5,NSGAIII,0.4181818181818182,0.9771241830065359,0.969281045751634,0.984313725490196,1530
IVFNSGAIII_vs_NSGAIII,IGD,0.5,NSGAIII,0.42727272727272725,0.9771241830065359,0.969281045751634,0.984313725490196,1530
IVFNSGAIII_vs_NSGAIII,IGD,0.5,NSGAIII,0.4363636363636364,0.9771241830065359,0.969281045751634,0.984313725490196,1530
IVFNSGAIII_vs_NSGAIII,IGD,0.5,NSGAIII,0.44545454545454544,0.9771241830065359,0.969281045751634,0.984313725490196,1530
IVFNSGAIII_vs_NSGAIII,IGD,0.5,NSGAIII,0.4545454545454546,0.9777777777777777,0.9705882352941176,0.9843300653594771,1530
IVFNSGAIII_vs_NSGAIII,IGD,0.5,NSGAIII,0.4636363636363636,0.9777777777777777,0.9705882352941176,0.9843300653594771,1530
IVFNSGAIII_vs_NSGAIII,IGD,0.5,NSGAIII,0.47272727272727266,0.9784313725490196,0.9712418300653595,0.984967320261438,1530
IVFNSGAIII_vs_NSGAIII,IGD,0.5,NSGAIII,0.4818181818181818,0.9784313725490196,0.9712418300653595,0.984967320261438,1530
IVFNSGAIII_vs_NSGAIII,IGD,0.5,NSGAIII,0.49090909090909085,0.9784313725490196,0.9712418300653595,0.984967320261438,1530
IVFNSGAIII_vs_NSGAIII,IGD,0.5,NSGAIII,0.5,0.9784313725490196,0.9712418300653595,0.984967320261438,1530
IVFNSGAIII_vs_NSGAIII,IGD,0.5,NSGAIII,0.509090909090909,0.9790849673202614,0.9718954248366013,0.9856209150326798,1530
IVFNSGAIII_vs_NSGAIII,IGD,0.5,NSGAIII,0.5181818181818182,0.9797385620915032,0.9725490196078431,0.9862745098039216,1530
IVFNSGAIII_vs_NSGAIII,IGD,0.5,NSGAIII,0.5272727272727272,0.9797385620915032,0.9725490196078431,0.9862745098039216,1530
IVFNSGAIII_vs_NSGAIII,IGD,0.5,NSGAIII,0.5363636363636364,0.9797385620915032,0.9725490196078431,0.9862745098039216,1530
IVFNSGAIII_vs_NSGAIII,IGD,0.5,NSGAIII,0.5454545454545454,0.9797385620915032,0.9725490196078431,0.9862745098039216,1530
IVFNSGAIII_vs_NSGAIII,IGD,0.5,NSGAIII,0.5545454545454546,0.9797385620915032,0.9725490196078431,0.9862745098039216,1530
IVFNSGAIII_vs_NSGAIII,IGD,0.5,NSGAIII,0.5636363636363636,0.9797385620915032,0.9725490196078431,0.9862745098039216,1530
IVFNSGAIII_vs_NSGAIII,IGD,0.5,NSGAIII,0.5727272727272728,0.9797385620915032,0.9725490196078431,0.9862745098039216,1530
IVFNSGAIII_vs_NSGAIII,IGD,0.5,NSGAIII,0.5818181818181818,0.9797385620915032,0.9725490196078431,0.9862745098039216,1530
IVFNSGAIII_vs_NSGAIII,IGD,0.5,NSGAIII,0.5909090909090909,0.9797385620915032,0.9725490196078431,0.9862745098039216,1530
IVFNSGAIII_vs_NSGAIII,IGD,0.5,NSGAIII,0.6,0.9803921568627451,0.973202614379085,0.9869281045751634,1530
IVFNSGAIII_vs_NSGAIII,IGD,0.5,NSGAIII,0.609090909090909,0.9803921568627451,0.973202614379085,0.9869281045751634,1530
IVFNSGAIII_vs_NSGAIII,IGD,0.5,NSGAIII,0.6181818181818182,0.9803921568627451,0.973202614379085,0.9869281045751634,1530
IVFNSGAIII_vs_NSGAIII,IGD,0.5,NSGAIII,0.6272727272727272,0.9803921568627451,0.973202614379085,0.9869281045751634,1530
IVFNSGAIII_vs_NSGAIII,IGD,0.5,NSGAIII,0.6363636363636364,0.9803921568627451,0.973202614379085,0.9869281045751634,1530
IVFNSGAIII_vs_NSGAIII,IGD,0.5,NSGAIII,0.6454545454545454,0.9803921568627451,0.973202614379085,0.9869281045751634,1530
IVFNSGAIII_vs_NSGAIII,IGD,0.5,NSGAIII,0.6545454545454545,0.9803921568627451,0.973202614379085,0.9869281045751634,1530
IVFNSGAIII_vs_NSGAIII,IGD,0.5,NSGAIII,0.6636363636363636,0.9803921568627451,0.973202614379085,0.9869281045751634,1530
IVFNSGAIII_vs_NSGAIII,IGD,0.5,NSGAIII,0.6727272727272727,0.9803921568627451,0.973202614379085,0.9869281045751634,1530
IVFNSGAIII_vs_NSGAIII,IGD,0.5,NSGAIII,0.6818181818181818,0.9816993464052287,0.9751633986928104,0.9875980392156863,1530
IVFNSGAIII_vs_NSGAIII,IGD,0.5,NSGAIII,0.6909090909090908,0.9816993464052287,0.9751633986928104,0.9875980392156863,1530
IVFNSGAIII_vs_NSGAIII,IGD,0.5,NSGAIII,0.7,0.9816993464052287,0.9751633986928104,0.9875980392156863,1530
IVFNSGAIII_vs_NSGAIII,IGD,0.5,NSGAIII,0.709090909090909,0.9816993464052287,0.9751633986928104,0.9875980392156863,1530
IVFNSGAIII_vs_NSGAIII,IGD,0.5,NSGAIII,0.7181818181818181,0.9816993464052287,0.9751633986928104,0.9875980392156863,1530
IVFNSGAIII_vs_NSGAIII,IGD,0.5,NSGAIII,0.7272727272727272,0.9823529411764705,0.9758169934640523,0.9882352941176471,1530
IVFNSGAIII_vs_NSGAIII,IGD,0.5,NSGAIII,0.7363636363636363,0.9823529411764705,0.9758169934640523,0.9882352941176471,1530
IVFNSGAIII_vs_NSGAIII,IGD,0.5,NSGAIII,0.7454545454545454,0.9823529411764705,0.9758169934640523,0.9882352941176471,1530
IVFNSGAIII_vs_NSGAIII,IGD,0.5,NSGAIII,0.7545454545454545,0.9823529411764705,0.9758169934640523,0.9882352941176471,1530
IVFNSGAIII_vs_NSGAIII,IGD,0.5,NSGAIII,0.7636363636363636,0.9823529411764705,0.9758169934640523,0.9882352941176471,1530
IVFNSGAIII_vs_NSGAIII,IGD,0.5,NSGAIII,0.7727272727272727,0.9823529411764705,0.9758169934640523,0.9882352941176471,1530
IVFNSGAIII_vs_NSGAIII,IGD,0.5,NSGAIII,0.7818181818181817,0.9823529411764705,0.9758169934640523,0.9882352941176471,1530
IVFNSGAIII_vs_NSGAIII,IGD,0.5,NSGAIII,0.7909090909090909,0.9823529411764705,0.9758169934640523,0.9882352941176471,1530
IVFNSGAIII_vs_NSGAIII,IGD,0.5,NSGAIII,0.7999999999999999,0.9823529411764705,0.9758169934640523,0.9882352941176471,1530
IVFNSGAIII_vs_NSGAIII,IGD,0.5,NSGAIII,0.8090909090909091,0.9823529411764705,0.9758169934640523,0.9882352941176471,1530
IVFNSGAIII_vs_NSGAIII,IGD,0.5,NSGAIII,0.8181818181818181,0.9823529411764705,0.9758169934640523,0.9882352941176471,1530
IVFNSGAIII_vs_NSGAIII,IGD,0.5,NSGAIII,0.8272727272727273,0.9823529411764705,0.9758169934640523,0.9882352941176471,1530
IVFNSGAIII_vs_NSGAIII,IGD,0.5,NSGAIII,0.8363636363636363,0.9823529411764705,0.9758169934640523,0.9882352941176471,1530
IVFNSGAIII_vs_NSGAIII,IGD,0.5,NSGAIII,0.8454545454545453,0.9823529411764705,0.9758169934640523,0.9882352941176471,1530
IVFNSGAIII_vs_NSGAIII,IGD,0.5,NSGAIII,0.8545454545454545,0.9823529411764705,0.9758169934640523,0.9882352941176471,1530
IVFNSGAIII_vs_NSGAIII,IGD,0.5,NSGAIII,0.8636363636363635,0.9823529411764705,0.9758169934640523,0.9882352941176471,1530
IVFNSGAIII_vs_NSGAIII,IGD,0.5,NSGAIII,0.8727272727272727,0.9823529411764705,0.9758169934640523,0.9882352941176471,1530
IVFNSGAIII_vs_NSGAIII,IGD,0.5,NSGAIII,0.8818181818181817,0.9823529411764705,0.9758169934640523,0.9882352941176471,1530
IVFNSGAIII_vs_NSGAIII,IGD,0.5,NSGAIII,0.8909090909090909,0.9823529411764705,0.9758169934640523,0.9882352941176471,1530
IVFNSGAIII_vs_NSGAIII,IGD,0.5,NSGAIII,0.8999999999999999,0.9823529411764705,0.9758169934640523,0.9882352941176471,1530
IVFNSGAIII_vs_NSGAIII,IGD,0.5,NSGAIII,0.9090909090909091,0.9823529411764705,0.9758169934640523,0.9882352941176471,1530
IVFNSGAIII_vs_NSGAIII,IGD,0.5,NSGAIII,0.9181818181818181,0.9823529411764705,0.9758169934640523,0.9882352941176471,1530
IVFNSGAIII_vs_NSGAIII,IGD,0.5,NSGAIII,0.9272727272727272,0.9823529411764705,0.9758169934640523,0.9882352941176471,1530
IVFNSGAIII_vs_NSGAIII,IGD,0.5,NSGAIII,0.9363636363636363,0.9823529411764705,0.9758169934640523,0.9882352941176471,1530
IVFNSGAIII_vs_NSGAIII,IGD,0.5,NSGAIII,0.9454545454545454,0.9823529411764705,0.9758169934640523,0.9882352941176471,1530
IVFNSGAIII_vs_NSGAIII,IGD,0.5,NSGAIII,0.9545454545454545,0.9823529411764705,0.9758169934640523,0.9882352941176471,1530
IVFNSGAIII_vs_NSGAIII,IGD,0.5,NSGAIII,0.9636363636363636,0.9830065359477124,0.9764705882352941,0.9888888888888889,1530
IVFNSGAIII_vs_NSGAIII,IGD,0.5,NSGAIII,0.9727272727272727,0.9830065359477124,0.9764705882352941,0.9888888888888889,1530
IVFNSGAIII_vs_NSGAIII,IGD,0.5,NSGAIII,0.9818181818181817,0.9830065359477124,0.9764705882352941,0.9888888888888889,1530
IVFNSGAIII_vs_NSGAIII,IGD,0.5,NSGAIII,0.9909090909090909,0.9830065359477124,0.9764705882352941,0.9888888888888889,1530
IVFNSGAIII_vs_NSGAIII,IGD,0.5,NSGAIII,1.0,0.9830065359477124,0.9764705882352941,0.9888888888888889,1530
IVFNSGAIII_vs_NSGAIII,IGD,0.25,IVFNSGAIII,0.1,0.3150326797385621,0.29410130718954247,0.338562091503268,1530
IVFNSGAIII_vs_NSGAIII,IGD,0.25,IVFNSGAIII,0.1090909090909091,0.33398692810457514,0.31176470588235294,0.35751633986928105,1530
IVFNSGAIII_vs_NSGAIII,IGD,0.25,IVFNSGAIII,0.1181818181818182,0.3503267973856209,0.32679738562091504,0.37450980392156863,1530
IVFNSGAIII_vs_NSGAIII,IGD,0.25,IVFNSGAIII,0.1272727272727273,0.3784313725490196,0.35490196078431374,0.403921568627451,1530
IVFNSGAIII_vs_NSGAIII,IGD,0.25,IVFNSGAIII,0.13636363636363635,0.4176470588235294,0.3934640522875817,0.44313725490196076,1530
IVFNSGAIII_vs_NSGAIII,IGD,0.25,IVFNSGAIII,0.14545454545454545,0.47058823529411764,0.44640522875816996,0.4947712418300654,1530
IVFNSGAIII_vs_NSGAIII,IGD,0.25,IVFNSGAIII,0.15454545454545454,0.5281045751633987,0.5032679738562091,0.5509967320261439,1530
IVFNSGAIII_vs_NSGAIII,IGD,0.25,IVFNSGAIII,0.16363636363636364,0.5901960784313726,0.5640522875816993,0.6137418300653595,1530
IVFNSGAIII_vs_NSGAIII,IGD,0.25,IVFNSGAIII,0.17272727272727273,0.6522875816993464,0.6281045751633987,0.6745261437908497,1530
IVFNSGAIII_vs_NSGAIII,IGD,0.25,IVFNSGAIII,0.18181818181818182,0.7124183006535948,0.6908496732026144,0.7333333333333333,1530
IVFNSGAIII_vs_NSGAIII,IGD,0.25,IVFNSGAIII,0.19090909090909092,0.7568627450980392,0.7372549019607844,0.7777777777777778,1530
IVFNSGAIII_vs_NSGAIII,IGD,0.25,IVFNSGAIII,0.2,0.7843137254901961,0.7640359477124182,0.8032679738562092,1530
IVFNSGAIII_vs_NSGAIII,IGD,0.25,IVFNSGAIII,0.2090909090909091,0.7915032679738562,0.7712418300653595,0.8098039215686275,1530
IVFNSGAIII_vs_NSGAIII,IGD,0.25,IVFNSGAIII,0.2181818181818182,0.8006535947712419,0.7816993464052288,0.818954248366013,1530
IVFNSGAIII_vs_NSGAIII,IGD,0.25,IVFNSGAIII,0.22727272727272727,0.803921568627451,0.7856209150326797,0.8222222222222222,1530
IVFNSGAIII_vs_NSGAIII,IGD,0.25,IVFNSGAIII,0.23636363636363636,0.8111111111111111,0.7928104575163398,0.8294117647058824,1530
IVFNSGAIII_vs_NSGAIII,IGD,0.25,IVFNSGAIII,0.24545454545454545,0.8150326797385621,0.7967320261437908,0.8333333333333334,1530
IVFNSGAIII_vs_NSGAIII,IGD,0.25,IVFNSGAIII,0.2545454545454545,0.8196078431372549,0.8013071895424837,0.8379248366013072,1530
IVFNSGAIII_vs_NSGAIII,IGD,0.25,IVFNSGAIII,0.26363636363636367,0.8222222222222222,0.8039052287581699,0.8411764705882353,1530
IVFNSGAIII_vs_NSGAIII,IGD,0.25,IVFNSGAIII,0.2727272727272727,0.8287581699346406,0.8104575163398693,0.8477124183006536,1530
IVFNSGAIII_vs_NSGAIII,IGD,0.25,IVFNSGAIII,0.28181818181818186,0.834640522875817,0.8163398692810457,0.8523039215686274,1530
IVFNSGAIII_vs_NSGAIII,IGD,0.25,IVFNSGAIII,0.2909090909090909,0.8398692810457516,0.8215686274509804,0.8581699346405228,1530
IVFNSGAIII_vs_NSGAIII,IGD,0.25,IVFNSGAIII,0.3,0.8457516339869281,0.8280882352941176,0.8627614379084968,1530
IVFNSGAIII_vs_NSGAIII,IGD,0.25,IVFNSGAIII,0.3090909090909091,0.8470588235294118,0.8294117647058824,0.8647058823529412,1530
IVFNSGAIII_vs_NSGAIII,IGD,0.25,IVFNSGAIII,0.3181818181818182,0.8496732026143791,0.8320261437908497,0.8673202614379085,1530
IVFNSGAIII_vs_NSGAIII,IGD,0.25,IVFNSGAIII,0.32727272727272727,0.8522875816993464,0.834640522875817,0.8699346405228758,1530
IVFNSGAIII_vs_NSGAIII,IGD,0.25,IVFNSGAIII,0.33636363636363636,0.8542483660130719,0.8359477124183007,0.8712418300653595,1530
IVFNSGAIII_vs_NSGAIII,IGD,0.25,IVFNSGAIII,0.34545454545454546,0.8601307189542484,0.8431209150326797,0.8771241830065359,1530
IVFNSGAIII_vs_NSGAIII,IGD,0.25,IVFNSGAIII,0.3545454545454545,0.865359477124183,0.8490032679738562,0.8823529411764706,1530
IVFNSGAIII_vs_NSGAIII,IGD,0.25,IVFNSGAIII,0.36363636363636365,0.8666666666666667,0.8509803921568627,0.8836601307189542,1530
IVFNSGAIII_vs_NSGAIII,IGD,0.25,IVFNSGAIII,0.3727272727272727,0.8679738562091504,0.8522875816993464,0.8849673202614379,1530
IVFNSGAIII_vs_NSGAIII,IGD,0.25,IVFNSGAIII,0.38181818181818183,0.8712418300653595,0.8548856209150326,0.888235294117647,1530
IVFNSGAIII_vs_NSGAIII,IGD,0.25,IVFNSGAIII,0.3909090909090909,0.873202614379085,0.8568627450980392,0.8895424836601307,1530
IVFNSGAIII_vs_NSGAIII,IGD,0.25,IVFNSGAIII,0.4,0.8758169934640523,0.8581699346405228,0.8921732026143792,1530
IVFNSGAIII_vs_NSGAIII,IGD,0.25,IVFNSGAIII,0.40909090909090906,0.8771241830065359,0.8607843137254902,0.8941176470588236,1530
IVFNSGAIII_vs_NSGAIII,IGD,0.25,IVFNSGAIII,0.4181818181818182,0.8771241830065359,0.8607843137254902,0.8941176470588236,1530
IVFNSGAIII_vs_NSGAIII,IGD,0.25,IVFNSGAIII,0.42727272727272725,0.8790849673202614,0.8627287581699347,0.8960784313725491,1530
IVFNSGAIII_vs_NSGAIII,IGD,0.25,IVFNSGAIII,0.4363636363636364,0.8836601307189542,0.8673202614379085,0.9,1530
IVFNSGAIII_vs_NSGAIII,IGD,0.25,IVFNSGAIII,0.44545454545454544,0.8862745098039215,0.8699346405228758,0.9019607843137255,1530
IVFNSGAIII_vs_NSGAIII,IGD,0.25,IVFNSGAIII,0.4545454545454546,0.8875816993464052,0.8718954248366013,0.9026143790849673,1530
IVFNSGAIII_vs_NSGAIII,IGD,0.25,IVFNSGAIII,0.4636363636363636,0.8888888888888888,0.8725490196078431,0.9045751633986928,1530
IVFNSGAIII_vs_NSGAIII,IGD,0.25,IVFNSGAIII,0.47272727272727266,0.8888888888888888,0.8725490196078431,0.9045751633986928,1530
IVFNSGAIII_vs_NSGAIII,IGD,0.25,IVFNSGAIII,0.4818181818181818,0.8915032679738563,0.8751633986928105,0.9065359477124183,1530
IVFNSGAIII_vs_NSGAIII,IGD,0.25,IVFNSGAIII,0.49090909090909085,0.8934640522875817,0.8771241830065359,0.9084967320261438,1530
IVFNSGAIII_vs_NSGAIII,IGD,0.25,IVFNSGAIII,0.5,0.8947712418300654,0.8784313725490196,0.9091666666666667,1530
IVFNSGAIII_vs_NSGAIII,IGD,0.25,IVFNSGAIII,0.509090909090909,0.8980392156862745,0.8823529411764706,0.9124346405228758,1530
IVFNSGAIII_vs_NSGAIII,IGD,0.25,IVFNSGAIII,0.5181818181818182,0.8986928104575164,0.8830065359477124,0.9130718954248366,1530
IVFNSGAIII_vs_NSGAIII,IGD,0.25,IVFNSGAIII,0.5272727272727272,0.8993464052287582,0.884297385620915,0.9137254901960784,1530
IVFNSGAIII_vs_NSGAIII,IGD,0.25,IVFNSGAIII,0.5363636363636364,0.9006535947712418,0.8849673202614379,0.9150326797385621,1530
IVFNSGAIII_vs_NSGAIII,IGD,0.25,IVFNSGAIII,0.5454545454545454,0.9013071895424837,0.8856209150326797,0.9156862745098039,1530
IVFNSGAIII_vs_NSGAIII,IGD,0.25,IVFNSGAIII,0.5545454545454546,0.9026143790849673,0.8869281045751634,0.9169934640522875,1530
IVFNSGAIII_vs_NSGAIII,IGD,0.25,IVFNSGAIII,0.5636363636363636,0.903921568627451,0.888235294117647,0.9183169934640523,1530
IVFNSGAIII_vs_NSGAIII,IGD,0.25,IVFNSGAIII,0.5727272727272728,0.9045751633986928,0.8895424836601307,0.918954248366013,1530
IVFNSGAIII_vs_NSGAIII,IGD,0.25,IVFNSGAIII,0.5818181818181818,0.9065359477124183,0.8921568627450981,0.9209150326797385,1530
IVFNSGAIII_vs_NSGAIII,IGD,0.25,IVFNSGAIII,0.5909090909090909,0.907843137254902,0.8934477124183007,0.9215686274509803,1530
IVFNSGAIII_vs_NSGAIII,IGD,0.25,IVFNSGAIII,0.6,0.907843137254902,0.8934477124183007,0.9215686274509803,1530
IVFNSGAIII_vs_NSGAIII,IGD,0.25,IVFNSGAIII,0.609090909090909,0.9098039215686274,0.8954248366013072,0.9235294117647059,1530
IVFNSGAIII_vs_NSGAIII,IGD,0.25,IVFNSGAIII,0.6181818181818182,0.9104575163398693,0.8960784313725491,0.9241830065359478,1530
IVFNSGAIII_vs_NSGAIII,IGD,0.25,IVFNSGAIII,0.6272727272727272,0.9117647058823529,0.8980392156862745,0.9261437908496732,1530
IVFNSGAIII_vs_NSGAIII,IGD,0.25,IVFNSGAIII,0.6363636363636364,0.9117647058823529,0.8980392156862745,0.9261437908496732,1530
IVFNSGAIII_vs_NSGAIII,IGD,0.25,IVFNSGAIII,0.6454545454545454,0.9117647058823529,0.8980392156862745,0.9261437908496732,1530
IVFNSGAIII_vs_NSGAIII,IGD,0.25,IVFNSGAIII,0.6545454545454545,0.9117647058823529,0.8980392156862745,0.9261437908496732,1530
IVFNSGAIII_vs_NSGAIII,IGD,0.25,IVFNSGAIII,0.6636363636363636,0.9124183006535947,0.8986928104575164,0.9261601307189543,1530
IVFNSGAIII_vs_NSGAIII,IGD,0.25,IVFNSGAIII,0.6727272727272727,0.9124183006535947,0.8986928104575164,0.9261601307189543,1530
IVFNSGAIII_vs_NSGAIII,IGD,0.25,IVFNSGAIII,0.6818181818181818,0.9124183006535947,0.8986928104575164,0.9261601307189543,1530
IVFNSGAIII_vs_NSGAIII,IGD,0.25,IVFNSGAIII,0.6909090909090908,0.9124183006535947,0.8986928104575164,0.9261601307189543,1530
IVFNSGAIII_vs_NSGAIII,IGD,0.25,IVFNSGAIII,0.7,0.9137254901960784,0.9,0.9274509803921569,1530
IVFNSGAIII_vs_NSGAIII,IGD,0.25,IVFNSGAIII,0.709090909090909,0.9137254901960784,0.9,0.9274509803921569,1530
IVFNSGAIII_vs_NSGAIII,IGD,0.25,IVFNSGAIII,0.7181818181818181,0.9137254901960784,0.9,0.9274509803921569,1530
IVFNSGAIII_vs_NSGAIII,IGD,0.25,IVFNSGAIII,0.7272727272727272,0.9137254901960784,0.9,0.9274509803921569,1530
IVFNSGAIII_vs_NSGAIII,IGD,0.25,IVFNSGAIII,0.7363636363636363,0.9143790849673202,0.9006535947712418,0.9281045751633987,1530
IVFNSGAIII_vs_NSGAIII,IGD,0.25,IVFNSGAIII,0.7454545454545454,0.9143790849673202,0.9006535947712418,0.9281045751633987,1530
IVFNSGAIII_vs_NSGAIII,IGD,0.25,IVFNSGAIII,0.7545454545454545,0.9150326797385621,0.9013071895424837,0.9287745098039216,1530
IVFNSGAIII_vs_NSGAIII,IGD,0.25,IVFNSGAIII,0.7636363636363636,0.9156862745098039,0.9019607843137255,0.9300653594771242,1530
IVFNSGAIII_vs_NSGAIII,IGD,0.25,IVFNSGAIII,0.7727272727272727,0.9156862745098039,0.9019607843137255,0.9300653594771242,1530
IVFNSGAIII_vs_NSGAIII,IGD,0.25,IVFNSGAIII,0.7818181818181817,0.9163398692810457,0.9026143790849673,0.930718954248366,1530
IVFNSGAIII_vs_NSGAIII,IGD,0.25,IVFNSGAIII,0.7909090909090909,0.9163398692810457,0.9026143790849673,0.930718954248366,1530
IVFNSGAIII_vs_NSGAIII,IGD,0.25,IVFNSGAIII,0.7999999999999999,0.9176470588235294,0.903921568627451,0.9313888888888889,1530
IVFNSGAIII_vs_NSGAIII,IGD,0.25,IVFNSGAIII,0.8090909090909091,0.9183006535947712,0.9045588235294117,0.9320261437908497,1530
IVFNSGAIII_vs_NSGAIII,IGD,0.25,IVFNSGAIII,0.8181818181818181,0.918954248366013,0.9052124183006536,0.9326960784313726,1530
IVFNSGAIII_vs_NSGAIII,IGD,0.25,IVFNSGAIII,0.8272727272727273,0.918954248366013,0.9052124183006536,0.9326960784313726,1530
IVFNSGAIII_vs_NSGAIII,IGD,0.25,IVFNSGAIII,0.8363636363636363,0.9196078431372549,0.9058823529411765,0.9333333333333333,1530
IVFNSGAIII_vs_NSGAIII,IGD,0.25,IVFNSGAIII,0.8454545454545453,0.9196078431372549,0.9058823529411765,0.9333333333333333,1530
IVFNSGAIII_vs_NSGAIII,IGD,0.25,IVFNSGAIII,0.8545454545454545,0.9202614379084967,0.9065359477124183,0.9339869281045752,1530
IVFNSGAIII_vs_NSGAIII,IGD,0.25,IVFNSGAIII,0.8636363636363635,0.9215686274509803,0.9084967320261438,0.9352941176470588,1530
IVFNSGAIII_vs_NSGAIII,IGD,0.25,IVFNSGAIII,0.8727272727272727,0.9215686274509803,0.9084967320261438,0.9352941176470588,1530
IVFNSGAIII_vs_NSGAIII,IGD,0.25,IVFNSGAIII,0.8818181818181817,0.9215686274509803,0.9084967320261438,0.9352941176470588,1530
IVFNSGAIII_vs_NSGAIII,IGD,0.25,IVFNSGAIII,0.8909090909090909,0.9215686274509803,0.9084967320261438,0.9352941176470588,1530
IVFNSGAIII_vs_NSGAIII,IGD,0.25,IVFNSGAIII,0.8999999999999999,0.9215686274509803,0.9084967320261438,0.9352941176470588,1530
IVFNSGAIII_vs_NSGAIII,IGD,0.25,IVFNSGAIII,0.9090909090909091,0.9215686274509803,0.9084967320261438,0.9352941176470588,1530
IVFNSGAIII_vs_NSGAIII,IGD,0.25,IVFNSGAIII,0.9181818181818181,0.9215686274509803,0.9084967320261438,0.9352941176470588,1530
IVFNSGAIII_vs_NSGAIII,IGD,0.25,IVFNSGAIII,0.9272727272727272,0.9222222222222223,0.9091503267973856,0.9352941176470588,1530
IVFNSGAIII_vs_NSGAIII,IGD,0.25,IVFNSGAIII,0.9363636363636363,0.9228758169934641,0.9098039215686274,0.9359477124183007,1530
IVFNSGAIII_vs_NSGAIII,IGD,0.25,IVFNSGAIII,0.9454545454545454,0.9228758169934641,0.9098039215686274,0.9359477124183007,1530
IVFNSGAIII_vs_NSGAIII,IGD,0.25,IVFNSGAIII,0.9545454545454545,0.9235294117647059,0.9098039215686274,0.9366176470588236,1530
IVFNSGAIII_vs_NSGAIII,IGD,0.25,IVFNSGAIII,0.9636363636363636,0.9235294117647059,0.9098039215686274,0.9366176470588236,1530
IVFNSGAIII_vs_NSGAIII,IGD,0.25,IVFNSGAIII,0.9727272727272727,0.9235294117647059,0.9098039215686274,0.9366176470588236,1530
IVFNSGAIII_vs_NSGAIII,IGD,0.25,IVFNSGAIII,0.9818181818181817,0.9235294117647059,0.9098039215686274,0.9366176470588236,1530
IVFNSGAIII_vs_NSGAIII,IGD,0.25,IVFNSGAIII,0.9909090909090909,0.9241830065359478,0.9104575163398693,0.9372549019607843,1530
IVFNSGAIII_vs_NSGAIII,IGD,0.25,IVFNSGAIII,1.0,0.9248366013071896,0.9111111111111111,0.9379084967320261,1530
IVFNSGAIII_vs_NSGAIII,IGD,0.25,NSGAIII,0.1,0.38562091503267976,0.36209150326797385,0.41045751633986927,1530
IVFNSGAIII_vs_NSGAIII,IGD,0.25,NSGAIII,0.1090909090909091,0.4111111111111111,0.38756535947712417,0.43596405228758167,1530
IVFNSGAIII_vs_NSGAIII,IGD,0.25,NSGAIII,0.1181818181818182,0.43594771241830066,0.4111111111111111,0.4620915032679739,1530
IVFNSGAIII_vs_NSGAIII,IGD,0.25,NSGAIII,0.1272727272727273,0.46862745098039216,0.4437908496732026,0.4947712418300654,1530
IVFNSGAIII_vs_NSGAIII,IGD,0.25,NSGAIII,0.13636363636363635,0.5071895424836601,0.4816830065359477,0.5326797385620915,1530
IVFNSGAIII_vs_NSGAIII,IGD,0.25,NSGAIII,0.14545454545454545,0.5601307189542484,0.5352777777777777,0.5856209150326798,1530
IVFNSGAIII_vs_NSGAIII,IGD,0.25,NSGAIII,0.15454545454545454,0.6065359477124183,0.5810294117647059,0.6313888888888889,1530
IVFNSGAIII_vs_NSGAIII,IGD,0.25,NSGAIII,0.16363636363636364,0.6588235294117647,0.6339869281045751,0.6836764705882353,1530
IVFNSGAIII_vs_NSGAIII,IGD,0.25,NSGAIII,0.17272727272727273,0.7013071895424836,0.6777777777777778,0.7261601307189542,1530
IVFNSGAIII_vs_NSGAIII,IGD,0.25,NSGAIII,0.18181818181818182,0.7392156862745098,0.7176470588235294,0.7620915032679738,1530
IVFNSGAIII_vs_NSGAIII,IGD,0.25,NSGAIII,0.19090909090909092,0.773202614379085,0.7522875816993464,0.7947712418300653,1530
IVFNSGAIII_vs_NSGAIII,IGD,0.25,NSGAIII,0.2,0.7993464052287582,0.7797385620915033,0.8196078431372549,1530
IVFNSGAIII_vs_NSGAIII,IGD,0.25,NSGAIII,0.2090909090909091,0.8058823529411765,0.7862745098039216,0.8255065359477124,1530
IVFNSGAIII_vs_NSGAIII,IGD,0.25,NSGAIII,0.2181818181818182,0.8098039215686275,0.7901960784313725,0.8281209150326797,1530
IVFNSGAIII_vs_NSGAIII,IGD,0.25,NSGAIII,0.22727272727272727,0.8143790849673203,0.7947712418300653,0.8333333333333334,1530
IVFNSGAIII_vs_NSGAIII,IGD,0.25,NSGAIII,0.23636363636363636,0.8183006535947712,0.7986764705882353,0.8366013071895425,1530
IVFNSGAIII_vs_NSGAIII,IGD,0.25,NSGAIII,0.24545454545454545,0.8222222222222222,0.8026143790849674,0.8405228758169935,1530
IVFNSGAIII_vs_NSGAIII,IGD,0.25,NSGAIII,0.2545454545454545,0.8248366013071895,0.8058660130718954,0.8431372549019608,1530
IVFNSGAIII_vs_NSGAIII,IGD,0.25,NSGAIII,0.26363636363636367,0.8287581699346406,0.8097875816993464,0.846421568627451,1530
IVFNSGAIII_vs_NSGAIII,IGD,0.25,NSGAIII,0.2727272727272727,0.8366013071895425,0.8182843137254902,0.8549019607843137,1530
IVFNSGAIII_vs_NSGAIII,IGD,0.25,NSGAIII,0.28181818181818186,0.8379084967320262,0.8195915032679738,0.8562091503267973,1530
IVFNSGAIII_vs_NSGAIII,IGD,0.25,NSGAIII,0.2909090909090909,0.8398692810457516,0.8215522875816993,0.8581699346405228,1530
IVFNSGAIII_vs_NSGAIII,IGD,0.25,NSGAIII,0.3,0.8496732026143791,0.8307189542483661,0.8673202614379085,1530
IVFNSGAIII_vs_NSGAIII,IGD,0.25,NSGAIII,0.3090909090909091,0.8503267973856209,0.8313725490196079,0.8679738562091504,1530
IVFNSGAIII_vs_NSGAIII,IGD,0.25,NSGAIII,0.3181818181818182,0.8522875816993464,0.8333169934640523,0.8699346405228758,1530
IVFNSGAIII_vs_NSGAIII,IGD,0.25,NSGAIII,0.32727272727272727,0.8549019607843137,0.8366013071895425,0.8725490196078431,1530
IVFNSGAIII_vs_NSGAIII,IGD,0.25,NSGAIII,0.33636363636363636,0.8588235294117647,0.8405065359477124,0.8758169934640523,1530
IVFNSGAIII_vs_NSGAIII,IGD,0.25,NSGAIII,0.34545454545454546,0.8607843137254902,0.842483660130719,0.8777777777777778,1530
IVFNSGAIII_vs_NSGAIII,IGD,0.25,NSGAIII,0.3545454545454545,0.8620915032679739,0.8444281045751634,0.8790849673202614,1530
IVFNSGAIII_vs_NSGAIII,IGD,0.25,NSGAIII,0.36363636363636365,0.8647058823529412,0.8470588235294118,0.8816993464052287,1530
IVFNSGAIII_vs_NSGAIII,IGD,0.25,NSGAIII,0.3727272727272727,0.8686274509803922,0.8503267973856209,0.8856209150326797,1530
IVFNSGAIII_vs_NSGAIII,IGD,0.25,NSGAIII,0.38181818181818183,0.873202614379085,0.8555555555555555,0.8895588235294117,1530
IVFNSGAIII_vs_NSGAIII,IGD,0.25,NSGAIII,0.3909090909090909,0.8771241830065359,0.8601307189542484,0.8928104575163399,1530
IVFNSGAIII_vs_NSGAIII,IGD,0.25,NSGAIII,0.4,0.8836601307189542,0.8673202614379085,0.9,1530
IVFNSGAIII_vs_NSGAIII,IGD,0.25,NSGAIII,0.40909090909090906,0.884313725490196,0.8679738562091504,0.9006535947712418,1530
IVFNSGAIII_vs_NSGAIII,IGD,0.25,NSGAIII,0.4181818181818182,0.8862745098039215,0.8705882352941177,0.9026143790849673,1530
IVFNSGAIII_vs_NSGAIII,IGD,0.25,NSGAIII,0.42727272727272725,0.888235294117647,0.8718954248366013,0.9045751633986928,1530
IVFNSGAIII_vs_NSGAIII,IGD,0.25,NSGAIII,0.4363636363636364,0.8901960784313725,0.8738562091503268,0.9058823529411765,1530
IVFNSGAIII_vs_NSGAIII,IGD,0.25,NSGAIII,0.44545454545454544,0.8908496732026144,0.8751633986928105,0.9065359477124183,1530
IVFNSGAIII_vs_NSGAIII,IGD,0.25,NSGAIII,0.4545454545454546,0.8928104575163399,0.8777777777777778,0.907843137254902,1530
IVFNSGAIII_vs_NSGAIII,IGD,0.25,NSGAIII,0.4636363636363636,0.8928104575163399,0.8777777777777778,0.907843137254902,1530
IVFNSGAIII_vs_NSGAIII,IGD,0.25,NSGAIII,0.47272727272727266,0.8934640522875817,0.8784313725490196,0.9084967320261438,1530
IVFNSGAIII_vs_NSGAIII,IGD,0.25,NSGAIII,0.4818181818181818,0.8934640522875817,0.8784313725490196,0.9084967320261438,1530
IVFNSGAIII_vs_NSGAIII,IGD,0.25,NSGAIII,0.49090909090909085,0.8960784313725491,0.8816993464052287,0.9117647058823529,1530
IVFNSGAIII_vs_NSGAIII,IGD,0.25,NSGAIII,0.5,0.8993464052287582,0.8849673202614379,0.9137418300653595,1530
IVFNSGAIII_vs_NSGAIII,IGD,0.25,NSGAIII,0.509090909090909,0.9,0.8862745098039215,0.9150326797385621,1530
IVFNSGAIII_vs_NSGAIII,IGD,0.25,NSGAIII,0.5181818181818182,0.9006535947712418,0.8869281045751634,0.9150326797385621,1530
IVFNSGAIII_vs_NSGAIII,IGD,0.25,NSGAIII,0.5272727272727272,0.9013071895424837,0.8875653594771241,0.9156862745098039,1530
IVFNSGAIII_vs_NSGAIII,IGD,0.25,NSGAIII,0.5363636363636364,0.9026143790849673,0.8888888888888888,0.9169934640522875,1530
IVFNSGAIII_vs_NSGAIII,IGD,0.25,NSGAIII,0.5454545454545454,0.9026143790849673,0.8888888888888888,0.9169934640522875,1530
IVFNSGAIII_vs_NSGAIII,IGD,0.25,NSGAIII,0.5545454545454546,0.9032679738562092,0.8895261437908496,0.9170098039215686,1530
IVFNSGAIII_vs_NSGAIII,IGD,0.25,NSGAIII,0.5636363636363636,0.903921568627451,0.8901960784313725,0.9183006535947712,1530
IVFNSGAIII_vs_NSGAIII,IGD,0.25,NSGAIII,0.5727272727272728,0.903921568627451,0.8901960784313725,0.9183006535947712,1530
IVFNSGAIII_vs_NSGAIII,IGD,0.25,NSGAIII,0.5818181818181818,0.9052287581699346,0.8915032679738563,0.9189705882352941,1530
IVFNSGAIII_vs_NSGAIII,IGD,0.25,NSGAIII,0.5909090909090909,0.9058823529411765,0.8921568627450981,0.9196241830065359,1530
IVFNSGAIII_vs_NSGAIII,IGD,0.25,NSGAIII,0.6,0.9065359477124183,0.8928104575163399,0.9202614379084967,1530
IVFNSGAIII_vs_NSGAIII,IGD,0.25,NSGAIII,0.609090909090909,0.9065359477124183,0.8928104575163399,0.9202614379084967,1530
IVFNSGAIII_vs_NSGAIII,IGD,0.25,NSGAIII,0.6181818181818182,0.9065359477124183,0.8928104575163399,0.9202614379084967,1530
IVFNSGAIII_vs_NSGAIII,IGD,0.25,NSGAIII,0.6272727272727272,0.9071895424836601,0.8934640522875817,0.9209313725490196,1530
IVFNSGAIII_vs_NSGAIII,IGD,0.25,NSGAIII,0.6363636363636364,0.9071895424836601,0.8934640522875817,0.9209313725490196,1530
IVFNSGAIII_vs_NSGAIII,IGD,0.25,NSGAIII,0.6454545454545454,0.907843137254902,0.8941013071895425,0.9222222222222223,1530
IVFNSGAIII_vs_NSGAIII,IGD,0.25,NSGAIII,0.6545454545454545,0.9084967320261438,0.8941176470588236,0.9228758169934641,1530
IVFNSGAIII_vs_NSGAIII,IGD,0.25,NSGAIII,0.6636363636363636,0.9091503267973856,0.8947712418300654,0.9235294117647059,1530
IVFNSGAIII_vs_NSGAIII,IGD,0.25,NSGAIII,0.6727272727272727,0.9091503267973856,0.8947712418300654,0.9235294117647059,1530
IVFNSGAIII_vs_NSGAIII,IGD,0.25,NSGAIII,0.6818181818181818,0.9091503267973856,0.8947712418300654,0.9235294117647059,1530
IVFNSGAIII_vs_NSGAIII,IGD,0.25,NSGAIII,0.6909090909090908,0.9091503267973856,0.8947712418300654,0.9235294117647059,1530
IVFNSGAIII_vs_NSGAIII,IGD,0.25,NSGAIII,0.7,0.9098039215686274,0.8954248366013072,0.9241830065359478,1530
IVFNSGAIII_vs_NSGAIII,IGD,0.25,NSGAIII,0.709090909090909,0.9104575163398693,0.8960784313725491,0.9248366013071896,1530
IVFNSGAIII_vs_NSGAIII,IGD,0.25,NSGAIII,0.7181818181818181,0.9104575163398693,0.8960784313725491,0.9248366013071896,1530
IVFNSGAIII_vs_NSGAIII,IGD,0.25,NSGAIII,0.7272727272727272,0.9111111111111111,0.8973692810457516,0.9254901960784314,1530
IVFNSGAIII_vs_NSGAIII,IGD,0.25,NSGAIII,0.7363636363636363,0.9111111111111111,0.8973692810457516,0.9254901960784314,1530
IVFNSGAIII_vs_NSGAIII,IGD,0.25,NSGAIII,0.7454545454545454,0.9117647058823529,0.8973856209150327,0.9261437908496732,1530
IVFNSGAIII_vs_NSGAIII,IGD,0.25,NSGAIII,0.7545454545454545,0.9137254901960784,0.9,0.9268137254901961,1530
IVFNSGAIII_vs_NSGAIII,IGD,0.25,NSGAIII,0.7636363636363636,0.9143790849673202,0.9,0.9274509803921569,1530
IVFNSGAIII_vs_NSGAIII,IGD,0.25,NSGAIII,0.7727272727272727,0.9143790849673202,0.9,0.9274509803921569,1530
IVFNSGAIII_vs_NSGAIII,IGD,0.25,NSGAIII,0.7818181818181817,0.9143790849673202,0.9,0.9274509803921569,1530
IVFNSGAIII_vs_NSGAIII,IGD,0.25,NSGAIII,0.7909090909090909,0.9143790849673202,0.9,0.9274509803921569,1530
IVFNSGAIII_vs_NSGAIII,IGD,0.25,NSGAIII,0.7999999999999999,0.9143790849673202,0.9,0.9274509803921569,1530
IVFNSGAIII_vs_NSGAIII,IGD,0.25,NSGAIII,0.8090909090909091,0.9156862745098039,0.9019444444444444,0.9287581699346406,1530
IVFNSGAIII_vs_NSGAIII,IGD,0.25,NSGAIII,0.8181818181818181,0.9156862745098039,0.9019444444444444,0.9287581699346406,1530
IVFNSGAIII_vs_NSGAIII,IGD,0.25,NSGAIII,0.8272727272727273,0.9169934640522875,0.9026143790849673,0.9300653594771242,1530
IVFNSGAIII_vs_NSGAIII,IGD,0.25,NSGAIII,0.8363636363636363,0.918954248366013,0.9052287581699346,0.9313725490196079,1530
IVFNSGAIII_vs_NSGAIII,IGD,0.25,NSGAIII,0.8454545454545453,0.9196078431372549,0.9065196078431372,0.9326797385620915,1530
IVFNSGAIII_vs_NSGAIII,IGD,0.25,NSGAIII,0.8545454545454545,0.9202614379084967,0.9071895424836601,0.9333333333333333,1530
IVFNSGAIII_vs_NSGAIII,IGD,0.25,NSGAIII,0.8636363636363635,0.9202614379084967,0.9071895424836601,0.9333333333333333,1530
IVFNSGAIII_vs_NSGAIII,IGD,0.25,NSGAIII,0.8727272727272727,0.9202614379084967,0.9071895424836601,0.9333333333333333,1530
IVFNSGAIII_vs_NSGAIII,IGD,0.25,NSGAIII,0.8818181818181817,0.9202614379084967,0.9071895424836601,0.9333333333333333,1530
IVFNSGAIII_vs_NSGAIII,IGD,0.25,NSGAIII,0.8909090909090909,0.9202614379084967,0.9071895424836601,0.9333333333333333,1530
IVFNSGAIII_vs_NSGAIII,IGD,0.25,NSGAIII,0.8999999999999999,0.9202614379084967,0.9071895424836601,0.9333333333333333,1530
IVFNSGAIII_vs_NSGAIII,IGD,0.25,NSGAIII,0.9090909090909091,0.9202614379084967,0.9071895424836601,0.9333333333333333,1530
IVFNSGAIII_vs_NSGAIII,IGD,0.25,NSGAIII,0.9181818181818181,0.9202614379084967,0.9071895424836601,0.9333333333333333,1530
IVFNSGAIII_vs_NSGAIII,IGD,0.25,NSGAIII,0.9272727272727272,0.9202614379084967,0.9071895424836601,0.9333333333333333,1530
IVFNSGAIII_vs_NSGAIII,IGD,0.25,NSGAIII,0.9363636363636363,0.9209150326797385,0.907843137254902,0.9339869281045752,1530
IVFNSGAIII_vs_NSGAIII,IGD,0.25,NSGAIII,0.9454545454545454,0.9209150326797385,0.907843137254902,0.9339869281045752,1530
IVFNSGAIII_vs_NSGAIII,IGD,0.25,NSGAIII,0.9545454545454545,0.9209150326797385,0.907843137254902,0.9339869281045752,1530
IVFNSGAIII_vs_NSGAIII,IGD,0.25,NSGAIII,0.9636363636363636,0.9209150326797385,0.907843137254902,0.9339869281045752,1530
IVFNSGAIII_vs_NSGAIII,IGD,0.25,NSGAIII,0.9727272727272727,0.9209150326797385,0.907843137254902,0.9339869281045752,1530
IVFNSGAIII_vs_NSGAIII,IGD,0.25,NSGAIII,0.9818181818181817,0.9209150326797385,0.907843137254902,0.9339869281045752,1530
IVFNSGAIII_vs_NSGAIII,IGD,0.25,NSGAIII,0.9909090909090909,0.9215686274509803,0.9084967320261438,0.9339869281045752,1530
IVFNSGAIII_vs_NSGAIII,IGD,0.25,NSGAIII,1.0,0.9215686274509803,0.9084967320261438,0.9339869281045752,1530
IVFNSGAIII_vs_NSGAIII,IGD,0.1,IVFNSGAIII,0.1,0.18169934640522875,0.16143790849673204,0.20066993464052288,1530
IVFNSGAIII_vs_NSGAIII,IGD,0.1,IVFNSGAIII,0.1090909090909091,0.19150326797385622,0.17058823529411765,0.20980392156862746,1530
IVFNSGAIII_vs_NSGAIII,IGD,0.1,IVFNSGAIII,0.1181818181818182,0.2,0.1784313725490196,0.2196078431372549,1530
IVFNSGAIII_vs_NSGAIII,IGD,0.1,IVFNSGAIII,0.1272727272727273,0.20784313725490197,0.18627450980392157,0.22745098039215686,1530
IVFNSGAIII_vs_NSGAIII,IGD,0.1,IVFNSGAIII,0.13636363636363635,0.2196078431372549,0.19738562091503267,0.23986928104575164,1530
IVFNSGAIII_vs_NSGAIII,IGD,0.1,IVFNSGAIII,0.14545454545454545,0.23529411764705882,0.2130718954248366,0.2568627450980392,1530
IVFNSGAIII_vs_NSGAIII,IGD,0.1,IVFNSGAIII,0.15454545454545454,0.25359477124183005,0.23137254901960785,0.27387254901960784,1530
IVFNSGAIII_vs_NSGAIII,IGD,0.1,IVFNSGAIII,0.16363636363636364,0.28366013071895424,0.261421568627451,0.3058823529411765,1530
IVFNSGAIII_vs_NSGAIII,IGD,0.1,IVFNSGAIII,0.17272727272727273,0.32287581699346407,0.29934640522875816,0.34642156862745094,1530
IVFNSGAIII_vs_NSGAIII,IGD,0.1,IVFNSGAIII,0.18181818181818182,0.42483660130718953,0.3993464052287582,0.4516503267973856,1530
IVFNSGAIII_vs_NSGAIII,IGD,0.1,IVFNSGAIII,0.19090909090909092,0.5411764705882353,0.515686274509804,0.5673202614379085,1530
IVFNSGAIII_vs_NSGAIII,IGD,0.1,IVFNSGAIII,0.2,0.5973856209150327,0.5731699346405228,0.6228758169934641,1530
IVFNSGAIII_vs_NSGAIII,IGD,0.1,IVFNSGAIII,0.2090909090909091,0.6045751633986928,0.5797222222222222,0.6300816993464052,1530
IVFNSGAIII_vs_NSGAIII,IGD,0.1,IVFNSGAIII,0.2181818181818182,0.6176470588235294,0.5908496732026144,0.6444444444444445,1530
IVFNSGAIII_vs_NSGAIII,IGD,0.1,IVFNSGAIII,0.22727272727272727,0.626797385620915,0.6025980392156862,0.6535947712418301,1530
IVFNSGAIII_vs_NSGAIII,IGD,0.1,IVFNSGAIII,0.23636363636363636,0.642483660130719,0.6169934640522876,0.6686274509803921,1530
IVFNSGAIII_vs_NSGAIII,IGD,0.1,IVFNSGAIII,0.24545454545454545,0.657516339869281,0.6320261437908496,0.6823529411764706,1530
IVFNSGAIII_vs_NSGAIII,IGD,0.1,IVFNSGAIII,0.2545454545454545,0.6692810457516339,0.6444281045751634,0.6941176470588235,1530
IVFNSGAIII_vs_NSGAIII,IGD,0.1,IVFNSGAIII,0.26363636363636367,0.6830065359477124,0.6601143790849673,0.7065686274509804,1530
IVFNSGAIII_vs_NSGAIII,IGD,0.1,IVFNSGAIII,0.2727272727272727,0.7006535947712418,0.6784150326797386,0.7254901960784313,1530
IVFNSGAIII_vs_NSGAIII,IGD,0.1,IVFNSGAIII,0.28181818181818186,0.7098039215686275,0.6869281045751634,0.7339869281045751,1530
IVFNSGAIII_vs_NSGAIII,IGD,0.1,IVFNSGAIII,0.2909090909090909,0.7196078431372549,0.696078431372549,0.7437908496732026,1530
IVFNSGAIII_vs_NSGAIII,IGD,0.1,IVFNSGAIII,0.3,0.7294117647058823,0.7065359477124183,0.7529411764705882,1530
IVFNSGAIII_vs_NSGAIII,IGD,0.1,IVFNSGAIII,0.3090909090909091,0.7339869281045751,0.711764705882353,0.7581699346405228,1530
IVFNSGAIII_vs_NSGAIII,IGD,0.1,IVFNSGAIII,0.3181818181818182,0.7366013071895425,0.7143627450980392,0.7601633986928104,1530
IVFNSGAIII_vs_NSGAIII,IGD,0.1,IVFNSGAIII,0.32727272727272727,0.7392156862745098,0.7169771241830065,0.7627450980392156,1530
IVFNSGAIII_vs_NSGAIII,IGD,0.1,IVFNSGAIII,0.33636363636363636,0.7405228758169935,0.7182843137254902,0.7640522875816993,1530
IVFNSGAIII_vs_NSGAIII,IGD,0.1,IVFNSGAIII,0.34545454545454546,0.7437908496732026,0.7215686274509804,0.7666666666666667,1530
IVFNSGAIII_vs_NSGAIII,IGD,0.1,IVFNSGAIII,0.3545454545454545,0.7457516339869281,0.7241830065359477,0.7686274509803922,1530
IVFNSGAIII_vs_NSGAIII,IGD,0.1,IVFNSGAIII,0.36363636363636365,0.7457516339869281,0.7241830065359477,0.7686274509803922,1530
IVFNSGAIII_vs_NSGAIII,IGD,0.1,IVFNSGAIII,0.3727272727272727,0.74640522875817,0.7241830065359477,0.769281045751634,1530
IVFNSGAIII_vs_NSGAIII,IGD,0.1,IVFNSGAIII,0.38181818181818183,0.7483660130718954,0.7267810457516339,0.7712418300653595,1530
IVFNSGAIII_vs_NSGAIII,IGD,0.1,IVFNSGAIII,0.3909090909090909,0.7503267973856209,0.7281045751633987,0.7725653594771242,1530
IVFNSGAIII_vs_NSGAIII,IGD,0.1,IVFNSGAIII,0.4,0.7509803921568627,0.7281045751633987,0.7738562091503268,1530
IVFNSGAIII_vs_NSGAIII,IGD,0.1,IVFNSGAIII,0.40909090909090906,0.7522875816993464,0.7300653594771241,0.7738725490196079,1530
IVFNSGAIII_vs_NSGAIII,IGD,0.1,IVFNSGAIII,0.4181818181818182,0.75359477124183,0.7320098039215686,0.7764869281045752,1530
IVFNSGAIII_vs_NSGAIII,IGD,0.1,IVFNSGAIII,0.42727272727272725,0.7542483660130719,0.7326633986928104,0.777124183006536,1530
IVFNSGAIII_vs_NSGAIII,IGD,0.1,IVFNSGAIII,0.4363636363636364,0.7542483660130719,0.7326633986928104,0.777124183006536,1530
IVFNSGAIII_vs_NSGAIII,IGD,0.1,IVFNSGAIII,0.44545454545454544,0.7549019607843137,0.7326797385620915,0.7777777777777778,1530
IVFNSGAIII_vs_NSGAIII,IGD,0.1,IVFNSGAIII,0.4545454545454546,0.7562091503267974,0.7339869281045751,0.7784313725490196,1530
IVFNSGAIII_vs_NSGAIII,IGD,0.1,IVFNSGAIII,0.4636363636363636,0.7568627450980392,0.7352777777777778,0.7790849673202614,1530
IVFNSGAIII_vs_NSGAIII,IGD,0.1,IVFNSGAIII,0.47272727272727266,0.757516339869281,0.7365849673202615,0.7791013071895425,1530
IVFNSGAIII_vs_NSGAIII,IGD,0.1,IVFNSGAIII,0.4818181818181818,0.7594771241830065,0.738545751633987,0.7816993464052288,1530
IVFNSGAIII_vs_NSGAIII,IGD,0.1,IVFNSGAIII,0.49090909090909085,0.7633986928104575,0.742483660130719,0.7856209150326797,1530
IVFNSGAIII_vs_NSGAIII,IGD,0.1,IVFNSGAIII,0.5,0.7647058823529411,0.7437908496732026,0.7869444444444444,1530
IVFNSGAIII_vs_NSGAIII,IGD,0.1,IVFNSGAIII,0.509090909090909,0.7647058823529411,0.7437908496732026,0.7869444444444444,1530
IVFNSGAIII_vs_NSGAIII,IGD,0.1,IVFNSGAIII,0.5181818181818182,0.7647058823529411,0.7437908496732026,0.7869444444444444,1530
IVFNSGAIII_vs_NSGAIII,IGD,0.1,IVFNSGAIII,0.5272727272727272,0.7647058823529411,0.7437908496732026,0.7869444444444444,1530
IVFNSGAIII_vs_NSGAIII,IGD,0.1,IVFNSGAIII,0.5363636363636364,0.7666666666666667,0.7463888888888889,0.7888888888888889,1530
IVFNSGAIII_vs_NSGAIII,IGD,0.1,IVFNSGAIII,0.5454545454545454,0.7673202614379085,0.74640522875817,0.7895424836601307,1530
IVFNSGAIII_vs_NSGAIII,IGD,0.1,IVFNSGAIII,0.5545454545454546,0.7673202614379085,0.74640522875817,0.7895424836601307,1530
IVFNSGAIII_vs_NSGAIII,IGD,0.1,IVFNSGAIII,0.5636363636363636,0.7673202614379085,0.74640522875817,0.7895424836601307,1530
IVFNSGAIII_vs_NSGAIII,IGD,0.1,IVFNSGAIII,0.5727272727272728,0.7679738562091504,0.7477124183006536,0.7901960784313725,1530
IVFNSGAIII_vs_NSGAIII,IGD,0.1,IVFNSGAIII,0.5818181818181818,0.7705882352941177,0.7503104575163398,0.7921732026143791,1530
IVFNSGAIII_vs_NSGAIII,IGD,0.1,IVFNSGAIII,0.5909090909090909,0.7712418300653595,0.7509640522875817,0.7928267973856209,1530
IVFNSGAIII_vs_NSGAIII,IGD,0.1,IVFNSGAIII,0.6,0.773202614379085,0.7529411764705882,0.7947712418300653,1530
IVFNSGAIII_vs_NSGAIII,IGD,0.1,IVFNSGAIII,0.609090909090909,0.773202614379085,0.7529411764705882,0.7947712418300653,1530
IVFNSGAIII_vs_NSGAIII,IGD,0.1,IVFNSGAIII,0.6181818181818182,0.7738562091503268,0.75359477124183,0.7954248366013071,1530
IVFNSGAIII_vs_NSGAIII,IGD,0.1,IVFNSGAIII,0.6272727272727272,0.7745098039215687,0.7542483660130719,0.7954411764705882,1530
IVFNSGAIII_vs_NSGAIII,IGD,0.1,IVFNSGAIII,0.6363636363636364,0.7745098039215687,0.7542483660130719,0.7954411764705882,1530
IVFNSGAIII_vs_NSGAIII,IGD,0.1,IVFNSGAIII,0.6454545454545454,0.7764705882352941,0.7561928104575163,0.7980392156862746,1530
IVFNSGAIII_vs_NSGAIII,IGD,0.1,IVFNSGAIII,0.6545454545454545,0.7777777777777778,0.7568627450980392,0.7993464052287582,1530
IVFNSGAIII_vs_NSGAIII,IGD,0.1,IVFNSGAIII,0.6636363636363636,0.7784313725490196,0.7581699346405228,0.7993627450980393,1530
IVFNSGAIII_vs_NSGAIII,IGD,0.1,IVFNSGAIII,0.6727272727272727,0.7803921568627451,0.7601307189542483,0.8013235294117648,1530
IVFNSGAIII_vs_NSGAIII,IGD,0.1,IVFNSGAIII,0.6818181818181818,0.7816993464052288,0.761437908496732,0.8026143790849674,1530
IVFNSGAIII_vs_NSGAIII,IGD,0.1,IVFNSGAIII,0.6909090909090908,0.7830065359477124,0.7627287581699346,0.803921568627451,1530
IVFNSGAIII_vs_NSGAIII,IGD,0.1,IVFNSGAIII,0.7,0.7843137254901961,0.7640522875816993,0.8052287581699347,1530
IVFNSGAIII_vs_NSGAIII,IGD,0.1,IVFNSGAIII,0.709090909090909,0.7849673202614379,0.7647058823529411,0.8058986928104576,1530
IVFNSGAIII_vs_NSGAIII,IGD,0.1,IVFNSGAIII,0.7181818181818181,0.7869281045751634,0.7673202614379085,0.8072058823529412,1530
IVFNSGAIII_vs_NSGAIII,IGD,0.1,IVFNSGAIII,0.7272727272727272,0.788235294117647,0.7686274509803922,0.8085130718954249,1530
IVFNSGAIII_vs_NSGAIII,IGD,0.1,IVFNSGAIII,0.7363636363636363,0.788235294117647,0.7686274509803922,0.8085130718954249,1530
IVFNSGAIII_vs_NSGAIII,IGD,0.1,IVFNSGAIII,0.7454545454545454,0.7908496732026143,0.7712418300653595,0.8111111111111111,1530
IVFNSGAIII_vs_NSGAIII,IGD,0.1,IVFNSGAIII,0.7545454545454545,0.7934640522875817,0.7738562091503268,0.8137254901960784,1530
IVFNSGAIII_vs_NSGAIII,IGD,0.1,IVFNSGAIII,0.7636363636363636,0.7947712418300653,0.7758169934640523,0.8156862745098039,1530
IVFNSGAIII_vs_NSGAIII,IGD,0.1,IVFNSGAIII,0.7727272727272727,0.7947712418300653,0.7758169934640523,0.8156862745098039,1530
IVFNSGAIII_vs_NSGAIII,IGD,0.1,IVFNSGAIII,0.7818181818181817,0.7967320261437908,0.777124183006536,0.8169934640522876,1530
IVFNSGAIII_vs_NSGAIII,IGD,0.1,IVFNSGAIII,0.7909090909090909,0.7973856209150327,0.7784313725490196,0.8176470588235294,1530
IVFNSGAIII_vs_NSGAIII,IGD,0.1,IVFNSGAIII,0.7999999999999999,0.7993464052287582,0.7803921568627451,0.8202614379084967,1530
IVFNSGAIII_vs_NSGAIII,IGD,0.1,IVFNSGAIII,0.8090909090909091,0.8,0.7810294117647059,0.8209150326797385,1530
IVFNSGAIII_vs_NSGAIII,IGD,0.1,IVFNSGAIII,0.8181818181818181,0.8006535947712419,0.7816993464052288,0.8209150326797385,1530
IVFNSGAIII_vs_NSGAIII,IGD,0.1,IVFNSGAIII,0.8272727272727273,0.8019607843137255,0.7830065359477124,0.8222385620915033,1530
IVFNSGAIII_vs_NSGAIII,IGD,0.1,IVFNSGAIII,0.8363636363636363,0.8045751633986928,0.7856209150326797,0.8254901960784313,1530
IVFNSGAIII_vs_NSGAIII,IGD,0.1,IVFNSGAIII,0.8454545454545453,0.8065359477124183,0.7875816993464052,0.8274509803921568,1530
IVFNSGAIII_vs_NSGAIII,IGD,0.1,IVFNSGAIII,0.8545454545454545,0.8065359477124183,0.7875816993464052,0.8274509803921568,1530
IVFNSGAIII_vs_NSGAIII,IGD,0.1,IVFNSGAIII,0.8636363636363635,0.807843137254902,0.788235294117647,0.8287581699346406,1530
IVFNSGAIII_vs_NSGAIII,IGD,0.1,IVFNSGAIII,0.8727272727272727,0.8104575163398693,0.7908496732026143,0.8307189542483661,1530
IVFNSGAIII_vs_NSGAIII,IGD,0.1,IVFNSGAIII,0.8818181818181817,0.8117647058823529,0.792156862745098,0.8326797385620915,1530
IVFNSGAIII_vs_NSGAIII,IGD,0.1,IVFNSGAIII,0.8909090909090909,0.8130718954248366,0.7934640522875817,0.8339869281045752,1530
IVFNSGAIII_vs_NSGAIII,IGD,0.1,IVFNSGAIII,0.8999999999999999,0.8156862745098039,0.7967320261437908,0.8366013071895425,1530
IVFNSGAIII_vs_NSGAIII,IGD,0.1,IVFNSGAIII,0.9090909090909091,0.8169934640522876,0.7973856209150327,0.8372549019607843,1530
IVFNSGAIII_vs_NSGAIII,IGD,0.1,IVFNSGAIII,0.9181818181818181,0.8183006535947712,0.799983660130719,0.838562091503268,1530
IVFNSGAIII_vs_NSGAIII,IGD,0.1,IVFNSGAIII,0.9272727272727272,0.8183006535947712,0.799983660130719,0.838562091503268,1530
IVFNSGAIII_vs_NSGAIII,IGD,0.1,IVFNSGAIII,0.9363636363636363,0.8196078431372549,0.8012908496732026,0.8392320261437909,1530
IVFNSGAIII_vs_NSGAIII,IGD,0.1,IVFNSGAIII,0.9454545454545454,0.8209150326797385,0.8026143790849674,0.8398856209150327,1530
IVFNSGAIII_vs_NSGAIII,IGD,0.1,IVFNSGAIII,0.9545454545454545,0.8235294117647058,0.8052287581699347,0.8431372549019608,1530
IVFNSGAIII_vs_NSGAIII,IGD,0.1,IVFNSGAIII,0.9636363636363636,0.8254901960784313,0.8071732026143791,0.8444607843137255,1530
IVFNSGAIII_vs_NSGAIII,IGD,0.1,IVFNSGAIII,0.9727272727272727,0.826797385620915,0.8084967320261438,0.8457679738562092,1530
IVFNSGAIII_vs_NSGAIII,IGD,0.1,IVFNSGAIII,0.9818181818181817,0.8281045751633986,0.8098039215686275,0.8470588235294118,1530
IVFNSGAIII_vs_NSGAIII,IGD,0.1,IVFNSGAIII,0.9909090909090909,0.8287581699346406,0.8104411764705882,0.8477124183006536,1530
IVFNSGAIII_vs_NSGAIII,IGD,0.1,IVFNSGAIII,1.0,0.8307189542483661,0.8124183006535948,0.850343137254902,1530
IVFNSGAIII_vs_NSGAIII,IGD,0.1,NSGAIII,0.1,0.22091503267973855,0.2,0.24313725490196078,1530
IVFNSGAIII_vs_NSGAIII,IGD,0.1,NSGAIII,0.1090909090909091,0.22418300653594772,0.20326797385620915,0.24640522875816995,1530
IVFNSGAIII_vs_NSGAIII,IGD,0.1,NSGAIII,0.1181818181818182,0.23202614379084968,0.21045751633986928,0.25359477124183005,1530
IVFNSGAIII_vs_NSGAIII,IGD,0.1,NSGAIII,0.1272727272727273,0.24313725490196078,0.22091503267973855,0.2647058823529412,1530
IVFNSGAIII_vs_NSGAIII,IGD,0.1,NSGAIII,0.13636363636363635,0.2568627450980392,0.23398692810457516,0.2784313725490196,1530
IVFNSGAIII_vs_NSGAIII,IGD,0.1,NSGAIII,0.14545454545454545,0.2784313725490196,0.2549019607843137,0.30066993464052283,1530
IVFNSGAIII_vs_NSGAIII,IGD,0.1,NSGAIII,0.15454545454545454,0.29934640522875816,0.2758169934640523,0.32287581699346407,1530
IVFNSGAIII_vs_NSGAIII,IGD,0.1,NSGAIII,0.16363636363636364,0.3352941176470588,0.3111111111111111,0.36013071895424836,1530
IVFNSGAIII_vs_NSGAIII,IGD,0.1,NSGAIII,0.17272727272727273,0.39673202614379083,0.37254901960784315,0.42223856209150323,1530
IVFNSGAIII_vs_NSGAIII,IGD,0.1,NSGAIII,0.18181818181818182,0.49411764705882355,0.46862745098039216,0.5209150326797386,1530
IVFNSGAIII_vs_NSGAIII,IGD,0.1,NSGAIII,0.19090909090909092,0.5784313725490197,0.5509803921568628,0.6052287581699346,1530
IVFNSGAIII_vs_NSGAIII,IGD,0.1,NSGAIII,0.2,0.6261437908496732,0.6006372549019607,0.6523039215686275,1530
IVFNSGAIII_vs_NSGAIII,IGD,0.1,NSGAIII,0.2090909090909091,0.6366013071895424,0.611764705882353,0.6620915032679738,1530
IVFNSGAIII_vs_NSGAIII,IGD,0.1,NSGAIII,0.2181818181818182,0.6477124183006536,0.6228758169934641,0.6732189542483661,1530
IVFNSGAIII_vs_NSGAIII,IGD,0.1,NSGAIII,0.22727272727272727,0.6555555555555556,0.630718954248366,0.681045751633987,1530
IVFNSGAIII_vs_NSGAIII,IGD,0.1,NSGAIII,0.23636363636363636,0.6673202614379085,0.6431372549019608,0.692156862745098,1530
IVFNSGAIII_vs_NSGAIII,IGD,0.1,NSGAIII,0.24545454545454545,0.6764705882352942,0.6529248366013072,0.7013071895424836,1530
IVFNSGAIII_vs_NSGAIII,IGD,0.1,NSGAIII,0.2545454545454545,0.6915032679738562,0.6666503267973856,0.7156862745098039,1530
IVFNSGAIII_vs_NSGAIII,IGD,0.1,NSGAIII,0.26363636363636367,0.7032679738562092,0.6790849673202615,0.7281209150326797,1530
IVFNSGAIII_vs_NSGAIII,IGD,0.1,NSGAIII,0.2727272727272727,0.7130718954248366,0.6895261437908496,0.7366013071895425,1530
IVFNSGAIII_vs_NSGAIII,IGD,0.1,NSGAIII,0.28181818181818186,0.7209150326797386,0.6967320261437908,0.7444444444444445,1530
IVFNSGAIII_vs_NSGAIII,IGD,0.1,NSGAIII,0.2909090909090909,0.730718954248366,0.7071895424836602,0.7542483660130719,1530
IVFNSGAIII_vs_NSGAIII,IGD,0.1,NSGAIII,0.3,0.7366013071895425,0.7137254901960784,0.7588398692810457,1530
IVFNSGAIII_vs_NSGAIII,IGD,0.1,NSGAIII,0.3090909090909091,0.7398692810457517,0.7176307189542483,0.7620915032679738,1530
IVFNSGAIII_vs_NSGAIII,IGD,0.1,NSGAIII,0.3181818181818182,0.7411764705882353,0.7189542483660131,0.7640522875816993,1530
IVFNSGAIII_vs_NSGAIII,IGD,0.1,NSGAIII,0.32727272727272727,0.742483660130719,0.7209150326797386,0.765359477124183,1530
IVFNSGAIII_vs_NSGAIII,IGD,0.1,NSGAIII,0.33636363636363636,0.7444444444444445,0.722859477124183,0.7673202614379085,1530
IVFNSGAIII_vs_NSGAIII,IGD,0.1,NSGAIII,0.34545454545454546,0.7483660130718954,0.7261437908496732,0.7712418300653595,1530
IVFNSGAIII_vs_NSGAIII,IGD,0.1,NSGAIII,0.3545454545454545,0.7509803921568627,0.7293790849673202,0.7725653594771242,1530
IVFNSGAIII_vs_NSGAIII,IGD,0.1,NSGAIII,0.36363636363636365,0.7522875816993464,0.7300490196078431,0.7738562091503268,1530
IVFNSGAIII_vs_NSGAIII,IGD,0.1,NSGAIII,0.3727272727272727,0.75359477124183,0.7326797385620915,0.7751633986928105,1530
IVFNSGAIII_vs_NSGAIII,IGD,0.1,NSGAIII,0.38181818181818183,0.7549019607843137,0.7333333333333333,0.7758169934640523,1530
IVFNSGAIII_vs_NSGAIII,IGD,0.1,NSGAIII,0.3909090909090909,0.7562091503267974,0.734640522875817,0.777140522875817,1530
IVFNSGAIII_vs_NSGAIII,IGD,0.1,NSGAIII,0.4,0.7568627450980392,0.7352777777777778,0.7784313725490196,1530
IVFNSGAIII_vs_NSGAIII,IGD,0.1,NSGAIII,0.40909090909090906,0.7581699346405228,0.7365849673202615,0.7790849673202614,1530
IVFNSGAIII_vs_NSGAIII,IGD,0.1,NSGAIII,0.4181818181818182,0.7607843137254902,0.738562091503268,0.7823529411764706,1530
IVFNSGAIII_vs_NSGAIII,IGD,0.1,NSGAIII,0.42727272727272725,0.7607843137254902,0.738562091503268,0.7823529411764706,1530
IVFNSGAIII_vs_NSGAIII,IGD,0.1,NSGAIII,0.4363636363636364,0.761437908496732,0.7392156862745098,0.7830065359477124,1530
IVFNSGAIII_vs_NSGAIII,IGD,0.1,NSGAIII,0.44545454545454544,0.761437908496732,0.7392156862745098,0.7830065359477124,1530
IVFNSGAIII_vs_NSGAIII,IGD,0.1,NSGAIII,0.4545454545454546,0.7627450980392156,0.7411764705882353,0.7836601307189542,1530
IVFNSGAIII_vs_NSGAIII,IGD,0.1,NSGAIII,0.4636363636363636,0.7633986928104575,0.7418300653594772,0.7843137254901961,1530
IVFNSGAIII_vs_NSGAIII,IGD,0.1,NSGAIII,0.47272727272727266,0.765359477124183,0.7437908496732026,0.7862908496732026,1530
IVFNSGAIII_vs_NSGAIII,IGD,0.1,NSGAIII,0.4818181818181818,0.7679738562091504,0.74640522875817,0.7882516339869281,1530
IVFNSGAIII_vs_NSGAIII,IGD,0.1,NSGAIII,0.49090909090909085,0.769281045751634,0.7476960784313725,0.7908496732026143,1530
IVFNSGAIII_vs_NSGAIII,IGD,0.1,NSGAIII,0.5,0.769281045751634,0.7476960784313725,0.7908496732026143,1530
IVFNSGAIII_vs_NSGAIII,IGD,0.1,NSGAIII,0.509090909090909,0.7699346405228759,0.7483660130718954,0.7908660130718954,1530
IVFNSGAIII_vs_NSGAIII,IGD,0.1,NSGAIII,0.5181818181818182,0.7705882352941177,0.7490196078431373,0.792156862745098,1530
IVFNSGAIII_vs_NSGAIII,IGD,0.1,NSGAIII,0.5272727272727272,0.7725490196078432,0.7509803921568627,0.7934803921568627,1530
IVFNSGAIII_vs_NSGAIII,IGD,0.1,NSGAIII,0.5363636363636364,0.7738562091503268,0.7529248366013072,0.7954248366013071,1530
IVFNSGAIII_vs_NSGAIII,IGD,0.1,NSGAIII,0.5454545454545454,0.7738562091503268,0.7529248366013072,0.7954248366013071,1530
IVFNSGAIII_vs_NSGAIII,IGD,0.1,NSGAIII,0.5545454545454546,0.7738562091503268,0.7529248366013072,0.7954248366013071,1530
IVFNSGAIII_vs_NSGAIII,IGD,0.1,NSGAIII,0.5636363636363636,0.7751633986928105,0.7542320261437908,0.7967320261437908,1530
IVFNSGAIII_vs_NSGAIII,IGD,0.1,NSGAIII,0.5727272727272728,0.7764705882352941,0.7549019607843137,0.7980392156862746,1530
IVFNSGAIII_vs_NSGAIII,IGD,0.1,NSGAIII,0.5818181818181818,0.7764705882352941,0.7549019607843137,0.7980392156862746,1530
IVFNSGAIII_vs_NSGAIII,IGD,0.1,NSGAIII,0.5909090909090909,0.7790849673202614,0.757516339869281,0.8,1530
IVFNSGAIII_vs_NSGAIII,IGD,0.1,NSGAIII,0.6,0.7816993464052288,0.7594771241830065,0.8032679738562092,1530
IVFNSGAIII_vs_NSGAIII,IGD,0.1,NSGAIII,0.609090909090909,0.7830065359477124,0.761437908496732,0.803921568627451,1530
IVFNSGAIII_vs_NSGAIII,IGD,0.1,NSGAIII,0.6181818181818182,0.7843137254901961,0.7627450980392156,0.8052287581699347,1530
IVFNSGAIII_vs_NSGAIII,IGD,0.1,NSGAIII,0.6272727272727272,0.7843137254901961,0.7627450980392156,0.8052287581699347,1530
IVFNSGAIII_vs_NSGAIII,IGD,0.1,NSGAIII,0.6363636363636364,0.7843137254901961,0.7627450980392156,0.8052287581699347,1530
IVFNSGAIII_vs_NSGAIII,IGD,0.1,NSGAIII,0.6454545454545454,0.7862745098039216,0.765359477124183,0.8071895424836601,1530
IVFNSGAIII_vs_NSGAIII,IGD,0.1,NSGAIII,0.6545454545454545,0.7875816993464052,0.7660130718954249,0.8084967320261438,1530
IVFNSGAIII_vs_NSGAIII,IGD,0.1,NSGAIII,0.6636363636363636,0.788235294117647,0.7666666666666667,0.8091503267973856,1530
IVFNSGAIII_vs_NSGAIII,IGD,0.1,NSGAIII,0.6727272727272727,0.7888888888888889,0.7673202614379085,0.8098039215686275,1530
IVFNSGAIII_vs_NSGAIII,IGD,0.1,NSGAIII,0.6818181818181818,0.7915032679738562,0.7699346405228759,0.8124183006535948,1530
IVFNSGAIII_vs_NSGAIII,IGD,0.1,NSGAIII,0.6909090909090908,0.7928104575163398,0.7712418300653595,0.8130882352941177,1530
IVFNSGAIII_vs_NSGAIII,IGD,0.1,NSGAIII,0.7,0.7928104575163398,0.7712418300653595,0.8130882352941177,1530
IVFNSGAIII_vs_NSGAIII,IGD,0.1,NSGAIII,0.709090909090909,0.7954248366013071,0.7738562091503268,0.8156862745098039,1530
IVFNSGAIII_vs_NSGAIII,IGD,0.1,NSGAIII,0.7181818181818181,0.7967320261437908,0.7751633986928105,0.8170098039215686,1530
IVFNSGAIII_vs_NSGAIII,IGD,0.1,NSGAIII,0.7272727272727272,0.7986928104575164,0.7777614379084967,0.8196078431372549,1530
IVFNSGAIII_vs_NSGAIII,IGD,0.1,NSGAIII,0.7363636363636363,0.7986928104575164,0.7777614379084967,0.8196078431372549,1530
IVFNSGAIII_vs_NSGAIII,IGD,0.1,NSGAIII,0.7454545454545454,0.8,0.7784313725490196,0.8209150326797385,1530
IVFNSGAIII_vs_NSGAIII,IGD,0.1,NSGAIII,0.7545454545454545,0.8006535947712419,0.7790849673202614,0.8215686274509804,1530
IVFNSGAIII_vs_NSGAIII,IGD,0.1,NSGAIII,0.7636363636363636,0.8026143790849674,0.7816830065359477,0.822875816993464,1530
IVFNSGAIII_vs_NSGAIII,IGD,0.1,NSGAIII,0.7727272727272727,0.8052287581699347,0.784297385620915,0.8254901960784313,1530
IVFNSGAIII_vs_NSGAIII,IGD,0.1,NSGAIII,0.7818181818181817,0.8084967320261438,0.7875816993464052,0.8287581699346406,1530
IVFNSGAIII_vs_NSGAIII,IGD,0.1,NSGAIII,0.7909090909090909,0.8104575163398693,0.7895424836601307,0.8313725490196079,1530
IVFNSGAIII_vs_NSGAIII,IGD,0.1,NSGAIII,0.7999999999999999,0.8124183006535948,0.7921405228758169,0.8326797385620915,1530
IVFNSGAIII_vs_NSGAIII,IGD,0.1,NSGAIII,0.8090909090909091,0.8130718954248366,0.792156862745098,0.8333333333333334,1530
IVFNSGAIII_vs_NSGAIII,IGD,0.1,NSGAIII,0.8181818181818181,0.8137254901960784,0.7934640522875817,0.8339869281045752,1530
IVFNSGAIII_vs_NSGAIII,IGD,0.1,NSGAIII,0.8272727272727273,0.8137254901960784,0.7934640522875817,0.8339869281045752,1530
IVFNSGAIII_vs_NSGAIII,IGD,0.1,NSGAIII,0.8363636363636363,0.8150326797385621,0.7947549019607842,0.8346568627450981,1530
IVFNSGAIII_vs_NSGAIII,IGD,0.1,NSGAIII,0.8454545454545453,0.8156862745098039,0.7947712418300653,0.8352941176470589,1530
IVFNSGAIII_vs_NSGAIII,IGD,0.1,NSGAIII,0.8545454545454545,0.8156862745098039,0.7947712418300653,0.8352941176470589,1530
IVFNSGAIII_vs_NSGAIII,IGD,0.1,NSGAIII,0.8636363636363635,0.8169934640522876,0.7967156862745097,0.8366176470588236,1530
IVFNSGAIII_vs_NSGAIII,IGD,0.1,NSGAIII,0.8727272727272727,0.8183006535947712,0.7980392156862746,0.838562091503268,1530
IVFNSGAIII_vs_NSGAIII,IGD,0.1,NSGAIII,0.8818181818181817,0.8196078431372549,0.799983660130719,0.8398692810457516,1530
IVFNSGAIII_vs_NSGAIII,IGD,0.1,NSGAIII,0.8909090909090909,0.8196078431372549,0.799983660130719,0.8398692810457516,1530
IVFNSGAIII_vs_NSGAIII,IGD,0.1,NSGAIII,0.8999999999999999,0.8215686274509804,0.8019607843137255,0.8411764705882353,1530
IVFNSGAIII_vs_NSGAIII,IGD,0.1,NSGAIII,0.9090909090909091,0.8215686274509804,0.8019607843137255,0.8411764705882353,1530
IVFNSGAIII_vs_NSGAIII,IGD,0.1,NSGAIII,0.9181818181818181,0.822875816993464,0.8032679738562092,0.8418464052287582,1530
IVFNSGAIII_vs_NSGAIII,IGD,0.1,NSGAIII,0.9272727272727272,0.8241830065359477,0.8045588235294118,0.8437908496732026,1530
IVFNSGAIII_vs_NSGAIII,IGD,0.1,NSGAIII,0.9363636363636363,0.826797385620915,0.807843137254902,0.8457516339869281,1530
IVFNSGAIII_vs_NSGAIII,IGD,0.1,NSGAIII,0.9454545454545454,0.8274509803921568,0.8084967320261438,0.846421568627451,1530
IVFNSGAIII_vs_NSGAIII,IGD,0.1,NSGAIII,0.9545454545454545,0.8274509803921568,0.8084967320261438,0.846421568627451,1530
IVFNSGAIII_vs_NSGAIII,IGD,0.1,NSGAIII,0.9636363636363636,0.8287581699346406,0.8091503267973856,0.8477124183006536,1530
IVFNSGAIII_vs_NSGAIII,IGD,0.1,NSGAIII,0.9727272727272727,0.8287581699346406,0.8091503267973856,0.8477124183006536,1530
IVFNSGAIII_vs_NSGAIII,IGD,0.1,NSGAIII,0.9818181818181817,0.8287581699346406,0.8091503267973856,0.8477124183006536,1530
IVFNSGAIII_vs_NSGAIII,IGD,0.1,NSGAIII,0.9909090909090909,0.8287581699346406,0.8091503267973856,0.8477124183006536,1530
IVFNSGAIII_vs_NSGAIII,IGD,0.1,NSGAIII,1.0,0.8307189542483661,0.8117647058823529,0.8496732026143791,1530
IVFNSGAIII_vs_NSGAIII,HV,0.5,IVFNSGAIII,0.1,0.34444444444444444,0.3208823529411765,0.3686274509803922,1530
IVFNSGAIII_vs_NSGAIII,HV,0.5,IVFNSGAIII,0.1090909090909091,0.3712418300653595,0.3483660130718954,0.3954248366013072,1530
IVFNSGAIII_vs_NSGAIII,HV,0.5,IVFNSGAIII,0.1181818181818182,0.40522875816993464,0.3810457516339869,0.4300653594771242,1530
IVFNSGAIII_vs_NSGAIII,HV,0.5,IVFNSGAIII,0.1272727272727273,0.4627450980392157,0.43856209150326797,0.4875816993464052,1530
IVFNSGAIII_vs_NSGAIII,HV,0.5,IVFNSGAIII,0.13636363636363635,0.5241830065359477,0.4993300653594771,0.5496732026143791,1530
IVFNSGAIII_vs_NSGAIII,HV,0.5,IVFNSGAIII,0.14545454545454545,0.6013071895424836,0.5771241830065359,0.6241993464052288,1530
IVFNSGAIII_vs_NSGAIII,HV,0.5,IVFNSGAIII,0.15454545454545454,0.7006535947712418,0.6777614379084967,0.7235457516339869,1530
IVFNSGAIII_vs_NSGAIII,HV,0.5,IVFNSGAIII,0.16363636363636364,0.7542483660130719,0.7320261437908496,0.7758169934640523,1530
IVFNSGAIII_vs_NSGAIII,HV,0.5,IVFNSGAIII,0.17272727272727273,0.7888888888888889,0.7666666666666667,0.8098039215686275,1530
IVFNSGAIII_vs_NSGAIII,HV,0.5,IVFNSGAIII,0.18181818181818182,0.8150326797385621,0.7954084967320261,0.8346568627450981,1530
IVFNSGAIII_vs_NSGAIII,HV,0.5,IVFNSGAIII,0.19090909090909092,0.8287581699346406,0.8104575163398693,0.8483660130718954,1530
IVFNSGAIII_vs_NSGAIII,HV,0.5,IVFNSGAIII,0.2,0.838562091503268,0.8202614379084967,0.857516339869281,1530
IVFNSGAIII_vs_NSGAIII,HV,0.5,IVFNSGAIII,0.2090909090909091,0.8437908496732026,0.8261274509803921,0.8627614379084968,1530
IVFNSGAIII_vs_NSGAIII,HV,0.5,IVFNSGAIII,0.2181818181818182,0.8483660130718954,0.8300653594771242,0.8666830065359478,1530
IVFNSGAIII_vs_NSGAIII,HV,0.5,IVFNSGAIII,0.22727272727272727,0.8529411764705882,0.8359477124183007,0.8712418300653595,1530
IVFNSGAIII_vs_NSGAIII,HV,0.5,IVFNSGAIII,0.23636363636363636,0.857516339869281,0.8405228758169935,0.8751633986928105,1530
IVFNSGAIII_vs_NSGAIII,HV,0.5,IVFNSGAIII,0.24545454545454545,0.8640522875816994,0.8477124183006536,0.8810457516339869,1530
IVFNSGAIII_vs_NSGAIII,HV,0.5,IVFNSGAIII,0.2545454545454545,0.9071895424836601,0.8921568627450981,0.9215686274509803,1530
IVFNSGAIII_vs_NSGAIII,HV,0.5,IVFNSGAIII,0.26363636363636367,0.9183006535947712,0.9045751633986928,0.9320261437908497,1530
IVFNSGAIII_vs_NSGAIII,HV,0.5,IVFNSGAIII,0.2727272727272727,0.9248366013071896,0.9111111111111111,0.9379084967320261,1530
IVFNSGAIII_vs_NSGAIII,HV,0.5,IVFNSGAIII,0.28181818181818186,0.9274509803921569,0.9143790849673202,0.9398692810457516,1530
IVFNSGAIII_vs_NSGAIII,HV,0.5,IVFNSGAIII,0.2909090909090909,0.9300653594771242,0.9176307189542483,0.9424836601307189,1530
IVFNSGAIII_vs_NSGAIII,HV,0.5,IVFNSGAIII,0.3,0.9313725490196079,0.918954248366013,0.9437908496732026,1530
IVFNSGAIII_vs_NSGAIII,HV,0.5,IVFNSGAIII,0.3090909090909091,0.9366013071895425,0.9248366013071896,0.9490196078431372,1530
IVFNSGAIII_vs_NSGAIII,HV,0.5,IVFNSGAIII,0.3181818181818182,0.9424836601307189,0.9313725490196079,0.9535947712418301,1530
IVFNSGAIII_vs_NSGAIII,HV,0.5,IVFNSGAIII,0.32727272727272727,0.9450980392156862,0.9339869281045752,0.9562091503267974,1530
IVFNSGAIII_vs_NSGAIII,HV,0.5,IVFNSGAIII,0.33636363636363636,0.9470588235294117,0.9359477124183007,0.9588235294117647,1530
IVFNSGAIII_vs_NSGAIII,HV,0.5,IVFNSGAIII,0.34545454545454546,0.9522875816993464,0.9418300653594771,0.9627614379084968,1530
IVFNSGAIII_vs_NSGAIII,HV,0.5,IVFNSGAIII,0.3545454545454545,0.9679738562091503,0.9588235294117647,0.9764705882352941,1530
IVFNSGAIII_vs_NSGAIII,HV,0.5,IVFNSGAIII,0.36363636363636365,0.9725490196078431,0.9640522875816994,0.9803921568627451,1530
IVFNSGAIII_vs_NSGAIII,HV,0.5,IVFNSGAIII,0.3727272727272727,0.9745098039215686,0.9660130718954248,0.9817156862745098,1530
IVFNSGAIII_vs_NSGAIII,HV,0.5,IVFNSGAIII,0.38181818181818183,0.9758169934640523,0.9679738562091503,0.9830228758169934,1530
IVFNSGAIII_vs_NSGAIII,HV,0.5,IVFNSGAIII,0.3909090909090909,0.9764705882352941,0.9686274509803922,0.9836601307189542,1530
IVFNSGAIII_vs_NSGAIII,HV,0.5,IVFNSGAIII,0.4,0.9777777777777777,0.9699346405228758,0.984967320261438,1530
IVFNSGAIII_vs_NSGAIII,HV,0.5,IVFNSGAIII,0.40909090909090906,0.9784313725490196,0.9705882352941176,0.984967320261438,1530
IVFNSGAIII_vs_NSGAIII,HV,0.5,IVFNSGAIII,0.4181818181818182,0.9803921568627451,0.9725490196078431,0.9869281045751634,1530
IVFNSGAIII_vs_NSGAIII,HV,0.5,IVFNSGAIII,0.42727272727272725,0.9823529411764705,0.9751633986928104,0.9888888888888889,1530
IVFNSGAIII_vs_NSGAIII,HV,0.5,IVFNSGAIII,0.4363636363636364,0.9823529411764705,0.9751633986928104,0.9888888888888889,1530
IVFNSGAIII_vs_NSGAIII,HV,0.5,IVFNSGAIII,0.44545454545454544,0.9830065359477124,0.9758169934640523,0.9888888888888889,1530
IVFNSGAIII_vs_NSGAIII,HV,0.5,IVFNSGAIII,0.4545454545454546,0.9888888888888889,0.9830065359477124,0.9941176470588236,1530
IVFNSGAIII_vs_NSGAIII,HV,0.5,IVFNSGAIII,0.4636363636363636,0.9888888888888889,0.9830065359477124,0.9941176470588236,1530
IVFNSGAIII_vs_NSGAIII,HV,0.5,IVFNSGAIII,0.47272727272727266,0.9895424836601308,0.9836601307189542,0.9947712418300654,1530
IVFNSGAIII_vs_NSGAIII,HV,0.5,IVFNSGAIII,0.4818181818181818,0.9895424836601308,0.9836601307189542,0.9947712418300654,1530
IVFNSGAIII_vs_NSGAIII,HV,0.5,IVFNSGAIII,0.49090909090909085,0.9895424836601308,0.9836601307189542,0.9947712418300654,1530
IVFNSGAIII_vs_NSGAIII,HV,0.5,IVFNSGAIII,0.5,0.9895424836601308,0.9836601307189542,0.9947712418300654,1530
IVFNSGAIII_vs_NSGAIII,HV,0.5,IVFNSGAIII,0.509090909090909,0.9895424836601308,0.9836601307189542,0.9947712418300654,1530
IVFNSGAIII_vs_NSGAIII,HV,0.5,IVFNSGAIII,0.5181818181818182,0.9901960784313726,0.984313725490196,0.9947712418300654,1530
IVFNSGAIII_vs_NSGAIII,HV,0.5,IVFNSGAIII,0.5272727272727272,0.9901960784313726,0.984313725490196,0.9947712418300654,1530
IVFNSGAIII_vs_NSGAIII,HV,0.5,IVFNSGAIII,0.5363636363636364,0.9901960784313726,0.984313725490196,0.9947712418300654,1530
IVFNSGAIII_vs_NSGAIII,HV,0.5,IVFNSGAIII,0.5454545454545454,0.9901960784313726,0.984313725490196,0.9947712418300654,1530
IVFNSGAIII_vs_NSGAIII,HV,0.5,IVFNSGAIII,0.5545454545454546,0.9915032679738562,0.9862745098039216,0.996078431372549,1530
IVFNSGAIII_vs_NSGAIII,HV,0.5,IVFNSGAIII,0.5636363636363636,0.9915032679738562,0.9862745098039216,0.996078431372549,1530
IVFNSGAIII_vs_NSGAIII,HV,0.5,IVFNSGAIII,0.5727272727272728,0.9915032679738562,0.9862745098039216,0.996078431372549,1530
IVFNSGAIII_vs_NSGAIII,HV,0.5,IVFNSGAIII,0.5818181818181818,0.9915032679738562,0.9862745098039216,0.996078431372549,1530
IVFNSGAIII_vs_NSGAIII,HV,0.5,IVFNSGAIII,0.5909090909090909,0.9915032679738562,0.9862745098039216,0.996078431372549,1530
IVFNSGAIII_vs_NSGAIII,HV,0.5,IVFNSGAIII,0.6,0.9915032679738562,0.9862745098039216,0.996078431372549,1530
IVFNSGAIII_vs_NSGAIII,HV,0.5,IVFNSGAIII,0.609090909090909,0.9915032679738562,0.9862745098039216,0.996078431372549,1530
IVFNSGAIII_vs_NSGAIII,HV,0.5,IVFNSGAIII,0.6181818181818182,0.9915032679738562,0.9862745098039216,0.996078431372549,1530
IVFNSGAIII_vs_NSGAIII,HV,0.5,IVFNSGAIII,0.6272727272727272,0.9915032679738562,0.9862745098039216,0.996078431372549,1530
IVFNSGAIII_vs_NSGAIII,HV,0.5,IVFNSGAIII,0.6363636363636364,0.9915032679738562,0.9862745098039216,0.996078431372549,1530
IVFNSGAIII_vs_NSGAIII,HV,0.5,IVFNSGAIII,0.6454545454545454,0.9915032679738562,0.9862745098039216,0.996078431372549,1530
IVFNSGAIII_vs_NSGAIII,HV,0.5,IVFNSGAIII,0.6545454545454545,0.9921568627450981,0.9869281045751634,0.996078431372549,1530
IVFNSGAIII_vs_NSGAIII,HV,0.5,IVFNSGAIII,0.6636363636363636,0.9921568627450981,0.9869281045751634,0.996078431372549,1530
IVFNSGAIII_vs_NSGAIII,HV,0.5,IVFNSGAIII,0.6727272727272727,0.9921568627450981,0.9869281045751634,0.996078431372549,1530
IVFNSGAIII_vs_NSGAIII,HV,0.5,IVFNSGAIII,0.6818181818181818,0.9928104575163399,0.9882352941176471,0.9967320261437909,1530
IVFNSGAIII_vs_NSGAIII,HV,0.5,IVFNSGAIII,0.6909090909090908,0.9928104575163399,0.9882352941176471,0.9967320261437909,1530
IVFNSGAIII_vs_NSGAIII,HV,0.5,IVFNSGAIII,0.7,0.9928104575163399,0.9882352941176471,0.9967320261437909,1530
IVFNSGAIII_vs_NSGAIII,HV,0.5,IVFNSGAIII,0.709090909090909,0.9928104575163399,0.9882352941176471,0.9967320261437909,1530
IVFNSGAIII_vs_NSGAIII,HV,0.5,IVFNSGAIII,0.7181818181818181,0.9928104575163399,0.9882352941176471,0.9967320261437909,1530
IVFNSGAIII_vs_NSGAIII,HV,0.5,IVFNSGAIII,0.7272727272727272,0.9928104575163399,0.9882352941176471,0.9967320261437909,1530
IVFNSGAIII_vs_NSGAIII,HV,0.5,IVFNSGAIII,0.7363636363636363,0.9928104575163399,0.9882352941176471,0.9967320261437909,1530
IVFNSGAIII_vs_NSGAIII,HV,0.5,IVFNSGAIII,0.7454545454545454,0.9928104575163399,0.9882352941176471,0.9967320261437909,1530
IVFNSGAIII_vs_NSGAIII,HV,0.5,IVFNSGAIII,0.7545454545454545,0.9928104575163399,0.9882352941176471,0.9967320261437909,1530
IVFNSGAIII_vs_NSGAIII,HV,0.5,IVFNSGAIII,0.7636363636363636,0.9928104575163399,0.9882352941176471,0.9967320261437909,1530
IVFNSGAIII_vs_NSGAIII,HV,0.5,IVFNSGAIII,0.7727272727272727,0.9928104575163399,0.9882352941176471,0.9967320261437909,1530
IVFNSGAIII_vs_NSGAIII,HV,0.5,IVFNSGAIII,0.7818181818181817,0.9928104575163399,0.9882352941176471,0.9967320261437909,1530
IVFNSGAIII_vs_NSGAIII,HV,0.5,IVFNSGAIII,0.7909090909090909,0.9928104575163399,0.9882352941176471,0.9967320261437909,1530
IVFNSGAIII_vs_NSGAIII,HV,0.5,IVFNSGAIII,0.7999999999999999,0.9928104575163399,0.9882352941176471,0.9967320261437909,1530
IVFNSGAIII_vs_NSGAIII,HV,0.5,IVFNSGAIII,0.8090909090909091,0.9928104575163399,0.9882352941176471,0.9967320261437909,1530
IVFNSGAIII_vs_NSGAIII,HV,0.5,IVFNSGAIII,0.8181818181818181,0.9934640522875817,0.9888888888888889,0.9973856209150327,1530
IVFNSGAIII_vs_NSGAIII,HV,0.5,IVFNSGAIII,0.8272727272727273,0.9934640522875817,0.9888888888888889,0.9973856209150327,1530
IVFNSGAIII_vs_NSGAIII,HV,0.5,IVFNSGAIII,0.8363636363636363,0.9934640522875817,0.9888888888888889,0.9973856209150327,1530
IVFNSGAIII_vs_NSGAIII,HV,0.5,IVFNSGAIII,0.8454545454545453,0.9934640522875817,0.9888888888888889,0.9973856209150327,1530
IVFNSGAIII_vs_NSGAIII,HV,0.5,IVFNSGAIII,0.8545454545454545,0.9934640522875817,0.9888888888888889,0.9973856209150327,1530
IVFNSGAIII_vs_NSGAIII,HV,0.5,IVFNSGAIII,0.8636363636363635,0.9934640522875817,0.9888888888888889,0.9973856209150327,1530
IVFNSGAIII_vs_NSGAIII,HV,0.5,IVFNSGAIII,0.8727272727272727,0.9934640522875817,0.9888888888888889,0.9973856209150327,1530
IVFNSGAIII_vs_NSGAIII,HV,0.5,IVFNSGAIII,0.8818181818181817,0.9934640522875817,0.9888888888888889,0.9973856209150327,1530
IVFNSGAIII_vs_NSGAIII,HV,0.5,IVFNSGAIII,0.8909090909090909,0.9934640522875817,0.9888888888888889,0.9973856209150327,1530
IVFNSGAIII_vs_NSGAIII,HV,0.5,IVFNSGAIII,0.8999999999999999,0.9934640522875817,0.9888888888888889,0.9973856209150327,1530
IVFNSGAIII_vs_NSGAIII,HV,0.5,IVFNSGAIII,0.9090909090909091,0.9934640522875817,0.9888888888888889,0.9973856209150327,1530
IVFNSGAIII_vs_NSGAIII,HV,0.5,IVFNSGAIII,0.9181818181818181,0.9934640522875817,0.9888888888888889,0.9973856209150327,1530
IVFNSGAIII_vs_NSGAIII,HV,0.5,IVFNSGAIII,0.9272727272727272,0.9934640522875817,0.9888888888888889,0.9973856209150327,1530
IVFNSGAIII_vs_NSGAIII,HV,0.5,IVFNSGAIII,0.9363636363636363,0.9934640522875817,0.9888888888888889,0.9973856209150327,1530
IVFNSGAIII_vs_NSGAIII,HV,0.5,IVFNSGAIII,0.9454545454545454,0.9934640522875817,0.9888888888888889,0.9973856209150327,1530
IVFNSGAIII_vs_NSGAIII,HV,0.5,IVFNSGAIII,0.9545454545454545,0.9934640522875817,0.9888888888888889,0.9973856209150327,1530
IVFNSGAIII_vs_NSGAIII,HV,0.5,IVFNSGAIII,0.9636363636363636,0.9934640522875817,0.9888888888888889,0.9973856209150327,1530
IVFNSGAIII_vs_NSGAIII,HV,0.5,IVFNSGAIII,0.9727272727272727,0.9934640522875817,0.9888888888888889,0.9973856209150327,1530
IVFNSGAIII_vs_NSGAIII,HV,0.5,IVFNSGAIII,0.9818181818181817,0.9934640522875817,0.9888888888888889,0.9973856209150327,1530
IVFNSGAIII_vs_NSGAIII,HV,0.5,IVFNSGAIII,0.9909090909090909,0.9934640522875817,0.9888888888888889,0.9973856209150327,1530
IVFNSGAIII_vs_NSGAIII,HV,0.5,IVFNSGAIII,1.0,0.9934640522875817,0.9888888888888889,0.9973856209150327,1530
IVFNSGAIII_vs_NSGAIII,HV,0.5,NSGAIII,0.1,0.41241830065359475,0.38823529411764707,0.43790849673202614,1530
IVFNSGAIII_vs_NSGAIII,HV,0.5,NSGAIII,0.1090909090909091,0.44313725490196076,0.41830065359477125,0.46797385620915033,1530
IVFNSGAIII_vs_NSGAIII,HV,0.5,NSGAIII,0.1181818181818182,0.48104575163398694,0.4549019607843137,0.5058823529411764,1530
IVFNSGAIII_vs_NSGAIII,HV,0.5,NSGAIII,0.1272727272727273,0.5366013071895425,0.5124183006535947,0.561437908496732,1530
IVFNSGAIII_vs_NSGAIII,HV,0.5,NSGAIII,0.13636363636363635,0.5934640522875817,0.5679738562091503,0.6196078431372549,1530
IVFNSGAIII_vs_NSGAIII,HV,0.5,NSGAIII,0.14545454545454545,0.6522875816993464,0.6287418300653594,0.6751797385620916,1530
IVFNSGAIII_vs_NSGAIII,HV,0.5,NSGAIII,0.15454545454545454,0.7241830065359477,0.7025980392156862,0.74640522875817,1530
IVFNSGAIII_vs_NSGAIII,HV,0.5,NSGAIII,0.16363636363636364,0.7620915032679738,0.7398692810457517,0.7823529411764706,1530
IVFNSGAIII_vs_NSGAIII,HV,0.5,NSGAIII,0.17272727272727273,0.7928104575163398,0.7725490196078432,0.8124183006535948,1530
IVFNSGAIII_vs_NSGAIII,HV,0.5,NSGAIII,0.18181818181818182,0.8104575163398693,0.7895424836601307,0.8294117647058824,1530
IVFNSGAIII_vs_NSGAIII,HV,0.5,NSGAIII,0.19090909090909092,0.8209150326797385,0.8006535947712419,0.8398856209150327,1530
IVFNSGAIII_vs_NSGAIII,HV,0.5,NSGAIII,0.2,0.8300653594771242,0.8104575163398693,0.8483823529411765,1530
IVFNSGAIII_vs_NSGAIII,HV,0.5,NSGAIII,0.2090909090909091,0.8352941176470589,0.8169771241830065,0.85359477124183,1530
IVFNSGAIII_vs_NSGAIII,HV,0.5,NSGAIII,0.2181818181818182,0.8437908496732026,0.8261437908496732,0.8614542483660131,1530
IVFNSGAIII_vs_NSGAIII,HV,0.5,NSGAIII,0.22727272727272727,0.8522875816993464,0.8352941176470589,0.869281045751634,1530
IVFNSGAIII_vs_NSGAIII,HV,0.5,NSGAIII,0.23636363636363636,0.8568627450980392,0.8391993464052288,0.8738562091503268,1530
IVFNSGAIII_vs_NSGAIII,HV,0.5,NSGAIII,0.24545454545454545,0.8666666666666667,0.8496732026143791,0.8830065359477124,1530
IVFNSGAIII_vs_NSGAIII,HV,0.5,NSGAIII,0.2545454545454545,0.907843137254902,0.8928104575163399,0.9228758169934641,1530
IVFNSGAIII_vs_NSGAIII,HV,0.5,NSGAIII,0.26363636363636367,0.9261437908496732,0.9117647058823529,0.9392320261437909,1530
IVFNSGAIII_vs_NSGAIII,HV,0.5,NSGAIII,0.2727272727272727,0.9339869281045752,0.9209150326797385,0.9470588235294117,1530
IVFNSGAIII_vs_NSGAIII,HV,0.5,NSGAIII,0.28181818181818186,0.9398692810457516,0.9274509803921569,0.9516339869281045,1530
IVFNSGAIII_vs_NSGAIII,HV,0.5,NSGAIII,0.2909090909090909,0.9444444444444444,0.9326797385620915,0.9562091503267974,1530
IVFNSGAIII_vs_NSGAIII,HV,0.5,NSGAIII,0.3,0.9464052287581699,0.9352777777777778,0.9575163398692811,1530
IVFNSGAIII_vs_NSGAIII,HV,0.5,NSGAIII,0.3090909090909091,0.9503267973856209,0.938562091503268,0.961437908496732,1530
IVFNSGAIII_vs_NSGAIII,HV,0.5,NSGAIII,0.3181818181818182,0.954248366013072,0.9431372549019608,0.965359477124183,1530
IVFNSGAIII_vs_NSGAIII,HV,0.5,NSGAIII,0.32727272727272727,0.9575163398692811,0.9470588235294117,0.9673202614379085,1530
IVFNSGAIII_vs_NSGAIII,HV,0.5,NSGAIII,0.33636363636363636,0.9601307189542484,0.949673202614379,0.9699346405228758,1530
IVFNSGAIII_vs_NSGAIII,HV,0.5,NSGAIII,0.34545454545454546,0.9620915032679739,0.9516339869281045,0.9712418300653595,1530
IVFNSGAIII_vs_NSGAIII,HV,0.5,NSGAIII,0.3545454545454545,0.9718954248366013,0.9627450980392157,0.9803921568627451,1530
IVFNSGAIII_vs_NSGAIII,HV,0.5,NSGAIII,0.36363636363636365,0.9738562091503268,0.965359477124183,0.9823529411764705,1530
IVFNSGAIII_vs_NSGAIII,HV,0.5,NSGAIII,0.3727272727272727,0.9751633986928104,0.9666666666666667,0.9830065359477124,1530
IVFNSGAIII_vs_NSGAIII,HV,0.5,NSGAIII,0.38181818181818183,0.9751633986928104,0.9666666666666667,0.9830065359477124,1530
IVFNSGAIII_vs_NSGAIII,HV,0.5,NSGAIII,0.3909090909090909,0.9764705882352941,0.9686111111111111,0.9836601307189542,1530
IVFNSGAIII_vs_NSGAIII,HV,0.5,NSGAIII,0.4,0.9764705882352941,0.9686111111111111,0.9836601307189542,1530
IVFNSGAIII_vs_NSGAIII,HV,0.5,NSGAIII,0.40909090909090906,0.9764705882352941,0.9686111111111111,0.9836601307189542,1530
IVFNSGAIII_vs_NSGAIII,HV,0.5,NSGAIII,0.4181818181818182,0.9777777777777777,0.9699346405228758,0.984967320261438,1530
IVFNSGAIII_vs_NSGAIII,HV,0.5,NSGAIII,0.42727272727272725,0.9790849673202614,0.9712418300653595,0.9862745098039216,1530
IVFNSGAIII_vs_NSGAIII,HV,0.5,NSGAIII,0.4363636363636364,0.9790849673202614,0.9712418300653595,0.9862745098039216,1530
IVFNSGAIII_vs_NSGAIII,HV,0.5,NSGAIII,0.44545454545454544,0.9797385620915032,0.9718954248366013,0.9869281045751634,1530
IVFNSGAIII_vs_NSGAIII,HV,0.5,NSGAIII,0.4545454545454546,0.9810457516339869,0.973202614379085,0.9882352941176471,1530
IVFNSGAIII_vs_NSGAIII,HV,0.5,NSGAIII,0.4636363636363636,0.9810457516339869,0.973202614379085,0.9882352941176471,1530
IVFNSGAIII_vs_NSGAIII,HV,0.5,NSGAIII,0.47272727272727266,0.9810457516339869,0.973202614379085,0.9882352941176471,1530
IVFNSGAIII_vs_NSGAIII,HV,0.5,NSGAIII,0.4818181818181818,0.9810457516339869,0.973202614379085,0.9882352941176471,1530
IVFNSGAIII_vs_NSGAIII,HV,0.5,NSGAIII,0.49090909090909085,0.9810457516339869,0.973202614379085,0.9882352941176471,1530
IVFNSGAIII_vs_NSGAIII,HV,0.5,NSGAIII,0.5,0.9810457516339869,0.973202614379085,0.9882352941176471,1530
IVFNSGAIII_vs_NSGAIII,HV,0.5,NSGAIII,0.509090909090909,0.9810457516339869,0.973202614379085,0.9882352941176471,1530
IVFNSGAIII_vs_NSGAIII,HV,0.5,NSGAIII,0.5181818181818182,0.9810457516339869,0.973202614379085,0.9882352941176471,1530
IVFNSGAIII_vs_NSGAIII,HV,0.5,NSGAIII,0.5272727272727272,0.9810457516339869,0.973202614379085,0.9882352941176471,1530
IVFNSGAIII_vs_NSGAIII,HV,0.5,NSGAIII,0.5363636363636364,0.9816993464052287,0.9744934640522875,0.9882352941176471,1530
IVFNSGAIII_vs_NSGAIII,HV,0.5,NSGAIII,0.5454545454545454,0.9816993464052287,0.9744934640522875,0.9882352941176471,1530
IVFNSGAIII_vs_NSGAIII,HV,0.5,NSGAIII,0.5545454545454546,0.9823529411764705,0.9751633986928104,0.9888888888888889,1530
IVFNSGAIII_vs_NSGAIII,HV,0.5,NSGAIII,0.5636363636363636,0.9823529411764705,0.9751633986928104,0.9888888888888889,1530
IVFNSGAIII_vs_NSGAIII,HV,0.5,NSGAIII,0.5727272727272728,0.9823529411764705,0.9751633986928104,0.9888888888888889,1530
IVFNSGAIII_vs_NSGAIII,HV,0.5,NSGAIII,0.5818181818181818,0.9823529411764705,0.9751633986928104,0.9888888888888889,1530
IVFNSGAIII_vs_NSGAIII,HV,0.5,NSGAIII,0.5909090909090909,0.9830065359477124,0.9758169934640523,0.9888888888888889,1530
IVFNSGAIII_vs_NSGAIII,HV,0.5,NSGAIII,0.6,0.9830065359477124,0.9758169934640523,0.9888888888888889,1530
IVFNSGAIII_vs_NSGAIII,HV,0.5,NSGAIII,0.609090909090909,0.9830065359477124,0.9758169934640523,0.9888888888888889,1530
IVFNSGAIII_vs_NSGAIII,HV,0.5,NSGAIII,0.6181818181818182,0.9830065359477124,0.9758169934640523,0.9888888888888889,1530
IVFNSGAIII_vs_NSGAIII,HV,0.5,NSGAIII,0.6272727272727272,0.9830065359477124,0.9758169934640523,0.9888888888888889,1530
IVFNSGAIII_vs_NSGAIII,HV,0.5,NSGAIII,0.6363636363636364,0.9830065359477124,0.9758169934640523,0.9888888888888889,1530
IVFNSGAIII_vs_NSGAIII,HV,0.5,NSGAIII,0.6454545454545454,0.9830065359477124,0.9758169934640523,0.9888888888888889,1530
IVFNSGAIII_vs_NSGAIII,HV,0.5,NSGAIII,0.6545454545454545,0.9836601307189542,0.9764705882352941,0.9895424836601308,1530
IVFNSGAIII_vs_NSGAIII,HV,0.5,NSGAIII,0.6636363636363636,0.984313725490196,0.9771241830065359,0.9908496732026144,1530
IVFNSGAIII_vs_NSGAIII,HV,0.5,NSGAIII,0.6727272727272727,0.984313725490196,0.9771241830065359,0.9908496732026144,1530
IVFNSGAIII_vs_NSGAIII,HV,0.5,NSGAIII,0.6818181818181818,0.984313725490196,0.9771241830065359,0.9908496732026144,1530
IVFNSGAIII_vs_NSGAIII,HV,0.5,NSGAIII,0.6909090909090908,0.984313725490196,0.9771241830065359,0.9908496732026144,1530
IVFNSGAIII_vs_NSGAIII,HV,0.5,NSGAIII,0.7,0.984313725490196,0.9771241830065359,0.9908496732026144,1530
IVFNSGAIII_vs_NSGAIII,HV,0.5,NSGAIII,0.709090909090909,0.984313725490196,0.9771241830065359,0.9908496732026144,1530
IVFNSGAIII_vs_NSGAIII,HV,0.5,NSGAIII,0.7181818181818181,0.984313725490196,0.9771241830065359,0.9908496732026144,1530
IVFNSGAIII_vs_NSGAIII,HV,0.5,NSGAIII,0.7272727272727272,0.984313725490196,0.9771241830065359,0.9908496732026144,1530
IVFNSGAIII_vs_NSGAIII,HV,0.5,NSGAIII,0.7363636363636363,0.984313725490196,0.9771241830065359,0.9908496732026144,1530
IVFNSGAIII_vs_NSGAIII,HV,0.5,NSGAIII,0.7454545454545454,0.984313725490196,0.9771241830065359,0.9908496732026144,1530
IVFNSGAIII_vs_NSGAIII,HV,0.5,NSGAIII,0.7545454545454545,0.984313725490196,0.9771241830065359,0.9908496732026144,1530
IVFNSGAIII_vs_NSGAIII,HV,0.5,NSGAIII,0.7636363636363636,0.984313725490196,0.9771241830065359,0.9908496732026144,1530
IVFNSGAIII_vs_NSGAIII,HV,0.5,NSGAIII,0.7727272727272727,0.984313725490196,0.9771241830065359,0.9908496732026144,1530
IVFNSGAIII_vs_NSGAIII,HV,0.5,NSGAIII,0.7818181818181817,0.984313725490196,0.9771241830065359,0.9908496732026144,1530
IVFNSGAIII_vs_NSGAIII,HV,0.5,NSGAIII,0.7909090909090909,0.984313725490196,0.9771241830065359,0.9908496732026144,1530
IVFNSGAIII_vs_NSGAIII,HV,0.5,NSGAIII,0.7999999999999999,0.984313725490196,0.9771241830065359,0.9908496732026144,1530
IVFNSGAIII_vs_NSGAIII,HV,0.5,NSGAIII,0.8090909090909091,0.984313725490196,0.9771241830065359,0.9908496732026144,1530
IVFNSGAIII_vs_NSGAIII,HV,0.5,NSGAIII,0.8181818181818181,0.984313725490196,0.9771241830065359,0.9908496732026144,1530
IVFNSGAIII_vs_NSGAIII,HV,0.5,NSGAIII,0.8272727272727273,0.984313725490196,0.9771241830065359,0.9908496732026144,1530
IVFNSGAIII_vs_NSGAIII,HV,0.5,NSGAIII,0.8363636363636363,0.984313725490196,0.9771241830065359,0.9908496732026144,1530
IVFNSGAIII_vs_NSGAIII,HV,0.5,NSGAIII,0.8454545454545453,0.984313725490196,0.9771241830065359,0.9908496732026144,1530
IVFNSGAIII_vs_NSGAIII,HV,0.5,NSGAIII,0.8545454545454545,0.984313725490196,0.9771241830065359,0.9908496732026144,1530
IVFNSGAIII_vs_NSGAIII,HV,0.5,NSGAIII,0.8636363636363635,0.984313725490196,0.9771241830065359,0.9908496732026144,1530
IVFNSGAIII_vs_NSGAIII,HV,0.5,NSGAIII,0.8727272727272727,0.984313725490196,0.9771241830065359,0.9908496732026144,1530
IVFNSGAIII_vs_NSGAIII,HV,0.5,NSGAIII,0.8818181818181817,0.984313725490196,0.9771241830065359,0.9908496732026144,1530
IVFNSGAIII_vs_NSGAIII,HV,0.5,NSGAIII,0.8909090909090909,0.984313725490196,0.9771241830065359,0.9908496732026144,1530
IVFNSGAIII_vs_NSGAIII,HV,0.5,NSGAIII,0.8999999999999999,0.984313725490196,0.9771241830065359,0.9908496732026144,1530
IVFNSGAIII_vs_NSGAIII,HV,0.5,NSGAIII,0.9090909090909091,0.984313725490196,0.9771241830065359,0.9908496732026144,1530
IVFNSGAIII_vs_NSGAIII,HV,0.5,NSGAIII,0.9181818181818181,0.984313725490196,0.9771241830065359,0.9908496732026144,1530
IVFNSGAIII_vs_NSGAIII,HV,0.5,NSGAIII,0.9272727272727272,0.984313725490196,0.9771241830065359,0.9908496732026144,1530
IVFNSGAIII_vs_NSGAIII,HV,0.5,NSGAIII,0.9363636363636363,0.984313725490196,0.9771241830065359,0.9908496732026144,1530
IVFNSGAIII_vs_NSGAIII,HV,0.5,NSGAIII,0.9454545454545454,0.984313725490196,0.9771241830065359,0.9908496732026144,1530
IVFNSGAIII_vs_NSGAIII,HV,0.5,NSGAIII,0.9545454545454545,0.984313725490196,0.9771241830065359,0.9908496732026144,1530
IVFNSGAIII_vs_NSGAIII,HV,0.5,NSGAIII,0.9636363636363636,0.984313725490196,0.9771241830065359,0.9908496732026144,1530
IVFNSGAIII_vs_NSGAIII,HV,0.5,NSGAIII,0.9727272727272727,0.984313725490196,0.9771241830065359,0.9908496732026144,1530
IVFNSGAIII_vs_NSGAIII,HV,0.5,NSGAIII,0.9818181818181817,0.984313725490196,0.9771241830065359,0.9908496732026144,1530
IVFNSGAIII_vs_NSGAIII,HV,0.5,NSGAIII,0.9909090909090909,0.984313725490196,0.9771241830065359,0.9908496732026144,1530
IVFNSGAIII_vs_NSGAIII,HV,0.5,NSGAIII,1.0,0.984313725490196,0.9771241830065359,0.9908496732026144,1530
IVFNSGAIII_vs_NSGAIII,HV,0.25,IVFNSGAIII,0.1,0.18169934640522875,0.16339869281045752,0.2019607843137255,1530
IVFNSGAIII_vs_NSGAIII,HV,0.25,IVFNSGAIII,0.1090909090909091,0.18758169934640523,0.16797385620915034,0.20784313725490197,1530
IVFNSGAIII_vs_NSGAIII,HV,0.25,IVFNSGAIII,0.1181818181818182,0.19607843137254902,0.17647058823529413,0.21633986928104576,1530
IVFNSGAIII_vs_NSGAIII,HV,0.25,IVFNSGAIII,0.1272727272727273,0.2084967320261438,0.18887254901960784,0.23006535947712417,1530
IVFNSGAIII_vs_NSGAIII,HV,0.25,IVFNSGAIII,0.13636363636363635,0.22287581699346407,0.20261437908496732,0.24444444444444444,1530
IVFNSGAIII_vs_NSGAIII,HV,0.25,IVFNSGAIII,0.14545454545454545,0.24444444444444444,0.22418300653594772,0.26799019607843133,1530
IVFNSGAIII_vs_NSGAIII,HV,0.25,IVFNSGAIII,0.15454545454545454,0.2784313725490196,0.25620915032679736,0.30196078431372547,1530
IVFNSGAIII_vs_NSGAIII,HV,0.25,IVFNSGAIII,0.16363636363636364,0.32745098039215687,0.30392156862745096,0.3516503267973856,1530
IVFNSGAIII_vs_NSGAIII,HV,0.25,IVFNSGAIII,0.17272727272727273,0.4189542483660131,0.3947549019607843,0.4444444444444444,1530
IVFNSGAIII_vs_NSGAIII,HV,0.25,IVFNSGAIII,0.18181818181818182,0.5163398692810458,0.4895424836601307,0.5424836601307189,1530
IVFNSGAIII_vs_NSGAIII,HV,0.25,IVFNSGAIII,0.19090909090909092,0.5588235294117647,0.5339705882352941,0.5836764705882354,1530
IVFNSGAIII_vs_NSGAIII,HV,0.25,IVFNSGAIII,0.2,0.6098039215686275,0.5849673202614379,0.6352941176470588,1530
IVFNSGAIII_vs_NSGAIII,HV,0.25,IVFNSGAIII,0.2090909090909091,0.6189542483660131,0.5947549019607843,0.6431535947712419,1530
IVFNSGAIII_vs_NSGAIII,HV,0.25,IVFNSGAIII,0.2181818181818182,0.6274509803921569,0.6026143790849673,0.6516339869281046,1530
IVFNSGAIII_vs_NSGAIII,HV,0.25,IVFNSGAIII,0.22727272727272727,0.6359477124183006,0.6124183006535948,0.6601470588235294,1530
IVFNSGAIII_vs_NSGAIII,HV,0.25,IVFNSGAIII,0.23636363636363636,0.6522875816993464,0.6293954248366013,0.6758169934640523,1530
IVFNSGAIII_vs_NSGAIII,HV,0.25,IVFNSGAIII,0.24545454545454545,0.6686274509803921,0.6450816993464052,0.692156862745098,1530
IVFNSGAIII_vs_NSGAIII,HV,0.25,IVFNSGAIII,0.2545454545454545,0.6882352941176471,0.665359477124183,0.7111111111111111,1530
IVFNSGAIII_vs_NSGAIII,HV,0.25,IVFNSGAIII,0.26363636363636367,0.7019607843137254,0.6797385620915033,0.7254901960784313,1530
IVFNSGAIII_vs_NSGAIII,HV,0.25,IVFNSGAIII,0.2727272727272727,0.7124183006535948,0.6895424836601307,0.7352941176470589,1530
IVFNSGAIII_vs_NSGAIII,HV,0.25,IVFNSGAIII,0.28181818181818186,0.765359477124183,0.7444444444444445,0.7862745098039216,1530
IVFNSGAIII_vs_NSGAIII,HV,0.25,IVFNSGAIII,0.2909090909090909,0.7862745098039216,0.7647058823529411,0.8065522875816994,1530
IVFNSGAIII_vs_NSGAIII,HV,0.25,IVFNSGAIII,0.3,0.8032679738562092,0.7830065359477124,0.8222222222222222,1530
IVFNSGAIII_vs_NSGAIII,HV,0.25,IVFNSGAIII,0.3090909090909091,0.8071895424836601,0.7869281045751634,0.826797385620915,1530
IVFNSGAIII_vs_NSGAIII,HV,0.25,IVFNSGAIII,0.3181818181818182,0.8091503267973856,0.7888888888888889,0.8281209150326797,1530
IVFNSGAIII_vs_NSGAIII,HV,0.25,IVFNSGAIII,0.32727272727272727,0.8124183006535948,0.7928104575163398,0.8313725490196079,1530
IVFNSGAIII_vs_NSGAIII,HV,0.25,IVFNSGAIII,0.33636363636363636,0.8183006535947712,0.7986928104575164,0.8372549019607843,1530
IVFNSGAIII_vs_NSGAIII,HV,0.25,IVFNSGAIII,0.34545454545454546,0.822875816993464,0.8032516339869281,0.842483660130719,1530
IVFNSGAIII_vs_NSGAIII,HV,0.25,IVFNSGAIII,0.3545454545454545,0.8300653594771242,0.8111111111111111,0.8496895424836601,1530
IVFNSGAIII_vs_NSGAIII,HV,0.25,IVFNSGAIII,0.36363636363636365,0.8379084967320262,0.818954248366013,0.8562091503267973,1530
IVFNSGAIII_vs_NSGAIII,HV,0.25,IVFNSGAIII,0.3727272727272727,0.8450980392156863,0.826797385620915,0.8627450980392157,1530
IVFNSGAIII_vs_NSGAIII,HV,0.25,IVFNSGAIII,0.38181818181818183,0.8627450980392157,0.8450980392156863,0.8790849673202614,1530
IVFNSGAIII_vs_NSGAIII,HV,0.25,IVFNSGAIII,0.3909090909090909,0.8679738562091504,0.8509640522875817,0.8836601307189542,1530
IVFNSGAIII_vs_NSGAIII,HV,0.25,IVFNSGAIII,0.4,0.873202614379085,0.8562091503267973,0.888235294117647,1530
IVFNSGAIII_vs_NSGAIII,HV,0.25,IVFNSGAIII,0.40909090909090906,0.8751633986928105,0.8581699346405228,0.8901960784313725,1530
IVFNSGAIII_vs_NSGAIII,HV,0.25,IVFNSGAIII,0.4181818181818182,0.8771241830065359,0.8594771241830066,0.8921568627450981,1530
IVFNSGAIII_vs_NSGAIII,HV,0.25,IVFNSGAIII,0.42727272727272725,0.8784313725490196,0.8620915032679739,0.892826797385621,1530
IVFNSGAIII_vs_NSGAIII,HV,0.25,IVFNSGAIII,0.4363636363636364,0.8784313725490196,0.8620915032679739,0.892826797385621,1530
IVFNSGAIII_vs_NSGAIII,HV,0.25,IVFNSGAIII,0.44545454545454544,0.8784313725490196,0.8620915032679739,0.892826797385621,1530
IVFNSGAIII_vs_NSGAIII,HV,0.25,IVFNSGAIII,0.4545454545454546,0.8810457516339869,0.8647058823529412,0.8960947712418301,1530
IVFNSGAIII_vs_NSGAIII,HV,0.25,IVFNSGAIII,0.4636363636363636,0.8849673202614379,0.8679738562091504,0.8993627450980393,1530
IVFNSGAIII_vs_NSGAIII,HV,0.25,IVFNSGAIII,0.47272727272727266,0.8869281045751634,0.8705718954248366,0.9013071895424837,1530
IVFNSGAIII_vs_NSGAIII,HV,0.25,IVFNSGAIII,0.4818181818181818,0.8934640522875817,0.8777614379084967,0.907859477124183,1530
IVFNSGAIII_vs_NSGAIII,HV,0.25,IVFNSGAIII,0.49090909090909085,0.8960784313725491,0.8810457516339869,0.9104575163398693,1530
IVFNSGAIII_vs_NSGAIII,HV,0.25,IVFNSGAIII,0.5,0.8993464052287582,0.884313725490196,0.9137254901960784,1530
IVFNSGAIII_vs_NSGAIII,HV,0.25,IVFNSGAIII,0.509090909090909,0.9,0.8856045751633986,0.9143790849673202,1530
IVFNSGAIII_vs_NSGAIII,HV,0.25,IVFNSGAIII,0.5181818181818182,0.9019607843137255,0.8869281045751634,0.915702614379085,1530
IVFNSGAIII_vs_NSGAIII,HV,0.25,IVFNSGAIII,0.5272727272727272,0.9026143790849673,0.8875816993464052,0.9163398692810457,1530
IVFNSGAIII_vs_NSGAIII,HV,0.25,IVFNSGAIII,0.5363636363636364,0.9032679738562092,0.888235294117647,0.9170098039215686,1530
IVFNSGAIII_vs_NSGAIII,HV,0.25,IVFNSGAIII,0.5454545454545454,0.9032679738562092,0.888235294117647,0.9170098039215686,1530
IVFNSGAIII_vs_NSGAIII,HV,0.25,IVFNSGAIII,0.5545454545454546,0.9045751633986928,0.8901960784313725,0.9183169934640523,1530
IVFNSGAIII_vs_NSGAIII,HV,0.25,IVFNSGAIII,0.5636363636363636,0.9045751633986928,0.8901960784313725,0.9183169934640523,1530
IVFNSGAIII_vs_NSGAIII,HV,0.25,IVFNSGAIII,0.5727272727272728,0.9045751633986928,0.8901960784313725,0.9183169934640523,1530
IVFNSGAIII_vs_NSGAIII,HV,0.25,IVFNSGAIII,0.5818181818181818,0.9065359477124183,0.8921568627450981,0.9209150326797385,1530
IVFNSGAIII_vs_NSGAIII,HV,0.25,IVFNSGAIII,0.5909090909090909,0.9071895424836601,0.8928104575163399,0.9209150326797385,1530
IVFNSGAIII_vs_NSGAIII,HV,0.25,IVFNSGAIII,0.6,0.9084967320261438,0.8934640522875817,0.9222222222222223,1530
IVFNSGAIII_vs_NSGAIII,HV,0.25,IVFNSGAIII,0.609090909090909,0.9091503267973856,0.8941176470588236,0.9228758169934641,1530
IVFNSGAIII_vs_NSGAIII,HV,0.25,IVFNSGAIII,0.6181818181818182,0.9098039215686274,0.8954084967320262,0.9241830065359478,1530
IVFNSGAIII_vs_NSGAIII,HV,0.25,IVFNSGAIII,0.6272727272727272,0.9104575163398693,0.8960784313725491,0.9241993464052288,1530
IVFNSGAIII_vs_NSGAIII,HV,0.25,IVFNSGAIII,0.6363636363636364,0.9117647058823529,0.8973856209150327,0.9254901960784314,1530
IVFNSGAIII_vs_NSGAIII,HV,0.25,IVFNSGAIII,0.6454545454545454,0.9130718954248366,0.8993300653594771,0.9267973856209151,1530
IVFNSGAIII_vs_NSGAIII,HV,0.25,IVFNSGAIII,0.6545454545454545,0.9137254901960784,0.899983660130719,0.9268137254901961,1530
IVFNSGAIII_vs_NSGAIII,HV,0.25,IVFNSGAIII,0.6636363636363636,0.9163398692810457,0.9026143790849673,0.9294117647058824,1530
IVFNSGAIII_vs_NSGAIII,HV,0.25,IVFNSGAIII,0.6727272727272727,0.9176470588235294,0.9045751633986928,0.930718954248366,1530
IVFNSGAIII_vs_NSGAIII,HV,0.25,IVFNSGAIII,0.6818181818181818,0.9183006535947712,0.9052287581699346,0.9313725490196079,1530
IVFNSGAIII_vs_NSGAIII,HV,0.25,IVFNSGAIII,0.6909090909090908,0.9183006535947712,0.9052287581699346,0.9313725490196079,1530
IVFNSGAIII_vs_NSGAIII,HV,0.25,IVFNSGAIII,0.7,0.9183006535947712,0.9052287581699346,0.9313725490196079,1530
IVFNSGAIII_vs_NSGAIII,HV,0.25,IVFNSGAIII,0.709090909090909,0.918954248366013,0.9058823529411765,0.9320261437908497,1530
IVFNSGAIII_vs_NSGAIII,HV,0.25,IVFNSGAIII,0.7181818181818181,0.918954248366013,0.9058823529411765,0.9320261437908497,1530
IVFNSGAIII_vs_NSGAIII,HV,0.25,IVFNSGAIII,0.7272727272727272,0.9196078431372549,0.9058823529411765,0.9326797385620915,1530
IVFNSGAIII_vs_NSGAIII,HV,0.25,IVFNSGAIII,0.7363636363636363,0.9202614379084967,0.9071732026143791,0.9326797385620915,1530
IVFNSGAIII_vs_NSGAIII,HV,0.25,IVFNSGAIII,0.7454545454545454,0.9215686274509803,0.9091339869281045,0.9339869281045752,1530
IVFNSGAIII_vs_NSGAIII,HV,0.25,IVFNSGAIII,0.7545454545454545,0.9222222222222223,0.9091503267973856,0.934640522875817,1530
IVFNSGAIII_vs_NSGAIII,HV,0.25,IVFNSGAIII,0.7636363636363636,0.9222222222222223,0.9091503267973856,0.934640522875817,1530
IVFNSGAIII_vs_NSGAIII,HV,0.25,IVFNSGAIII,0.7727272727272727,0.9222222222222223,0.9091503267973856,0.934640522875817,1530
IVFNSGAIII_vs_NSGAIII,HV,0.25,IVFNSGAIII,0.7818181818181817,0.9222222222222223,0.9091503267973856,0.934640522875817,1530
IVFNSGAIII_vs_NSGAIII,HV,0.25,IVFNSGAIII,0.7909090909090909,0.9235294117647059,0.9104575163398693,0.9359477124183007,1530
IVFNSGAIII_vs_NSGAIII,HV,0.25,IVFNSGAIII,0.7999999999999999,0.9235294117647059,0.9104575163398693,0.9359477124183007,1530
IVFNSGAIII_vs_NSGAIII,HV,0.25,IVFNSGAIII,0.8090909090909091,0.9235294117647059,0.9104575163398693,0.9359477124183007,1530
IVFNSGAIII_vs_NSGAIII,HV,0.25,IVFNSGAIII,0.8181818181818181,0.9235294117647059,0.9104575163398693,0.9359477124183007,1530
IVFNSGAIII_vs_NSGAIII,HV,0.25,IVFNSGAIII,0.8272727272727273,0.9235294117647059,0.9104575163398693,0.9359477124183007,1530
IVFNSGAIII_vs_NSGAIII,HV,0.25,IVFNSGAIII,0.8363636363636363,0.9235294117647059,0.9104575163398693,0.9359477124183007,1530
IVFNSGAIII_vs_NSGAIII,HV,0.25,IVFNSGAIII,0.8454545454545453,0.9235294117647059,0.9104575163398693,0.9359477124183007,1530
IVFNSGAIII_vs_NSGAIII,HV,0.25,IVFNSGAIII,0.8545454545454545,0.9248366013071896,0.9117647058823529,0.9366013071895425,1530
IVFNSGAIII_vs_NSGAIII,HV,0.25,IVFNSGAIII,0.8636363636363635,0.9248366013071896,0.9117647058823529,0.9366013071895425,1530
IVFNSGAIII_vs_NSGAIII,HV,0.25,IVFNSGAIII,0.8727272727272727,0.9248366013071896,0.9117647058823529,0.9366013071895425,1530
IVFNSGAIII_vs_NSGAIII,HV,0.25,IVFNSGAIII,0.8818181818181817,0.9248366013071896,0.9117647058823529,0.9366013071895425,1530
IVFNSGAIII_vs_NSGAIII,HV,0.25,IVFNSGAIII,0.8909090909090909,0.9254901960784314,0.9124183006535947,0.9372549019607843,1530
IVFNSGAIII_vs_NSGAIII,HV,0.25,IVFNSGAIII,0.8999999999999999,0.9254901960784314,0.9124183006535947,0.9372549019607843,1530
IVFNSGAIII_vs_NSGAIII,HV,0.25,IVFNSGAIII,0.9090909090909091,0.9261437908496732,0.9130718954248366,0.9379084967320261,1530
IVFNSGAIII_vs_NSGAIII,HV,0.25,IVFNSGAIII,0.9181818181818181,0.9261437908496732,0.9130718954248366,0.9379084967320261,1530
IVFNSGAIII_vs_NSGAIII,HV,0.25,IVFNSGAIII,0.9272727272727272,0.9261437908496732,0.9130718954248366,0.9379084967320261,1530
IVFNSGAIII_vs_NSGAIII,HV,0.25,IVFNSGAIII,0.9363636363636363,0.9261437908496732,0.9130718954248366,0.9379084967320261,1530
IVFNSGAIII_vs_NSGAIII,HV,0.25,IVFNSGAIII,0.9454545454545454,0.9261437908496732,0.9130718954248366,0.9379084967320261,1530
IVFNSGAIII_vs_NSGAIII,HV,0.25,IVFNSGAIII,0.9545454545454545,0.9267973856209151,0.9137254901960784,0.9392156862745098,1530
IVFNSGAIII_vs_NSGAIII,HV,0.25,IVFNSGAIII,0.9636363636363636,0.9274509803921569,0.9143790849673202,0.9392320261437909,1530
IVFNSGAIII_vs_NSGAIII,HV,0.25,IVFNSGAIII,0.9727272727272727,0.9274509803921569,0.9143790849673202,0.9392320261437909,1530
IVFNSGAIII_vs_NSGAIII,HV,0.25,IVFNSGAIII,0.9818181818181817,0.9274509803921569,0.9143790849673202,0.9392320261437909,1530
IVFNSGAIII_vs_NSGAIII,HV,0.25,IVFNSGAIII,0.9909090909090909,0.9281045751633987,0.9150326797385621,0.9398692810457516,1530
IVFNSGAIII_vs_NSGAIII,HV,0.25,IVFNSGAIII,1.0,0.9287581699346406,0.9156862745098039,0.9405228758169935,1530
IVFNSGAIII_vs_NSGAIII,HV,0.25,NSGAIII,0.1,0.21568627450980393,0.19540849673202615,0.23529411764705882,1530
IVFNSGAIII_vs_NSGAIII,HV,0.25,NSGAIII,0.1090909090909091,0.22745098039215686,0.2065359477124183,0.2477124183006536,1530
IVFNSGAIII_vs_NSGAIII,HV,0.25,NSGAIII,0.1181818181818182,0.24052287581699347,0.2196078431372549,0.26209150326797387,1530
IVFNSGAIII_vs_NSGAIII,HV,0.25,NSGAIII,0.1272727272727273,0.25555555555555554,0.23333333333333334,0.27647058823529413,1530
IVFNSGAIII_vs_NSGAIII,HV,0.25,NSGAIII,0.13636363636363635,0.28823529411764703,0.26534313725490194,0.3104575163398693,1530
IVFNSGAIII_vs_NSGAIII,HV,0.25,NSGAIII,0.14545454545454545,0.3183006535947712,0.2954248366013072,0.3411764705882353,1530
IVFNSGAIII_vs_NSGAIII,HV,0.25,NSGAIII,0.15454545454545454,0.3542483660130719,0.33137254901960783,0.37777777777777777,1530
IVFNSGAIII_vs_NSGAIII,HV,0.25,NSGAIII,0.16363636363636364,0.4,0.3764705882352941,0.42483660130718953,1530
IVFNSGAIII_vs_NSGAIII,HV,0.25,NSGAIII,0.17272727272727273,0.46862745098039216,0.44313725490196076,0.4928104575163399,1530
IVFNSGAIII_vs_NSGAIII,HV,0.25,NSGAIII,0.18181818181818182,0.5418300653594771,0.5169934640522876,0.5666830065359477,1530
IVFNSGAIII_vs_NSGAIII,HV,0.25,NSGAIII,0.19090909090909092,0.5869281045751634,0.5640359477124183,0.6104575163398693,1530
IVFNSGAIII_vs_NSGAIII,HV,0.25,NSGAIII,0.2,0.626797385620915,0.603251633986928,0.6496895424836602,1530
IVFNSGAIII_vs_NSGAIII,HV,0.25,NSGAIII,0.2090909090909091,0.6366013071895424,0.611764705882353,0.6607843137254902,1530
IVFNSGAIII_vs_NSGAIII,HV,0.25,NSGAIII,0.2181818181818182,0.6477124183006536,0.6241830065359477,0.6699509803921568,1530
IVFNSGAIII_vs_NSGAIII,HV,0.25,NSGAIII,0.22727272727272727,0.657516339869281,0.6339869281045751,0.6804084967320262,1530
IVFNSGAIII_vs_NSGAIII,HV,0.25,NSGAIII,0.23636363636363636,0.6692810457516339,0.6450816993464052,0.6915196078431373,1530
IVFNSGAIII_vs_NSGAIII,HV,0.25,NSGAIII,0.24545454545454545,0.6823529411764706,0.6581699346405229,0.7045751633986929,1530
IVFNSGAIII_vs_NSGAIII,HV,0.25,NSGAIII,0.2545454545454545,0.6928104575163399,0.6692647058823529,0.7150326797385621,1530
IVFNSGAIII_vs_NSGAIII,HV,0.25,NSGAIII,0.26363636363636367,0.7137254901960784,0.6882352941176471,0.7352941176470589,1530
IVFNSGAIII_vs_NSGAIII,HV,0.25,NSGAIII,0.2727272727272727,0.7287581699346405,0.7052287581699347,0.7496895424836602,1530
IVFNSGAIII_vs_NSGAIII,HV,0.25,NSGAIII,0.28181818181818186,0.7738562091503268,0.7529411764705882,0.7947712418300653,1530
IVFNSGAIII_vs_NSGAIII,HV,0.25,NSGAIII,0.2909090909090909,0.7980392156862746,0.7777614379084967,0.8183006535947712,1530
IVFNSGAIII_vs_NSGAIII,HV,0.25,NSGAIII,0.3,0.8091503267973856,0.7895261437908496,0.8287745098039216,1530
IVFNSGAIII_vs_NSGAIII,HV,0.25,NSGAIII,0.3090909090909091,0.8176470588235294,0.7986764705882353,0.8366013071895425,1530
IVFNSGAIII_vs_NSGAIII,HV,0.25,NSGAIII,0.3181818181818182,0.822875816993464,0.8039052287581699,0.8418300653594771,1530
IVFNSGAIII_vs_NSGAIII,HV,0.25,NSGAIII,0.32727272727272727,0.826797385620915,0.8071732026143791,0.8450980392156863,1530
IVFNSGAIII_vs_NSGAIII,HV,0.25,NSGAIII,0.33636363636363636,0.8313725490196079,0.8124019607843137,0.8490196078431372,1530
IVFNSGAIII_vs_NSGAIII,HV,0.25,NSGAIII,0.34545454545454546,0.8379084967320262,0.818937908496732,0.8549183006535948,1530
IVFNSGAIII_vs_NSGAIII,HV,0.25,NSGAIII,0.3545454545454545,0.8418300653594771,0.822875816993464,0.8594771241830066,1530
IVFNSGAIII_vs_NSGAIII,HV,0.25,NSGAIII,0.36363636363636365,0.8477124183006536,0.8280882352941176,0.8647058823529412,1530
IVFNSGAIII_vs_NSGAIII,HV,0.25,NSGAIII,0.3727272727272727,0.8529411764705882,0.8326797385620915,0.869281045751634,1530
IVFNSGAIII_vs_NSGAIII,HV,0.25,NSGAIII,0.38181818181818183,0.8660130718954249,0.8483496732026143,0.8823529411764706,1530
IVFNSGAIII_vs_NSGAIII,HV,0.25,NSGAIII,0.3909090909090909,0.8699346405228758,0.8522875816993464,0.8862745098039215,1530
IVFNSGAIII_vs_NSGAIII,HV,0.25,NSGAIII,0.4,0.8745098039215686,0.8574999999999999,0.8908496732026144,1530
IVFNSGAIII_vs_NSGAIII,HV,0.25,NSGAIII,0.40909090909090906,0.8771241830065359,0.8594771241830066,0.8921568627450981,1530
IVFNSGAIII_vs_NSGAIII,HV,0.25,NSGAIII,0.4181818181818182,0.8803921568627451,0.8627450980392157,0.8954411764705883,1530
IVFNSGAIII_vs_NSGAIII,HV,0.25,NSGAIII,0.42727272727272725,0.8803921568627451,0.8627450980392157,0.8954411764705883,1530
IVFNSGAIII_vs_NSGAIII,HV,0.25,NSGAIII,0.4363636363636364,0.8830065359477124,0.8666503267973856,0.8986928104575164,1530
IVFNSGAIII_vs_NSGAIII,HV,0.25,NSGAIII,0.44545454545454544,0.8849673202614379,0.8686274509803922,0.9006535947712418,1530
IVFNSGAIII_vs_NSGAIII,HV,0.25,NSGAIII,0.4545454545454546,0.888235294117647,0.8718954248366013,0.9032679738562092,1530
IVFNSGAIII_vs_NSGAIII,HV,0.25,NSGAIII,0.4636363636363636,0.8908496732026144,0.8751470588235294,0.9058823529411765,1530
IVFNSGAIII_vs_NSGAIII,HV,0.25,NSGAIII,0.47272727272727266,0.8934640522875817,0.8771241830065359,0.9084967320261438,1530
IVFNSGAIII_vs_NSGAIII,HV,0.25,NSGAIII,0.4818181818181818,0.8967320261437909,0.8810457516339869,0.9117647058823529,1530
IVFNSGAIII_vs_NSGAIII,HV,0.25,NSGAIII,0.49090909090909085,0.8980392156862745,0.8823529411764706,0.9124346405228758,1530
IVFNSGAIII_vs_NSGAIII,HV,0.25,NSGAIII,0.5,0.8986928104575164,0.8836601307189542,0.9130718954248366,1530
IVFNSGAIII_vs_NSGAIII,HV,0.25,NSGAIII,0.509090909090909,0.9,0.8849673202614379,0.9143790849673202,1530
IVFNSGAIII_vs_NSGAIII,HV,0.25,NSGAIII,0.5181818181818182,0.9013071895424837,0.8869117647058823,0.9156862745098039,1530
IVFNSGAIII_vs_NSGAIII,HV,0.25,NSGAIII,0.5272727272727272,0.9032679738562092,0.8875816993464052,0.9176470588235294,1530
IVFNSGAIII_vs_NSGAIII,HV,0.25,NSGAIII,0.5363636363636364,0.9058823529411765,0.8908496732026144,0.9196078431372549,1530
IVFNSGAIII_vs_NSGAIII,HV,0.25,NSGAIII,0.5454545454545454,0.9071895424836601,0.8921568627450981,0.9215686274509803,1530
IVFNSGAIII_vs_NSGAIII,HV,0.25,NSGAIII,0.5545454545454546,0.9084967320261438,0.8934640522875817,0.9228758169934641,1530
IVFNSGAIII_vs_NSGAIII,HV,0.25,NSGAIII,0.5636363636363636,0.9091503267973856,0.8941176470588236,0.9228758169934641,1530
IVFNSGAIII_vs_NSGAIII,HV,0.25,NSGAIII,0.5727272727272728,0.9111111111111111,0.8960784313725491,0.9248366013071896,1530
IVFNSGAIII_vs_NSGAIII,HV,0.25,NSGAIII,0.5818181818181818,0.9117647058823529,0.8967320261437909,0.9254901960784314,1530
IVFNSGAIII_vs_NSGAIII,HV,0.25,NSGAIII,0.5909090909090909,0.9124183006535947,0.8973856209150327,0.9261437908496732,1530
IVFNSGAIII_vs_NSGAIII,HV,0.25,NSGAIII,0.6,0.9124183006535947,0.8973856209150327,0.9261437908496732,1530
IVFNSGAIII_vs_NSGAIII,HV,0.25,NSGAIII,0.609090909090909,0.9130718954248366,0.8980392156862745,0.9267973856209151,1530
IVFNSGAIII_vs_NSGAIII,HV,0.25,NSGAIII,0.6181818181818182,0.9137254901960784,0.8986928104575164,0.9268137254901961,1530
IVFNSGAIII_vs_NSGAIII,HV,0.25,NSGAIII,0.6272727272727272,0.9137254901960784,0.8986928104575164,0.9268137254901961,1530
IVFNSGAIII_vs_NSGAIII,HV,0.25,NSGAIII,0.6363636363636364,0.9137254901960784,0.8986928104575164,0.9268137254901961,1530
IVFNSGAIII_vs_NSGAIII,HV,0.25,NSGAIII,0.6454545454545454,0.9137254901960784,0.8986928104575164,0.9268137254901961,1530
IVFNSGAIII_vs_NSGAIII,HV,0.25,NSGAIII,0.6545454545454545,0.9143790849673202,0.899983660130719,0.927467320261438,1530
IVFNSGAIII_vs_NSGAIII,HV,0.25,NSGAIII,0.6636363636363636,0.9143790849673202,0.899983660130719,0.927467320261438,1530
IVFNSGAIII_vs_NSGAIII,HV,0.25,NSGAIII,0.6727272727272727,0.9143790849673202,0.899983660130719,0.927467320261438,1530
IVFNSGAIII_vs_NSGAIII,HV,0.25,NSGAIII,0.6818181818181818,0.9150326797385621,0.9006535947712418,0.9287581699346406,1530
IVFNSGAIII_vs_NSGAIII,HV,0.25,NSGAIII,0.6909090909090908,0.9150326797385621,0.9006535947712418,0.9287581699346406,1530
IVFNSGAIII_vs_NSGAIII,HV,0.25,NSGAIII,0.7,0.9150326797385621,0.9006535947712418,0.9287581699346406,1530
IVFNSGAIII_vs_NSGAIII,HV,0.25,NSGAIII,0.709090909090909,0.9156862745098039,0.9013071895424837,0.9294117647058824,1530
IVFNSGAIII_vs_NSGAIII,HV,0.25,NSGAIII,0.7181818181818181,0.9163398692810457,0.9019607843137255,0.9300653594771242,1530
IVFNSGAIII_vs_NSGAIII,HV,0.25,NSGAIII,0.7272727272727272,0.9169934640522875,0.9025980392156863,0.9300816993464053,1530
IVFNSGAIII_vs_NSGAIII,HV,0.25,NSGAIII,0.7363636363636363,0.9176470588235294,0.9032679738562092,0.9313725490196079,1530
IVFNSGAIII_vs_NSGAIII,HV,0.25,NSGAIII,0.7454545454545454,0.9183006535947712,0.9045588235294117,0.9320261437908497,1530
IVFNSGAIII_vs_NSGAIII,HV,0.25,NSGAIII,0.7545454545454545,0.918954248366013,0.9052124183006536,0.9326797385620915,1530
IVFNSGAIII_vs_NSGAIII,HV,0.25,NSGAIII,0.7636363636363636,0.9202614379084967,0.9058823529411765,0.9333496732026144,1530
IVFNSGAIII_vs_NSGAIII,HV,0.25,NSGAIII,0.7727272727272727,0.9209150326797385,0.9065359477124183,0.9339869281045752,1530
IVFNSGAIII_vs_NSGAIII,HV,0.25,NSGAIII,0.7818181818181817,0.9209150326797385,0.9065359477124183,0.9339869281045752,1530
IVFNSGAIII_vs_NSGAIII,HV,0.25,NSGAIII,0.7909090909090909,0.9222222222222223,0.907843137254902,0.9352941176470588,1530
IVFNSGAIII_vs_NSGAIII,HV,0.25,NSGAIII,0.7999999999999999,0.9222222222222223,0.907843137254902,0.9352941176470588,1530
IVFNSGAIII_vs_NSGAIII,HV,0.25,NSGAIII,0.8090909090909091,0.9228758169934641,0.9091339869281045,0.9359477124183007,1530
IVFNSGAIII_vs_NSGAIII,HV,0.25,NSGAIII,0.8181818181818181,0.9228758169934641,0.9091339869281045,0.9359477124183007,1530
IVFNSGAIII_vs_NSGAIII,HV,0.25,NSGAIII,0.8272727272727273,0.9228758169934641,0.9091339869281045,0.9359477124183007,1530
IVFNSGAIII_vs_NSGAIII,HV,0.25,NSGAIII,0.8363636363636363,0.9228758169934641,0.9091339869281045,0.9359477124183007,1530
IVFNSGAIII_vs_NSGAIII,HV,0.25,NSGAIII,0.8454545454545453,0.9235294117647059,0.9097875816993464,0.9366013071895425,1530
IVFNSGAIII_vs_NSGAIII,HV,0.25,NSGAIII,0.8545454545454545,0.9248366013071896,0.9111111111111111,0.9372549019607843,1530
IVFNSGAIII_vs_NSGAIII,HV,0.25,NSGAIII,0.8636363636363635,0.9248366013071896,0.9111111111111111,0.9372549019607843,1530
IVFNSGAIII_vs_NSGAIII,HV,0.25,NSGAIII,0.8727272727272727,0.9254901960784314,0.9117647058823529,0.9379084967320261,1530
IVFNSGAIII_vs_NSGAIII,HV,0.25,NSGAIII,0.8818181818181817,0.9254901960784314,0.9117647058823529,0.9379084967320261,1530
IVFNSGAIII_vs_NSGAIII,HV,0.25,NSGAIII,0.8909090909090909,0.9254901960784314,0.9117647058823529,0.9379084967320261,1530
IVFNSGAIII_vs_NSGAIII,HV,0.25,NSGAIII,0.8999999999999999,0.9254901960784314,0.9117647058823529,0.9379084967320261,1530
IVFNSGAIII_vs_NSGAIII,HV,0.25,NSGAIII,0.9090909090909091,0.9254901960784314,0.9117647058823529,0.9379084967320261,1530
IVFNSGAIII_vs_NSGAIII,HV,0.25,NSGAIII,0.9181818181818181,0.9261437908496732,0.9124183006535947,0.938562091503268,1530
IVFNSGAIII_vs_NSGAIII,HV,0.25,NSGAIII,0.9272727272727272,0.9261437908496732,0.9124183006535947,0.938562091503268,1530
IVFNSGAIII_vs_NSGAIII,HV,0.25,NSGAIII,0.9363636363636363,0.9261437908496732,0.9124183006535947,0.938562091503268,1530
IVFNSGAIII_vs_NSGAIII,HV,0.25,NSGAIII,0.9454545454545454,0.9261437908496732,0.9124183006535947,0.938562091503268,1530
IVFNSGAIII_vs_NSGAIII,HV,0.25,NSGAIII,0.9545454545454545,0.9261437908496732,0.9124183006535947,0.938562091503268,1530
IVFNSGAIII_vs_NSGAIII,HV,0.25,NSGAIII,0.9636363636363636,0.9261437908496732,0.9124183006535947,0.938562091503268,1530
IVFNSGAIII_vs_NSGAIII,HV,0.25,NSGAIII,0.9727272727272727,0.9261437908496732,0.9124183006535947,0.938562091503268,1530
IVFNSGAIII_vs_NSGAIII,HV,0.25,NSGAIII,0.9818181818181817,0.9267973856209151,0.9130718954248366,0.9392156862745098,1530
IVFNSGAIII_vs_NSGAIII,HV,0.25,NSGAIII,0.9909090909090909,0.9267973856209151,0.9130718954248366,0.9392156862745098,1530
IVFNSGAIII_vs_NSGAIII,HV,0.25,NSGAIII,1.0,0.9267973856209151,0.9130718954248366,0.9392156862745098,1530
IVFNSGAIII_vs_NSGAIII,HV,0.1,IVFNSGAIII,0.1,0.10326797385620914,0.08954248366013072,0.11895424836601307,1530
IVFNSGAIII_vs_NSGAIII,HV,0.1,IVFNSGAIII,0.1090909090909091,0.10457516339869281,0.09084967320261438,0.11960784313725491,1530
IVFNSGAIII_vs_NSGAIII,HV,0.1,IVFNSGAIII,0.1181818181818182,0.10980392156862745,0.09607843137254903,0.12483660130718954,1530
IVFNSGAIII_vs_NSGAIII,HV,0.1,IVFNSGAIII,0.1272727272727273,0.11699346405228758,0.10261437908496732,0.13202614379084968,1530
IVFNSGAIII_vs_NSGAIII,HV,0.1,IVFNSGAIII,0.13636363636363635,0.12091503267973856,0.1065359477124183,0.13529411764705881,1530
IVFNSGAIII_vs_NSGAIII,HV,0.1,IVFNSGAIII,0.14545454545454545,0.12679738562091503,0.11241830065359477,0.14183006535947712,1530
IVFNSGAIII_vs_NSGAIII,HV,0.1,IVFNSGAIII,0.15454545454545454,0.13333333333333333,0.11895424836601307,0.1490359477124183,1530
IVFNSGAIII_vs_NSGAIII,HV,0.1,IVFNSGAIII,0.16363636363636364,0.14183006535947712,0.12549019607843137,0.15947712418300652,1530
IVFNSGAIII_vs_NSGAIII,HV,0.1,IVFNSGAIII,0.17272727272727273,0.15294117647058825,0.13658496732026143,0.17124183006535948,1530
IVFNSGAIII_vs_NSGAIII,HV,0.1,IVFNSGAIII,0.18181818181818182,0.1784313725490196,0.16013071895424835,0.1980392156862745,1530
IVFNSGAIII_vs_NSGAIII,HV,0.1,IVFNSGAIII,0.19090909090909092,0.29411764705882354,0.2699346405228758,0.3176633986928104,1530
IVFNSGAIII_vs_NSGAIII,HV,0.1,IVFNSGAIII,0.2,0.41045751633986927,0.38562091503267976,0.43529411764705883,1530
IVFNSGAIII_vs_NSGAIII,HV,0.1,IVFNSGAIII,0.2090909090909091,0.4196078431372549,0.39477124183006534,0.44446078431372543,1530
IVFNSGAIII_vs_NSGAIII,HV,0.1,IVFNSGAIII,0.2181818181818182,0.42810457516339867,0.40259803921568627,0.4522875816993464,1530
IVFNSGAIII_vs_NSGAIII,HV,0.1,IVFNSGAIII,0.22727272727272727,0.434640522875817,0.40978758169934637,0.45816993464052286,1530
IVFNSGAIII_vs_NSGAIII,HV,0.1,IVFNSGAIII,0.23636363636363636,0.4437908496732026,0.41830065359477125,0.46797385620915033,1530
IVFNSGAIII_vs_NSGAIII,HV,0.1,IVFNSGAIII,0.24545454545454545,0.45294117647058824,0.42810457516339867,0.477124183006536,1530
IVFNSGAIII_vs_NSGAIII,HV,0.1,IVFNSGAIII,0.2545454545454545,0.45816993464052286,0.43333333333333335,0.4823692810457516,1530
IVFNSGAIII_vs_NSGAIII,HV,0.1,IVFNSGAIII,0.26363636363636367,0.4699346405228758,0.4450816993464052,0.4947712418300654,1530
IVFNSGAIII_vs_NSGAIII,HV,0.1,IVFNSGAIII,0.2727272727272727,0.4875816993464052,0.46143790849673205,0.5117647058823529,1530
IVFNSGAIII_vs_NSGAIII,HV,0.1,IVFNSGAIII,0.28181818181818186,0.5026143790849673,0.477124183006536,0.5281045751633987,1530
IVFNSGAIII_vs_NSGAIII,HV,0.1,IVFNSGAIII,0.2909090909090909,0.534640522875817,0.5084803921568627,0.5594771241830065,1530
IVFNSGAIII_vs_NSGAIII,HV,0.1,IVFNSGAIII,0.3,0.5862745098039216,0.561437908496732,0.611764705882353,1530
IVFNSGAIII_vs_NSGAIII,HV,0.1,IVFNSGAIII,0.3090909090909091,0.5973856209150327,0.5731862745098039,0.6215849673202615,1530
IVFNSGAIII_vs_NSGAIII,HV,0.1,IVFNSGAIII,0.3181818181818182,0.6039215686274509,0.5797385620915033,0.6274509803921569,1530
IVFNSGAIII_vs_NSGAIII,HV,0.1,IVFNSGAIII,0.32727272727272727,0.6111111111111112,0.5862581699346405,0.6353104575163399,1530
IVFNSGAIII_vs_NSGAIII,HV,0.1,IVFNSGAIII,0.33636363636363636,0.6169934640522876,0.5928104575163399,0.6405228758169934,1530
IVFNSGAIII_vs_NSGAIII,HV,0.1,IVFNSGAIII,0.34545454545454546,0.6261437908496732,0.6025980392156862,0.6496732026143791,1530
IVFNSGAIII_vs_NSGAIII,HV,0.1,IVFNSGAIII,0.3545454545454545,0.6352941176470588,0.6111111111111112,0.6588235294117647,1530
IVFNSGAIII_vs_NSGAIII,HV,0.1,IVFNSGAIII,0.36363636363636365,0.6457516339869281,0.6222058823529412,0.6686437908496732,1530
IVFNSGAIII_vs_NSGAIII,HV,0.1,IVFNSGAIII,0.3727272727272727,0.6509803921568628,0.6274509803921569,0.6738725490196079,1530
IVFNSGAIII_vs_NSGAIII,HV,0.1,IVFNSGAIII,0.38181818181818183,0.6601307189542484,0.6359477124183006,0.6843137254901961,1530
IVFNSGAIII_vs_NSGAIII,HV,0.1,IVFNSGAIII,0.3909090909090909,0.6758169934640523,0.6522875816993464,0.7006535947712418,1530
IVFNSGAIII_vs_NSGAIII,HV,0.1,IVFNSGAIII,0.4,0.696078431372549,0.673202614379085,0.7189705882352941,1530
IVFNSGAIII_vs_NSGAIII,HV,0.1,IVFNSGAIII,0.40909090909090906,0.7045751633986929,0.6816993464052288,0.7281045751633987,1530
IVFNSGAIII_vs_NSGAIII,HV,0.1,IVFNSGAIII,0.4181818181818182,0.7104575163398693,0.688218954248366,0.7333333333333333,1530
IVFNSGAIII_vs_NSGAIII,HV,0.1,IVFNSGAIII,0.42727272727272725,0.7156862745098039,0.692156862745098,0.7392156862745098,1530
IVFNSGAIII_vs_NSGAIII,HV,0.1,IVFNSGAIII,0.4363636363636364,0.722875816993464,0.6999836601307189,0.7451143790849674,1530
IVFNSGAIII_vs_NSGAIII,HV,0.1,IVFNSGAIII,0.44545454545454544,0.7287581699346405,0.7058823529411765,0.7503267973856209,1530
IVFNSGAIII_vs_NSGAIII,HV,0.1,IVFNSGAIII,0.4545454545454546,0.7326797385620915,0.7098039215686275,0.7542483660130719,1530
IVFNSGAIII_vs_NSGAIII,HV,0.1,IVFNSGAIII,0.4636363636363636,0.7366013071895425,0.7137254901960784,0.7575326797385621,1530
IVFNSGAIII_vs_NSGAIII,HV,0.1,IVFNSGAIII,0.47272727272727266,0.7450980392156863,0.7235130718954248,0.7666830065359478,1530
IVFNSGAIII_vs_NSGAIII,HV,0.1,IVFNSGAIII,0.4818181818181818,0.7503267973856209,0.7281045751633987,0.7725490196078432,1530
IVFNSGAIII_vs_NSGAIII,HV,0.1,IVFNSGAIII,0.49090909090909085,0.7581699346405228,0.7372549019607844,0.7803921568627451,1530
IVFNSGAIII_vs_NSGAIII,HV,0.1,IVFNSGAIII,0.5,0.7640522875816993,0.7431372549019608,0.7862745098039216,1530
IVFNSGAIII_vs_NSGAIII,HV,0.1,IVFNSGAIII,0.509090909090909,0.7660130718954249,0.7457516339869281,0.7875816993464052,1530
IVFNSGAIII_vs_NSGAIII,HV,0.1,IVFNSGAIII,0.5181818181818182,0.7666666666666667,0.74640522875817,0.7875980392156863,1530
IVFNSGAIII_vs_NSGAIII,HV,0.1,IVFNSGAIII,0.5272727272727272,0.7673202614379085,0.7470424836601307,0.7888888888888889,1530
IVFNSGAIII_vs_NSGAIII,HV,0.1,IVFNSGAIII,0.5363636363636364,0.7712418300653595,0.7503267973856209,0.7928104575163398,1530
IVFNSGAIII_vs_NSGAIII,HV,0.1,IVFNSGAIII,0.5454545454545454,0.7738562091503268,0.753578431372549,0.7947875816993464,1530
IVFNSGAIII_vs_NSGAIII,HV,0.1,IVFNSGAIII,0.5545454545454546,0.7745098039215687,0.75359477124183,0.796078431372549,1530
IVFNSGAIII_vs_NSGAIII,HV,0.1,IVFNSGAIII,0.5636363636363636,0.777124183006536,0.7562091503267974,0.7980392156862746,1530
IVFNSGAIII_vs_NSGAIII,HV,0.1,IVFNSGAIII,0.5727272727272728,0.7803921568627451,0.7601143790849673,0.8013071895424837,1530
IVFNSGAIII_vs_NSGAIII,HV,0.1,IVFNSGAIII,0.5818181818181818,0.7830065359477124,0.7633823529411764,0.803921568627451,1530
IVFNSGAIII_vs_NSGAIII,HV,0.1,IVFNSGAIII,0.5909090909090909,0.7869281045751634,0.7666503267973857,0.8072058823529412,1530
IVFNSGAIII_vs_NSGAIII,HV,0.1,IVFNSGAIII,0.6,0.7901960784313725,0.7699346405228759,0.8111111111111111,1530
IVFNSGAIII_vs_NSGAIII,HV,0.1,IVFNSGAIII,0.609090909090909,0.792156862745098,0.7718954248366013,0.8130718954248366,1530
IVFNSGAIII_vs_NSGAIII,HV,0.1,IVFNSGAIII,0.6181818181818182,0.7928104575163398,0.7725326797385621,0.8137254901960784,1530
IVFNSGAIII_vs_NSGAIII,HV,0.1,IVFNSGAIII,0.6272727272727272,0.7934640522875817,0.773202614379085,0.8143790849673203,1530
IVFNSGAIII_vs_NSGAIII,HV,0.1,IVFNSGAIII,0.6363636363636364,0.7954248366013071,0.7758006535947712,0.8156862745098039,1530
IVFNSGAIII_vs_NSGAIII,HV,0.1,IVFNSGAIII,0.6454545454545454,0.7980392156862746,0.7784313725490196,0.8183169934640523,1530
IVFNSGAIII_vs_NSGAIII,HV,0.1,IVFNSGAIII,0.6545454545454545,0.8,0.7803921568627451,0.8209150326797385,1530
IVFNSGAIII_vs_NSGAIII,HV,0.1,IVFNSGAIII,0.6636363636363636,0.8019607843137255,0.7823366013071895,0.8235294117647058,1530
IVFNSGAIII_vs_NSGAIII,HV,0.1,IVFNSGAIII,0.6727272727272727,0.8026143790849674,0.7830065359477124,0.8235457516339869,1530
IVFNSGAIII_vs_NSGAIII,HV,0.1,IVFNSGAIII,0.6818181818181818,0.8045751633986928,0.7843137254901961,0.8254901960784313,1530
IVFNSGAIII_vs_NSGAIII,HV,0.1,IVFNSGAIII,0.6909090909090908,0.8065359477124183,0.7875653594771241,0.8274509803921568,1530
IVFNSGAIII_vs_NSGAIII,HV,0.1,IVFNSGAIII,0.7,0.8091503267973856,0.7895424836601307,0.8294117647058824,1530
IVFNSGAIII_vs_NSGAIII,HV,0.1,IVFNSGAIII,0.709090909090909,0.8091503267973856,0.7895424836601307,0.8294117647058824,1530
IVFNSGAIII_vs_NSGAIII,HV,0.1,IVFNSGAIII,0.7181818181818181,0.8117647058823529,0.792156862745098,0.8320261437908497,1530
IVFNSGAIII_vs_NSGAIII,HV,0.1,IVFNSGAIII,0.7272727272727272,0.8150326797385621,0.796078431372549,0.8359477124183007,1530
IVFNSGAIII_vs_NSGAIII,HV,0.1,IVFNSGAIII,0.7363636363636363,0.8156862745098039,0.7967320261437908,0.8359477124183007,1530
IVFNSGAIII_vs_NSGAIII,HV,0.1,IVFNSGAIII,0.7454545454545454,0.8169934640522876,0.7973856209150327,0.8372549019607843,1530
IVFNSGAIII_vs_NSGAIII,HV,0.1,IVFNSGAIII,0.7545454545454545,0.8196078431372549,0.8006535947712419,0.8398856209150327,1530
IVFNSGAIII_vs_NSGAIII,HV,0.1,IVFNSGAIII,0.7636363636363636,0.8222222222222222,0.8026143790849674,0.842483660130719,1530
IVFNSGAIII_vs_NSGAIII,HV,0.1,IVFNSGAIII,0.7727272727272727,0.8235294117647058,0.8045751633986928,0.8431372549019608,1530
IVFNSGAIII_vs_NSGAIII,HV,0.1,IVFNSGAIII,0.7818181818181817,0.8241830065359477,0.8052287581699347,0.8437908496732026,1530
IVFNSGAIII_vs_NSGAIII,HV,0.1,IVFNSGAIII,0.7909090909090909,0.8241830065359477,0.8052287581699347,0.8437908496732026,1530
IVFNSGAIII_vs_NSGAIII,HV,0.1,IVFNSGAIII,0.7999999999999999,0.8241830065359477,0.8052287581699347,0.8437908496732026,1530
IVFNSGAIII_vs_NSGAIII,HV,0.1,IVFNSGAIII,0.8090909090909091,0.8254901960784313,0.8058823529411765,0.8450980392156863,1530
IVFNSGAIII_vs_NSGAIII,HV,0.1,IVFNSGAIII,0.8181818181818181,0.8261437908496732,0.8065359477124183,0.8457516339869281,1530
IVFNSGAIII_vs_NSGAIII,HV,0.1,IVFNSGAIII,0.8272727272727273,0.826797385620915,0.8071895424836601,0.8464052287581699,1530
IVFNSGAIII_vs_NSGAIII,HV,0.1,IVFNSGAIII,0.8363636363636363,0.8274509803921568,0.8084803921568627,0.8477124183006536,1530
IVFNSGAIII_vs_NSGAIII,HV,0.1,IVFNSGAIII,0.8454545454545453,0.8294117647058824,0.8098039215686275,0.8490359477124183,1530
IVFNSGAIII_vs_NSGAIII,HV,0.1,IVFNSGAIII,0.8545454545454545,0.8300653594771242,0.8104411764705882,0.8496732026143791,1530
IVFNSGAIII_vs_NSGAIII,HV,0.1,IVFNSGAIII,0.8636363636363635,0.8307189542483661,0.8117647058823529,0.850343137254902,1530
IVFNSGAIII_vs_NSGAIII,HV,0.1,IVFNSGAIII,0.8727272727272727,0.8320261437908497,0.8130718954248366,0.8516339869281045,1530
IVFNSGAIII_vs_NSGAIII,HV,0.1,IVFNSGAIII,0.8818181818181817,0.8339869281045752,0.8143790849673203,0.8529575163398693,1530
IVFNSGAIII_vs_NSGAIII,HV,0.1,IVFNSGAIII,0.8909090909090909,0.834640522875817,0.8156699346405228,0.8542483660130719,1530
IVFNSGAIII_vs_NSGAIII,HV,0.1,IVFNSGAIII,0.8999999999999999,0.8366013071895425,0.8176470588235294,0.8555555555555555,1530
IVFNSGAIII_vs_NSGAIII,HV,0.1,IVFNSGAIII,0.9090909090909091,0.8372549019607843,0.8183006535947712,0.8562091503267973,1530
IVFNSGAIII_vs_NSGAIII,HV,0.1,IVFNSGAIII,0.9181818181818181,0.8398692810457516,0.8209150326797385,0.8581862745098039,1530
IVFNSGAIII_vs_NSGAIII,HV,0.1,IVFNSGAIII,0.9272727272727272,0.8398692810457516,0.8209150326797385,0.8581862745098039,1530
IVFNSGAIII_vs_NSGAIII,HV,0.1,IVFNSGAIII,0.9363636363636363,0.8405228758169935,0.8222058823529411,0.8594771241830066,1530
IVFNSGAIII_vs_NSGAIII,HV,0.1,IVFNSGAIII,0.9454545454545454,0.8418300653594771,0.8235294117647058,0.8607843137254902,1530
IVFNSGAIII_vs_NSGAIII,HV,0.1,IVFNSGAIII,0.9545454545454545,0.8418300653594771,0.8235294117647058,0.8607843137254902,1530
IVFNSGAIII_vs_NSGAIII,HV,0.1,IVFNSGAIII,0.9636363636363636,0.842483660130719,0.8241830065359477,0.8608006535947713,1530
IVFNSGAIII_vs_NSGAIII,HV,0.1,IVFNSGAIII,0.9727272727272727,0.8431372549019608,0.8248366013071895,0.8614542483660131,1530
IVFNSGAIII_vs_NSGAIII,HV,0.1,IVFNSGAIII,0.9818181818181817,0.8457516339869281,0.8274509803921568,0.8647058823529412,1530
IVFNSGAIII_vs_NSGAIII,HV,0.1,IVFNSGAIII,0.9909090909090909,0.8457516339869281,0.8274509803921568,0.8647058823529412,1530
IVFNSGAIII_vs_NSGAIII,HV,0.1,IVFNSGAIII,1.0,0.8457516339869281,0.8274509803921568,0.8647058823529412,1530
IVFNSGAIII_vs_NSGAIII,HV,0.1,NSGAIII,0.1,0.10980392156862745,0.09411764705882353,0.12483660130718954,1530
IVFNSGAIII_vs_NSGAIII,HV,0.1,NSGAIII,0.1090909090909091,0.11241830065359477,0.09673202614379085,0.12679738562091503,1530
IVFNSGAIII_vs_NSGAIII,HV,0.1,NSGAIII,0.1181818181818182,0.11699346405228758,0.10129084967320262,0.13204248366013072,1530
IVFNSGAIII_vs_NSGAIII,HV,0.1,NSGAIII,0.1272727272727273,0.1261437908496732,0.10978758169934641,0.14248366013071895,1530
IVFNSGAIII_vs_NSGAIII,HV,0.1,NSGAIII,0.13636363636363635,0.13137254901960785,0.11501633986928105,0.14836601307189543,1530
IVFNSGAIII_vs_NSGAIII,HV,0.1,NSGAIII,0.14545454545454545,0.13856209150326798,0.12091503267973856,0.15620915032679739,1530
IVFNSGAIII_vs_NSGAIII,HV,0.1,NSGAIII,0.15454545454545454,0.14901960784313725,0.13137254901960785,0.16732026143790849,1530
IVFNSGAIII_vs_NSGAIII,HV,0.1,NSGAIII,0.16363636363636364,0.16143790849673204,0.14313725490196078,0.1803921568627451,1530
IVFNSGAIII_vs_NSGAIII,HV,0.1,NSGAIII,0.17272727272727273,0.19150326797385622,0.1718954248366013,0.21176470588235294,1530
IVFNSGAIII_vs_NSGAIII,HV,0.1,NSGAIII,0.18181818181818182,0.24248366013071895,0.22089869281045751,0.265359477124183,1530
IVFNSGAIII_vs_NSGAIII,HV,0.1,NSGAIII,0.19090909090909092,0.3333333333333333,0.30915032679738563,0.35687908496732024,1530
IVFNSGAIII_vs_NSGAIII,HV,0.1,NSGAIII,0.2,0.42745098039215684,0.40261437908496733,0.4516503267973856,1530
IVFNSGAIII_vs_NSGAIII,HV,0.1,NSGAIII,0.2090909090909091,0.43529411764705883,0.41241830065359475,0.46013071895424834,1530
IVFNSGAIII_vs_NSGAIII,HV,0.1,NSGAIII,0.2181818181818182,0.44052287581699345,0.4169934640522876,0.465359477124183,1530
IVFNSGAIII_vs_NSGAIII,HV,0.1,NSGAIII,0.22727272727272727,0.45098039215686275,0.4280882352941176,0.47517973856209145,1530
IVFNSGAIII_vs_NSGAIII,HV,0.1,NSGAIII,0.23636363636363636,0.45816993464052286,0.434640522875817,0.4830065359477124,1530
IVFNSGAIII_vs_NSGAIII,HV,0.1,NSGAIII,0.24545454545454545,0.4673202614379085,0.44442810457516335,0.49153594771241826,1530
IVFNSGAIII_vs_NSGAIII,HV,0.1,NSGAIII,0.2545454545454545,0.4745098039215686,0.45098039215686275,0.4993464052287582,1530
IVFNSGAIII_vs_NSGAIII,HV,0.1,NSGAIII,0.26363636363636367,0.4928104575163399,0.4692647058823529,0.5176633986928105,1530
IVFNSGAIII_vs_NSGAIII,HV,0.1,NSGAIII,0.2727272727272727,0.5084967320261438,0.48366013071895425,0.5340032679738562,1530
IVFNSGAIII_vs_NSGAIII,HV,0.1,NSGAIII,0.28181818181818186,0.5235294117647059,0.4993300653594771,0.5496732026143791,1530
IVFNSGAIII_vs_NSGAIII,HV,0.1,NSGAIII,0.2909090909090909,0.5581699346405229,0.5333333333333333,0.5836601307189543,1530
IVFNSGAIII_vs_NSGAIII,HV,0.1,NSGAIII,0.3,0.6111111111111112,0.5875816993464053,0.6352941176470588,1530
IVFNSGAIII_vs_NSGAIII,HV,0.1,NSGAIII,0.3090909090909091,0.615686274509804,0.5915032679738562,0.6392156862745098,1530
IVFNSGAIII_vs_NSGAIII,HV,0.1,NSGAIII,0.3181818181818182,0.6261437908496732,0.6019607843137255,0.6490196078431373,1530
IVFNSGAIII_vs_NSGAIII,HV,0.1,NSGAIII,0.32727272727272727,0.6352941176470588,0.611764705882353,0.6588235294117647,1530
IVFNSGAIII_vs_NSGAIII,HV,0.1,NSGAIII,0.33636363636363636,0.6437908496732027,0.6202614379084967,0.6673366013071895,1530
IVFNSGAIII_vs_NSGAIII,HV,0.1,NSGAIII,0.34545454545454546,0.6509803921568628,0.6274509803921569,0.6738725490196079,1530
IVFNSGAIII_vs_NSGAIII,HV,0.1,NSGAIII,0.3545454545454545,0.6581699346405229,0.6339869281045751,0.6816993464052288,1530
IVFNSGAIII_vs_NSGAIII,HV,0.1,NSGAIII,0.36363636363636365,0.6673202614379085,0.6431372549019608,0.6901960784313725,1530
IVFNSGAIII_vs_NSGAIII,HV,0.1,NSGAIII,0.3727272727272727,0.6751633986928105,0.6509803921568628,0.6980392156862745,1530
IVFNSGAIII_vs_NSGAIII,HV,0.1,NSGAIII,0.38181818181818183,0.6869281045751634,0.6620915032679738,0.7098202614379086,1530
IVFNSGAIII_vs_NSGAIII,HV,0.1,NSGAIII,0.3909090909090909,0.7045751633986929,0.6823529411764706,0.726797385620915,1530
IVFNSGAIII_vs_NSGAIII,HV,0.1,NSGAIII,0.4,0.7235294117647059,0.7013071895424836,0.7451143790849674,1530
IVFNSGAIII_vs_NSGAIII,HV,0.1,NSGAIII,0.40909090909090906,0.7254901960784313,0.7032679738562092,0.7470588235294118,1530
IVFNSGAIII_vs_NSGAIII,HV,0.1,NSGAIII,0.4181818181818182,0.7320261437908496,0.7104575163398693,0.75359477124183,1530
IVFNSGAIII_vs_NSGAIII,HV,0.1,NSGAIII,0.42727272727272725,0.7411764705882353,0.7189542483660131,0.7620915032679738,1530
IVFNSGAIII_vs_NSGAIII,HV,0.1,NSGAIII,0.4363636363636364,0.7431372549019608,0.7215686274509804,0.7640686274509804,1530
IVFNSGAIII_vs_NSGAIII,HV,0.1,NSGAIII,0.44545454545454544,0.7483660130718954,0.7274509803921568,0.769281045751634,1530
IVFNSGAIII_vs_NSGAIII,HV,0.1,NSGAIII,0.4545454545454546,0.7549019607843137,0.7333169934640522,0.7751797385620915,1530
IVFNSGAIII_vs_NSGAIII,HV,0.1,NSGAIII,0.4636363636363636,0.757516339869281,0.7365849673202615,0.7784313725490196,1530
IVFNSGAIII_vs_NSGAIII,HV,0.1,NSGAIII,0.47272727272727266,0.761437908496732,0.7405228758169935,0.7823692810457517,1530
IVFNSGAIII_vs_NSGAIII,HV,0.1,NSGAIII,0.4818181818181818,0.7660130718954249,0.7450816993464052,0.7869281045751634,1530
IVFNSGAIII_vs_NSGAIII,HV,0.1,NSGAIII,0.49090909090909085,0.7725490196078432,0.7509803921568627,0.7934803921568627,1530
IVFNSGAIII_vs_NSGAIII,HV,0.1,NSGAIII,0.5,0.7745098039215687,0.75359477124183,0.796078431372549,1530
IVFNSGAIII_vs_NSGAIII,HV,0.1,NSGAIII,0.509090909090909,0.7758169934640523,0.7549019607843137,0.7967320261437908,1530
IVFNSGAIII_vs_NSGAIII,HV,0.1,NSGAIII,0.5181818181818182,0.7803921568627451,0.7594771241830065,0.8013235294117648,1530
IVFNSGAIII_vs_NSGAIII,HV,0.1,NSGAIII,0.5272727272727272,0.7836601307189542,0.7633986928104575,0.8045751633986928,1530
IVFNSGAIII_vs_NSGAIII,HV,0.1,NSGAIII,0.5363636363636364,0.7856209150326797,0.765359477124183,0.8065359477124183,1530
IVFNSGAIII_vs_NSGAIII,HV,0.1,NSGAIII,0.5454545454545454,0.7856209150326797,0.765359477124183,0.8065359477124183,1530
IVFNSGAIII_vs_NSGAIII,HV,0.1,NSGAIII,0.5545454545454546,0.7862745098039216,0.7660130718954249,0.8065522875816994,1530
IVFNSGAIII_vs_NSGAIII,HV,0.1,NSGAIII,0.5636363636363636,0.7875816993464052,0.7673202614379085,0.807859477124183,1530
IVFNSGAIII_vs_NSGAIII,HV,0.1,NSGAIII,0.5727272727272728,0.7895424836601307,0.769264705882353,0.8104738562091504,1530
IVFNSGAIII_vs_NSGAIII,HV,0.1,NSGAIII,0.5818181818181818,0.7928104575163398,0.773202614379085,0.8130718954248366,1530
IVFNSGAIII_vs_NSGAIII,HV,0.1,NSGAIII,0.5909090909090909,0.7954248366013071,0.7751633986928105,0.8156862745098039,1530
IVFNSGAIII_vs_NSGAIII,HV,0.1,NSGAIII,0.6,0.7993464052287582,0.7803921568627451,0.819624183006536,1530
IVFNSGAIII_vs_NSGAIII,HV,0.1,NSGAIII,0.609090909090909,0.8,0.7810294117647059,0.8209150326797385,1530
IVFNSGAIII_vs_NSGAIII,HV,0.1,NSGAIII,0.6181818181818182,0.8019607843137255,0.7829901960784313,0.822875816993464,1530
IVFNSGAIII_vs_NSGAIII,HV,0.1,NSGAIII,0.6272727272727272,0.8032679738562092,0.7843137254901961,0.8235294117647058,1530
IVFNSGAIII_vs_NSGAIII,HV,0.1,NSGAIII,0.6363636363636364,0.803921568627451,0.7843137254901961,0.8241830065359477,1530
IVFNSGAIII_vs_NSGAIII,HV,0.1,NSGAIII,0.6454545454545454,0.8052287581699347,0.7856209150326797,0.8254901960784313,1530
IVFNSGAIII_vs_NSGAIII,HV,0.1,NSGAIII,0.6545454545454545,0.8084967320261438,0.7895424836601307,0.8287581699346406,1530
IVFNSGAIII_vs_NSGAIII,HV,0.1,NSGAIII,0.6636363636363636,0.8104575163398693,0.7908496732026143,0.8300653594771242,1530
IVFNSGAIII_vs_NSGAIII,HV,0.1,NSGAIII,0.6727272727272727,0.8130718954248366,0.7934640522875817,0.8326797385620915,1530
IVFNSGAIII_vs_NSGAIII,HV,0.1,NSGAIII,0.6818181818181818,0.8137254901960784,0.7941176470588235,0.8326960784313726,1530
IVFNSGAIII_vs_NSGAIII,HV,0.1,NSGAIII,0.6909090909090908,0.8156862745098039,0.7960620915032679,0.834640522875817,1530
IVFNSGAIII_vs_NSGAIII,HV,0.1,NSGAIII,0.7,0.8176470588235294,0.7973856209150327,0.8366013071895425,1530
IVFNSGAIII_vs_NSGAIII,HV,0.1,NSGAIII,0.709090909090909,0.8202614379084967,0.8006535947712419,0.8392156862745098,1530
IVFNSGAIII_vs_NSGAIII,HV,0.1,NSGAIII,0.7181818181818181,0.8222222222222222,0.8032679738562092,0.8411764705882353,1530
IVFNSGAIII_vs_NSGAIII,HV,0.1,NSGAIII,0.7272727272727272,0.8235294117647058,0.803921568627451,0.842483660130719,1530
IVFNSGAIII_vs_NSGAIII,HV,0.1,NSGAIII,0.7363636363636363,0.8235294117647058,0.803921568627451,0.842483660130719,1530
IVFNSGAIII_vs_NSGAIII,HV,0.1,NSGAIII,0.7454545454545454,0.8248366013071895,0.8052287581699347,0.8438071895424837,1530
IVFNSGAIII_vs_NSGAIII,HV,0.1,NSGAIII,0.7545454545454545,0.8254901960784313,0.8065196078431373,0.8444444444444444,1530
IVFNSGAIII_vs_NSGAIII,HV,0.1,NSGAIII,0.7636363636363636,0.8281045751633986,0.8084967320261438,0.8464052287581699,1530
IVFNSGAIII_vs_NSGAIII,HV,0.1,NSGAIII,0.7727272727272727,0.8287581699346406,0.8091503267973856,0.846421568627451,1530
IVFNSGAIII_vs_NSGAIII,HV,0.1,NSGAIII,0.7818181818181817,0.8307189542483661,0.8111111111111111,0.8483660130718954,1530
IVFNSGAIII_vs_NSGAIII,HV,0.1,NSGAIII,0.7909090909090909,0.8307189542483661,0.8111111111111111,0.8483660130718954,1530
IVFNSGAIII_vs_NSGAIII,HV,0.1,NSGAIII,0.7999999999999999,0.8326797385620915,0.8137254901960784,0.8503267973856209,1530
IVFNSGAIII_vs_NSGAIII,HV,0.1,NSGAIII,0.8090909090909091,0.8326797385620915,0.8137254901960784,0.8503267973856209,1530
IVFNSGAIII_vs_NSGAIII,HV,0.1,NSGAIII,0.8181818181818181,0.8326797385620915,0.8137254901960784,0.8503267973856209,1530
IVFNSGAIII_vs_NSGAIII,HV,0.1,NSGAIII,0.8272727272727273,0.8333333333333334,0.8143790849673203,0.8509803921568627,1530
IVFNSGAIII_vs_NSGAIII,HV,0.1,NSGAIII,0.8363636363636363,0.8333333333333334,0.8143790849673203,0.8509803921568627,1530
IVFNSGAIII_vs_NSGAIII,HV,0.1,NSGAIII,0.8454545454545453,0.8339869281045752,0.8150326797385621,0.8516339869281045,1530
IVFNSGAIII_vs_NSGAIII,HV,0.1,NSGAIII,0.8545454545454545,0.834640522875817,0.8156862745098039,0.8522875816993464,1530
IVFNSGAIII_vs_NSGAIII,HV,0.1,NSGAIII,0.8636363636363635,0.8359477124183007,0.8169934640522876,0.8536111111111111,1530
IVFNSGAIII_vs_NSGAIII,HV,0.1,NSGAIII,0.8727272727272727,0.8366013071895425,0.8176470588235294,0.8536111111111111,1530
IVFNSGAIII_vs_NSGAIII,HV,0.1,NSGAIII,0.8818181818181817,0.838562091503268,0.8202614379084967,0.8562091503267973,1530
IVFNSGAIII_vs_NSGAIII,HV,0.1,NSGAIII,0.8909090909090909,0.838562091503268,0.8202614379084967,0.8562091503267973,1530
IVFNSGAIII_vs_NSGAIII,HV,0.1,NSGAIII,0.8999999999999999,0.8405228758169935,0.822859477124183,0.8588235294117647,1530
IVFNSGAIII_vs_NSGAIII,HV,0.1,NSGAIII,0.9090909090909091,0.8405228758169935,0.822859477124183,0.8588235294117647,1530
IVFNSGAIII_vs_NSGAIII,HV,0.1,NSGAIII,0.9181818181818181,0.8411764705882353,0.8235294117647058,0.8588235294117647,1530
IVFNSGAIII_vs_NSGAIII,HV,0.1,NSGAIII,0.9272727272727272,0.8418300653594771,0.8241830065359477,0.8594771241830066,1530
IVFNSGAIII_vs_NSGAIII,HV,0.1,NSGAIII,0.9363636363636363,0.842483660130719,0.8248366013071895,0.8601307189542484,1530
IVFNSGAIII_vs_NSGAIII,HV,0.1,NSGAIII,0.9454545454545454,0.8431372549019608,0.8261274509803921,0.8607843137254902,1530
IVFNSGAIII_vs_NSGAIII,HV,0.1,NSGAIII,0.9545454545454545,0.8431372549019608,0.8261274509803921,0.8607843137254902,1530
IVFNSGAIII_vs_NSGAIII,HV,0.1,NSGAIII,0.9636363636363636,0.8437908496732026,0.8261437908496732,0.8614542483660131,1530
IVFNSGAIII_vs_NSGAIII,HV,0.1,NSGAIII,0.9727272727272727,0.8444444444444444,0.826797385620915,0.8620915032679739,1530
IVFNSGAIII_vs_NSGAIII,HV,0.1,NSGAIII,0.9818181818181817,0.8444444444444444,0.826797385620915,0.8620915032679739,1530
IVFNSGAIII_vs_NSGAIII,HV,0.1,NSGAIII,0.9909090909090909,0.8464052287581699,0.8281045751633986,0.8633986928104576,1530
IVFNSGAIII_vs_NSGAIII,HV,0.1,NSGAIII,1.0,0.8470588235294118,0.8287581699346406,0.8640522875816994,1530
IVFNSGAII_vs_NSGAII,IGD,0.5,IVFNSGAII,0.1,0.7810457516339869,0.7601307189542483,0.8006699346405229,1530
IVFNSGAII_vs_NSGAII,IGD,0.5,IVFNSGAII,0.1090909090909091,0.8045751633986928,0.7836601307189542,0.8248366013071895,1530
IVFNSGAII_vs_NSGAII,IGD,0.5,IVFNSGAII,0.1181818181818182,0.8287581699346406,0.8097875816993464,0.8483660130718954,1530
IVFNSGAII_vs_NSGAII,IGD,0.5,IVFNSGAII,0.1272727272727273,0.8542483660130719,0.834640522875817,0.8712418300653595,1530
IVFNSGAII_vs_NSGAII,IGD,0.5,IVFNSGAII,0.13636363636363635,0.8803921568627451,0.8633986928104576,0.8960947712418301,1530
IVFNSGAII_vs_NSGAII,IGD,0.5,IVFNSGAII,0.14545454545454545,0.8973856209150327,0.8810457516339869,0.9124183006535947,1530
IVFNSGAII_vs_NSGAII,IGD,0.5,IVFNSGAII,0.15454545454545454,0.9150326797385621,0.9006535947712418,0.9281045751633987,1530
IVFNSGAII_vs_NSGAII,IGD,0.5,IVFNSGAII,0.16363636363636364,0.9222222222222223,0.9084967320261438,0.9353104575163399,1530
IVFNSGAII_vs_NSGAII,IGD,0.5,IVFNSGAII,0.17272727272727273,0.9281045751633987,0.9137254901960784,0.9405228758169935,1530
IVFNSGAII_vs_NSGAII,IGD,0.5,IVFNSGAII,0.18181818181818182,0.9339869281045752,0.9209150326797385,0.9464052287581699,1530
IVFNSGAII_vs_NSGAII,IGD,0.5,IVFNSGAII,0.19090909090909092,0.9392156862745098,0.9261437908496732,0.9509803921568627,1530
IVFNSGAII_vs_NSGAII,IGD,0.5,IVFNSGAII,0.2,0.9418300653594771,0.9294117647058824,0.9529411764705882,1530
IVFNSGAII_vs_NSGAII,IGD,0.5,IVFNSGAII,0.2090909090909091,0.9437908496732026,0.9320098039215686,0.9549019607843138,1530
IVFNSGAII_vs_NSGAII,IGD,0.5,IVFNSGAII,0.2181818181818182,0.9483660130718954,0.9366013071895425,0.9594771241830066,1530
IVFNSGAII_vs_NSGAII,IGD,0.5,IVFNSGAII,0.22727272727272727,0.9509803921568627,0.9398692810457516,0.961437908496732,1530
IVFNSGAII_vs_NSGAII,IGD,0.5,IVFNSGAII,0.23636363636363636,0.9549019607843138,0.9437908496732026,0.965359477124183,1530
IVFNSGAII_vs_NSGAII,IGD,0.5,IVFNSGAII,0.24545454545454545,0.9575163398692811,0.9470424836601307,0.9673366013071896,1530
IVFNSGAII_vs_NSGAII,IGD,0.5,IVFNSGAII,0.2545454545454545,0.9575163398692811,0.9470424836601307,0.9673366013071896,1530
IVFNSGAII_vs_NSGAII,IGD,0.5,IVFNSGAII,0.26363636363636367,0.9588235294117647,0.9477124183006536,0.9686274509803922,1530
IVFNSGAII_vs_NSGAII,IGD,0.5,IVFNSGAII,0.2727272727272727,0.9601307189542484,0.949673202614379,0.9699346405228758,1530
IVFNSGAII_vs_NSGAII,IGD,0.5,IVFNSGAII,0.28181818181818186,0.9607843137254902,0.9503267973856209,0.9705882352941176,1530
IVFNSGAII_vs_NSGAII,IGD,0.5,IVFNSGAII,0.2909090909090909,0.961437908496732,0.9509803921568627,0.9705882352941176,1530
IVFNSGAII_vs_NSGAII,IGD,0.5,IVFNSGAII,0.3,0.9627450980392157,0.9529411764705882,0.9719117647058824,1530
IVFNSGAII_vs_NSGAII,IGD,0.5,IVFNSGAII,0.3090909090909091,0.9627450980392157,0.9529411764705882,0.9719117647058824,1530
IVFNSGAII_vs_NSGAII,IGD,0.5,IVFNSGAII,0.3181818181818182,0.9633986928104575,0.9535947712418301,0.9725490196078431,1530
IVFNSGAII_vs_NSGAII,IGD,0.5,IVFNSGAII,0.32727272727272727,0.9647058823529412,0.9549019607843138,0.9738562091503268,1530
IVFNSGAII_vs_NSGAII,IGD,0.5,IVFNSGAII,0.33636363636363636,0.9679738562091503,0.9594771241830066,0.9764705882352941,1530
IVFNSGAII_vs_NSGAII,IGD,0.5,IVFNSGAII,0.34545454545454546,0.9679738562091503,0.9594771241830066,0.9764705882352941,1530
IVFNSGAII_vs_NSGAII,IGD,0.5,IVFNSGAII,0.3545454545454545,0.9679738562091503,0.9594771241830066,0.9764705882352941,1530
IVFNSGAII_vs_NSGAII,IGD,0.5,IVFNSGAII,0.36363636363636365,0.9679738562091503,0.9594771241830066,0.9764705882352941,1530
IVFNSGAII_vs_NSGAII,IGD,0.5,IVFNSGAII,0.3727272727272727,0.9679738562091503,0.9594771241830066,0.9764705882352941,1530
IVFNSGAII_vs_NSGAII,IGD,0.5,IVFNSGAII,0.38181818181818183,0.9686274509803922,0.9601307189542484,0.9771241830065359,1530
IVFNSGAII_vs_NSGAII,IGD,0.5,IVFNSGAII,0.3909090909090909,0.9686274509803922,0.9601307189542484,0.9771241830065359,1530
IVFNSGAII_vs_NSGAII,IGD,0.5,IVFNSGAII,0.4,0.969281045751634,0.9607843137254902,0.9777777777777777,1530
IVFNSGAII_vs_NSGAII,IGD,0.5,IVFNSGAII,0.40909090909090906,0.9699346405228758,0.961437908496732,0.9777777777777777,1530
IVFNSGAII_vs_NSGAII,IGD,0.5,IVFNSGAII,0.4181818181818182,0.9699346405228758,0.961437908496732,0.9777777777777777,1530
IVFNSGAII_vs_NSGAII,IGD,0.5,IVFNSGAII,0.42727272727272725,0.9699346405228758,0.961437908496732,0.9777777777777777,1530
IVFNSGAII_vs_NSGAII,IGD,0.5,IVFNSGAII,0.4363636363636364,0.9699346405228758,0.961437908496732,0.9777777777777777,1530
IVFNSGAII_vs_NSGAII,IGD,0.5,IVFNSGAII,0.44545454545454544,0.9699346405228758,0.961437908496732,0.9777777777777777,1530
IVFNSGAII_vs_NSGAII,IGD,0.5,IVFNSGAII,0.4545454545454546,0.9699346405228758,0.961437908496732,0.9777777777777777,1530
IVFNSGAII_vs_NSGAII,IGD,0.5,IVFNSGAII,0.4636363636363636,0.9699346405228758,0.961437908496732,0.9777777777777777,1530
IVFNSGAII_vs_NSGAII,IGD,0.5,IVFNSGAII,0.47272727272727266,0.9699346405228758,0.961437908496732,0.9777777777777777,1530
IVFNSGAII_vs_NSGAII,IGD,0.5,IVFNSGAII,0.4818181818181818,0.9699346405228758,0.961437908496732,0.9777777777777777,1530
IVFNSGAII_vs_NSGAII,IGD,0.5,IVFNSGAII,0.49090909090909085,0.9699346405228758,0.961437908496732,0.9777777777777777,1530
IVFNSGAII_vs_NSGAII,IGD,0.5,IVFNSGAII,0.5,0.9699346405228758,0.961437908496732,0.9777777777777777,1530
IVFNSGAII_vs_NSGAII,IGD,0.5,IVFNSGAII,0.509090909090909,0.9712418300653595,0.9633986928104575,0.9790849673202614,1530
IVFNSGAII_vs_NSGAII,IGD,0.5,IVFNSGAII,0.5181818181818182,0.9718954248366013,0.9640359477124183,0.9797385620915032,1530
IVFNSGAII_vs_NSGAII,IGD,0.5,IVFNSGAII,0.5272727272727272,0.9718954248366013,0.9640359477124183,0.9797385620915032,1530
IVFNSGAII_vs_NSGAII,IGD,0.5,IVFNSGAII,0.5363636363636364,0.9718954248366013,0.9640359477124183,0.9797385620915032,1530
IVFNSGAII_vs_NSGAII,IGD,0.5,IVFNSGAII,0.5454545454545454,0.9718954248366013,0.9640359477124183,0.9797385620915032,1530
IVFNSGAII_vs_NSGAII,IGD,0.5,IVFNSGAII,0.5545454545454546,0.9718954248366013,0.9640359477124183,0.9797385620915032,1530
IVFNSGAII_vs_NSGAII,IGD,0.5,IVFNSGAII,0.5636363636363636,0.9718954248366013,0.9640359477124183,0.9797385620915032,1530
IVFNSGAII_vs_NSGAII,IGD,0.5,IVFNSGAII,0.5727272727272728,0.9718954248366013,0.9640359477124183,0.9797385620915032,1530
IVFNSGAII_vs_NSGAII,IGD,0.5,IVFNSGAII,0.5818181818181818,0.9718954248366013,0.9640359477124183,0.9797385620915032,1530
IVFNSGAII_vs_NSGAII,IGD,0.5,IVFNSGAII,0.5909090909090909,0.9718954248366013,0.9640359477124183,0.9797385620915032,1530
IVFNSGAII_vs_NSGAII,IGD,0.5,IVFNSGAII,0.6,0.9725490196078431,0.9647058823529412,0.9803921568627451,1530
IVFNSGAII_vs_NSGAII,IGD,0.5,IVFNSGAII,0.609090909090909,0.9725490196078431,0.9647058823529412,0.9803921568627451,1530
IVFNSGAII_vs_NSGAII,IGD,0.5,IVFNSGAII,0.6181818181818182,0.973202614379085,0.965359477124183,0.9810457516339869,1530
IVFNSGAII_vs_NSGAII,IGD,0.5,IVFNSGAII,0.6272727272727272,0.973202614379085,0.965359477124183,0.9810457516339869,1530
IVFNSGAII_vs_NSGAII,IGD,0.5,IVFNSGAII,0.6363636363636364,0.973202614379085,0.965359477124183,0.9810457516339869,1530
IVFNSGAII_vs_NSGAII,IGD,0.5,IVFNSGAII,0.6454545454545454,0.973202614379085,0.965359477124183,0.9810457516339869,1530
IVFNSGAII_vs_NSGAII,IGD,0.5,IVFNSGAII,0.6545454545454545,0.973202614379085,0.965359477124183,0.9810457516339869,1530
IVFNSGAII_vs_NSGAII,IGD,0.5,IVFNSGAII,0.6636363636363636,0.973202614379085,0.965359477124183,0.9810457516339869,1530
IVFNSGAII_vs_NSGAII,IGD,0.5,IVFNSGAII,0.6727272727272727,0.973202614379085,0.965359477124183,0.9810457516339869,1530
IVFNSGAII_vs_NSGAII,IGD,0.5,IVFNSGAII,0.6818181818181818,0.973202614379085,0.965359477124183,0.9810457516339869,1530
IVFNSGAII_vs_NSGAII,IGD,0.5,IVFNSGAII,0.6909090909090908,0.973202614379085,0.965359477124183,0.9810457516339869,1530
IVFNSGAII_vs_NSGAII,IGD,0.5,IVFNSGAII,0.7,0.973202614379085,0.965359477124183,0.9810457516339869,1530
IVFNSGAII_vs_NSGAII,IGD,0.5,IVFNSGAII,0.709090909090909,0.973202614379085,0.965359477124183,0.9810457516339869,1530
IVFNSGAII_vs_NSGAII,IGD,0.5,IVFNSGAII,0.7181818181818181,0.973202614379085,0.965359477124183,0.9810457516339869,1530
IVFNSGAII_vs_NSGAII,IGD,0.5,IVFNSGAII,0.7272727272727272,0.973202614379085,0.965359477124183,0.9810457516339869,1530
IVFNSGAII_vs_NSGAII,IGD,0.5,IVFNSGAII,0.7363636363636363,0.973202614379085,0.965359477124183,0.9810457516339869,1530
IVFNSGAII_vs_NSGAII,IGD,0.5,IVFNSGAII,0.7454545454545454,0.9738562091503268,0.9660130718954248,0.9816993464052287,1530
IVFNSGAII_vs_NSGAII,IGD,0.5,IVFNSGAII,0.7545454545454545,0.9745098039215686,0.9666666666666667,0.9823529411764705,1530
IVFNSGAII_vs_NSGAII,IGD,0.5,IVFNSGAII,0.7636363636363636,0.9745098039215686,0.9666666666666667,0.9823529411764705,1530
IVFNSGAII_vs_NSGAII,IGD,0.5,IVFNSGAII,0.7727272727272727,0.9745098039215686,0.9666666666666667,0.9823529411764705,1530
IVFNSGAII_vs_NSGAII,IGD,0.5,IVFNSGAII,0.7818181818181817,0.9745098039215686,0.9666666666666667,0.9823529411764705,1530
IVFNSGAII_vs_NSGAII,IGD,0.5,IVFNSGAII,0.7909090909090909,0.9745098039215686,0.9666666666666667,0.9823529411764705,1530
IVFNSGAII_vs_NSGAII,IGD,0.5,IVFNSGAII,0.7999999999999999,0.9745098039215686,0.9666666666666667,0.9823529411764705,1530
IVFNSGAII_vs_NSGAII,IGD,0.5,IVFNSGAII,0.8090909090909091,0.9745098039215686,0.9666666666666667,0.9823529411764705,1530
IVFNSGAII_vs_NSGAII,IGD,0.5,IVFNSGAII,0.8181818181818181,0.9745098039215686,0.9666666666666667,0.9823529411764705,1530
IVFNSGAII_vs_NSGAII,IGD,0.5,IVFNSGAII,0.8272727272727273,0.9745098039215686,0.9666666666666667,0.9823529411764705,1530
IVFNSGAII_vs_NSGAII,IGD,0.5,IVFNSGAII,0.8363636363636363,0.9751633986928104,0.9673202614379085,0.9823529411764705,1530
IVFNSGAII_vs_NSGAII,IGD,0.5,IVFNSGAII,0.8454545454545453,0.9751633986928104,0.9673202614379085,0.9823529411764705,1530
IVFNSGAII_vs_NSGAII,IGD,0.5,IVFNSGAII,0.8545454545454545,0.9751633986928104,0.9673202614379085,0.9823529411764705,1530
IVFNSGAII_vs_NSGAII,IGD,0.5,IVFNSGAII,0.8636363636363635,0.9751633986928104,0.9673202614379085,0.9823529411764705,1530
IVFNSGAII_vs_NSGAII,IGD,0.5,IVFNSGAII,0.8727272727272727,0.9751633986928104,0.9673202614379085,0.9823529411764705,1530
IVFNSGAII_vs_NSGAII,IGD,0.5,IVFNSGAII,0.8818181818181817,0.9751633986928104,0.9673202614379085,0.9823529411764705,1530
IVFNSGAII_vs_NSGAII,IGD,0.5,IVFNSGAII,0.8909090909090909,0.9751633986928104,0.9673202614379085,0.9823529411764705,1530
IVFNSGAII_vs_NSGAII,IGD,0.5,IVFNSGAII,0.8999999999999999,0.9751633986928104,0.9673202614379085,0.9823529411764705,1530
IVFNSGAII_vs_NSGAII,IGD,0.5,IVFNSGAII,0.9090909090909091,0.9751633986928104,0.9673202614379085,0.9823529411764705,1530
IVFNSGAII_vs_NSGAII,IGD,0.5,IVFNSGAII,0.9181818181818181,0.9751633986928104,0.9673202614379085,0.9823529411764705,1530
IVFNSGAII_vs_NSGAII,IGD,0.5,IVFNSGAII,0.9272727272727272,0.9751633986928104,0.9673202614379085,0.9823529411764705,1530
IVFNSGAII_vs_NSGAII,IGD,0.5,IVFNSGAII,0.9363636363636363,0.9751633986928104,0.9673202614379085,0.9823529411764705,1530
IVFNSGAII_vs_NSGAII,IGD,0.5,IVFNSGAII,0.9454545454545454,0.9751633986928104,0.9673202614379085,0.9823529411764705,1530
IVFNSGAII_vs_NSGAII,IGD,0.5,IVFNSGAII,0.9545454545454545,0.9751633986928104,0.9673202614379085,0.9823529411764705,1530
IVFNSGAII_vs_NSGAII,IGD,0.5,IVFNSGAII,0.9636363636363636,0.9751633986928104,0.9673202614379085,0.9823529411764705,1530
IVFNSGAII_vs_NSGAII,IGD,0.5,IVFNSGAII,0.9727272727272727,0.9751633986928104,0.9673202614379085,0.9823529411764705,1530
IVFNSGAII_vs_NSGAII,IGD,0.5,IVFNSGAII,0.9818181818181817,0.9751633986928104,0.9673202614379085,0.9823529411764705,1530
IVFNSGAII_vs_NSGAII,IGD,0.5,IVFNSGAII,0.9909090909090909,0.9751633986928104,0.9673202614379085,0.9823529411764705,1530
IVFNSGAII_vs_NSGAII,IGD,0.5,IVFNSGAII,1.0,0.9751633986928104,0.9673202614379085,0.9823529411764705,1530
IVFNSGAII_vs_NSGAII,IGD,0.5,NSGAII,0.1,0.7058823529411765,0.6836601307189543,0.7300653594771241,1530
IVFNSGAII_vs_NSGAII,IGD,0.5,NSGAII,0.1090909090909091,0.7379084967320262,0.7163235294117647,0.7607843137254902,1530
IVFNSGAII_vs_NSGAII,IGD,0.5,NSGAII,0.1181818181818182,0.7627450980392156,0.742483660130719,0.7849673202614379,1530
IVFNSGAII_vs_NSGAII,IGD,0.5,NSGAII,0.1272727272727273,0.7875816993464052,0.7686274509803922,0.8091666666666667,1530
IVFNSGAII_vs_NSGAII,IGD,0.5,NSGAII,0.13636363636363635,0.8130718954248366,0.7947712418300653,0.8333496732026144,1530
IVFNSGAII_vs_NSGAII,IGD,0.5,NSGAII,0.14545454545454545,0.834640522875817,0.8163398692810457,0.8542483660130719,1530
IVFNSGAII_vs_NSGAII,IGD,0.5,NSGAII,0.15454545454545454,0.865359477124183,0.8483660130718954,0.8836764705882353,1530
IVFNSGAII_vs_NSGAII,IGD,0.5,NSGAII,0.16363636363636364,0.8875816993464052,0.8718790849673203,0.903921568627451,1530
IVFNSGAII_vs_NSGAII,IGD,0.5,NSGAII,0.17272727272727273,0.8967320261437909,0.8810457516339869,0.911781045751634,1530
IVFNSGAII_vs_NSGAII,IGD,0.5,NSGAII,0.18181818181818182,0.9084967320261438,0.8928104575163399,0.9228758169934641,1530
IVFNSGAII_vs_NSGAII,IGD,0.5,NSGAII,0.19090909090909092,0.9176470588235294,0.9032679738562092,0.9313725490196079,1530
IVFNSGAII_vs_NSGAII,IGD,0.5,NSGAII,0.2,0.9235294117647059,0.9098039215686274,0.9366013071895425,1530
IVFNSGAII_vs_NSGAII,IGD,0.5,NSGAII,0.2090909090909091,0.9294117647058824,0.9163398692810457,0.9418464052287582,1530
IVFNSGAII_vs_NSGAII,IGD,0.5,NSGAII,0.2181818181818182,0.9339869281045752,0.9209150326797385,0.9470588235294117,1530
IVFNSGAII_vs_NSGAII,IGD,0.5,NSGAII,0.22727272727272727,0.9424836601307189,0.930718954248366,0.954248366013072,1530
IVFNSGAII_vs_NSGAII,IGD,0.5,NSGAII,0.23636363636363636,0.949673202614379,0.9392156862745098,0.9601307189542484,1530
IVFNSGAII_vs_NSGAII,IGD,0.5,NSGAII,0.24545454545454545,0.9516339869281045,0.9405228758169935,0.961437908496732,1530
IVFNSGAII_vs_NSGAII,IGD,0.5,NSGAII,0.2545454545454545,0.9549019607843138,0.9444444444444444,0.9647058823529412,1530
IVFNSGAII_vs_NSGAII,IGD,0.5,NSGAII,0.26363636363636367,0.9575163398692811,0.9470588235294117,0.9673202614379085,1530
IVFNSGAII_vs_NSGAII,IGD,0.5,NSGAII,0.2727272727272727,0.9588235294117647,0.9490032679738561,0.9679901960784314,1530
IVFNSGAII_vs_NSGAII,IGD,0.5,NSGAII,0.28181818181818186,0.9601307189542484,0.949673202614379,0.969281045751634,1530
IVFNSGAII_vs_NSGAII,IGD,0.5,NSGAII,0.2909090909090909,0.9601307189542484,0.949673202614379,0.969281045751634,1530
IVFNSGAII_vs_NSGAII,IGD,0.5,NSGAII,0.3,0.961437908496732,0.9516339869281045,0.9705882352941176,1530
IVFNSGAII_vs_NSGAII,IGD,0.5,NSGAII,0.3090909090909091,0.9633986928104575,0.9542320261437909,0.9718954248366013,1530
IVFNSGAII_vs_NSGAII,IGD,0.5,NSGAII,0.3181818181818182,0.965359477124183,0.9562091503267974,0.9738562091503268,1530
IVFNSGAII_vs_NSGAII,IGD,0.5,NSGAII,0.32727272727272727,0.9660130718954248,0.9568627450980393,0.9738725490196078,1530
IVFNSGAII_vs_NSGAII,IGD,0.5,NSGAII,0.33636363636363636,0.9679738562091503,0.9588235294117647,0.9758169934640523,1530
IVFNSGAII_vs_NSGAII,IGD,0.5,NSGAII,0.34545454545454546,0.9679738562091503,0.9588235294117647,0.9758169934640523,1530
IVFNSGAII_vs_NSGAII,IGD,0.5,NSGAII,0.3545454545454545,0.969281045751634,0.9607843137254902,0.9771241830065359,1530
IVFNSGAII_vs_NSGAII,IGD,0.5,NSGAII,0.36363636363636365,0.9699346405228758,0.9620915032679739,0.9777777777777777,1530
IVFNSGAII_vs_NSGAII,IGD,0.5,NSGAII,0.3727272727272727,0.9699346405228758,0.9620915032679739,0.9777777777777777,1530
IVFNSGAII_vs_NSGAII,IGD,0.5,NSGAII,0.38181818181818183,0.9699346405228758,0.9620915032679739,0.9777777777777777,1530
IVFNSGAII_vs_NSGAII,IGD,0.5,NSGAII,0.3909090909090909,0.9705882352941176,0.9627450980392157,0.9784313725490196,1530
IVFNSGAII_vs_NSGAII,IGD,0.5,NSGAII,0.4,0.9705882352941176,0.9627450980392157,0.9784313725490196,1530
IVFNSGAII_vs_NSGAII,IGD,0.5,NSGAII,0.40909090909090906,0.9718954248366013,0.9640522875816994,0.9790849673202614,1530
IVFNSGAII_vs_NSGAII,IGD,0.5,NSGAII,0.4181818181818182,0.973202614379085,0.965359477124183,0.9803921568627451,1530
IVFNSGAII_vs_NSGAII,IGD,0.5,NSGAII,0.42727272727272725,0.973202614379085,0.965359477124183,0.9803921568627451,1530
IVFNSGAII_vs_NSGAII,IGD,0.5,NSGAII,0.4363636363636364,0.973202614379085,0.965359477124183,0.9803921568627451,1530
IVFNSGAII_vs_NSGAII,IGD,0.5,NSGAII,0.44545454545454544,0.973202614379085,0.965359477124183,0.9803921568627451,1530
IVFNSGAII_vs_NSGAII,IGD,0.5,NSGAII,0.4545454545454546,0.973202614379085,0.965359477124183,0.9803921568627451,1530
IVFNSGAII_vs_NSGAII,IGD,0.5,NSGAII,0.4636363636363636,0.973202614379085,0.965359477124183,0.9803921568627451,1530
IVFNSGAII_vs_NSGAII,IGD,0.5,NSGAII,0.47272727272727266,0.973202614379085,0.965359477124183,0.9803921568627451,1530
IVFNSGAII_vs_NSGAII,IGD,0.5,NSGAII,0.4818181818181818,0.973202614379085,0.965359477124183,0.9803921568627451,1530
IVFNSGAII_vs_NSGAII,IGD,0.5,NSGAII,0.49090909090909085,0.973202614379085,0.965359477124183,0.9803921568627451,1530
IVFNSGAII_vs_NSGAII,IGD,0.5,NSGAII,0.5,0.973202614379085,0.965359477124183,0.9803921568627451,1530
IVFNSGAII_vs_NSGAII,IGD,0.5,NSGAII,0.509090909090909,0.973202614379085,0.965359477124183,0.9803921568627451,1530
IVFNSGAII_vs_NSGAII,IGD,0.5,NSGAII,0.5181818181818182,0.9745098039215686,0.9666666666666667,0.9816993464052287,1530
IVFNSGAII_vs_NSGAII,IGD,0.5,NSGAII,0.5272727272727272,0.9745098039215686,0.9666666666666667,0.9816993464052287,1530
IVFNSGAII_vs_NSGAII,IGD,0.5,NSGAII,0.5363636363636364,0.9745098039215686,0.9666666666666667,0.9816993464052287,1530
IVFNSGAII_vs_NSGAII,IGD,0.5,NSGAII,0.5454545454545454,0.9745098039215686,0.9666666666666667,0.9816993464052287,1530
IVFNSGAII_vs_NSGAII,IGD,0.5,NSGAII,0.5545454545454546,0.9751633986928104,0.9673202614379085,0.9823529411764705,1530
IVFNSGAII_vs_NSGAII,IGD,0.5,NSGAII,0.5636363636363636,0.9751633986928104,0.9673202614379085,0.9823529411764705,1530
IVFNSGAII_vs_NSGAII,IGD,0.5,NSGAII,0.5727272727272728,0.9751633986928104,0.9673202614379085,0.9823529411764705,1530
IVFNSGAII_vs_NSGAII,IGD,0.5,NSGAII,0.5818181818181818,0.9751633986928104,0.9673202614379085,0.9823529411764705,1530
IVFNSGAII_vs_NSGAII,IGD,0.5,NSGAII,0.5909090909090909,0.9751633986928104,0.9673202614379085,0.9823529411764705,1530
IVFNSGAII_vs_NSGAII,IGD,0.5,NSGAII,0.6,0.9751633986928104,0.9673202614379085,0.9823529411764705,1530
IVFNSGAII_vs_NSGAII,IGD,0.5,NSGAII,0.609090909090909,0.9751633986928104,0.9673202614379085,0.9823529411764705,1530
IVFNSGAII_vs_NSGAII,IGD,0.5,NSGAII,0.6181818181818182,0.9751633986928104,0.9673202614379085,0.9823529411764705,1530
IVFNSGAII_vs_NSGAII,IGD,0.5,NSGAII,0.6272727272727272,0.9751633986928104,0.9673202614379085,0.9823529411764705,1530
IVFNSGAII_vs_NSGAII,IGD,0.5,NSGAII,0.6363636363636364,0.9758169934640523,0.9686274509803922,0.9830065359477124,1530
IVFNSGAII_vs_NSGAII,IGD,0.5,NSGAII,0.6454545454545454,0.9764705882352941,0.9686274509803922,0.9836601307189542,1530
IVFNSGAII_vs_NSGAII,IGD,0.5,NSGAII,0.6545454545454545,0.9764705882352941,0.9686274509803922,0.9836601307189542,1530
IVFNSGAII_vs_NSGAII,IGD,0.5,NSGAII,0.6636363636363636,0.9764705882352941,0.9686274509803922,0.9836601307189542,1530
IVFNSGAII_vs_NSGAII,IGD,0.5,NSGAII,0.6727272727272727,0.9764705882352941,0.9686274509803922,0.9836601307189542,1530
IVFNSGAII_vs_NSGAII,IGD,0.5,NSGAII,0.6818181818181818,0.9764705882352941,0.9686274509803922,0.9836601307189542,1530
IVFNSGAII_vs_NSGAII,IGD,0.5,NSGAII,0.6909090909090908,0.9764705882352941,0.9686274509803922,0.9836601307189542,1530
IVFNSGAII_vs_NSGAII,IGD,0.5,NSGAII,0.7,0.9764705882352941,0.9686274509803922,0.9836601307189542,1530
IVFNSGAII_vs_NSGAII,IGD,0.5,NSGAII,0.709090909090909,0.9764705882352941,0.9686274509803922,0.9836601307189542,1530
IVFNSGAII_vs_NSGAII,IGD,0.5,NSGAII,0.7181818181818181,0.9764705882352941,0.9686274509803922,0.9836601307189542,1530
IVFNSGAII_vs_NSGAII,IGD,0.5,NSGAII,0.7272727272727272,0.9764705882352941,0.9686274509803922,0.9836601307189542,1530
IVFNSGAII_vs_NSGAII,IGD,0.5,NSGAII,0.7363636363636363,0.9764705882352941,0.9686274509803922,0.9836601307189542,1530
IVFNSGAII_vs_NSGAII,IGD,0.5,NSGAII,0.7454545454545454,0.9764705882352941,0.9686274509803922,0.9836601307189542,1530
IVFNSGAII_vs_NSGAII,IGD,0.5,NSGAII,0.7545454545454545,0.9764705882352941,0.9686274509803922,0.9836601307189542,1530
IVFNSGAII_vs_NSGAII,IGD,0.5,NSGAII,0.7636363636363636,0.9764705882352941,0.9686274509803922,0.9836601307189542,1530
IVFNSGAII_vs_NSGAII,IGD,0.5,NSGAII,0.7727272727272727,0.9764705882352941,0.9686274509803922,0.9836601307189542,1530
IVFNSGAII_vs_NSGAII,IGD,0.5,NSGAII,0.7818181818181817,0.9764705882352941,0.9686274509803922,0.9836601307189542,1530
IVFNSGAII_vs_NSGAII,IGD,0.5,NSGAII,0.7909090909090909,0.9764705882352941,0.9686274509803922,0.9836601307189542,1530
IVFNSGAII_vs_NSGAII,IGD,0.5,NSGAII,0.7999999999999999,0.9764705882352941,0.9686274509803922,0.9836601307189542,1530
IVFNSGAII_vs_NSGAII,IGD,0.5,NSGAII,0.8090909090909091,0.9764705882352941,0.9686274509803922,0.9836601307189542,1530
IVFNSGAII_vs_NSGAII,IGD,0.5,NSGAII,0.8181818181818181,0.9764705882352941,0.9686274509803922,0.9836601307189542,1530
IVFNSGAII_vs_NSGAII,IGD,0.5,NSGAII,0.8272727272727273,0.9764705882352941,0.9686274509803922,0.9836601307189542,1530
IVFNSGAII_vs_NSGAII,IGD,0.5,NSGAII,0.8363636363636363,0.9764705882352941,0.9686274509803922,0.9836601307189542,1530
IVFNSGAII_vs_NSGAII,IGD,0.5,NSGAII,0.8454545454545453,0.9764705882352941,0.9686274509803922,0.9836601307189542,1530
IVFNSGAII_vs_NSGAII,IGD,0.5,NSGAII,0.8545454545454545,0.9764705882352941,0.9686274509803922,0.9836601307189542,1530
IVFNSGAII_vs_NSGAII,IGD,0.5,NSGAII,0.8636363636363635,0.9764705882352941,0.9686274509803922,0.9836601307189542,1530
IVFNSGAII_vs_NSGAII,IGD,0.5,NSGAII,0.8727272727272727,0.9764705882352941,0.9686274509803922,0.9836601307189542,1530
IVFNSGAII_vs_NSGAII,IGD,0.5,NSGAII,0.8818181818181817,0.9764705882352941,0.9686274509803922,0.9836601307189542,1530
IVFNSGAII_vs_NSGAII,IGD,0.5,NSGAII,0.8909090909090909,0.9764705882352941,0.9686274509803922,0.9836601307189542,1530
IVFNSGAII_vs_NSGAII,IGD,0.5,NSGAII,0.8999999999999999,0.9764705882352941,0.9686274509803922,0.9836601307189542,1530
IVFNSGAII_vs_NSGAII,IGD,0.5,NSGAII,0.9090909090909091,0.9764705882352941,0.9686274509803922,0.9836601307189542,1530
IVFNSGAII_vs_NSGAII,IGD,0.5,NSGAII,0.9181818181818181,0.9764705882352941,0.9686274509803922,0.9836601307189542,1530
IVFNSGAII_vs_NSGAII,IGD,0.5,NSGAII,0.9272727272727272,0.9764705882352941,0.9686274509803922,0.9836601307189542,1530
IVFNSGAII_vs_NSGAII,IGD,0.5,NSGAII,0.9363636363636363,0.9764705882352941,0.9686274509803922,0.9836601307189542,1530
IVFNSGAII_vs_NSGAII,IGD,0.5,NSGAII,0.9454545454545454,0.9764705882352941,0.9686274509803922,0.9836601307189542,1530
IVFNSGAII_vs_NSGAII,IGD,0.5,NSGAII,0.9545454545454545,0.9764705882352941,0.9686274509803922,0.9836601307189542,1530
IVFNSGAII_vs_NSGAII,IGD,0.5,NSGAII,0.9636363636363636,0.9764705882352941,0.9686274509803922,0.9836601307189542,1530
IVFNSGAII_vs_NSGAII,IGD,0.5,NSGAII,0.9727272727272727,0.9764705882352941,0.9686274509803922,0.9836601307189542,1530
IVFNSGAII_vs_NSGAII,IGD,0.5,NSGAII,0.9818181818181817,0.9764705882352941,0.9686274509803922,0.9836601307189542,1530
IVFNSGAII_vs_NSGAII,IGD,0.5,NSGAII,0.9909090909090909,0.9764705882352941,0.9686274509803922,0.9836601307189542,1530
IVFNSGAII_vs_NSGAII,IGD,0.5,NSGAII,1.0,0.9764705882352941,0.9686274509803922,0.9836601307189542,1530
IVFNSGAII_vs_NSGAII,IGD,0.25,IVFNSGAII,0.1,0.46601307189542485,0.4411764705882353,0.4895424836601307,1530
IVFNSGAII_vs_NSGAII,IGD,0.25,IVFNSGAII,0.1090909090909091,0.48104575163398694,0.45555555555555555,0.5052287581699346,1530
IVFNSGAII_vs_NSGAII,IGD,0.25,IVFNSGAII,0.1181818181818182,0.4954248366013072,0.4705718954248366,0.5189542483660131,1530
IVFNSGAII_vs_NSGAII,IGD,0.25,IVFNSGAII,0.1272727272727273,0.5209150326797386,0.49673202614379086,0.5438071895424836,1530
IVFNSGAII_vs_NSGAII,IGD,0.25,IVFNSGAII,0.13636363636363635,0.5470588235294118,0.5222058823529412,0.5705882352941176,1530
IVFNSGAII_vs_NSGAII,IGD,0.25,IVFNSGAII,0.14545454545454545,0.5745098039215686,0.5490196078431373,0.5974019607843137,1530
IVFNSGAII_vs_NSGAII,IGD,0.25,IVFNSGAII,0.15454545454545454,0.6176470588235294,0.5914869281045751,0.6398856209150326,1530
IVFNSGAII_vs_NSGAII,IGD,0.25,IVFNSGAII,0.16363636363636364,0.6620915032679738,0.6379084967320261,0.6843137254901961,1530
IVFNSGAII_vs_NSGAII,IGD,0.25,IVFNSGAII,0.17272727272727273,0.7045751633986929,0.6803921568627451,0.7254901960784313,1530
IVFNSGAII_vs_NSGAII,IGD,0.25,IVFNSGAII,0.18181818181818182,0.7320261437908496,0.7097875816993464,0.7529411764705882,1530
IVFNSGAII_vs_NSGAII,IGD,0.25,IVFNSGAII,0.19090909090909092,0.7542483660130719,0.7326797385620915,0.7751633986928105,1530
IVFNSGAII_vs_NSGAII,IGD,0.25,IVFNSGAII,0.2,0.769281045751634,0.7477124183006536,0.7908496732026143,1530
IVFNSGAII_vs_NSGAII,IGD,0.25,IVFNSGAII,0.2090909090909091,0.7758169934640523,0.75359477124183,0.7967320261437908,1530
IVFNSGAII_vs_NSGAII,IGD,0.25,IVFNSGAII,0.2181818181818182,0.7816993464052288,0.7601307189542483,0.8019771241830066,1530
IVFNSGAII_vs_NSGAII,IGD,0.25,IVFNSGAII,0.22727272727272727,0.788235294117647,0.7673202614379085,0.8084967320261438,1530
IVFNSGAII_vs_NSGAII,IGD,0.25,IVFNSGAII,0.23636363636363636,0.7928104575163398,0.7712418300653595,0.8130718954248366,1530
IVFNSGAII_vs_NSGAII,IGD,0.25,IVFNSGAII,0.24545454545454545,0.8013071895424837,0.7790849673202614,0.8209150326797385,1530
IVFNSGAII_vs_NSGAII,IGD,0.25,IVFNSGAII,0.2545454545454545,0.8058823529411765,0.7849673202614379,0.8254901960784313,1530
IVFNSGAII_vs_NSGAII,IGD,0.25,IVFNSGAII,0.26363636363636367,0.8111111111111111,0.7901960784313725,0.8313725490196079,1530
IVFNSGAII_vs_NSGAII,IGD,0.25,IVFNSGAII,0.2727272727272727,0.818954248366013,0.7986928104575164,0.838562091503268,1530
IVFNSGAII_vs_NSGAII,IGD,0.25,IVFNSGAII,0.28181818181818186,0.8235294117647058,0.803921568627451,0.8418300653594771,1530
IVFNSGAII_vs_NSGAII,IGD,0.25,IVFNSGAII,0.2909090909090909,0.8307189542483661,0.8111111111111111,0.8490196078431372,1530
IVFNSGAII_vs_NSGAII,IGD,0.25,IVFNSGAII,0.3,0.8359477124183007,0.8163235294117647,0.8542483660130719,1530
IVFNSGAII_vs_NSGAII,IGD,0.25,IVFNSGAII,0.3090909090909091,0.842483660130719,0.8235294117647058,0.8594771241830066,1530
IVFNSGAII_vs_NSGAII,IGD,0.25,IVFNSGAII,0.3181818181818182,0.8450980392156863,0.8261437908496732,0.8620915032679739,1530
IVFNSGAII_vs_NSGAII,IGD,0.25,IVFNSGAII,0.32727272727272727,0.8477124183006536,0.8287581699346406,0.8647222222222223,1530
IVFNSGAII_vs_NSGAII,IGD,0.25,IVFNSGAII,0.33636363636363636,0.8496732026143791,0.8313562091503268,0.8666666666666667,1530
IVFNSGAII_vs_NSGAII,IGD,0.25,IVFNSGAII,0.34545454545454546,0.8529411764705882,0.834640522875817,0.8699346405228758,1530
IVFNSGAII_vs_NSGAII,IGD,0.25,IVFNSGAII,0.3545454545454545,0.8555555555555555,0.8379084967320262,0.8725490196078431,1530
IVFNSGAII_vs_NSGAII,IGD,0.25,IVFNSGAII,0.36363636363636365,0.8607843137254902,0.8431209150326797,0.8777777777777778,1530
IVFNSGAII_vs_NSGAII,IGD,0.25,IVFNSGAII,0.3727272727272727,0.8647058823529412,0.8470588235294118,0.8816993464052287,1530
IVFNSGAII_vs_NSGAII,IGD,0.25,IVFNSGAII,0.38181818181818183,0.8666666666666667,0.8490196078431372,0.8836601307189542,1530
IVFNSGAII_vs_NSGAII,IGD,0.25,IVFNSGAII,0.3909090909090909,0.8699346405228758,0.8529411764705882,0.8862908496732026,1530
IVFNSGAII_vs_NSGAII,IGD,0.25,IVFNSGAII,0.4,0.8738562091503268,0.8568464052287581,0.8908496732026144,1530
IVFNSGAII_vs_NSGAII,IGD,0.25,IVFNSGAII,0.40909090909090906,0.8758169934640523,0.8594771241830066,0.892826797385621,1530
IVFNSGAII_vs_NSGAII,IGD,0.25,IVFNSGAII,0.4181818181818182,0.8797385620915033,0.8633823529411765,0.8960947712418301,1530
IVFNSGAII_vs_NSGAII,IGD,0.25,IVFNSGAII,0.42727272727272725,0.8836601307189542,0.8679575163398693,0.9,1530
IVFNSGAII_vs_NSGAII,IGD,0.25,IVFNSGAII,0.4363636363636364,0.8862745098039215,0.8699346405228758,0.9013071895424837,1530
IVFNSGAII_vs_NSGAII,IGD,0.25,IVFNSGAII,0.44545454545454544,0.8875816993464052,0.8718954248366013,0.9026143790849673,1530
IVFNSGAII_vs_NSGAII,IGD,0.25,IVFNSGAII,0.4545454545454546,0.8895424836601307,0.873202614379085,0.9045751633986928,1530
IVFNSGAII_vs_NSGAII,IGD,0.25,IVFNSGAII,0.4636363636363636,0.8934640522875817,0.8784313725490196,0.9084967320261438,1530
IVFNSGAII_vs_NSGAII,IGD,0.25,IVFNSGAII,0.47272727272727266,0.8960784313725491,0.8803921568627451,0.9104575163398693,1530
IVFNSGAII_vs_NSGAII,IGD,0.25,IVFNSGAII,0.4818181818181818,0.8980392156862745,0.8823529411764706,0.9124183006535947,1530
IVFNSGAII_vs_NSGAII,IGD,0.25,IVFNSGAII,0.49090909090909085,0.9,0.8849673202614379,0.9137254901960784,1530
IVFNSGAII_vs_NSGAII,IGD,0.25,IVFNSGAII,0.5,0.9032679738562092,0.8882189542483659,0.9176470588235294,1530
IVFNSGAII_vs_NSGAII,IGD,0.25,IVFNSGAII,0.509090909090909,0.9071895424836601,0.8927941176470588,0.9215686274509803,1530
IVFNSGAII_vs_NSGAII,IGD,0.25,IVFNSGAII,0.5181818181818182,0.9084967320261438,0.8941176470588236,0.9222222222222223,1530
IVFNSGAII_vs_NSGAII,IGD,0.25,IVFNSGAII,0.5272727272727272,0.9098039215686274,0.8954248366013072,0.9235294117647059,1530
IVFNSGAII_vs_NSGAII,IGD,0.25,IVFNSGAII,0.5363636363636364,0.9111111111111111,0.8967320261437909,0.9248366013071896,1530
IVFNSGAII_vs_NSGAII,IGD,0.25,IVFNSGAII,0.5454545454545454,0.9124183006535947,0.8980392156862745,0.9261437908496732,1530
IVFNSGAII_vs_NSGAII,IGD,0.25,IVFNSGAII,0.5545454545454546,0.9130718954248366,0.8986928104575164,0.9267973856209151,1530
IVFNSGAII_vs_NSGAII,IGD,0.25,IVFNSGAII,0.5636363636363636,0.9163398692810457,0.9019607843137255,0.9287581699346406,1530
IVFNSGAII_vs_NSGAII,IGD,0.25,IVFNSGAII,0.5727272727272728,0.9176470588235294,0.9032679738562092,0.9300653594771242,1530
IVFNSGAII_vs_NSGAII,IGD,0.25,IVFNSGAII,0.5818181818181818,0.9196078431372549,0.9052287581699346,0.9326797385620915,1530
IVFNSGAII_vs_NSGAII,IGD,0.25,IVFNSGAII,0.5909090909090909,0.9202614379084967,0.9065359477124183,0.9326797385620915,1530
IVFNSGAII_vs_NSGAII,IGD,0.25,IVFNSGAII,0.6,0.9215686274509803,0.907843137254902,0.9339869281045752,1530
IVFNSGAII_vs_NSGAII,IGD,0.25,IVFNSGAII,0.609090909090909,0.9222222222222223,0.9084967320261438,0.9346568627450981,1530
IVFNSGAII_vs_NSGAII,IGD,0.25,IVFNSGAII,0.6181818181818182,0.9228758169934641,0.9098039215686274,0.9353104575163399,1530
IVFNSGAII_vs_NSGAII,IGD,0.25,IVFNSGAII,0.6272727272727272,0.9235294117647059,0.9098039215686274,0.9359477124183007,1530
IVFNSGAII_vs_NSGAII,IGD,0.25,IVFNSGAII,0.6363636363636364,0.9248366013071896,0.9111111111111111,0.9372549019607843,1530
IVFNSGAII_vs_NSGAII,IGD,0.25,IVFNSGAII,0.6454545454545454,0.9261437908496732,0.9124183006535947,0.938562091503268,1530
IVFNSGAII_vs_NSGAII,IGD,0.25,IVFNSGAII,0.6545454545454545,0.9274509803921569,0.9143790849673202,0.9398692810457516,1530
IVFNSGAII_vs_NSGAII,IGD,0.25,IVFNSGAII,0.6636363636363636,0.9274509803921569,0.9143790849673202,0.9398692810457516,1530
IVFNSGAII_vs_NSGAII,IGD,0.25,IVFNSGAII,0.6727272727272727,0.9281045751633987,0.9150326797385621,0.9405228758169935,1530
IVFNSGAII_vs_NSGAII,IGD,0.25,IVFNSGAII,0.6818181818181818,0.9281045751633987,0.9150326797385621,0.9405228758169935,1530
IVFNSGAII_vs_NSGAII,IGD,0.25,IVFNSGAII,0.6909090909090908,0.9300653594771242,0.9169771241830065,0.9424836601307189,1530
IVFNSGAII_vs_NSGAII,IGD,0.25,IVFNSGAII,0.7,0.9300653594771242,0.9169771241830065,0.9424836601307189,1530
IVFNSGAII_vs_NSGAII,IGD,0.25,IVFNSGAII,0.709090909090909,0.9313725490196079,0.9183006535947712,0.9437908496732026,1530
IVFNSGAII_vs_NSGAII,IGD,0.25,IVFNSGAII,0.7181818181818181,0.9326797385620915,0.918954248366013,0.9450980392156862,1530
IVFNSGAII_vs_NSGAII,IGD,0.25,IVFNSGAII,0.7272727272727272,0.9326797385620915,0.918954248366013,0.9450980392156862,1530
IVFNSGAII_vs_NSGAII,IGD,0.25,IVFNSGAII,0.7363636363636363,0.934640522875817,0.9215686274509803,0.9464052287581699,1530
IVFNSGAII_vs_NSGAII,IGD,0.25,IVFNSGAII,0.7454545454545454,0.934640522875817,0.9215686274509803,0.9464052287581699,1530
IVFNSGAII_vs_NSGAII,IGD,0.25,IVFNSGAII,0.7545454545454545,0.9352941176470588,0.9222222222222223,0.9470588235294117,1530
IVFNSGAII_vs_NSGAII,IGD,0.25,IVFNSGAII,0.7636363636363636,0.9359477124183007,0.9228758169934641,0.9477124183006536,1530
IVFNSGAII_vs_NSGAII,IGD,0.25,IVFNSGAII,0.7727272727272727,0.9366013071895425,0.9241830065359478,0.9483660130718954,1530
IVFNSGAII_vs_NSGAII,IGD,0.25,IVFNSGAII,0.7818181818181817,0.9372549019607843,0.9248202614379085,0.9483823529411765,1530
IVFNSGAII_vs_NSGAII,IGD,0.25,IVFNSGAII,0.7909090909090909,0.9372549019607843,0.9248202614379085,0.9483823529411765,1530
IVFNSGAII_vs_NSGAII,IGD,0.25,IVFNSGAII,0.7999999999999999,0.9372549019607843,0.9248202614379085,0.9483823529411765,1530
IVFNSGAII_vs_NSGAII,IGD,0.25,IVFNSGAII,0.8090909090909091,0.9379084967320261,0.9248366013071896,0.9490359477124183,1530
IVFNSGAII_vs_NSGAII,IGD,0.25,IVFNSGAII,0.8181818181818181,0.9379084967320261,0.9248366013071896,0.9490359477124183,1530
IVFNSGAII_vs_NSGAII,IGD,0.25,IVFNSGAII,0.8272727272727273,0.938562091503268,0.9254901960784314,0.9503267973856209,1530
IVFNSGAII_vs_NSGAII,IGD,0.25,IVFNSGAII,0.8363636363636363,0.9398692810457516,0.9274509803921569,0.9509803921568627,1530
IVFNSGAII_vs_NSGAII,IGD,0.25,IVFNSGAII,0.8454545454545453,0.9405228758169935,0.9281045751633987,0.9516503267973856,1530
IVFNSGAII_vs_NSGAII,IGD,0.25,IVFNSGAII,0.8545454545454545,0.9411764705882353,0.9287581699346406,0.9522875816993464,1530
IVFNSGAII_vs_NSGAII,IGD,0.25,IVFNSGAII,0.8636363636363635,0.9411764705882353,0.9287581699346406,0.9522875816993464,1530
IVFNSGAII_vs_NSGAII,IGD,0.25,IVFNSGAII,0.8727272727272727,0.9437908496732026,0.9320098039215686,0.9555555555555556,1530
IVFNSGAII_vs_NSGAII,IGD,0.25,IVFNSGAII,0.8818181818181817,0.9437908496732026,0.9320098039215686,0.9555555555555556,1530
IVFNSGAII_vs_NSGAII,IGD,0.25,IVFNSGAII,0.8909090909090909,0.9444444444444444,0.9320261437908497,0.9562091503267974,1530
IVFNSGAII_vs_NSGAII,IGD,0.25,IVFNSGAII,0.8999999999999999,0.9444444444444444,0.9320261437908497,0.9562091503267974,1530
IVFNSGAII_vs_NSGAII,IGD,0.25,IVFNSGAII,0.9090909090909091,0.9444444444444444,0.9320261437908497,0.9562091503267974,1530
IVFNSGAII_vs_NSGAII,IGD,0.25,IVFNSGAII,0.9181818181818181,0.9444444444444444,0.9320261437908497,0.9562091503267974,1530
IVFNSGAII_vs_NSGAII,IGD,0.25,IVFNSGAII,0.9272727272727272,0.9457516339869281,0.934640522875817,0.9568627450980393,1530
IVFNSGAII_vs_NSGAII,IGD,0.25,IVFNSGAII,0.9363636363636363,0.9464052287581699,0.9352941176470588,0.9575163398692811,1530
IVFNSGAII_vs_NSGAII,IGD,0.25,IVFNSGAII,0.9454545454545454,0.9464052287581699,0.9352941176470588,0.9575163398692811,1530
IVFNSGAII_vs_NSGAII,IGD,0.25,IVFNSGAII,0.9545454545454545,0.9477124183006536,0.9366013071895425,0.9594771241830066,1530
IVFNSGAII_vs_NSGAII,IGD,0.25,IVFNSGAII,0.9636363636363636,0.9483660130718954,0.9372549019607843,0.9594771241830066,1530
IVFNSGAII_vs_NSGAII,IGD,0.25,IVFNSGAII,0.9727272727272727,0.9490196078431372,0.9379084967320261,0.9601470588235295,1530
IVFNSGAII_vs_NSGAII,IGD,0.25,IVFNSGAII,0.9818181818181817,0.9503267973856209,0.9392156862745098,0.961437908496732,1530
IVFNSGAII_vs_NSGAII,IGD,0.25,IVFNSGAII,0.9909090909090909,0.9503267973856209,0.9392156862745098,0.961437908496732,1530
IVFNSGAII_vs_NSGAII,IGD,0.25,IVFNSGAII,1.0,0.9503267973856209,0.9392156862745098,0.961437908496732,1530
IVFNSGAII_vs_NSGAII,IGD,0.25,NSGAII,0.1,0.4196078431372549,0.396078431372549,0.44313725490196076,1530
IVFNSGAII_vs_NSGAII,IGD,0.25,NSGAII,0.1090909090909091,0.4372549019607843,0.4143790849673203,0.46143790849673205,1530
IVFNSGAII_vs_NSGAII,IGD,0.25,NSGAII,0.1181818181818182,0.4542483660130719,0.4300653594771242,0.47844771241830064,1530
IVFNSGAII_vs_NSGAII,IGD,0.25,NSGAII,0.1272727272727273,0.47516339869281043,0.4522875816993464,0.4980392156862745,1530
IVFNSGAII_vs_NSGAII,IGD,0.25,NSGAII,0.13636363636363635,0.49607843137254903,0.47187908496732023,0.5202614379084968,1530
IVFNSGAII_vs_NSGAII,IGD,0.25,NSGAII,0.14545454545454545,0.5254901960784314,0.5012908496732026,0.5496732026143791,1530
IVFNSGAII_vs_NSGAII,IGD,0.25,NSGAII,0.15454545454545454,0.5594771241830065,0.5352941176470588,0.5843137254901961,1530
IVFNSGAII_vs_NSGAII,IGD,0.25,NSGAII,0.16363636363636364,0.5993464052287582,0.5744934640522875,0.6222385620915033,1530
IVFNSGAII_vs_NSGAII,IGD,0.25,NSGAII,0.17272727272727273,0.6176470588235294,0.5934477124183006,0.6411764705882353,1530
IVFNSGAII_vs_NSGAII,IGD,0.25,NSGAII,0.18181818181818182,0.6516339869281046,0.6274509803921569,0.6758169934640523,1530
IVFNSGAII_vs_NSGAII,IGD,0.25,NSGAII,0.19090909090909092,0.6803921568627451,0.6581209150326798,0.7045751633986929,1530
IVFNSGAII_vs_NSGAII,IGD,0.25,NSGAII,0.2,0.7156862745098039,0.6941176470588235,0.7411764705882353,1530
IVFNSGAII_vs_NSGAII,IGD,0.25,NSGAII,0.2090909090909091,0.722875816993464,0.7013071895424836,0.7477124183006536,1530
IVFNSGAII_vs_NSGAII,IGD,0.25,NSGAII,0.2181818181818182,0.7287581699346405,0.7071732026143791,0.7529575163398693,1530
IVFNSGAII_vs_NSGAII,IGD,0.25,NSGAII,0.22727272727272727,0.7405228758169935,0.7195915032679738,0.7640686274509804,1530
IVFNSGAII_vs_NSGAII,IGD,0.25,NSGAII,0.23636363636363636,0.7450980392156863,0.7241830065359477,0.7679901960784314,1530
IVFNSGAII_vs_NSGAII,IGD,0.25,NSGAII,0.24545454545454545,0.7509803921568627,0.730718954248366,0.7738725490196079,1530
IVFNSGAII_vs_NSGAII,IGD,0.25,NSGAII,0.2545454545454545,0.7607843137254902,0.7411601307189543,0.7830065359477124,1530
IVFNSGAII_vs_NSGAII,IGD,0.25,NSGAII,0.26363636363636367,0.7712418300653595,0.7509803921568627,0.7928104575163398,1530
IVFNSGAII_vs_NSGAII,IGD,0.25,NSGAII,0.2727272727272727,0.7856209150326797,0.7653431372549019,0.8071895424836601,1530
IVFNSGAII_vs_NSGAII,IGD,0.25,NSGAII,0.28181818181818186,0.7967320261437908,0.777124183006536,0.8183006535947712,1530
IVFNSGAII_vs_NSGAII,IGD,0.25,NSGAII,0.2909090909090909,0.803921568627451,0.7843137254901961,0.8241830065359477,1530
IVFNSGAII_vs_NSGAII,IGD,0.25,NSGAII,0.3,0.8150326797385621,0.7967320261437908,0.8340032679738563,1530
IVFNSGAII_vs_NSGAII,IGD,0.25,NSGAII,0.3090909090909091,0.8169934640522876,0.7986764705882353,0.8366013071895425,1530
IVFNSGAII_vs_NSGAII,IGD,0.25,NSGAII,0.3181818181818182,0.8196078431372549,0.8013071895424837,0.838562091503268,1530
IVFNSGAII_vs_NSGAII,IGD,0.25,NSGAII,0.32727272727272727,0.8235294117647058,0.8058823529411765,0.8425,1530
IVFNSGAII_vs_NSGAII,IGD,0.25,NSGAII,0.33636363636363636,0.8294117647058824,0.8111111111111111,0.8483660130718954,1530
IVFNSGAII_vs_NSGAII,IGD,0.25,NSGAII,0.34545454545454546,0.8333333333333334,0.8163071895424836,0.8516503267973856,1530
IVFNSGAII_vs_NSGAII,IGD,0.25,NSGAII,0.3545454545454545,0.8352941176470589,0.8176307189542483,0.85359477124183,1530
IVFNSGAII_vs_NSGAII,IGD,0.25,NSGAII,0.36363636363636365,0.8392156862745098,0.8209150326797385,0.857516339869281,1530
IVFNSGAII_vs_NSGAII,IGD,0.25,NSGAII,0.3727272727272727,0.8450980392156863,0.8274509803921568,0.8627450980392157,1530
IVFNSGAII_vs_NSGAII,IGD,0.25,NSGAII,0.38181818181818183,0.8503267973856209,0.8320261437908497,0.8686274509803922,1530
IVFNSGAII_vs_NSGAII,IGD,0.25,NSGAII,0.3909090909090909,0.857516339869281,0.8392156862745098,0.8758169934640523,1530
IVFNSGAII_vs_NSGAII,IGD,0.25,NSGAII,0.4,0.8601307189542484,0.842483660130719,0.8777941176470588,1530
IVFNSGAII_vs_NSGAII,IGD,0.25,NSGAII,0.40909090909090906,0.8633986928104576,0.8463888888888889,0.8816993464052287,1530
IVFNSGAII_vs_NSGAII,IGD,0.25,NSGAII,0.4181818181818182,0.8666666666666667,0.8496732026143791,0.8836601307189542,1530
IVFNSGAII_vs_NSGAII,IGD,0.25,NSGAII,0.42727272727272725,0.873202614379085,0.8555555555555555,0.8901960784313725,1530
IVFNSGAII_vs_NSGAII,IGD,0.25,NSGAII,0.4363636363636364,0.8751633986928105,0.8581699346405228,0.8921732026143792,1530
IVFNSGAII_vs_NSGAII,IGD,0.25,NSGAII,0.44545454545454544,0.8764705882352941,0.8601143790849674,0.8934803921568628,1530
IVFNSGAII_vs_NSGAII,IGD,0.25,NSGAII,0.4545454545454546,0.8784313725490196,0.8614379084967321,0.8954248366013072,1530
IVFNSGAII_vs_NSGAII,IGD,0.25,NSGAII,0.4636363636363636,0.8836601307189542,0.8666666666666667,0.9,1530
IVFNSGAII_vs_NSGAII,IGD,0.25,NSGAII,0.47272727272727266,0.8856209150326797,0.8699019607843137,0.9019607843137255,1530
IVFNSGAII_vs_NSGAII,IGD,0.25,NSGAII,0.4818181818181818,0.8901960784313725,0.8738398692810457,0.9058986928104575,1530
IVFNSGAII_vs_NSGAII,IGD,0.25,NSGAII,0.49090909090909085,0.8928104575163399,0.8764705882352941,0.9084967320261438,1530
IVFNSGAII_vs_NSGAII,IGD,0.25,NSGAII,0.5,0.8934640522875817,0.8771241830065359,0.9091503267973856,1530
IVFNSGAII_vs_NSGAII,IGD,0.25,NSGAII,0.509090909090909,0.8947712418300654,0.8797058823529411,0.9104575163398693,1530
IVFNSGAII_vs_NSGAII,IGD,0.25,NSGAII,0.5181818181818182,0.8973856209150327,0.8823366013071895,0.9130718954248366,1530
IVFNSGAII_vs_NSGAII,IGD,0.25,NSGAII,0.5272727272727272,0.9006535947712418,0.8856209150326797,0.915702614379085,1530
IVFNSGAII_vs_NSGAII,IGD,0.25,NSGAII,0.5363636363636364,0.9032679738562092,0.8875816993464052,0.9183169934640523,1530
IVFNSGAII_vs_NSGAII,IGD,0.25,NSGAII,0.5454545454545454,0.9058823529411765,0.8908496732026144,0.9209150326797385,1530
IVFNSGAII_vs_NSGAII,IGD,0.25,NSGAII,0.5545454545454546,0.9091503267973856,0.8941176470588236,0.9235294117647059,1530
IVFNSGAII_vs_NSGAII,IGD,0.25,NSGAII,0.5636363636363636,0.9091503267973856,0.8941176470588236,0.9235294117647059,1530
IVFNSGAII_vs_NSGAII,IGD,0.25,NSGAII,0.5727272727272728,0.9111111111111111,0.8960784313725491,0.9261437908496732,1530
IVFNSGAII_vs_NSGAII,IGD,0.25,NSGAII,0.5818181818181818,0.9124183006535947,0.8980392156862745,0.9274509803921569,1530
IVFNSGAII_vs_NSGAII,IGD,0.25,NSGAII,0.5909090909090909,0.9130718954248366,0.8986764705882353,0.9281045751633987,1530
IVFNSGAII_vs_NSGAII,IGD,0.25,NSGAII,0.6,0.9137254901960784,0.8993464052287582,0.9287581699346406,1530
IVFNSGAII_vs_NSGAII,IGD,0.25,NSGAII,0.609090909090909,0.9156862745098039,0.9013071895424837,0.9300653594771242,1530
IVFNSGAII_vs_NSGAII,IGD,0.25,NSGAII,0.6181818181818182,0.9176470588235294,0.9026143790849673,0.9320261437908497,1530
IVFNSGAII_vs_NSGAII,IGD,0.25,NSGAII,0.6272727272727272,0.9209150326797385,0.9071732026143791,0.934640522875817,1530
IVFNSGAII_vs_NSGAII,IGD,0.25,NSGAII,0.6363636363636364,0.9222222222222223,0.907843137254902,0.9359640522875817,1530
IVFNSGAII_vs_NSGAII,IGD,0.25,NSGAII,0.6454545454545454,0.9241830065359478,0.91109477124183,0.938562091503268,1530
IVFNSGAII_vs_NSGAII,IGD,0.25,NSGAII,0.6545454545454545,0.9254901960784314,0.9124183006535947,0.9392156862745098,1530
IVFNSGAII_vs_NSGAII,IGD,0.25,NSGAII,0.6636363636363636,0.9254901960784314,0.9124183006535947,0.9392156862745098,1530
IVFNSGAII_vs_NSGAII,IGD,0.25,NSGAII,0.6727272727272727,0.9281045751633987,0.9143790849673202,0.9418300653594771,1530
IVFNSGAII_vs_NSGAII,IGD,0.25,NSGAII,0.6818181818181818,0.9281045751633987,0.9143790849673202,0.9418300653594771,1530
IVFNSGAII_vs_NSGAII,IGD,0.25,NSGAII,0.6909090909090908,0.9287581699346406,0.9156862745098039,0.9424836601307189,1530
IVFNSGAII_vs_NSGAII,IGD,0.25,NSGAII,0.7,0.9287581699346406,0.9156862745098039,0.9424836601307189,1530
IVFNSGAII_vs_NSGAII,IGD,0.25,NSGAII,0.709090909090909,0.9294117647058824,0.9163398692810457,0.9425,1530
IVFNSGAII_vs_NSGAII,IGD,0.25,NSGAII,0.7181818181818181,0.9300653594771242,0.9163398692810457,0.9431372549019608,1530
IVFNSGAII_vs_NSGAII,IGD,0.25,NSGAII,0.7272727272727272,0.9320261437908497,0.918954248366013,0.9450980392156862,1530
IVFNSGAII_vs_NSGAII,IGD,0.25,NSGAII,0.7363636363636363,0.9320261437908497,0.918954248366013,0.9450980392156862,1530
IVFNSGAII_vs_NSGAII,IGD,0.25,NSGAII,0.7454545454545454,0.9333333333333333,0.9202614379084967,0.9464052287581699,1530
IVFNSGAII_vs_NSGAII,IGD,0.25,NSGAII,0.7545454545454545,0.9333333333333333,0.9202614379084967,0.9464052287581699,1530
IVFNSGAII_vs_NSGAII,IGD,0.25,NSGAII,0.7636363636363636,0.9339869281045752,0.9209150326797385,0.9470588235294117,1530
IVFNSGAII_vs_NSGAII,IGD,0.25,NSGAII,0.7727272727272727,0.934640522875817,0.9215686274509803,0.9470751633986928,1530
IVFNSGAII_vs_NSGAII,IGD,0.25,NSGAII,0.7818181818181817,0.934640522875817,0.9215686274509803,0.9470751633986928,1530
IVFNSGAII_vs_NSGAII,IGD,0.25,NSGAII,0.7909090909090909,0.934640522875817,0.9215686274509803,0.9470751633986928,1530
IVFNSGAII_vs_NSGAII,IGD,0.25,NSGAII,0.7999999999999999,0.934640522875817,0.9215686274509803,0.9470751633986928,1530
IVFNSGAII_vs_NSGAII,IGD,0.25,NSGAII,0.8090909090909091,0.9359477124183007,0.9228758169934641,0.9483660130718954,1530
IVFNSGAII_vs_NSGAII,IGD,0.25,NSGAII,0.8181818181818181,0.9359477124183007,0.9228758169934641,0.9483660130718954,1530
IVFNSGAII_vs_NSGAII,IGD,0.25,NSGAII,0.8272727272727273,0.9372549019607843,0.9241830065359478,0.949673202614379,1530
IVFNSGAII_vs_NSGAII,IGD,0.25,NSGAII,0.8363636363636363,0.938562091503268,0.9254901960784314,0.9509803921568627,1530
IVFNSGAII_vs_NSGAII,IGD,0.25,NSGAII,0.8454545454545453,0.9392156862745098,0.9267973856209151,0.9516339869281045,1530
IVFNSGAII_vs_NSGAII,IGD,0.25,NSGAII,0.8545454545454545,0.9392156862745098,0.9267973856209151,0.9516339869281045,1530
IVFNSGAII_vs_NSGAII,IGD,0.25,NSGAII,0.8636363636363635,0.9392156862745098,0.9267973856209151,0.9516339869281045,1530
IVFNSGAII_vs_NSGAII,IGD,0.25,NSGAII,0.8727272727272727,0.9392156862745098,0.9267973856209151,0.9516339869281045,1530
IVFNSGAII_vs_NSGAII,IGD,0.25,NSGAII,0.8818181818181817,0.9392156862745098,0.9267973856209151,0.9516339869281045,1530
IVFNSGAII_vs_NSGAII,IGD,0.25,NSGAII,0.8909090909090909,0.9392156862745098,0.9267973856209151,0.9516339869281045,1530
IVFNSGAII_vs_NSGAII,IGD,0.25,NSGAII,0.8999999999999999,0.9392156862745098,0.9267973856209151,0.9516339869281045,1530
IVFNSGAII_vs_NSGAII,IGD,0.25,NSGAII,0.9090909090909091,0.9398692810457516,0.9274346405228758,0.9516503267973856,1530
IVFNSGAII_vs_NSGAII,IGD,0.25,NSGAII,0.9181818181818181,0.9405228758169935,0.9281045751633987,0.9522875816993464,1530
IVFNSGAII_vs_NSGAII,IGD,0.25,NSGAII,0.9272727272727272,0.9405228758169935,0.9281045751633987,0.9522875816993464,1530
IVFNSGAII_vs_NSGAII,IGD,0.25,NSGAII,0.9363636363636363,0.9405228758169935,0.9281045751633987,0.9522875816993464,1530
IVFNSGAII_vs_NSGAII,IGD,0.25,NSGAII,0.9454545454545454,0.9405228758169935,0.9281045751633987,0.9522875816993464,1530
IVFNSGAII_vs_NSGAII,IGD,0.25,NSGAII,0.9545454545454545,0.9418300653594771,0.9293954248366013,0.9535947712418301,1530
IVFNSGAII_vs_NSGAII,IGD,0.25,NSGAII,0.9636363636363636,0.9431372549019608,0.9300653594771242,0.9549019607843138,1530
IVFNSGAII_vs_NSGAII,IGD,0.25,NSGAII,0.9727272727272727,0.9431372549019608,0.9300653594771242,0.9549019607843138,1530
IVFNSGAII_vs_NSGAII,IGD,0.25,NSGAII,0.9818181818181817,0.9437908496732026,0.9313562091503268,0.9555555555555556,1530
IVFNSGAII_vs_NSGAII,IGD,0.25,NSGAII,0.9909090909090909,0.9437908496732026,0.9313562091503268,0.9555555555555556,1530
IVFNSGAII_vs_NSGAII,IGD,0.25,NSGAII,1.0,0.9437908496732026,0.9313562091503268,0.9555555555555556,1530
IVFNSGAII_vs_NSGAII,IGD,0.1,IVFNSGAII,0.1,0.2777777777777778,0.25555555555555554,0.29870915032679735,1530
IVFNSGAII_vs_NSGAII,IGD,0.1,IVFNSGAII,0.1090909090909091,0.28888888888888886,0.26666666666666666,0.3104575163398693,1530
IVFNSGAII_vs_NSGAII,IGD,0.1,IVFNSGAII,0.1181818181818182,0.296078431372549,0.2738562091503268,0.3170098039215686,1530
IVFNSGAII_vs_NSGAII,IGD,0.1,IVFNSGAII,0.1272727272727273,0.30718954248366015,0.2849509803921568,0.32941176470588235,1530
IVFNSGAII_vs_NSGAII,IGD,0.1,IVFNSGAII,0.13636363636363635,0.3215686274509804,0.2980392156862745,0.34248366013071896,1530
IVFNSGAII_vs_NSGAII,IGD,0.1,IVFNSGAII,0.14545454545454545,0.33137254901960783,0.3084967320261438,0.35294117647058826,1530
IVFNSGAII_vs_NSGAII,IGD,0.1,IVFNSGAII,0.15454545454545454,0.3503267973856209,0.32678104575163397,0.37191176470588233,1530
IVFNSGAII_vs_NSGAII,IGD,0.1,IVFNSGAII,0.16363636363636364,0.37254901960784315,0.3483660130718954,0.39413398692810453,1530
IVFNSGAII_vs_NSGAII,IGD,0.1,IVFNSGAII,0.17272727272727273,0.40784313725490196,0.3836437908496732,0.4300653594771242,1530
IVFNSGAII_vs_NSGAII,IGD,0.1,IVFNSGAII,0.18181818181818182,0.45294117647058824,0.4294117647058823,0.477140522875817,1530
IVFNSGAII_vs_NSGAII,IGD,0.1,IVFNSGAII,0.19090909090909092,0.515032679738562,0.4915032679738562,0.5398692810457516,1530
IVFNSGAII_vs_NSGAII,IGD,0.1,IVFNSGAII,0.2,0.5673202614379085,0.5437745098039215,0.5928104575163399,1530
IVFNSGAII_vs_NSGAII,IGD,0.1,IVFNSGAII,0.2090909090909091,0.5771241830065359,0.5529248366013072,0.6019607843137255,1530
IVFNSGAII_vs_NSGAII,IGD,0.1,IVFNSGAII,0.2181818181818182,0.581045751633987,0.5575163398692811,0.6052614379084966,1530
IVFNSGAII_vs_NSGAII,IGD,0.1,IVFNSGAII,0.22727272727272727,0.5875816993464053,0.5640522875816993,0.611764705882353,1530
IVFNSGAII_vs_NSGAII,IGD,0.1,IVFNSGAII,0.23636363636363636,0.592156862745098,0.5692647058823529,0.615686274509804,1530
IVFNSGAII_vs_NSGAII,IGD,0.1,IVFNSGAII,0.24545454545454545,0.5967320261437908,0.5738398692810457,0.6209313725490196,1530
IVFNSGAII_vs_NSGAII,IGD,0.1,IVFNSGAII,0.2545454545454545,0.6032679738562091,0.5790849673202615,0.6268137254901961,1530
IVFNSGAII_vs_NSGAII,IGD,0.1,IVFNSGAII,0.26363636363636367,0.6104575163398693,0.5869117647058824,0.6339869281045751,1530
IVFNSGAII_vs_NSGAII,IGD,0.1,IVFNSGAII,0.2727272727272727,0.6183006535947713,0.5941176470588235,0.6411928104575164,1530
IVFNSGAII_vs_NSGAII,IGD,0.1,IVFNSGAII,0.28181818181818186,0.6254901960784314,0.6012908496732026,0.6483823529411765,1530
IVFNSGAII_vs_NSGAII,IGD,0.1,IVFNSGAII,0.2909090909090909,0.6326797385620915,0.6084967320261437,0.6555882352941176,1530
IVFNSGAII_vs_NSGAII,IGD,0.1,IVFNSGAII,0.3,0.6392156862745098,0.6150326797385621,0.6627450980392157,1530
IVFNSGAII_vs_NSGAII,IGD,0.1,IVFNSGAII,0.3090909090909091,0.6405228758169934,0.6176470588235294,0.6633986928104575,1530
IVFNSGAII_vs_NSGAII,IGD,0.1,IVFNSGAII,0.3181818181818182,0.6411764705882353,0.6182843137254902,0.6640686274509804,1530
IVFNSGAII_vs_NSGAII,IGD,0.1,IVFNSGAII,0.32727272727272727,0.6431372549019608,0.6196078431372549,0.6660130718954248,1530
IVFNSGAII_vs_NSGAII,IGD,0.1,IVFNSGAII,0.33636363636363636,0.64640522875817,0.6235130718954248,0.6692810457516339,1530
IVFNSGAII_vs_NSGAII,IGD,0.1,IVFNSGAII,0.34545454545454546,0.6529411764705882,0.6294117647058823,0.6751797385620916,1530
IVFNSGAII_vs_NSGAII,IGD,0.1,IVFNSGAII,0.3545454545454545,0.657516339869281,0.6346241830065359,0.6803921568627451,1530
IVFNSGAII_vs_NSGAII,IGD,0.1,IVFNSGAII,0.36363636363636365,0.6620915032679738,0.6385457516339869,0.6843137254901961,1530
IVFNSGAII_vs_NSGAII,IGD,0.1,IVFNSGAII,0.3727272727272727,0.6666666666666666,0.6431372549019608,0.6895588235294118,1530
IVFNSGAII_vs_NSGAII,IGD,0.1,IVFNSGAII,0.38181818181818183,0.673202614379085,0.6503104575163399,0.6960947712418301,1530
IVFNSGAII_vs_NSGAII,IGD,0.1,IVFNSGAII,0.3909090909090909,0.6777777777777778,0.6548856209150327,0.7006535947712418,1530
IVFNSGAII_vs_NSGAII,IGD,0.1,IVFNSGAII,0.4,0.681045751633987,0.6588235294117647,0.703921568627451,1530
IVFNSGAII_vs_NSGAII,IGD,0.1,IVFNSGAII,0.40909090909090906,0.6836601307189543,0.661437908496732,0.7065359477124183,1530
IVFNSGAII_vs_NSGAII,IGD,0.1,IVFNSGAII,0.4181818181818182,0.6836601307189543,0.661437908496732,0.7065359477124183,1530
IVFNSGAII_vs_NSGAII,IGD,0.1,IVFNSGAII,0.42727272727272725,0.6849673202614379,0.6633823529411764,0.707843137254902,1530
IVFNSGAII_vs_NSGAII,IGD,0.1,IVFNSGAII,0.4363636363636364,0.6862745098039216,0.6633986928104575,0.7084967320261438,1530
IVFNSGAII_vs_NSGAII,IGD,0.1,IVFNSGAII,0.44545454545454544,0.6901960784313725,0.6679738562091503,0.7130718954248366,1530
IVFNSGAII_vs_NSGAII,IGD,0.1,IVFNSGAII,0.4545454545454546,0.6947712418300653,0.6725490196078432,0.7176470588235294,1530
IVFNSGAII_vs_NSGAII,IGD,0.1,IVFNSGAII,0.4636363636363636,0.7045751633986929,0.6816830065359477,0.726797385620915,1530
IVFNSGAII_vs_NSGAII,IGD,0.1,IVFNSGAII,0.47272727272727266,0.707843137254902,0.6849673202614379,0.7300816993464052,1530
IVFNSGAII_vs_NSGAII,IGD,0.1,IVFNSGAII,0.4818181818181818,0.7124183006535948,0.6901960784313725,0.7340032679738562,1530
IVFNSGAII_vs_NSGAII,IGD,0.1,IVFNSGAII,0.49090909090909085,0.7130718954248366,0.6908496732026144,0.7346568627450981,1530
IVFNSGAII_vs_NSGAII,IGD,0.1,IVFNSGAII,0.5,0.7169934640522876,0.6954084967320261,0.7379084967320262,1530
IVFNSGAII_vs_NSGAII,IGD,0.1,IVFNSGAII,0.509090909090909,0.7176470588235294,0.6954248366013072,0.738562091503268,1530
IVFNSGAII_vs_NSGAII,IGD,0.1,IVFNSGAII,0.5181818181818182,0.7183006535947712,0.6967320261437908,0.7398692810457517,1530
IVFNSGAII_vs_NSGAII,IGD,0.1,IVFNSGAII,0.5272727272727272,0.7202614379084967,0.6986928104575163,0.742483660130719,1530
IVFNSGAII_vs_NSGAII,IGD,0.1,IVFNSGAII,0.5363636363636364,0.7209150326797386,0.6993464052287581,0.7431372549019608,1530
IVFNSGAII_vs_NSGAII,IGD,0.1,IVFNSGAII,0.5454545454545454,0.7261437908496732,0.7052287581699347,0.7470588235294118,1530
IVFNSGAII_vs_NSGAII,IGD,0.1,IVFNSGAII,0.5545454545454546,0.7281045751633987,0.7071895424836602,0.7490196078431373,1530
IVFNSGAII_vs_NSGAII,IGD,0.1,IVFNSGAII,0.5636363636363636,0.7294117647058823,0.7091503267973857,0.7496895424836602,1530
IVFNSGAII_vs_NSGAII,IGD,0.1,IVFNSGAII,0.5727272727272728,0.7300653594771241,0.7091503267973857,0.7509803921568627,1530
IVFNSGAII_vs_NSGAII,IGD,0.1,IVFNSGAII,0.5818181818181818,0.7320261437908496,0.711764705882353,0.7529411764705882,1530
IVFNSGAII_vs_NSGAII,IGD,0.1,IVFNSGAII,0.5909090909090909,0.7366013071895425,0.7163398692810458,0.7568627450980392,1530
IVFNSGAII_vs_NSGAII,IGD,0.1,IVFNSGAII,0.6,0.7405228758169935,0.7208986928104575,0.7607843137254902,1530
IVFNSGAII_vs_NSGAII,IGD,0.1,IVFNSGAII,0.609090909090909,0.7405228758169935,0.7208986928104575,0.7607843137254902,1530
IVFNSGAII_vs_NSGAII,IGD,0.1,IVFNSGAII,0.6181818181818182,0.7411764705882353,0.7209150326797386,0.7620915032679738,1530
IVFNSGAII_vs_NSGAII,IGD,0.1,IVFNSGAII,0.6272727272727272,0.7418300653594772,0.7215686274509804,0.7627450980392156,1530
IVFNSGAII_vs_NSGAII,IGD,0.1,IVFNSGAII,0.6363636363636364,0.7431372549019608,0.722875816993464,0.7640522875816993,1530
IVFNSGAII_vs_NSGAII,IGD,0.1,IVFNSGAII,0.6454545454545454,0.7437908496732026,0.7235294117647059,0.7647058823529411,1530
IVFNSGAII_vs_NSGAII,IGD,0.1,IVFNSGAII,0.6545454545454545,0.7457516339869281,0.7261437908496732,0.7660130718954249,1530
IVFNSGAII_vs_NSGAII,IGD,0.1,IVFNSGAII,0.6636363636363636,0.7470588235294118,0.7274509803921568,0.7673202614379085,1530
IVFNSGAII_vs_NSGAII,IGD,0.1,IVFNSGAII,0.6727272727272727,0.7503267973856209,0.7300653594771241,0.7705882352941177,1530
IVFNSGAII_vs_NSGAII,IGD,0.1,IVFNSGAII,0.6818181818181818,0.7516339869281046,0.7320261437908496,0.7718954248366013,1530
IVFNSGAII_vs_NSGAII,IGD,0.1,IVFNSGAII,0.6909090909090908,0.7529411764705882,0.7333333333333333,0.773202614379085,1530
IVFNSGAII_vs_NSGAII,IGD,0.1,IVFNSGAII,0.7,0.7542483660130719,0.734640522875817,0.7745261437908497,1530
IVFNSGAII_vs_NSGAII,IGD,0.1,IVFNSGAII,0.709090909090909,0.7555555555555555,0.7352941176470589,0.7764705882352941,1530
IVFNSGAII_vs_NSGAII,IGD,0.1,IVFNSGAII,0.7181818181818181,0.7568627450980392,0.7366013071895425,0.777124183006536,1530
IVFNSGAII_vs_NSGAII,IGD,0.1,IVFNSGAII,0.7272727272727272,0.7581699346405228,0.738562091503268,0.7784313725490196,1530
IVFNSGAII_vs_NSGAII,IGD,0.1,IVFNSGAII,0.7363636363636363,0.7607843137254902,0.7411764705882353,0.7810457516339869,1530
IVFNSGAII_vs_NSGAII,IGD,0.1,IVFNSGAII,0.7454545454545454,0.761437908496732,0.7418300653594772,0.781062091503268,1530
IVFNSGAII_vs_NSGAII,IGD,0.1,IVFNSGAII,0.7545454545454545,0.7627450980392156,0.7431209150326797,0.7830065359477124,1530
IVFNSGAII_vs_NSGAII,IGD,0.1,IVFNSGAII,0.7636363636363636,0.7640522875816993,0.7444444444444445,0.7843137254901961,1530
IVFNSGAII_vs_NSGAII,IGD,0.1,IVFNSGAII,0.7727272727272727,0.7660130718954249,0.74640522875817,0.7862745098039216,1530
IVFNSGAII_vs_NSGAII,IGD,0.1,IVFNSGAII,0.7818181818181817,0.7686274509803922,0.7490032679738562,0.7895424836601307,1530
IVFNSGAII_vs_NSGAII,IGD,0.1,IVFNSGAII,0.7909090909090909,0.7712418300653595,0.7516339869281046,0.792156862745098,1530
IVFNSGAII_vs_NSGAII,IGD,0.1,IVFNSGAII,0.7999999999999999,0.7745098039215687,0.7555392156862745,0.7954248366013071,1530
IVFNSGAII_vs_NSGAII,IGD,0.1,IVFNSGAII,0.8090909090909091,0.7745098039215687,0.7555392156862745,0.7954248366013071,1530
IVFNSGAII_vs_NSGAII,IGD,0.1,IVFNSGAII,0.8181818181818181,0.7751633986928105,0.7555555555555555,0.79609477124183,1530
IVFNSGAII_vs_NSGAII,IGD,0.1,IVFNSGAII,0.8272727272727273,0.777124183006536,0.7568627450980392,0.7980555555555556,1530
IVFNSGAII_vs_NSGAII,IGD,0.1,IVFNSGAII,0.8363636363636363,0.7784313725490196,0.7588071895424836,0.7987091503267975,1530
IVFNSGAII_vs_NSGAII,IGD,0.1,IVFNSGAII,0.8454545454545453,0.7803921568627451,0.7601307189542483,0.8013071895424837,1530
IVFNSGAII_vs_NSGAII,IGD,0.1,IVFNSGAII,0.8545454545454545,0.7830065359477124,0.7627450980392156,0.8026143790849674,1530
IVFNSGAII_vs_NSGAII,IGD,0.1,IVFNSGAII,0.8636363636363635,0.7836601307189542,0.7640359477124182,0.803921568627451,1530
IVFNSGAII_vs_NSGAII,IGD,0.1,IVFNSGAII,0.8727272727272727,0.7849673202614379,0.765359477124183,0.8052287581699347,1530
IVFNSGAII_vs_NSGAII,IGD,0.1,IVFNSGAII,0.8818181818181817,0.7869281045751634,0.7673202614379085,0.8071895424836601,1530
IVFNSGAII_vs_NSGAII,IGD,0.1,IVFNSGAII,0.8909090909090909,0.7875816993464052,0.7679738562091504,0.8071895424836601,1530
IVFNSGAII_vs_NSGAII,IGD,0.1,IVFNSGAII,0.8999999999999999,0.7888888888888889,0.769281045751634,0.8084967320261438,1530
IVFNSGAII_vs_NSGAII,IGD,0.1,IVFNSGAII,0.9090909090909091,0.7888888888888889,0.769281045751634,0.8084967320261438,1530
IVFNSGAII_vs_NSGAII,IGD,0.1,IVFNSGAII,0.9181818181818181,0.7895424836601307,0.7705882352941177,0.8085130718954249,1530
IVFNSGAII_vs_NSGAII,IGD,0.1,IVFNSGAII,0.9272727272727272,0.7908496732026143,0.7718954248366013,0.8104575163398693,1530
IVFNSGAII_vs_NSGAII,IGD,0.1,IVFNSGAII,0.9363636363636363,0.7915032679738562,0.7725490196078432,0.8104575163398693,1530
IVFNSGAII_vs_NSGAII,IGD,0.1,IVFNSGAII,0.9454545454545454,0.7947712418300653,0.7758006535947712,0.8137254901960784,1530
IVFNSGAII_vs_NSGAII,IGD,0.1,IVFNSGAII,0.9545454545454545,0.7954248366013071,0.7771078431372549,0.8143954248366013,1530
IVFNSGAII_vs_NSGAII,IGD,0.1,IVFNSGAII,0.9636363636363636,0.796078431372549,0.777124183006536,0.8150326797385621,1530
IVFNSGAII_vs_NSGAII,IGD,0.1,IVFNSGAII,0.9727272727272727,0.7967320261437908,0.7777777777777778,0.8156862745098039,1530
IVFNSGAII_vs_NSGAII,IGD,0.1,IVFNSGAII,0.9818181818181817,0.7980392156862746,0.7790849673202614,0.8170098039215686,1530
IVFNSGAII_vs_NSGAII,IGD,0.1,IVFNSGAII,0.9909090909090909,0.7980392156862746,0.7790849673202614,0.8170098039215686,1530
IVFNSGAII_vs_NSGAII,IGD,0.1,IVFNSGAII,1.0,0.7993464052287582,0.7803921568627451,0.8183169934640523,1530
IVFNSGAII_vs_NSGAII,IGD,0.1,NSGAII,0.1,0.26666666666666666,0.2463888888888889,0.2875816993464052,1530
IVFNSGAII_vs_NSGAII,IGD,0.1,NSGAII,0.1090909090909091,0.2758169934640523,0.25488562091503264,0.29674836601307186,1530
IVFNSGAII_vs_NSGAII,IGD,0.1,NSGAII,0.1181818181818182,0.28431372549019607,0.2627450980392157,0.3065359477124183,1530
IVFNSGAII_vs_NSGAII,IGD,0.1,NSGAII,0.1272727272727273,0.2934640522875817,0.2731862745098039,0.31633986928104574,1530
IVFNSGAII_vs_NSGAII,IGD,0.1,NSGAII,0.13636363636363635,0.30522875816993467,0.28431372549019607,0.32681372549019605,1530
IVFNSGAII_vs_NSGAII,IGD,0.1,NSGAII,0.14545454545454545,0.3156862745098039,0.29411764705882354,0.33725490196078434,1530
IVFNSGAII_vs_NSGAII,IGD,0.1,NSGAII,0.15454545454545454,0.330718954248366,0.3084967320261438,0.3535947712418301,1530
IVFNSGAII_vs_NSGAII,IGD,0.1,NSGAII,0.16363636363636364,0.34967320261437906,0.3274346405228758,0.37127450980392157,1530
IVFNSGAII_vs_NSGAII,IGD,0.1,NSGAII,0.17272727272727273,0.38169934640522873,0.3607843137254902,0.4045751633986928,1530
IVFNSGAII_vs_NSGAII,IGD,0.1,NSGAII,0.18181818181818182,0.4189542483660131,0.39477124183006534,0.44248366013071894,1530
IVFNSGAII_vs_NSGAII,IGD,0.1,NSGAII,0.19090909090909092,0.4849673202614379,0.46078431372549017,0.5098039215686274,1530
IVFNSGAII_vs_NSGAII,IGD,0.1,NSGAII,0.2,0.5209150326797386,0.49673202614379086,0.545751633986928,1530
IVFNSGAII_vs_NSGAII,IGD,0.1,NSGAII,0.2090909090909091,0.5254901960784314,0.5013071895424837,0.550326797385621,1530
IVFNSGAII_vs_NSGAII,IGD,0.1,NSGAII,0.2181818181818182,0.5320261437908497,0.5065359477124183,0.5562254901960785,1530
IVFNSGAII_vs_NSGAII,IGD,0.1,NSGAII,0.22727272727272727,0.534640522875817,0.5091503267973856,0.5588398692810458,1530
IVFNSGAII_vs_NSGAII,IGD,0.1,NSGAII,0.23636363636363636,0.538562091503268,0.5137254901960784,0.5621078431372549,1530
IVFNSGAII_vs_NSGAII,IGD,0.1,NSGAII,0.24545454545454545,0.545751633986928,0.5215686274509804,0.5705882352941176,1530
IVFNSGAII_vs_NSGAII,IGD,0.1,NSGAII,0.2545454545454545,0.5562091503267974,0.5313562091503268,0.5803921568627451,1530
IVFNSGAII_vs_NSGAII,IGD,0.1,NSGAII,0.26363636363636367,0.5673202614379085,0.5424836601307189,0.5915196078431373,1530
IVFNSGAII_vs_NSGAII,IGD,0.1,NSGAII,0.2727272727272727,0.5816993464052288,0.5568627450980392,0.6071895424836601,1530
IVFNSGAII_vs_NSGAII,IGD,0.1,NSGAII,0.28181818181818186,0.5901960784313726,0.5660130718954248,0.615686274509804,1530
IVFNSGAII_vs_NSGAII,IGD,0.1,NSGAII,0.2909090909090909,0.5993464052287582,0.5751633986928104,0.6235294117647059,1530
IVFNSGAII_vs_NSGAII,IGD,0.1,NSGAII,0.3,0.6124183006535948,0.5901797385620915,0.6366013071895424,1530
IVFNSGAII_vs_NSGAII,IGD,0.1,NSGAII,0.3090909090909091,0.6137254901960785,0.5914869281045751,0.6372549019607843,1530
IVFNSGAII_vs_NSGAII,IGD,0.1,NSGAII,0.3181818181818182,0.6150326797385621,0.5927941176470588,0.6385620915032679,1530
IVFNSGAII_vs_NSGAII,IGD,0.1,NSGAII,0.32727272727272727,0.6163398692810458,0.5941176470588235,0.6398692810457516,1530
IVFNSGAII_vs_NSGAII,IGD,0.1,NSGAII,0.33636363636363636,0.6202614379084967,0.5980392156862745,0.6437908496732027,1530
IVFNSGAII_vs_NSGAII,IGD,0.1,NSGAII,0.34545454545454546,0.6222222222222222,0.6,0.64640522875817,1530
IVFNSGAII_vs_NSGAII,IGD,0.1,NSGAII,0.3545454545454545,0.6254901960784314,0.6026143790849673,0.6496732026143791,1530
IVFNSGAII_vs_NSGAII,IGD,0.1,NSGAII,0.36363636363636365,0.630718954248366,0.6071895424836601,0.6549019607843137,1530
IVFNSGAII_vs_NSGAII,IGD,0.1,NSGAII,0.3727272727272727,0.6372549019607843,0.6143790849673203,0.6608006535947712,1530
IVFNSGAII_vs_NSGAII,IGD,0.1,NSGAII,0.38181818181818183,0.6418300653594772,0.6195915032679739,0.665359477124183,1530
IVFNSGAII_vs_NSGAII,IGD,0.1,NSGAII,0.3909090909090909,0.6503267973856209,0.6274509803921569,0.6745098039215687,1530
IVFNSGAII_vs_NSGAII,IGD,0.1,NSGAII,0.4,0.6522875816993464,0.6293954248366013,0.6764705882352942,1530
IVFNSGAII_vs_NSGAII,IGD,0.1,NSGAII,0.40909090909090906,0.6535947712418301,0.630718954248366,0.6777777777777778,1530
IVFNSGAII_vs_NSGAII,IGD,0.1,NSGAII,0.4181818181818182,0.6555555555555556,0.6326797385620915,0.6790849673202615,1530
IVFNSGAII_vs_NSGAII,IGD,0.1,NSGAII,0.42727272727272725,0.6581699346405229,0.6352941176470588,0.6817156862745098,1530
IVFNSGAII_vs_NSGAII,IGD,0.1,NSGAII,0.4363636363636364,0.6601307189542484,0.6366013071895424,0.6830228758169935,1530
IVFNSGAII_vs_NSGAII,IGD,0.1,NSGAII,0.44545454545454544,0.6647058823529411,0.6418300653594772,0.6875816993464052,1530
IVFNSGAII_vs_NSGAII,IGD,0.1,NSGAII,0.4545454545454546,0.6673202614379085,0.6437908496732027,0.6895424836601307,1530
IVFNSGAII_vs_NSGAII,IGD,0.1,NSGAII,0.4636363636363636,0.6699346405228758,0.6470588235294118,0.692156862745098,1530
IVFNSGAII_vs_NSGAII,IGD,0.1,NSGAII,0.47272727272727266,0.6790849673202615,0.6562091503267974,0.7019607843137254,1530
IVFNSGAII_vs_NSGAII,IGD,0.1,NSGAII,0.4818181818181818,0.6856209150326797,0.6633823529411764,0.707843137254902,1530
IVFNSGAII_vs_NSGAII,IGD,0.1,NSGAII,0.49090909090909085,0.6888888888888889,0.6659967320261437,0.7104738562091504,1530
IVFNSGAII_vs_NSGAII,IGD,0.1,NSGAII,0.5,0.6941176470588235,0.6705882352941176,0.715702614379085,1530
IVFNSGAII_vs_NSGAII,IGD,0.1,NSGAII,0.509090909090909,0.6954248366013072,0.6725326797385621,0.7169934640522876,1530
IVFNSGAII_vs_NSGAII,IGD,0.1,NSGAII,0.5181818181818182,0.6973856209150326,0.6745098039215687,0.7189542483660131,1530
IVFNSGAII_vs_NSGAII,IGD,0.1,NSGAII,0.5272727272727272,0.6986928104575163,0.6758169934640523,0.7202614379084967,1530
IVFNSGAII_vs_NSGAII,IGD,0.1,NSGAII,0.5363636363636364,0.6993464052287581,0.6764705882352942,0.7209150326797386,1530
IVFNSGAII_vs_NSGAII,IGD,0.1,NSGAII,0.5454545454545454,0.7032679738562092,0.681045751633987,0.7248529411764706,1530
IVFNSGAII_vs_NSGAII,IGD,0.1,NSGAII,0.5545454545454546,0.7065359477124183,0.684297385620915,0.7281045751633987,1530
IVFNSGAII_vs_NSGAII,IGD,0.1,NSGAII,0.5636363636363636,0.7104575163398693,0.6882352941176471,0.7320261437908496,1530
IVFNSGAII_vs_NSGAII,IGD,0.1,NSGAII,0.5727272727272728,0.7143790849673203,0.692140522875817,0.7352941176470589,1530
IVFNSGAII_vs_NSGAII,IGD,0.1,NSGAII,0.5818181818181818,0.7163398692810458,0.6941176470588235,0.7372712418300654,1530
IVFNSGAII_vs_NSGAII,IGD,0.1,NSGAII,0.5909090909090909,0.7196078431372549,0.6980392156862745,0.7411928104575164,1530
IVFNSGAII_vs_NSGAII,IGD,0.1,NSGAII,0.6,0.7215686274509804,0.7,0.7431372549019608,1530
IVFNSGAII_vs_NSGAII,IGD,0.1,NSGAII,0.609090909090909,0.722875816993464,0.7013071895424836,0.7444607843137255,1530
IVFNSGAII_vs_NSGAII,IGD,0.1,NSGAII,0.6181818181818182,0.7248366013071895,0.7032679738562092,0.7470588235294118,1530
IVFNSGAII_vs_NSGAII,IGD,0.1,NSGAII,0.6272727272727272,0.7254901960784313,0.703921568627451,0.7477124183006536,1530
IVFNSGAII_vs_NSGAII,IGD,0.1,NSGAII,0.6363636363636364,0.7281045751633987,0.7065359477124183,0.7496732026143791,1530
IVFNSGAII_vs_NSGAII,IGD,0.1,NSGAII,0.6454545454545454,0.7294117647058823,0.7078267973856209,0.7509803921568627,1530
IVFNSGAII_vs_NSGAII,IGD,0.1,NSGAII,0.6545454545454545,0.7320261437908496,0.7098039215686275,0.75359477124183,1530
IVFNSGAII_vs_NSGAII,IGD,0.1,NSGAII,0.6636363636363636,0.7339869281045751,0.711764705882353,0.7555555555555555,1530
IVFNSGAII_vs_NSGAII,IGD,0.1,NSGAII,0.6727272727272727,0.7359477124183007,0.7137254901960784,0.757516339869281,1530
IVFNSGAII_vs_NSGAII,IGD,0.1,NSGAII,0.6818181818181818,0.7379084967320262,0.7163398692810458,0.7588235294117647,1530
IVFNSGAII_vs_NSGAII,IGD,0.1,NSGAII,0.6909090909090908,0.7418300653594772,0.7208986928104575,0.7627614379084967,1530
IVFNSGAII_vs_NSGAII,IGD,0.1,NSGAII,0.7,0.7431372549019608,0.7215686274509804,0.7640522875816993,1530
IVFNSGAII_vs_NSGAII,IGD,0.1,NSGAII,0.709090909090909,0.7450980392156863,0.722875816993464,0.7660130718954249,1530
IVFNSGAII_vs_NSGAII,IGD,0.1,NSGAII,0.7181818181818181,0.7457516339869281,0.7235294117647059,0.7666666666666667,1530
IVFNSGAII_vs_NSGAII,IGD,0.1,NSGAII,0.7272727272727272,0.7457516339869281,0.7235294117647059,0.7666666666666667,1530
IVFNSGAII_vs_NSGAII,IGD,0.1,NSGAII,0.7363636363636363,0.7457516339869281,0.7235294117647059,0.7666666666666667,1530
IVFNSGAII_vs_NSGAII,IGD,0.1,NSGAII,0.7454545454545454,0.74640522875817,0.7241830065359477,0.7666830065359478,1530
IVFNSGAII_vs_NSGAII,IGD,0.1,NSGAII,0.7545454545454545,0.7470588235294118,0.7248366013071895,0.7673366013071896,1530
IVFNSGAII_vs_NSGAII,IGD,0.1,NSGAII,0.7636363636363636,0.7483660130718954,0.7261437908496732,0.769281045751634,1530
IVFNSGAII_vs_NSGAII,IGD,0.1,NSGAII,0.7727272727272727,0.7496732026143791,0.7274509803921568,0.7699346405228759,1530
IVFNSGAII_vs_NSGAII,IGD,0.1,NSGAII,0.7818181818181817,0.7509803921568627,0.7294117647058823,0.7718954248366013,1530
IVFNSGAII_vs_NSGAII,IGD,0.1,NSGAII,0.7909090909090909,0.7522875816993464,0.7307026143790849,0.773202614379085,1530
IVFNSGAII_vs_NSGAII,IGD,0.1,NSGAII,0.7999999999999999,0.7549019607843137,0.733970588235294,0.7758169934640523,1530
IVFNSGAII_vs_NSGAII,IGD,0.1,NSGAII,0.8090909090909091,0.7555555555555555,0.7339869281045751,0.7764705882352941,1530
IVFNSGAII_vs_NSGAII,IGD,0.1,NSGAII,0.8181818181818181,0.7568627450980392,0.7352777777777778,0.7777941176470589,1530
IVFNSGAII_vs_NSGAII,IGD,0.1,NSGAII,0.8272727272727273,0.7568627450980392,0.7352777777777778,0.7777941176470589,1530
IVFNSGAII_vs_NSGAII,IGD,0.1,NSGAII,0.8363636363636363,0.7568627450980392,0.7352777777777778,0.7777941176470589,1530
IVFNSGAII_vs_NSGAII,IGD,0.1,NSGAII,0.8454545454545453,0.7581699346405228,0.7366013071895425,0.7790849673202614,1530
IVFNSGAII_vs_NSGAII,IGD,0.1,NSGAII,0.8545454545454545,0.7601307189542483,0.738545751633987,0.7810457516339869,1530
IVFNSGAII_vs_NSGAII,IGD,0.1,NSGAII,0.8636363636363635,0.7633986928104575,0.7418300653594772,0.7843137254901961,1530
IVFNSGAII_vs_NSGAII,IGD,0.1,NSGAII,0.8727272727272727,0.7640522875816993,0.742483660130719,0.7843137254901961,1530
IVFNSGAII_vs_NSGAII,IGD,0.1,NSGAII,0.8818181818181817,0.7647058823529411,0.7431372549019608,0.7849673202614379,1530
IVFNSGAII_vs_NSGAII,IGD,0.1,NSGAII,0.8909090909090909,0.7660130718954249,0.7444444444444445,0.7856372549019608,1530
IVFNSGAII_vs_NSGAII,IGD,0.1,NSGAII,0.8999999999999999,0.7673202614379085,0.7457516339869281,0.7875816993464052,1530
IVFNSGAII_vs_NSGAII,IGD,0.1,NSGAII,0.9090909090909091,0.769281045751634,0.7483660130718954,0.7888888888888889,1530
IVFNSGAII_vs_NSGAII,IGD,0.1,NSGAII,0.9181818181818181,0.7712418300653595,0.7496732026143791,0.7915032679738562,1530
IVFNSGAII_vs_NSGAII,IGD,0.1,NSGAII,0.9272727272727272,0.7718954248366013,0.7509803921568627,0.7915196078431372,1530
IVFNSGAII_vs_NSGAII,IGD,0.1,NSGAII,0.9363636363636363,0.7725490196078432,0.7522875816993464,0.7915196078431372,1530
IVFNSGAII_vs_NSGAII,IGD,0.1,NSGAII,0.9454545454545454,0.773202614379085,0.7529411764705882,0.7921732026143791,1530
IVFNSGAII_vs_NSGAII,IGD,0.1,NSGAII,0.9545454545454545,0.7751633986928105,0.7548856209150326,0.7947712418300653,1530
IVFNSGAII_vs_NSGAII,IGD,0.1,NSGAII,0.9636363636363636,0.7764705882352941,0.7562091503267974,0.796078431372549,1530
IVFNSGAII_vs_NSGAII,IGD,0.1,NSGAII,0.9727272727272727,0.7777777777777778,0.7568627450980392,0.7973856209150327,1530
IVFNSGAII_vs_NSGAII,IGD,0.1,NSGAII,0.9818181818181817,0.7784313725490196,0.7581535947712418,0.7980555555555556,1530
IVFNSGAII_vs_NSGAII,IGD,0.1,NSGAII,0.9909090909090909,0.7790849673202614,0.7588071895424836,0.7987091503267975,1530
IVFNSGAII_vs_NSGAII,IGD,0.1,NSGAII,1.0,0.7790849673202614,0.7588071895424836,0.7987091503267975,1530
IVFNSGAII_vs_NSGAII,HV,0.5,IVFNSGAII,0.1,0.5633986928104575,0.5379084967320261,0.5875816993464053,1530
IVFNSGAII_vs_NSGAII,HV,0.5,IVFNSGAII,0.1090909090909091,0.6052287581699346,0.5810294117647059,0.6300816993464052,1530
IVFNSGAII_vs_NSGAII,HV,0.5,IVFNSGAII,0.1181818181818182,0.6398692810457516,0.615686274509804,0.6633986928104575,1530
IVFNSGAII_vs_NSGAII,HV,0.5,IVFNSGAII,0.1272727272727273,0.6797385620915033,0.6562091503267974,0.7026143790849673,1530
IVFNSGAII_vs_NSGAII,HV,0.5,IVFNSGAII,0.13636363636363635,0.7202614379084967,0.696078431372549,0.7418300653594772,1530
IVFNSGAII_vs_NSGAII,HV,0.5,IVFNSGAII,0.14545454545454545,0.7509803921568627,0.7281045751633987,0.7705882352941177,1530
IVFNSGAII_vs_NSGAII,HV,0.5,IVFNSGAII,0.15454545454545454,0.7947712418300653,0.7758169934640523,0.8137254901960784,1530
IVFNSGAII_vs_NSGAII,HV,0.5,IVFNSGAII,0.16363636363636364,0.8320261437908497,0.8124183006535948,0.8490196078431372,1530
IVFNSGAII_vs_NSGAII,HV,0.5,IVFNSGAII,0.17272727272727273,0.8464052287581699,0.8287581699346406,0.8633986928104576,1530
IVFNSGAII_vs_NSGAII,HV,0.5,IVFNSGAII,0.18181818181818182,0.8594771241830066,0.8431372549019608,0.8758169934640523,1530
IVFNSGAII_vs_NSGAII,HV,0.5,IVFNSGAII,0.19090909090909092,0.8633986928104576,0.8470588235294118,0.8797549019607843,1530
IVFNSGAII_vs_NSGAII,HV,0.5,IVFNSGAII,0.2,0.8686274509803922,0.8522875816993464,0.8849673202614379,1530
IVFNSGAII_vs_NSGAII,HV,0.5,IVFNSGAII,0.2090909090909091,0.8725490196078431,0.8568627450980392,0.8888888888888888,1530
IVFNSGAII_vs_NSGAII,HV,0.5,IVFNSGAII,0.2181818181818182,0.8751633986928105,0.8594771241830066,0.8915032679738563,1530
IVFNSGAII_vs_NSGAII,HV,0.5,IVFNSGAII,0.22727272727272727,0.8784313725490196,0.8620915032679739,0.8934640522875817,1530
IVFNSGAII_vs_NSGAII,HV,0.5,IVFNSGAII,0.23636363636363636,0.8816993464052287,0.865359477124183,0.8974019607843138,1530
IVFNSGAII_vs_NSGAII,HV,0.5,IVFNSGAII,0.24545454545454545,0.8862745098039215,0.8699346405228758,0.9019607843137255,1530
IVFNSGAII_vs_NSGAII,HV,0.5,IVFNSGAII,0.2545454545454545,0.9117647058823529,0.8967320261437909,0.9254901960784314,1530
IVFNSGAII_vs_NSGAII,HV,0.5,IVFNSGAII,0.26363636363636367,0.9267973856209151,0.9130718954248366,0.9398692810457516,1530
IVFNSGAII_vs_NSGAII,HV,0.5,IVFNSGAII,0.2727272727272727,0.9313725490196079,0.918954248366013,0.9437908496732026,1530
IVFNSGAII_vs_NSGAII,HV,0.5,IVFNSGAII,0.28181818181818186,0.934640522875817,0.9215686274509803,0.9470588235294117,1530
IVFNSGAII_vs_NSGAII,HV,0.5,IVFNSGAII,0.2909090909090909,0.9366013071895425,0.9235294117647059,0.9483660130718954,1530
IVFNSGAII_vs_NSGAII,HV,0.5,IVFNSGAII,0.3,0.938562091503268,0.9267973856209151,0.9503267973856209,1530
IVFNSGAII_vs_NSGAII,HV,0.5,IVFNSGAII,0.3090909090909091,0.9392156862745098,0.9267973856209151,0.9509803921568627,1530
IVFNSGAII_vs_NSGAII,HV,0.5,IVFNSGAII,0.3181818181818182,0.9405228758169935,0.9287581699346406,0.9522875816993464,1530
IVFNSGAII_vs_NSGAII,HV,0.5,IVFNSGAII,0.32727272727272727,0.9411764705882353,0.9293954248366013,0.9529411764705882,1530
IVFNSGAII_vs_NSGAII,HV,0.5,IVFNSGAII,0.33636363636363636,0.9418300653594771,0.9294117647058824,0.9535947712418301,1530
IVFNSGAII_vs_NSGAII,HV,0.5,IVFNSGAII,0.34545454545454546,0.9431372549019608,0.930718954248366,0.954264705882353,1530
IVFNSGAII_vs_NSGAII,HV,0.5,IVFNSGAII,0.3545454545454545,0.9509803921568627,0.9398692810457516,0.961437908496732,1530
IVFNSGAII_vs_NSGAII,HV,0.5,IVFNSGAII,0.36363636363636365,0.9529411764705882,0.9424673202614379,0.9633986928104575,1530
IVFNSGAII_vs_NSGAII,HV,0.5,IVFNSGAII,0.3727272727272727,0.954248366013072,0.9437745098039215,0.9647058823529412,1530
IVFNSGAII_vs_NSGAII,HV,0.5,IVFNSGAII,0.38181818181818183,0.954248366013072,0.9437745098039215,0.9647058823529412,1530
IVFNSGAII_vs_NSGAII,HV,0.5,IVFNSGAII,0.3909090909090909,0.954248366013072,0.9437745098039215,0.9647058823529412,1530
IVFNSGAII_vs_NSGAII,HV,0.5,IVFNSGAII,0.4,0.954248366013072,0.9437745098039215,0.9647058823529412,1530
IVFNSGAII_vs_NSGAII,HV,0.5,IVFNSGAII,0.40909090909090906,0.9555555555555556,0.9450980392156862,0.9660130718954248,1530
IVFNSGAII_vs_NSGAII,HV,0.5,IVFNSGAII,0.4181818181818182,0.9555555555555556,0.9450980392156862,0.9660130718954248,1530
IVFNSGAII_vs_NSGAII,HV,0.5,IVFNSGAII,0.42727272727272725,0.9555555555555556,0.9450980392156862,0.9660130718954248,1530
IVFNSGAII_vs_NSGAII,HV,0.5,IVFNSGAII,0.4363636363636364,0.9555555555555556,0.9450980392156862,0.9660130718954248,1530
IVFNSGAII_vs_NSGAII,HV,0.5,IVFNSGAII,0.44545454545454544,0.9568627450980393,0.9470424836601307,0.9673202614379085,1530
IVFNSGAII_vs_NSGAII,HV,0.5,IVFNSGAII,0.4545454545454546,0.965359477124183,0.9555555555555556,0.9745098039215686,1530
IVFNSGAII_vs_NSGAII,HV,0.5,IVFNSGAII,0.4636363636363636,0.965359477124183,0.9555555555555556,0.9745098039215686,1530
IVFNSGAII_vs_NSGAII,HV,0.5,IVFNSGAII,0.47272727272727266,0.9660130718954248,0.9562091503267974,0.9751633986928104,1530
IVFNSGAII_vs_NSGAII,HV,0.5,IVFNSGAII,0.4818181818181818,0.9660130718954248,0.9562091503267974,0.9751633986928104,1530
IVFNSGAII_vs_NSGAII,HV,0.5,IVFNSGAII,0.49090909090909085,0.9660130718954248,0.9562091503267974,0.9751633986928104,1530
IVFNSGAII_vs_NSGAII,HV,0.5,IVFNSGAII,0.5,0.9660130718954248,0.9562091503267974,0.9751633986928104,1530
IVFNSGAII_vs_NSGAII,HV,0.5,IVFNSGAII,0.509090909090909,0.9673202614379085,0.9581699346405229,0.9758169934640523,1530
IVFNSGAII_vs_NSGAII,HV,0.5,IVFNSGAII,0.5181818181818182,0.9673202614379085,0.9581699346405229,0.9758169934640523,1530
IVFNSGAII_vs_NSGAII,HV,0.5,IVFNSGAII,0.5272727272727272,0.9673202614379085,0.9581699346405229,0.9758169934640523,1530
IVFNSGAII_vs_NSGAII,HV,0.5,IVFNSGAII,0.5363636363636364,0.9673202614379085,0.9581699346405229,0.9758169934640523,1530
IVFNSGAII_vs_NSGAII,HV,0.5,IVFNSGAII,0.5454545454545454,0.9673202614379085,0.9581699346405229,0.9758169934640523,1530
IVFNSGAII_vs_NSGAII,HV,0.5,IVFNSGAII,0.5545454545454546,0.9673202614379085,0.9581699346405229,0.9758169934640523,1530
IVFNSGAII_vs_NSGAII,HV,0.5,IVFNSGAII,0.5636363636363636,0.9673202614379085,0.9581699346405229,0.9758169934640523,1530
IVFNSGAII_vs_NSGAII,HV,0.5,IVFNSGAII,0.5727272727272728,0.9673202614379085,0.9581699346405229,0.9758169934640523,1530
IVFNSGAII_vs_NSGAII,HV,0.5,IVFNSGAII,0.5818181818181818,0.9673202614379085,0.9581699346405229,0.9758169934640523,1530
IVFNSGAII_vs_NSGAII,HV,0.5,IVFNSGAII,0.5909090909090909,0.9673202614379085,0.9581699346405229,0.9758169934640523,1530
IVFNSGAII_vs_NSGAII,HV,0.5,IVFNSGAII,0.6,0.9673202614379085,0.9581699346405229,0.9758169934640523,1530
IVFNSGAII_vs_NSGAII,HV,0.5,IVFNSGAII,0.609090909090909,0.9673202614379085,0.9581699346405229,0.9758169934640523,1530
IVFNSGAII_vs_NSGAII,HV,0.5,IVFNSGAII,0.6181818181818182,0.9673202614379085,0.9581699346405229,0.9758169934640523,1530
IVFNSGAII_vs_NSGAII,HV,0.5,IVFNSGAII,0.6272727272727272,0.9673202614379085,0.9581699346405229,0.9758169934640523,1530
IVFNSGAII_vs_NSGAII,HV,0.5,IVFNSGAII,0.6363636363636364,0.9673202614379085,0.9581699346405229,0.9758169934640523,1530
IVFNSGAII_vs_NSGAII,HV,0.5,IVFNSGAII,0.6454545454545454,0.9673202614379085,0.9581699346405229,0.9758169934640523,1530
IVFNSGAII_vs_NSGAII,HV,0.5,IVFNSGAII,0.6545454545454545,0.9679738562091503,0.9588235294117647,0.9771241830065359,1530
IVFNSGAII_vs_NSGAII,HV,0.5,IVFNSGAII,0.6636363636363636,0.9679738562091503,0.9588235294117647,0.9771241830065359,1530
IVFNSGAII_vs_NSGAII,HV,0.5,IVFNSGAII,0.6727272727272727,0.9679738562091503,0.9588235294117647,0.9771241830065359,1530
IVFNSGAII_vs_NSGAII,HV,0.5,IVFNSGAII,0.6818181818181818,0.9679738562091503,0.9588235294117647,0.9771241830065359,1530
IVFNSGAII_vs_NSGAII,HV,0.5,IVFNSGAII,0.6909090909090908,0.9679738562091503,0.9588235294117647,0.9771241830065359,1530
IVFNSGAII_vs_NSGAII,HV,0.5,IVFNSGAII,0.7,0.9679738562091503,0.9588235294117647,0.9771241830065359,1530
IVFNSGAII_vs_NSGAII,HV,0.5,IVFNSGAII,0.709090909090909,0.9679738562091503,0.9588235294117647,0.9771241830065359,1530
IVFNSGAII_vs_NSGAII,HV,0.5,IVFNSGAII,0.7181818181818181,0.9679738562091503,0.9588235294117647,0.9771241830065359,1530
IVFNSGAII_vs_NSGAII,HV,0.5,IVFNSGAII,0.7272727272727272,0.969281045751634,0.9601307189542484,0.9777777777777777,1530
IVFNSGAII_vs_NSGAII,HV,0.5,IVFNSGAII,0.7363636363636363,0.969281045751634,0.9601307189542484,0.9777777777777777,1530
IVFNSGAII_vs_NSGAII,HV,0.5,IVFNSGAII,0.7454545454545454,0.969281045751634,0.9601307189542484,0.9777777777777777,1530
IVFNSGAII_vs_NSGAII,HV,0.5,IVFNSGAII,0.7545454545454545,0.9705882352941176,0.961437908496732,0.9790849673202614,1530
IVFNSGAII_vs_NSGAII,HV,0.5,IVFNSGAII,0.7636363636363636,0.9705882352941176,0.961437908496732,0.9790849673202614,1530
IVFNSGAII_vs_NSGAII,HV,0.5,IVFNSGAII,0.7727272727272727,0.9705882352941176,0.961437908496732,0.9790849673202614,1530
IVFNSGAII_vs_NSGAII,HV,0.5,IVFNSGAII,0.7818181818181817,0.9705882352941176,0.961437908496732,0.9790849673202614,1530
IVFNSGAII_vs_NSGAII,HV,0.5,IVFNSGAII,0.7909090909090909,0.9705882352941176,0.961437908496732,0.9790849673202614,1530
IVFNSGAII_vs_NSGAII,HV,0.5,IVFNSGAII,0.7999999999999999,0.9705882352941176,0.961437908496732,0.9790849673202614,1530
IVFNSGAII_vs_NSGAII,HV,0.5,IVFNSGAII,0.8090909090909091,0.9705882352941176,0.961437908496732,0.9790849673202614,1530
IVFNSGAII_vs_NSGAII,HV,0.5,IVFNSGAII,0.8181818181818181,0.9705882352941176,0.961437908496732,0.9790849673202614,1530
IVFNSGAII_vs_NSGAII,HV,0.5,IVFNSGAII,0.8272727272727273,0.9705882352941176,0.961437908496732,0.9790849673202614,1530
IVFNSGAII_vs_NSGAII,HV,0.5,IVFNSGAII,0.8363636363636363,0.9705882352941176,0.961437908496732,0.9790849673202614,1530
IVFNSGAII_vs_NSGAII,HV,0.5,IVFNSGAII,0.8454545454545453,0.9705882352941176,0.961437908496732,0.9790849673202614,1530
IVFNSGAII_vs_NSGAII,HV,0.5,IVFNSGAII,0.8545454545454545,0.9705882352941176,0.961437908496732,0.9790849673202614,1530
IVFNSGAII_vs_NSGAII,HV,0.5,IVFNSGAII,0.8636363636363635,0.9705882352941176,0.961437908496732,0.9790849673202614,1530
IVFNSGAII_vs_NSGAII,HV,0.5,IVFNSGAII,0.8727272727272727,0.9705882352941176,0.961437908496732,0.9790849673202614,1530
IVFNSGAII_vs_NSGAII,HV,0.5,IVFNSGAII,0.8818181818181817,0.9705882352941176,0.961437908496732,0.9790849673202614,1530
IVFNSGAII_vs_NSGAII,HV,0.5,IVFNSGAII,0.8909090909090909,0.9705882352941176,0.961437908496732,0.9790849673202614,1530
IVFNSGAII_vs_NSGAII,HV,0.5,IVFNSGAII,0.8999999999999999,0.9705882352941176,0.961437908496732,0.9790849673202614,1530
IVFNSGAII_vs_NSGAII,HV,0.5,IVFNSGAII,0.9090909090909091,0.9705882352941176,0.961437908496732,0.9790849673202614,1530
IVFNSGAII_vs_NSGAII,HV,0.5,IVFNSGAII,0.9181818181818181,0.9705882352941176,0.961437908496732,0.9790849673202614,1530
IVFNSGAII_vs_NSGAII,HV,0.5,IVFNSGAII,0.9272727272727272,0.9705882352941176,0.961437908496732,0.9790849673202614,1530
IVFNSGAII_vs_NSGAII,HV,0.5,IVFNSGAII,0.9363636363636363,0.9712418300653595,0.9620915032679739,0.9797385620915032,1530
IVFNSGAII_vs_NSGAII,HV,0.5,IVFNSGAII,0.9454545454545454,0.9712418300653595,0.9620915032679739,0.9797385620915032,1530
IVFNSGAII_vs_NSGAII,HV,0.5,IVFNSGAII,0.9545454545454545,0.9712418300653595,0.9620915032679739,0.9797385620915032,1530
IVFNSGAII_vs_NSGAII,HV,0.5,IVFNSGAII,0.9636363636363636,0.9712418300653595,0.9620915032679739,0.9797385620915032,1530
IVFNSGAII_vs_NSGAII,HV,0.5,IVFNSGAII,0.9727272727272727,0.9712418300653595,0.9620915032679739,0.9797385620915032,1530
IVFNSGAII_vs_NSGAII,HV,0.5,IVFNSGAII,0.9818181818181817,0.9712418300653595,0.9620915032679739,0.9797385620915032,1530
IVFNSGAII_vs_NSGAII,HV,0.5,IVFNSGAII,0.9909090909090909,0.9712418300653595,0.9620915032679739,0.9797385620915032,1530
IVFNSGAII_vs_NSGAII,HV,0.5,IVFNSGAII,1.0,0.9712418300653595,0.9620915032679739,0.9797385620915032,1530
IVFNSGAII_vs_NSGAII,HV,0.5,NSGAII,0.1,0.45359477124183006,0.42810457516339867,0.4777777777777778,1530
IVFNSGAII_vs_NSGAII,HV,0.5,NSGAII,0.1090909090909091,0.48104575163398694,0.4549019607843137,0.5052287581699346,1530
IVFNSGAII_vs_NSGAII,HV,0.5,NSGAII,0.1181818181818182,0.5058823529411764,0.47908496732026146,0.5313725490196078,1530
IVFNSGAII_vs_NSGAII,HV,0.5,NSGAII,0.1272727272727273,0.545751633986928,0.5189542483660131,0.5699346405228758,1530
IVFNSGAII_vs_NSGAII,HV,0.5,NSGAII,0.13636363636363635,0.5849673202614379,0.5607679738562091,0.6098039215686275,1530
IVFNSGAII_vs_NSGAII,HV,0.5,NSGAII,0.14545454545454545,0.630718954248366,0.6065359477124183,0.6549183006535948,1530
IVFNSGAII_vs_NSGAII,HV,0.5,NSGAII,0.15454545454545454,0.6895424836601307,0.6666503267973856,0.711781045751634,1530
IVFNSGAII_vs_NSGAII,HV,0.5,NSGAII,0.16363636363636364,0.74640522875817,0.7241666666666666,0.7673202614379085,1530
IVFNSGAII_vs_NSGAII,HV,0.5,NSGAII,0.17272727272727273,0.7751633986928105,0.7542320261437908,0.7948202614379084,1530
IVFNSGAII_vs_NSGAII,HV,0.5,NSGAII,0.18181818181818182,0.8,0.7790849673202614,0.8196078431372549,1530
IVFNSGAII_vs_NSGAII,HV,0.5,NSGAII,0.19090909090909092,0.8130718954248366,0.7928104575163398,0.8313725490196079,1530
IVFNSGAII_vs_NSGAII,HV,0.5,NSGAII,0.2,0.8294117647058824,0.8091339869281046,0.8483660130718954,1530
IVFNSGAII_vs_NSGAII,HV,0.5,NSGAII,0.2090909090909091,0.8392156862745098,0.8202614379084967,0.8581699346405228,1530
IVFNSGAII_vs_NSGAII,HV,0.5,NSGAII,0.2181818181818182,0.8483660130718954,0.8294117647058824,0.8660130718954249,1530
IVFNSGAII_vs_NSGAII,HV,0.5,NSGAII,0.22727272727272727,0.8542483660130719,0.8352941176470589,0.8706045751633987,1530
IVFNSGAII_vs_NSGAII,HV,0.5,NSGAII,0.23636363636363636,0.8588235294117647,0.8411601307189542,0.8758169934640523,1530
IVFNSGAII_vs_NSGAII,HV,0.5,NSGAII,0.24545454545454545,0.8633986928104576,0.8450980392156863,0.8797385620915033,1530
IVFNSGAII_vs_NSGAII,HV,0.5,NSGAII,0.2545454545454545,0.9032679738562092,0.8869281045751634,0.9170098039215686,1530
IVFNSGAII_vs_NSGAII,HV,0.5,NSGAII,0.26363636363636367,0.9209150326797385,0.9065359477124183,0.9339869281045752,1530
IVFNSGAII_vs_NSGAII,HV,0.5,NSGAII,0.2727272727272727,0.9261437908496732,0.9124183006535947,0.938562091503268,1530
IVFNSGAII_vs_NSGAII,HV,0.5,NSGAII,0.28181818181818186,0.9281045751633987,0.9143790849673202,0.9405228758169935,1530
IVFNSGAII_vs_NSGAII,HV,0.5,NSGAII,0.2909090909090909,0.9287581699346406,0.9156699346405228,0.9411764705882353,1530
IVFNSGAII_vs_NSGAII,HV,0.5,NSGAII,0.3,0.9294117647058824,0.9163235294117646,0.9418300653594771,1530
IVFNSGAII_vs_NSGAII,HV,0.5,NSGAII,0.3090909090909091,0.9320261437908497,0.918937908496732,0.9444444444444444,1530
IVFNSGAII_vs_NSGAII,HV,0.5,NSGAII,0.3181818181818182,0.9352941176470588,0.9222222222222223,0.9470588235294117,1530
IVFNSGAII_vs_NSGAII,HV,0.5,NSGAII,0.32727272727272727,0.9398692810457516,0.9274509803921569,0.9516339869281045,1530
IVFNSGAII_vs_NSGAII,HV,0.5,NSGAII,0.33636363636363636,0.9418300653594771,0.9294117647058824,0.9529411764705882,1530
IVFNSGAII_vs_NSGAII,HV,0.5,NSGAII,0.34545454545454546,0.9444444444444444,0.9326797385620915,0.9555555555555556,1530
IVFNSGAII_vs_NSGAII,HV,0.5,NSGAII,0.3545454545454545,0.9549019607843138,0.9444281045751634,0.965359477124183,1530
IVFNSGAII_vs_NSGAII,HV,0.5,NSGAII,0.36363636363636365,0.961437908496732,0.9522712418300653,0.9705882352941176,1530
IVFNSGAII_vs_NSGAII,HV,0.5,NSGAII,0.3727272727272727,0.9620915032679739,0.9529411764705882,0.9712418300653595,1530
IVFNSGAII_vs_NSGAII,HV,0.5,NSGAII,0.38181818181818183,0.9627450980392157,0.9535947712418301,0.9718954248366013,1530
IVFNSGAII_vs_NSGAII,HV,0.5,NSGAII,0.3909090909090909,0.9633986928104575,0.954248366013072,0.9725490196078431,1530
IVFNSGAII_vs_NSGAII,HV,0.5,NSGAII,0.4,0.9633986928104575,0.954248366013072,0.9725490196078431,1530
IVFNSGAII_vs_NSGAII,HV,0.5,NSGAII,0.40909090909090906,0.9633986928104575,0.954248366013072,0.9725490196078431,1530
IVFNSGAII_vs_NSGAII,HV,0.5,NSGAII,0.4181818181818182,0.9640522875816994,0.9549019607843138,0.9725490196078431,1530
IVFNSGAII_vs_NSGAII,HV,0.5,NSGAII,0.42727272727272725,0.965359477124183,0.9562091503267974,0.9738562091503268,1530
IVFNSGAII_vs_NSGAII,HV,0.5,NSGAII,0.4363636363636364,0.9660130718954248,0.9568627450980393,0.9745098039215686,1530
IVFNSGAII_vs_NSGAII,HV,0.5,NSGAII,0.44545454545454544,0.9660130718954248,0.9568627450980393,0.9745098039215686,1530
IVFNSGAII_vs_NSGAII,HV,0.5,NSGAII,0.4545454545454546,0.969281045751634,0.9607843137254902,0.9771241830065359,1530
IVFNSGAII_vs_NSGAII,HV,0.5,NSGAII,0.4636363636363636,0.9699346405228758,0.961437908496732,0.9777777777777777,1530
IVFNSGAII_vs_NSGAII,HV,0.5,NSGAII,0.47272727272727266,0.9712418300653595,0.9627450980392157,0.9790849673202614,1530
IVFNSGAII_vs_NSGAII,HV,0.5,NSGAII,0.4818181818181818,0.9712418300653595,0.9627450980392157,0.9790849673202614,1530
IVFNSGAII_vs_NSGAII,HV,0.5,NSGAII,0.49090909090909085,0.9712418300653595,0.9627450980392157,0.9790849673202614,1530
IVFNSGAII_vs_NSGAII,HV,0.5,NSGAII,0.5,0.9718954248366013,0.9633986928104575,0.9790849673202614,1530
IVFNSGAII_vs_NSGAII,HV,0.5,NSGAII,0.509090909090909,0.9718954248366013,0.9633986928104575,0.9790849673202614,1530
IVFNSGAII_vs_NSGAII,HV,0.5,NSGAII,0.5181818181818182,0.9718954248366013,0.9633986928104575,0.9790849673202614,1530
IVFNSGAII_vs_NSGAII,HV,0.5,NSGAII,0.5272727272727272,0.9718954248366013,0.9633986928104575,0.9790849673202614,1530
IVFNSGAII_vs_NSGAII,HV,0.5,NSGAII,0.5363636363636364,0.9718954248366013,0.9633986928104575,0.9790849673202614,1530
IVFNSGAII_vs_NSGAII,HV,0.5,NSGAII,0.5454545454545454,0.9718954248366013,0.9633986928104575,0.9790849673202614,1530
IVFNSGAII_vs_NSGAII,HV,0.5,NSGAII,0.5545454545454546,0.973202614379085,0.9647058823529412,0.9803921568627451,1530
IVFNSGAII_vs_NSGAII,HV,0.5,NSGAII,0.5636363636363636,0.973202614379085,0.9647058823529412,0.9803921568627451,1530
IVFNSGAII_vs_NSGAII,HV,0.5,NSGAII,0.5727272727272728,0.973202614379085,0.9647058823529412,0.9803921568627451,1530
IVFNSGAII_vs_NSGAII,HV,0.5,NSGAII,0.5818181818181818,0.973202614379085,0.9647058823529412,0.9803921568627451,1530
IVFNSGAII_vs_NSGAII,HV,0.5,NSGAII,0.5909090909090909,0.973202614379085,0.9647058823529412,0.9803921568627451,1530
IVFNSGAII_vs_NSGAII,HV,0.5,NSGAII,0.6,0.973202614379085,0.9647058823529412,0.9803921568627451,1530
IVFNSGAII_vs_NSGAII,HV,0.5,NSGAII,0.609090909090909,0.973202614379085,0.9647058823529412,0.9803921568627451,1530
IVFNSGAII_vs_NSGAII,HV,0.5,NSGAII,0.6181818181818182,0.973202614379085,0.9647058823529412,0.9803921568627451,1530
IVFNSGAII_vs_NSGAII,HV,0.5,NSGAII,0.6272727272727272,0.973202614379085,0.9647058823529412,0.9803921568627451,1530
IVFNSGAII_vs_NSGAII,HV,0.5,NSGAII,0.6363636363636364,0.973202614379085,0.9647058823529412,0.9803921568627451,1530
IVFNSGAII_vs_NSGAII,HV,0.5,NSGAII,0.6454545454545454,0.973202614379085,0.9647058823529412,0.9803921568627451,1530
IVFNSGAII_vs_NSGAII,HV,0.5,NSGAII,0.6545454545454545,0.973202614379085,0.9647058823529412,0.9803921568627451,1530
IVFNSGAII_vs_NSGAII,HV,0.5,NSGAII,0.6636363636363636,0.973202614379085,0.9647058823529412,0.9803921568627451,1530
IVFNSGAII_vs_NSGAII,HV,0.5,NSGAII,0.6727272727272727,0.973202614379085,0.9647058823529412,0.9803921568627451,1530
IVFNSGAII_vs_NSGAII,HV,0.5,NSGAII,0.6818181818181818,0.973202614379085,0.9647058823529412,0.9803921568627451,1530
IVFNSGAII_vs_NSGAII,HV,0.5,NSGAII,0.6909090909090908,0.973202614379085,0.9647058823529412,0.9803921568627451,1530
IVFNSGAII_vs_NSGAII,HV,0.5,NSGAII,0.7,0.973202614379085,0.9647058823529412,0.9803921568627451,1530
IVFNSGAII_vs_NSGAII,HV,0.5,NSGAII,0.709090909090909,0.9738562091503268,0.9660130718954248,0.9810457516339869,1530
IVFNSGAII_vs_NSGAII,HV,0.5,NSGAII,0.7181818181818181,0.9738562091503268,0.9660130718954248,0.9810457516339869,1530
IVFNSGAII_vs_NSGAII,HV,0.5,NSGAII,0.7272727272727272,0.9738562091503268,0.9660130718954248,0.9810457516339869,1530
IVFNSGAII_vs_NSGAII,HV,0.5,NSGAII,0.7363636363636363,0.9738562091503268,0.9660130718954248,0.9810457516339869,1530
IVFNSGAII_vs_NSGAII,HV,0.5,NSGAII,0.7454545454545454,0.9738562091503268,0.9660130718954248,0.9810457516339869,1530
IVFNSGAII_vs_NSGAII,HV,0.5,NSGAII,0.7545454545454545,0.9738562091503268,0.9660130718954248,0.9810457516339869,1530
IVFNSGAII_vs_NSGAII,HV,0.5,NSGAII,0.7636363636363636,0.9738562091503268,0.9660130718954248,0.9810457516339869,1530
IVFNSGAII_vs_NSGAII,HV,0.5,NSGAII,0.7727272727272727,0.9738562091503268,0.9660130718954248,0.9810457516339869,1530
IVFNSGAII_vs_NSGAII,HV,0.5,NSGAII,0.7818181818181817,0.9738562091503268,0.9660130718954248,0.9810457516339869,1530
IVFNSGAII_vs_NSGAII,HV,0.5,NSGAII,0.7909090909090909,0.9738562091503268,0.9660130718954248,0.9810457516339869,1530
IVFNSGAII_vs_NSGAII,HV,0.5,NSGAII,0.7999999999999999,0.9738562091503268,0.9660130718954248,0.9810457516339869,1530
IVFNSGAII_vs_NSGAII,HV,0.5,NSGAII,0.8090909090909091,0.9738562091503268,0.9660130718954248,0.9810457516339869,1530
IVFNSGAII_vs_NSGAII,HV,0.5,NSGAII,0.8181818181818181,0.9738562091503268,0.9660130718954248,0.9810457516339869,1530
IVFNSGAII_vs_NSGAII,HV,0.5,NSGAII,0.8272727272727273,0.9738562091503268,0.9660130718954248,0.9810457516339869,1530
IVFNSGAII_vs_NSGAII,HV,0.5,NSGAII,0.8363636363636363,0.9738562091503268,0.9660130718954248,0.9810457516339869,1530
IVFNSGAII_vs_NSGAII,HV,0.5,NSGAII,0.8454545454545453,0.9738562091503268,0.9660130718954248,0.9810457516339869,1530
IVFNSGAII_vs_NSGAII,HV,0.5,NSGAII,0.8545454545454545,0.9738562091503268,0.9660130718954248,0.9810457516339869,1530
IVFNSGAII_vs_NSGAII,HV,0.5,NSGAII,0.8636363636363635,0.9738562091503268,0.9660130718954248,0.9810457516339869,1530
IVFNSGAII_vs_NSGAII,HV,0.5,NSGAII,0.8727272727272727,0.9738562091503268,0.9660130718954248,0.9810457516339869,1530
IVFNSGAII_vs_NSGAII,HV,0.5,NSGAII,0.8818181818181817,0.9738562091503268,0.9660130718954248,0.9810457516339869,1530
IVFNSGAII_vs_NSGAII,HV,0.5,NSGAII,0.8909090909090909,0.9738562091503268,0.9660130718954248,0.9810457516339869,1530
IVFNSGAII_vs_NSGAII,HV,0.5,NSGAII,0.8999999999999999,0.9738562091503268,0.9660130718954248,0.9810457516339869,1530
IVFNSGAII_vs_NSGAII,HV,0.5,NSGAII,0.9090909090909091,0.9738562091503268,0.9660130718954248,0.9810457516339869,1530
IVFNSGAII_vs_NSGAII,HV,0.5,NSGAII,0.9181818181818181,0.9745098039215686,0.9660130718954248,0.9816993464052287,1530
IVFNSGAII_vs_NSGAII,HV,0.5,NSGAII,0.9272727272727272,0.9745098039215686,0.9660130718954248,0.9816993464052287,1530
IVFNSGAII_vs_NSGAII,HV,0.5,NSGAII,0.9363636363636363,0.9745098039215686,0.9660130718954248,0.9816993464052287,1530
IVFNSGAII_vs_NSGAII,HV,0.5,NSGAII,0.9454545454545454,0.9745098039215686,0.9660130718954248,0.9816993464052287,1530
IVFNSGAII_vs_NSGAII,HV,0.5,NSGAII,0.9545454545454545,0.9745098039215686,0.9660130718954248,0.9816993464052287,1530
IVFNSGAII_vs_NSGAII,HV,0.5,NSGAII,0.9636363636363636,0.9745098039215686,0.9660130718954248,0.9816993464052287,1530
IVFNSGAII_vs_NSGAII,HV,0.5,NSGAII,0.9727272727272727,0.9745098039215686,0.9660130718954248,0.9816993464052287,1530
IVFNSGAII_vs_NSGAII,HV,0.5,NSGAII,0.9818181818181817,0.9745098039215686,0.9660130718954248,0.9816993464052287,1530
IVFNSGAII_vs_NSGAII,HV,0.5,NSGAII,0.9909090909090909,0.9745098039215686,0.9660130718954248,0.9816993464052287,1530
IVFNSGAII_vs_NSGAII,HV,0.5,NSGAII,1.0,0.9745098039215686,0.9660130718954248,0.9816993464052287,1530
IVFNSGAII_vs_NSGAII,HV,0.25,IVFNSGAII,0.1,0.2901960784313726,0.2673202614379085,0.31437908496732025,1530
IVFNSGAII_vs_NSGAII,HV,0.25,IVFNSGAII,0.1090909090909091,0.30130718954248364,0.2784313725490196,0.3255065359477124,1530
IVFNSGAII_vs_NSGAII,HV,0.25,IVFNSGAII,0.1181818181818182,0.3137254901960784,0.2908496732026144,0.3379248366013072,1530
IVFNSGAII_vs_NSGAII,HV,0.25,IVFNSGAII,0.1272727272727273,0.3254901960784314,0.3032679738562091,0.3503267973856209,1530
IVFNSGAII_vs_NSGAII,HV,0.25,IVFNSGAII,0.13636363636363635,0.3411764705882353,0.3176470588235294,0.36666666666666664,1530
IVFNSGAII_vs_NSGAII,HV,0.25,IVFNSGAII,0.14545454545454545,0.365359477124183,0.34183006535947713,0.3908660130718954,1530
IVFNSGAII_vs_NSGAII,HV,0.25,IVFNSGAII,0.15454545454545454,0.40261437908496733,0.37712418300653594,0.4294117647058823,1530
IVFNSGAII_vs_NSGAII,HV,0.25,IVFNSGAII,0.16363636363636364,0.4588235294117647,0.43333333333333335,0.4843300653594771,1530
IVFNSGAII_vs_NSGAII,HV,0.25,IVFNSGAII,0.17272727272727273,0.5117647058823529,0.4862581699346405,0.5372712418300654,1530
IVFNSGAII_vs_NSGAII,HV,0.25,IVFNSGAII,0.18181818181818182,0.5843137254901961,0.5607679738562091,0.6084967320261437,1530
IVFNSGAII_vs_NSGAII,HV,0.25,IVFNSGAII,0.19090909090909092,0.6352941176470588,0.6111111111111112,0.6594771241830065,1530
IVFNSGAII_vs_NSGAII,HV,0.25,IVFNSGAII,0.2,0.6601307189542484,0.6366013071895424,0.6830228758169935,1530
IVFNSGAII_vs_NSGAII,HV,0.25,IVFNSGAII,0.2090909090909091,0.6640522875816993,0.6405228758169934,0.6869281045751634,1530
IVFNSGAII_vs_NSGAII,HV,0.25,IVFNSGAII,0.2181818181818182,0.6725490196078432,0.6490196078431373,0.696078431372549,1530
IVFNSGAII_vs_NSGAII,HV,0.25,IVFNSGAII,0.22727272727272727,0.6836601307189543,0.6607843137254902,0.7072058823529412,1530
IVFNSGAII_vs_NSGAII,HV,0.25,IVFNSGAII,0.23636363636363636,0.6928104575163399,0.6699183006535947,0.715702614379085,1530
IVFNSGAII_vs_NSGAII,HV,0.25,IVFNSGAII,0.24545454545454545,0.7026143790849673,0.6803921568627451,0.7255065359477124,1530
IVFNSGAII_vs_NSGAII,HV,0.25,IVFNSGAII,0.2545454545454545,0.7143790849673203,0.6915032679738562,0.7372712418300654,1530
IVFNSGAII_vs_NSGAII,HV,0.25,IVFNSGAII,0.26363636363636367,0.7254901960784313,0.7026143790849673,0.7477124183006536,1530
IVFNSGAII_vs_NSGAII,HV,0.25,IVFNSGAII,0.2727272727272727,0.7359477124183007,0.7137254901960784,0.7581862745098039,1530
IVFNSGAII_vs_NSGAII,HV,0.25,IVFNSGAII,0.28181818181818186,0.7679738562091504,0.7470588235294118,0.7895424836601307,1530
IVFNSGAII_vs_NSGAII,HV,0.25,IVFNSGAII,0.2909090909090909,0.7941176470588235,0.7738562091503268,0.8150326797385621,1530
IVFNSGAII_vs_NSGAII,HV,0.25,IVFNSGAII,0.3,0.803921568627451,0.784297385620915,0.8235294117647058,1530
IVFNSGAII_vs_NSGAII,HV,0.25,IVFNSGAII,0.3090909090909091,0.807843137254902,0.7875816993464052,0.8281045751633986,1530
IVFNSGAII_vs_NSGAII,HV,0.25,IVFNSGAII,0.3181818181818182,0.8150326797385621,0.7960620915032679,0.8346568627450981,1530
IVFNSGAII_vs_NSGAII,HV,0.25,IVFNSGAII,0.32727272727272727,0.8176470588235294,0.7986928104575164,0.8372549019607843,1530
IVFNSGAII_vs_NSGAII,HV,0.25,IVFNSGAII,0.33636363636363636,0.8241830065359477,0.8045751633986928,0.8431372549019608,1530
IVFNSGAII_vs_NSGAII,HV,0.25,IVFNSGAII,0.34545454545454546,0.8307189542483661,0.8117483660130719,0.8503267973856209,1530
IVFNSGAII_vs_NSGAII,HV,0.25,IVFNSGAII,0.3545454545454545,0.8379084967320262,0.8202614379084967,0.8568627450980392,1530
IVFNSGAII_vs_NSGAII,HV,0.25,IVFNSGAII,0.36363636363636365,0.842483660130719,0.8241666666666666,0.8614379084967321,1530
IVFNSGAII_vs_NSGAII,HV,0.25,IVFNSGAII,0.3727272727272727,0.8470588235294118,0.8287581699346406,0.8660130718954249,1530
IVFNSGAII_vs_NSGAII,HV,0.25,IVFNSGAII,0.38181818181818183,0.8620915032679739,0.8450980392156863,0.8803921568627451,1530
IVFNSGAII_vs_NSGAII,HV,0.25,IVFNSGAII,0.3909090909090909,0.8679738562091504,0.8509803921568627,0.8856209150326797,1530
IVFNSGAII_vs_NSGAII,HV,0.25,IVFNSGAII,0.4,0.8712418300653595,0.8542483660130719,0.888235294117647,1530
IVFNSGAII_vs_NSGAII,HV,0.25,IVFNSGAII,0.40909090909090906,0.8725490196078431,0.8555555555555555,0.8895588235294117,1530
IVFNSGAII_vs_NSGAII,HV,0.25,IVFNSGAII,0.4181818181818182,0.8758169934640523,0.8594607843137255,0.8934640522875817,1530
IVFNSGAII_vs_NSGAII,HV,0.25,IVFNSGAII,0.42727272727272725,0.8797385620915033,0.8633823529411765,0.8960784313725491,1530
IVFNSGAII_vs_NSGAII,HV,0.25,IVFNSGAII,0.4363636363636364,0.8816993464052287,0.865343137254902,0.8980555555555556,1530
IVFNSGAII_vs_NSGAII,HV,0.25,IVFNSGAII,0.44545454545454544,0.884313725490196,0.8679738562091504,0.9006699346405229,1530
IVFNSGAII_vs_NSGAII,HV,0.25,IVFNSGAII,0.4545454545454546,0.8869281045751634,0.8718790849673203,0.9032679738562092,1530
IVFNSGAII_vs_NSGAII,HV,0.25,IVFNSGAII,0.4636363636363636,0.8928104575163399,0.8777777777777778,0.907843137254902,1530
IVFNSGAII_vs_NSGAII,HV,0.25,IVFNSGAII,0.47272727272727266,0.8967320261437909,0.8823529411764706,0.9117647058823529,1530
IVFNSGAII_vs_NSGAII,HV,0.25,IVFNSGAII,0.4818181818181818,0.9104575163398693,0.8967320261437909,0.9254901960784314,1530
IVFNSGAII_vs_NSGAII,HV,0.25,IVFNSGAII,0.49090909090909085,0.9117647058823529,0.8973856209150327,0.9267973856209151,1530
IVFNSGAII_vs_NSGAII,HV,0.25,IVFNSGAII,0.5,0.9130718954248366,0.8993300653594771,0.927467320261438,1530
IVFNSGAII_vs_NSGAII,HV,0.25,IVFNSGAII,0.509090909090909,0.9137254901960784,0.8993464052287582,0.9287581699346406,1530
IVFNSGAII_vs_NSGAII,HV,0.25,IVFNSGAII,0.5181818181818182,0.9163398692810457,0.9026143790849673,0.9313725490196079,1530
IVFNSGAII_vs_NSGAII,HV,0.25,IVFNSGAII,0.5272727272727272,0.9169934640522875,0.9032679738562092,0.9313725490196079,1530
IVFNSGAII_vs_NSGAII,HV,0.25,IVFNSGAII,0.5363636363636364,0.9183006535947712,0.9045751633986928,0.9326797385620915,1530
IVFNSGAII_vs_NSGAII,HV,0.25,IVFNSGAII,0.5454545454545454,0.9196078431372549,0.9058823529411765,0.9339869281045752,1530
IVFNSGAII_vs_NSGAII,HV,0.25,IVFNSGAII,0.5545454545454546,0.9235294117647059,0.9091503267973856,0.9379084967320261,1530
IVFNSGAII_vs_NSGAII,HV,0.25,IVFNSGAII,0.5636363636363636,0.9248366013071896,0.91109477124183,0.9392156862745098,1530
IVFNSGAII_vs_NSGAII,HV,0.25,IVFNSGAII,0.5727272727272728,0.9248366013071896,0.91109477124183,0.9392156862745098,1530
IVFNSGAII_vs_NSGAII,HV,0.25,IVFNSGAII,0.5818181818181818,0.9248366013071896,0.91109477124183,0.9392156862745098,1530
IVFNSGAII_vs_NSGAII,HV,0.25,IVFNSGAII,0.5909090909090909,0.9261437908496732,0.9124183006535947,0.9398856209150327,1530
IVFNSGAII_vs_NSGAII,HV,0.25,IVFNSGAII,0.6,0.9261437908496732,0.9124183006535947,0.9398856209150327,1530
IVFNSGAII_vs_NSGAII,HV,0.25,IVFNSGAII,0.609090909090909,0.9274509803921569,0.9143790849673202,0.9411764705882353,1530
IVFNSGAII_vs_NSGAII,HV,0.25,IVFNSGAII,0.6181818181818182,0.9281045751633987,0.9150326797385621,0.9418300653594771,1530
IVFNSGAII_vs_NSGAII,HV,0.25,IVFNSGAII,0.6272727272727272,0.9294117647058824,0.9169934640522875,0.9431372549019608,1530
IVFNSGAII_vs_NSGAII,HV,0.25,IVFNSGAII,0.6363636363636364,0.9300653594771242,0.9176307189542483,0.9431372549019608,1530
IVFNSGAII_vs_NSGAII,HV,0.25,IVFNSGAII,0.6454545454545454,0.930718954248366,0.9183006535947712,0.9437908496732026,1530
IVFNSGAII_vs_NSGAII,HV,0.25,IVFNSGAII,0.6545454545454545,0.9313725490196079,0.9183006535947712,0.9444444444444444,1530
IVFNSGAII_vs_NSGAII,HV,0.25,IVFNSGAII,0.6636363636363636,0.9320261437908497,0.9196078431372549,0.9444607843137255,1530
IVFNSGAII_vs_NSGAII,HV,0.25,IVFNSGAII,0.6727272727272727,0.9320261437908497,0.9196078431372549,0.9444607843137255,1530
IVFNSGAII_vs_NSGAII,HV,0.25,IVFNSGAII,0.6818181818181818,0.9333333333333333,0.9208986928104574,0.9457679738562091,1530
IVFNSGAII_vs_NSGAII,HV,0.25,IVFNSGAII,0.6909090909090908,0.9339869281045752,0.9215522875816993,0.9464052287581699,1530
IVFNSGAII_vs_NSGAII,HV,0.25,IVFNSGAII,0.7,0.934640522875817,0.9222058823529412,0.9470588235294117,1530
IVFNSGAII_vs_NSGAII,HV,0.25,IVFNSGAII,0.709090909090909,0.934640522875817,0.9222058823529412,0.9470588235294117,1530
IVFNSGAII_vs_NSGAII,HV,0.25,IVFNSGAII,0.7181818181818181,0.934640522875817,0.9222058823529412,0.9470588235294117,1530
IVFNSGAII_vs_NSGAII,HV,0.25,IVFNSGAII,0.7272727272727272,0.9352941176470588,0.9228758169934641,0.9477124183006536,1530
IVFNSGAII_vs_NSGAII,HV,0.25,IVFNSGAII,0.7363636363636363,0.9366013071895425,0.9241830065359478,0.9490196078431372,1530
IVFNSGAII_vs_NSGAII,HV,0.25,IVFNSGAII,0.7454545454545454,0.9398692810457516,0.9281045751633987,0.9522875816993464,1530
IVFNSGAII_vs_NSGAII,HV,0.25,IVFNSGAII,0.7545454545454545,0.9398692810457516,0.9281045751633987,0.9522875816993464,1530
IVFNSGAII_vs_NSGAII,HV,0.25,IVFNSGAII,0.7636363636363636,0.9398692810457516,0.9281045751633987,0.9522875816993464,1530
IVFNSGAII_vs_NSGAII,HV,0.25,IVFNSGAII,0.7727272727272727,0.9411764705882353,0.9294117647058824,0.9529575163398692,1530
IVFNSGAII_vs_NSGAII,HV,0.25,IVFNSGAII,0.7818181818181817,0.9424836601307189,0.930702614379085,0.9549019607843138,1530
IVFNSGAII_vs_NSGAII,HV,0.25,IVFNSGAII,0.7909090909090909,0.9424836601307189,0.930702614379085,0.9549019607843138,1530
IVFNSGAII_vs_NSGAII,HV,0.25,IVFNSGAII,0.7999999999999999,0.9424836601307189,0.930702614379085,0.9549019607843138,1530
IVFNSGAII_vs_NSGAII,HV,0.25,IVFNSGAII,0.8090909090909091,0.9424836601307189,0.930702614379085,0.9549019607843138,1530
IVFNSGAII_vs_NSGAII,HV,0.25,IVFNSGAII,0.8181818181818181,0.9437908496732026,0.9320261437908497,0.9555555555555556,1530
IVFNSGAII_vs_NSGAII,HV,0.25,IVFNSGAII,0.8272727272727273,0.9437908496732026,0.9320261437908497,0.9555555555555556,1530
IVFNSGAII_vs_NSGAII,HV,0.25,IVFNSGAII,0.8363636363636363,0.9444444444444444,0.9326797385620915,0.9568627450980393,1530
IVFNSGAII_vs_NSGAII,HV,0.25,IVFNSGAII,0.8454545454545453,0.9444444444444444,0.9326797385620915,0.9568627450980393,1530
IVFNSGAII_vs_NSGAII,HV,0.25,IVFNSGAII,0.8545454545454545,0.9444444444444444,0.9326797385620915,0.9568627450980393,1530
IVFNSGAII_vs_NSGAII,HV,0.25,IVFNSGAII,0.8636363636363635,0.9444444444444444,0.9326797385620915,0.9568627450980393,1530
IVFNSGAII_vs_NSGAII,HV,0.25,IVFNSGAII,0.8727272727272727,0.9444444444444444,0.9326797385620915,0.9568627450980393,1530
IVFNSGAII_vs_NSGAII,HV,0.25,IVFNSGAII,0.8818181818181817,0.9444444444444444,0.9326797385620915,0.9568627450980393,1530
IVFNSGAII_vs_NSGAII,HV,0.25,IVFNSGAII,0.8909090909090909,0.9444444444444444,0.9326797385620915,0.9568627450980393,1530
IVFNSGAII_vs_NSGAII,HV,0.25,IVFNSGAII,0.8999999999999999,0.9444444444444444,0.9326797385620915,0.9568627450980393,1530
IVFNSGAII_vs_NSGAII,HV,0.25,IVFNSGAII,0.9090909090909091,0.9450980392156862,0.9333333333333333,0.9568627450980393,1530
IVFNSGAII_vs_NSGAII,HV,0.25,IVFNSGAII,0.9181818181818181,0.9457516339869281,0.9339869281045752,0.9575163398692811,1530
IVFNSGAII_vs_NSGAII,HV,0.25,IVFNSGAII,0.9272727272727272,0.9464052287581699,0.934640522875817,0.958186274509804,1530
IVFNSGAII_vs_NSGAII,HV,0.25,IVFNSGAII,0.9363636363636363,0.9464052287581699,0.934640522875817,0.958186274509804,1530
IVFNSGAII_vs_NSGAII,HV,0.25,IVFNSGAII,0.9454545454545454,0.9464052287581699,0.934640522875817,0.958186274509804,1530
IVFNSGAII_vs_NSGAII,HV,0.25,IVFNSGAII,0.9545454545454545,0.9464052287581699,0.934640522875817,0.958186274509804,1530
IVFNSGAII_vs_NSGAII,HV,0.25,IVFNSGAII,0.9636363636363636,0.9464052287581699,0.934640522875817,0.958186274509804,1530
IVFNSGAII_vs_NSGAII,HV,0.25,IVFNSGAII,0.9727272727272727,0.9464052287581699,0.934640522875817,0.958186274509804,1530
IVFNSGAII_vs_NSGAII,HV,0.25,IVFNSGAII,0.9818181818181817,0.9464052287581699,0.934640522875817,0.958186274509804,1530
IVFNSGAII_vs_NSGAII,HV,0.25,IVFNSGAII,0.9909090909090909,0.9464052287581699,0.934640522875817,0.958186274509804,1530
IVFNSGAII_vs_NSGAII,HV,0.25,IVFNSGAII,1.0,0.9470588235294117,0.934640522875817,0.9588235294117647,1530
IVFNSGAII_vs_NSGAII,HV,0.25,NSGAII,0.1,0.2457516339869281,0.22549019607843138,0.265359477124183,1530
IVFNSGAII_vs_NSGAII,HV,0.25,NSGAII,0.1090909090909091,0.25359477124183005,0.23333333333333334,0.27450980392156865,1530
IVFNSGAII_vs_NSGAII,HV,0.25,NSGAII,0.1181818181818182,0.2679738562091503,0.2457516339869281,0.28825163398692805,1530
IVFNSGAII_vs_NSGAII,HV,0.25,NSGAII,0.1272727272727273,0.2777777777777778,0.2561928104575163,0.29869281045751633,1530
IVFNSGAII_vs_NSGAII,HV,0.25,NSGAII,0.13636363636363635,0.2928104575163399,0.27124183006535946,0.3156862745098039,1530
IVFNSGAII_vs_NSGAII,HV,0.25,NSGAII,0.14545454545454545,0.3156862745098039,0.29411764705882354,0.338562091503268,1530
IVFNSGAII_vs_NSGAII,HV,0.25,NSGAII,0.15454545454545454,0.3477124183006536,0.3254901960784314,0.3712418300653595,1530
IVFNSGAII_vs_NSGAII,HV,0.25,NSGAII,0.16363636363636364,0.3836601307189543,0.35947712418300654,0.4084967320261438,1530
IVFNSGAII_vs_NSGAII,HV,0.25,NSGAII,0.17272727272727273,0.4241830065359477,0.3993300653594771,0.4496732026143791,1530
IVFNSGAII_vs_NSGAII,HV,0.25,NSGAII,0.18181818181818182,0.4849673202614379,0.4588071895424836,0.5111111111111111,1530
IVFNSGAII_vs_NSGAII,HV,0.25,NSGAII,0.19090909090909092,0.5339869281045752,0.5078431372549019,0.5594771241830065,1530
IVFNSGAII_vs_NSGAII,HV,0.25,NSGAII,0.2,0.5784313725490197,0.5529411764705883,0.6026307189542484,1530
IVFNSGAII_vs_NSGAII,HV,0.25,NSGAII,0.2090909090909091,0.5862745098039216,0.561437908496732,0.6104738562091504,1530
IVFNSGAII_vs_NSGAII,HV,0.25,NSGAII,0.2181818181818182,0.592156862745098,0.5666503267973856,0.6163398692810458,1530
IVFNSGAII_vs_NSGAII,HV,0.25,NSGAII,0.22727272727272727,0.6,0.5738562091503268,0.6235294117647059,1530
IVFNSGAII_vs_NSGAII,HV,0.25,NSGAII,0.23636363636363636,0.6071895424836601,0.581045751633987,0.630718954248366,1530
IVFNSGAII_vs_NSGAII,HV,0.25,NSGAII,0.24545454545454545,0.6189542483660131,0.5941176470588235,0.6418464052287582,1530
IVFNSGAII_vs_NSGAII,HV,0.25,NSGAII,0.2545454545454545,0.6281045751633987,0.6039215686274509,0.6522875816993464,1530
IVFNSGAII_vs_NSGAII,HV,0.25,NSGAII,0.26363636363636367,0.6470588235294118,0.622859477124183,0.6712418300653594,1530
IVFNSGAII_vs_NSGAII,HV,0.25,NSGAII,0.2727272727272727,0.6588235294117647,0.634640522875817,0.6817156862745098,1530
IVFNSGAII_vs_NSGAII,HV,0.25,NSGAII,0.28181818181818186,0.7045751633986929,0.6803921568627451,0.7261437908496732,1530
IVFNSGAII_vs_NSGAII,HV,0.25,NSGAII,0.2909090909090909,0.722875816993464,0.6993464052287581,0.7444444444444445,1530
IVFNSGAII_vs_NSGAII,HV,0.25,NSGAII,0.3,0.7352941176470589,0.7124019607843137,0.7555555555555555,1530
IVFNSGAII_vs_NSGAII,HV,0.25,NSGAII,0.3090909090909091,0.7398692810457517,0.7169771241830065,0.7601307189542483,1530
IVFNSGAII_vs_NSGAII,HV,0.25,NSGAII,0.3181818181818182,0.7444444444444445,0.722859477124183,0.7640686274509804,1530
IVFNSGAII_vs_NSGAII,HV,0.25,NSGAII,0.32727272727272727,0.7490196078431373,0.7274509803921568,0.7686274509803922,1530
IVFNSGAII_vs_NSGAII,HV,0.25,NSGAII,0.33636363636363636,0.7562091503267974,0.734624183006536,0.7758169934640523,1530
IVFNSGAII_vs_NSGAII,HV,0.25,NSGAII,0.34545454545454546,0.7601307189542483,0.7392156862745098,0.7804084967320262,1530
IVFNSGAII_vs_NSGAII,HV,0.25,NSGAII,0.3545454545454545,0.7640522875816993,0.7437745098039216,0.7849673202614379,1530
IVFNSGAII_vs_NSGAII,HV,0.25,NSGAII,0.36363636363636365,0.773202614379085,0.7529248366013072,0.7934803921568627,1530
IVFNSGAII_vs_NSGAII,HV,0.25,NSGAII,0.3727272727272727,0.7836601307189542,0.7633986928104575,0.803921568627451,1530
IVFNSGAII_vs_NSGAII,HV,0.25,NSGAII,0.38181818181818183,0.7993464052287582,0.7803921568627451,0.8183006535947712,1530
IVFNSGAII_vs_NSGAII,HV,0.25,NSGAII,0.3909090909090909,0.8104575163398693,0.7914869281045751,0.8287581699346406,1530
IVFNSGAII_vs_NSGAII,HV,0.25,NSGAII,0.4,0.8156862745098039,0.796078431372549,0.8340032679738563,1530
IVFNSGAII_vs_NSGAII,HV,0.25,NSGAII,0.40909090909090906,0.8202614379084967,0.8013071895424837,0.838562091503268,1530
IVFNSGAII_vs_NSGAII,HV,0.25,NSGAII,0.4181818181818182,0.8222222222222222,0.803921568627451,0.8405228758169935,1530
IVFNSGAII_vs_NSGAII,HV,0.25,NSGAII,0.42727272727272725,0.8254901960784313,0.8071895424836601,0.8438071895424837,1530
IVFNSGAII_vs_NSGAII,HV,0.25,NSGAII,0.4363636363636364,0.8274509803921568,0.8091503267973856,0.8464052287581699,1530
IVFNSGAII_vs_NSGAII,HV,0.25,NSGAII,0.44545454545454544,0.8294117647058824,0.8111111111111111,0.8483660130718954,1530
IVFNSGAII_vs_NSGAII,HV,0.25,NSGAII,0.4545454545454546,0.8359477124183007,0.8176470588235294,0.8542483660130719,1530
IVFNSGAII_vs_NSGAII,HV,0.25,NSGAII,0.4636363636363636,0.8405228758169935,0.822875816993464,0.8588398692810457,1530
IVFNSGAII_vs_NSGAII,HV,0.25,NSGAII,0.47272727272727266,0.8457516339869281,0.8281045751633986,0.8640686274509805,1530
IVFNSGAII_vs_NSGAII,HV,0.25,NSGAII,0.4818181818181818,0.8503267973856209,0.8333333333333334,0.8686274509803922,1530
IVFNSGAII_vs_NSGAII,HV,0.25,NSGAII,0.49090909090909085,0.8522875816993464,0.8352777777777778,0.8705882352941177,1530
IVFNSGAII_vs_NSGAII,HV,0.25,NSGAII,0.5,0.8529411764705882,0.8359313725490196,0.8705882352941177,1530
IVFNSGAII_vs_NSGAII,HV,0.25,NSGAII,0.509090909090909,0.8549019607843137,0.8366013071895425,0.873202614379085,1530
IVFNSGAII_vs_NSGAII,HV,0.25,NSGAII,0.5181818181818182,0.8581699346405228,0.8405228758169935,0.8758169934640523,1530
IVFNSGAII_vs_NSGAII,HV,0.25,NSGAII,0.5272727272727272,0.8594771241830066,0.8418300653594771,0.8771241830065359,1530
IVFNSGAII_vs_NSGAII,HV,0.25,NSGAII,0.5363636363636364,0.8614379084967321,0.8437908496732026,0.8784313725490196,1530
IVFNSGAII_vs_NSGAII,HV,0.25,NSGAII,0.5454545454545454,0.8647058823529412,0.8470588235294118,0.8823529411764706,1530
IVFNSGAII_vs_NSGAII,HV,0.25,NSGAII,0.5545454545454546,0.8686274509803922,0.8509640522875817,0.8849836601307189,1530
IVFNSGAII_vs_NSGAII,HV,0.25,NSGAII,0.5636363636363636,0.8725490196078431,0.8542320261437908,0.8888888888888888,1530
IVFNSGAII_vs_NSGAII,HV,0.25,NSGAII,0.5727272727272728,0.8745098039215686,0.8562091503267973,0.8908496732026144,1530
IVFNSGAII_vs_NSGAII,HV,0.25,NSGAII,0.5818181818181818,0.8790849673202614,0.8620915032679739,0.8947712418300654,1530
IVFNSGAII_vs_NSGAII,HV,0.25,NSGAII,0.5909090909090909,0.8810457516339869,0.8640522875816994,0.896748366013072,1530
IVFNSGAII_vs_NSGAII,HV,0.25,NSGAII,0.6,0.8830065359477124,0.865359477124183,0.8986928104575164,1530
IVFNSGAII_vs_NSGAII,HV,0.25,NSGAII,0.609090909090909,0.8856209150326797,0.8686111111111111,0.9006699346405229,1530
IVFNSGAII_vs_NSGAII,HV,0.25,NSGAII,0.6181818181818182,0.888235294117647,0.8712254901960784,0.903921568627451,1530
IVFNSGAII_vs_NSGAII,HV,0.25,NSGAII,0.6272727272727272,0.888235294117647,0.8712254901960784,0.903921568627451,1530
IVFNSGAII_vs_NSGAII,HV,0.25,NSGAII,0.6363636363636364,0.8895424836601307,0.8731862745098039,0.9045751633986928,1530
IVFNSGAII_vs_NSGAII,HV,0.25,NSGAII,0.6454545454545454,0.8921568627450981,0.8764705882352941,0.9071895424836601,1530
IVFNSGAII_vs_NSGAII,HV,0.25,NSGAII,0.6545454545454545,0.8928104575163399,0.8771241830065359,0.907843137254902,1530
IVFNSGAII_vs_NSGAII,HV,0.25,NSGAII,0.6636363636363636,0.8947712418300654,0.8784313725490196,0.9091503267973856,1530
IVFNSGAII_vs_NSGAII,HV,0.25,NSGAII,0.6727272727272727,0.8967320261437909,0.880375816993464,0.9111274509803922,1530
IVFNSGAII_vs_NSGAII,HV,0.25,NSGAII,0.6818181818181818,0.8993464052287582,0.8830065359477124,0.9130882352941176,1530
IVFNSGAII_vs_NSGAII,HV,0.25,NSGAII,0.6909090909090908,0.9,0.8836601307189542,0.9143790849673202,1530
IVFNSGAII_vs_NSGAII,HV,0.25,NSGAII,0.7,0.9006535947712418,0.884313725490196,0.9150490196078431,1530
IVFNSGAII_vs_NSGAII,HV,0.25,NSGAII,0.709090909090909,0.9013071895424837,0.8856045751633986,0.915702614379085,1530
IVFNSGAII_vs_NSGAII,HV,0.25,NSGAII,0.7181818181818181,0.9026143790849673,0.8862745098039215,0.9170098039215686,1530
IVFNSGAII_vs_NSGAII,HV,0.25,NSGAII,0.7272727272727272,0.9032679738562092,0.8869117647058823,0.9183006535947712,1530
IVFNSGAII_vs_NSGAII,HV,0.25,NSGAII,0.7363636363636363,0.9065359477124183,0.8908496732026144,0.9215686274509803,1530
IVFNSGAII_vs_NSGAII,HV,0.25,NSGAII,0.7454545454545454,0.9084967320261438,0.8934640522875817,0.9228758169934641,1530
IVFNSGAII_vs_NSGAII,HV,0.25,NSGAII,0.7545454545454545,0.9124183006535947,0.8967320261437909,0.9261437908496732,1530
IVFNSGAII_vs_NSGAII,HV,0.25,NSGAII,0.7636363636363636,0.9143790849673202,0.8986928104575164,0.9281045751633987,1530
IVFNSGAII_vs_NSGAII,HV,0.25,NSGAII,0.7727272727272727,0.9143790849673202,0.8986928104575164,0.9281045751633987,1530
IVFNSGAII_vs_NSGAII,HV,0.25,NSGAII,0.7818181818181817,0.9143790849673202,0.8986928104575164,0.9281045751633987,1530
IVFNSGAII_vs_NSGAII,HV,0.25,NSGAII,0.7909090909090909,0.9143790849673202,0.8986928104575164,0.9281045751633987,1530
IVFNSGAII_vs_NSGAII,HV,0.25,NSGAII,0.7999999999999999,0.9156862745098039,0.9006372549019608,0.9287581699346406,1530
IVFNSGAII_vs_NSGAII,HV,0.25,NSGAII,0.8090909090909091,0.9176470588235294,0.9032516339869281,0.930718954248366,1530
IVFNSGAII_vs_NSGAII,HV,0.25,NSGAII,0.8181818181818181,0.9202614379084967,0.9058823529411765,0.9333333333333333,1530
IVFNSGAII_vs_NSGAII,HV,0.25,NSGAII,0.8272727272727273,0.9228758169934641,0.9084967320261438,0.9359477124183007,1530
IVFNSGAII_vs_NSGAII,HV,0.25,NSGAII,0.8363636363636363,0.9228758169934641,0.9084967320261438,0.9359477124183007,1530
IVFNSGAII_vs_NSGAII,HV,0.25,NSGAII,0.8454545454545453,0.9254901960784314,0.9111111111111111,0.9379084967320261,1530
IVFNSGAII_vs_NSGAII,HV,0.25,NSGAII,0.8545454545454545,0.9254901960784314,0.9111111111111111,0.9379084967320261,1530
IVFNSGAII_vs_NSGAII,HV,0.25,NSGAII,0.8636363636363635,0.9261437908496732,0.9117647058823529,0.938562091503268,1530
IVFNSGAII_vs_NSGAII,HV,0.25,NSGAII,0.8727272727272727,0.9261437908496732,0.9117647058823529,0.938562091503268,1530
IVFNSGAII_vs_NSGAII,HV,0.25,NSGAII,0.8818181818181817,0.9261437908496732,0.9117647058823529,0.938562091503268,1530
IVFNSGAII_vs_NSGAII,HV,0.25,NSGAII,0.8909090909090909,0.9267973856209151,0.9130555555555555,0.9392156862745098,1530
IVFNSGAII_vs_NSGAII,HV,0.25,NSGAII,0.8999999999999999,0.9267973856209151,0.9130555555555555,0.9392156862745098,1530
IVFNSGAII_vs_NSGAII,HV,0.25,NSGAII,0.9090909090909091,0.9267973856209151,0.9130555555555555,0.9392156862745098,1530
IVFNSGAII_vs_NSGAII,HV,0.25,NSGAII,0.9181818181818181,0.9300653594771242,0.9163398692810457,0.9424836601307189,1530
IVFNSGAII_vs_NSGAII,HV,0.25,NSGAII,0.9272727272727272,0.930718954248366,0.9176307189542483,0.9431372549019608,1530
IVFNSGAII_vs_NSGAII,HV,0.25,NSGAII,0.9363636363636363,0.9339869281045752,0.9215522875816993,0.9457516339869281,1530
IVFNSGAII_vs_NSGAII,HV,0.25,NSGAII,0.9454545454545454,0.9339869281045752,0.9215522875816993,0.9457516339869281,1530
IVFNSGAII_vs_NSGAII,HV,0.25,NSGAII,0.9545454545454545,0.934640522875817,0.9222222222222223,0.9457679738562091,1530
IVFNSGAII_vs_NSGAII,HV,0.25,NSGAII,0.9636363636363636,0.934640522875817,0.9222222222222223,0.9457679738562091,1530
IVFNSGAII_vs_NSGAII,HV,0.25,NSGAII,0.9727272727272727,0.934640522875817,0.9222222222222223,0.9457679738562091,1530
IVFNSGAII_vs_NSGAII,HV,0.25,NSGAII,0.9818181818181817,0.934640522875817,0.9222222222222223,0.9457679738562091,1530
IVFNSGAII_vs_NSGAII,HV,0.25,NSGAII,0.9909090909090909,0.934640522875817,0.9222222222222223,0.9457679738562091,1530
IVFNSGAII_vs_NSGAII,HV,0.25,NSGAII,1.0,0.9352941176470588,0.922859477124183,0.9470588235294117,1530
IVFNSGAII_vs_NSGAII,HV,0.1,IVFNSGAII,0.1,0.17516339869281045,0.1548856209150327,0.19411764705882353,1530
IVFNSGAII_vs_NSGAII,HV,0.1,IVFNSGAII,0.1090909090909091,0.18104575163398692,0.16076797385620917,0.2,1530
IVFNSGAII_vs_NSGAII,HV,0.1,IVFNSGAII,0.1181818181818182,0.1869281045751634,0.16730392156862745,0.20588235294117646,1530
IVFNSGAII_vs_NSGAII,HV,0.1,IVFNSGAII,0.1272727272727273,0.19281045751633988,0.1718954248366013,0.2130718954248366,1530
IVFNSGAII_vs_NSGAII,HV,0.1,IVFNSGAII,0.13636363636363635,0.20130718954248367,0.17973856209150327,0.22156862745098038,1530
IVFNSGAII_vs_NSGAII,HV,0.1,IVFNSGAII,0.14545454545454545,0.20588235294117646,0.18366013071895426,0.22616013071895424,1530
IVFNSGAII_vs_NSGAII,HV,0.1,IVFNSGAII,0.15454545454545454,0.2169934640522876,0.19477124183006536,0.23727124183006534,1530
IVFNSGAII_vs_NSGAII,HV,0.1,IVFNSGAII,0.16363636363636364,0.22941176470588234,0.20588235294117646,0.2490359477124183,1530
IVFNSGAII_vs_NSGAII,HV,0.1,IVFNSGAII,0.17272727272727273,0.2496732026143791,0.2261437908496732,0.27125816993464047,1530
IVFNSGAII_vs_NSGAII,HV,0.1,IVFNSGAII,0.18181818181818182,0.2830065359477124,0.2601143790849673,0.30460784313725486,1530
IVFNSGAII_vs_NSGAII,HV,0.1,IVFNSGAII,0.19090909090909092,0.3588235294117647,0.33398692810457514,0.38235294117647056,1530
IVFNSGAII_vs_NSGAII,HV,0.1,IVFNSGAII,0.2,0.4411764705882353,0.4150326797385621,0.46537581699346403,1530
IVFNSGAII_vs_NSGAII,HV,0.1,IVFNSGAII,0.2090909090909091,0.44640522875816996,0.42026143790849674,0.47058823529411764,1530
IVFNSGAII_vs_NSGAII,HV,0.1,IVFNSGAII,0.2181818181818182,0.45555555555555555,0.4300653594771242,0.4803921568627451,1530
IVFNSGAII_vs_NSGAII,HV,0.1,IVFNSGAII,0.22727272727272727,0.46601307189542485,0.4392156862745098,0.49084967320261436,1530
IVFNSGAII_vs_NSGAII,HV,0.1,IVFNSGAII,0.23636363636363636,0.4718954248366013,0.4450816993464052,0.4967483660130719,1530
IVFNSGAII_vs_NSGAII,HV,0.1,IVFNSGAII,0.24545454545454545,0.48104575163398694,0.4542320261437908,0.5065359477124183,1530
IVFNSGAII_vs_NSGAII,HV,0.1,IVFNSGAII,0.2545454545454545,0.49084967320261436,0.4640359477124183,0.515686274509804,1530
IVFNSGAII_vs_NSGAII,HV,0.1,IVFNSGAII,0.26363636363636367,0.4980392156862745,0.47187908496732023,0.5228758169934641,1530
IVFNSGAII_vs_NSGAII,HV,0.1,IVFNSGAII,0.2727272727272727,0.5078431372549019,0.48169934640522877,0.5326797385620915,1530
IVFNSGAII_vs_NSGAII,HV,0.1,IVFNSGAII,0.28181818181818186,0.5228758169934641,0.4967156862745098,0.5477124183006536,1530
IVFNSGAII_vs_NSGAII,HV,0.1,IVFNSGAII,0.2909090909090909,0.5411764705882353,0.5143790849673202,0.5660130718954248,1530
IVFNSGAII_vs_NSGAII,HV,0.1,IVFNSGAII,0.3,0.5843137254901961,0.5575163398692811,0.6078431372549019,1530
IVFNSGAII_vs_NSGAII,HV,0.1,IVFNSGAII,0.3090909090909091,0.5882352941176471,0.5620751633986928,0.6124183006535948,1530
IVFNSGAII_vs_NSGAII,HV,0.1,IVFNSGAII,0.3181818181818182,0.5934640522875817,0.5666503267973856,0.6176633986928105,1530
IVFNSGAII_vs_NSGAII,HV,0.1,IVFNSGAII,0.32727272727272727,0.596078431372549,0.5699183006535947,0.619624183006536,1530
IVFNSGAII_vs_NSGAII,HV,0.1,IVFNSGAII,0.33636363636363636,0.6006535947712418,0.5732026143790849,0.6241830065359477,1530
IVFNSGAII_vs_NSGAII,HV,0.1,IVFNSGAII,0.34545454545454546,0.6058823529411764,0.5790849673202615,0.6294117647058823,1530
IVFNSGAII_vs_NSGAII,HV,0.1,IVFNSGAII,0.3545454545454545,0.6130718954248366,0.5849673202614379,0.6372549019607843,1530
IVFNSGAII_vs_NSGAII,HV,0.1,IVFNSGAII,0.36363636363636365,0.6209150326797386,0.5934477124183006,0.6438071895424837,1530
IVFNSGAII_vs_NSGAII,HV,0.1,IVFNSGAII,0.3727272727272727,0.626797385620915,0.5999836601307189,0.6503267973856209,1530
IVFNSGAII_vs_NSGAII,HV,0.1,IVFNSGAII,0.38181818181818183,0.6359477124183006,0.6091339869281045,0.6601307189542484,1530
IVFNSGAII_vs_NSGAII,HV,0.1,IVFNSGAII,0.3909090909090909,0.6450980392156863,0.6196078431372549,0.6686274509803921,1530
IVFNSGAII_vs_NSGAII,HV,0.1,IVFNSGAII,0.4,0.6601307189542484,0.6352614379084967,0.6836601307189543,1530
IVFNSGAII_vs_NSGAII,HV,0.1,IVFNSGAII,0.40909090909090906,0.6647058823529411,0.6398692810457516,0.6875816993464052,1530
IVFNSGAII_vs_NSGAII,HV,0.1,IVFNSGAII,0.4181818181818182,0.6692810457516339,0.6450816993464052,0.692156862745098,1530
IVFNSGAII_vs_NSGAII,HV,0.1,IVFNSGAII,0.42727272727272725,0.673202614379085,0.6490032679738562,0.6954411764705882,1530
IVFNSGAII_vs_NSGAII,HV,0.1,IVFNSGAII,0.4363636363636364,0.6745098039215687,0.6503267973856209,0.6960947712418301,1530
IVFNSGAII_vs_NSGAII,HV,0.1,IVFNSGAII,0.44545454545454544,0.677124183006536,0.6529411764705882,0.6993464052287581,1530
IVFNSGAII_vs_NSGAII,HV,0.1,IVFNSGAII,0.4545454545454546,0.681045751633987,0.6568627450980392,0.703921568627451,1530
IVFNSGAII_vs_NSGAII,HV,0.1,IVFNSGAII,0.4636363636363636,0.6856209150326797,0.6607843137254902,0.707843137254902,1530
IVFNSGAII_vs_NSGAII,HV,0.1,IVFNSGAII,0.47272727272727266,0.6895424836601307,0.6653431372549019,0.711781045751634,1530
IVFNSGAII_vs_NSGAII,HV,0.1,IVFNSGAII,0.4818181818181818,0.6980392156862745,0.6738562091503268,0.7202614379084967,1530
IVFNSGAII_vs_NSGAII,HV,0.1,IVFNSGAII,0.49090909090909085,0.7026143790849673,0.6790686274509804,0.7241993464052288,1530
IVFNSGAII_vs_NSGAII,HV,0.1,IVFNSGAII,0.5,0.7150326797385621,0.6901960784313725,0.7379248366013073,1530
IVFNSGAII_vs_NSGAII,HV,0.1,IVFNSGAII,0.509090909090909,0.7176470588235294,0.6928104575163399,0.7405228758169935,1530
IVFNSGAII_vs_NSGAII,HV,0.1,IVFNSGAII,0.5181818181818182,0.7189542483660131,0.6941176470588235,0.7411764705882353,1530
IVFNSGAII_vs_NSGAII,HV,0.1,IVFNSGAII,0.5272727272727272,0.7215686274509804,0.6967156862745097,0.7438071895424837,1530
IVFNSGAII_vs_NSGAII,HV,0.1,IVFNSGAII,0.5363636363636364,0.7222222222222222,0.6973692810457516,0.7444607843137255,1530
IVFNSGAII_vs_NSGAII,HV,0.1,IVFNSGAII,0.5454545454545454,0.7248366013071895,0.7006372549019607,0.7457679738562092,1530
IVFNSGAII_vs_NSGAII,HV,0.1,IVFNSGAII,0.5545454545454546,0.726797385620915,0.7019607843137254,0.7477287581699347,1530
IVFNSGAII_vs_NSGAII,HV,0.1,IVFNSGAII,0.5636363636363636,0.7294117647058823,0.7052287581699347,0.7516339869281046,1530
IVFNSGAII_vs_NSGAII,HV,0.1,IVFNSGAII,0.5727272727272728,0.7326797385620915,0.7084967320261438,0.7542483660130719,1530
IVFNSGAII_vs_NSGAII,HV,0.1,IVFNSGAII,0.5818181818181818,0.7359477124183007,0.7124183006535948,0.7568627450980392,1530
IVFNSGAII_vs_NSGAII,HV,0.1,IVFNSGAII,0.5909090909090909,0.7405228758169935,0.7169771241830065,0.7620915032679738,1530
IVFNSGAII_vs_NSGAII,HV,0.1,IVFNSGAII,0.6,0.7444444444444445,0.7202614379084967,0.765375816993464,1530
IVFNSGAII_vs_NSGAII,HV,0.1,IVFNSGAII,0.609090909090909,0.7470588235294118,0.7222222222222222,0.7686274509803922,1530
IVFNSGAII_vs_NSGAII,HV,0.1,IVFNSGAII,0.6181818181818182,0.7483660130718954,0.7241830065359477,0.7705882352941177,1530
IVFNSGAII_vs_NSGAII,HV,0.1,IVFNSGAII,0.6272727272727272,0.7509803921568627,0.7274346405228758,0.7725653594771242,1530
IVFNSGAII_vs_NSGAII,HV,0.1,IVFNSGAII,0.6363636363636364,0.7522875816993464,0.7287418300653594,0.7738562091503268,1530
IVFNSGAII_vs_NSGAII,HV,0.1,IVFNSGAII,0.6454545454545454,0.7529411764705882,0.7287418300653594,0.7745098039215687,1530
IVFNSGAII_vs_NSGAII,HV,0.1,IVFNSGAII,0.6545454545454545,0.7555555555555555,0.7320098039215686,0.777124183006536,1530
IVFNSGAII_vs_NSGAII,HV,0.1,IVFNSGAII,0.6636363636363636,0.757516339869281,0.7339869281045751,0.7784313725490196,1530
IVFNSGAII_vs_NSGAII,HV,0.1,IVFNSGAII,0.6727272727272727,0.7588235294117647,0.7359313725490196,0.7797549019607843,1530
IVFNSGAII_vs_NSGAII,HV,0.1,IVFNSGAII,0.6818181818181818,0.761437908496732,0.7379084967320262,0.7816993464052288,1530
IVFNSGAII_vs_NSGAII,HV,0.1,IVFNSGAII,0.6909090909090908,0.7633986928104575,0.7392156862745098,0.7836601307189542,1530
IVFNSGAII_vs_NSGAII,HV,0.1,IVFNSGAII,0.7,0.7660130718954249,0.7418300653594772,0.7862908496732026,1530
IVFNSGAII_vs_NSGAII,HV,0.1,IVFNSGAII,0.709090909090909,0.7666666666666667,0.7431209150326797,0.7875816993464052,1530
IVFNSGAII_vs_NSGAII,HV,0.1,IVFNSGAII,0.7181818181818181,0.7686274509803922,0.7450980392156863,0.7895424836601307,1530
IVFNSGAII_vs_NSGAII,HV,0.1,IVFNSGAII,0.7272727272727272,0.7699346405228759,0.7457516339869281,0.7908496732026143,1530
IVFNSGAII_vs_NSGAII,HV,0.1,IVFNSGAII,0.7363636363636363,0.7712418300653595,0.7477124183006536,0.7915196078431372,1530
IVFNSGAII_vs_NSGAII,HV,0.1,IVFNSGAII,0.7454545454545454,0.7712418300653595,0.7477124183006536,0.7915196078431372,1530
IVFNSGAII_vs_NSGAII,HV,0.1,IVFNSGAII,0.7545454545454545,0.7718954248366013,0.7483660130718954,0.792156862745098,1530
IVFNSGAII_vs_NSGAII,HV,0.1,IVFNSGAII,0.7636363636363636,0.7725490196078432,0.7490196078431373,0.7928104575163398,1530
IVFNSGAII_vs_NSGAII,HV,0.1,IVFNSGAII,0.7727272727272727,0.7738562091503268,0.7503267973856209,0.7941176470588235,1530
IVFNSGAII_vs_NSGAII,HV,0.1,IVFNSGAII,0.7818181818181817,0.7738562091503268,0.7503267973856209,0.7941176470588235,1530
IVFNSGAII_vs_NSGAII,HV,0.1,IVFNSGAII,0.7909090909090909,0.777124183006536,0.75359477124183,0.7973856209150327,1530
IVFNSGAII_vs_NSGAII,HV,0.1,IVFNSGAII,0.7999999999999999,0.7797385620915033,0.7561928104575163,0.8006535947712419,1530
IVFNSGAII_vs_NSGAII,HV,0.1,IVFNSGAII,0.8090909090909091,0.7810457516339869,0.757516339869281,0.8019607843137255,1530
IVFNSGAII_vs_NSGAII,HV,0.1,IVFNSGAII,0.8181818181818181,0.7823529411764706,0.7594607843137254,0.8026143790849674,1530
IVFNSGAII_vs_NSGAII,HV,0.1,IVFNSGAII,0.8272727272727273,0.7830065359477124,0.7601143790849673,0.8032679738562092,1530
IVFNSGAII_vs_NSGAII,HV,0.1,IVFNSGAII,0.8363636363636363,0.7836601307189542,0.7607679738562091,0.8039379084967321,1530
IVFNSGAII_vs_NSGAII,HV,0.1,IVFNSGAII,0.8454545454545453,0.7849673202614379,0.7620915032679738,0.8052287581699347,1530
IVFNSGAII_vs_NSGAII,HV,0.1,IVFNSGAII,0.8545454545454545,0.7856209150326797,0.7627287581699346,0.8058823529411765,1530
IVFNSGAII_vs_NSGAII,HV,0.1,IVFNSGAII,0.8636363636363635,0.7875816993464052,0.7647058823529411,0.8071895424836601,1530
IVFNSGAII_vs_NSGAII,HV,0.1,IVFNSGAII,0.8727272727272727,0.788235294117647,0.7653431372549019,0.807859477124183,1530
IVFNSGAII_vs_NSGAII,HV,0.1,IVFNSGAII,0.8818181818181817,0.7888888888888889,0.7660130718954249,0.8091503267973856,1530
IVFNSGAII_vs_NSGAII,HV,0.1,IVFNSGAII,0.8909090909090909,0.7888888888888889,0.7660130718954249,0.8091503267973856,1530
IVFNSGAII_vs_NSGAII,HV,0.1,IVFNSGAII,0.8999999999999999,0.7895424836601307,0.7666666666666667,0.8098039215686275,1530
IVFNSGAII_vs_NSGAII,HV,0.1,IVFNSGAII,0.9090909090909091,0.7915032679738562,0.769264705882353,0.8111111111111111,1530
IVFNSGAII_vs_NSGAII,HV,0.1,IVFNSGAII,0.9181818181818181,0.7928104575163398,0.7705882352941177,0.8124346405228758,1530
IVFNSGAII_vs_NSGAII,HV,0.1,IVFNSGAII,0.9272727272727272,0.7947712418300653,0.7718954248366013,0.8143954248366013,1530
IVFNSGAII_vs_NSGAII,HV,0.1,IVFNSGAII,0.9363636363636363,0.7993464052287582,0.7777777777777778,0.8196078431372549,1530
IVFNSGAII_vs_NSGAII,HV,0.1,IVFNSGAII,0.9454545454545454,0.8013071895424837,0.7797385620915033,0.8209150326797385,1530
IVFNSGAII_vs_NSGAII,HV,0.1,IVFNSGAII,0.9545454545454545,0.8032679738562092,0.7816666666666666,0.8222222222222222,1530
IVFNSGAII_vs_NSGAII,HV,0.1,IVFNSGAII,0.9636363636363636,0.8045751633986928,0.7830065359477124,0.8235294117647058,1530
IVFNSGAII_vs_NSGAII,HV,0.1,IVFNSGAII,0.9727272727272727,0.8052287581699347,0.784297385620915,0.8241830065359477,1530
IVFNSGAII_vs_NSGAII,HV,0.1,IVFNSGAII,0.9818181818181817,0.8065359477124183,0.7849509803921568,0.8254901960784313,1530
IVFNSGAII_vs_NSGAII,HV,0.1,IVFNSGAII,0.9909090909090909,0.8084967320261438,0.7869117647058823,0.8274673202614379,1530
IVFNSGAII_vs_NSGAII,HV,0.1,IVFNSGAII,1.0,0.8098039215686275,0.7888725490196078,0.8287581699346406,1530
IVFNSGAII_vs_NSGAII,HV,0.1,NSGAII,0.1,0.1477124183006536,0.13137254901960785,0.165359477124183,1530
IVFNSGAII_vs_NSGAII,HV,0.1,NSGAII,0.1090909090909091,0.15816993464052287,0.14116013071895425,0.17647058823529413,1530
IVFNSGAII_vs_NSGAII,HV,0.1,NSGAII,0.1181818181818182,0.16470588235294117,0.14575163398692811,0.1830065359477124,1530
IVFNSGAII_vs_NSGAII,HV,0.1,NSGAII,0.1272727272727273,0.17254901960784313,0.1542483660130719,0.19150326797385622,1530
IVFNSGAII_vs_NSGAII,HV,0.1,NSGAII,0.13636363636363635,0.17908496732026144,0.1607843137254902,0.19805555555555554,1530
IVFNSGAII_vs_NSGAII,HV,0.1,NSGAII,0.14545454545454545,0.18496732026143792,0.16666666666666666,0.2045751633986928,1530
IVFNSGAII_vs_NSGAII,HV,0.1,NSGAII,0.15454545454545454,0.19215686274509805,0.1738235294117647,0.21241830065359477,1530
IVFNSGAII_vs_NSGAII,HV,0.1,NSGAII,0.16363636363636364,0.2065359477124183,0.1869281045751634,0.22745098039215686,1530
IVFNSGAII_vs_NSGAII,HV,0.1,NSGAII,0.17272727272727273,0.22026143790849673,0.2,0.24183006535947713,1530
IVFNSGAII_vs_NSGAII,HV,0.1,NSGAII,0.18181818181818182,0.2549019607843137,0.2326797385620915,0.27712418300653596,1530
IVFNSGAII_vs_NSGAII,HV,0.1,NSGAII,0.19090909090909092,0.3084967320261438,0.28560457516339866,0.33137254901960783,1530
IVFNSGAII_vs_NSGAII,HV,0.1,NSGAII,0.2,0.3784313725490196,0.3548856209150327,0.4045751633986928,1530
IVFNSGAII_vs_NSGAII,HV,0.1,NSGAII,0.2090909090909091,0.3869281045751634,0.3627450980392157,0.4137254901960784,1530
IVFNSGAII_vs_NSGAII,HV,0.1,NSGAII,0.2181818181818182,0.39281045751633986,0.3686111111111111,0.4196078431372549,1530
IVFNSGAII_vs_NSGAII,HV,0.1,NSGAII,0.22727272727272727,0.3993464052287582,0.37450980392156863,0.4261437908496732,1530
IVFNSGAII_vs_NSGAII,HV,0.1,NSGAII,0.23636363636363636,0.4111111111111111,0.3862745098039216,0.43856209150326797,1530
IVFNSGAII_vs_NSGAII,HV,0.1,NSGAII,0.24545454545454545,0.4189542483660131,0.3934640522875817,0.44642156862745097,1530
IVFNSGAII_vs_NSGAII,HV,0.1,NSGAII,0.2545454545454545,0.43137254901960786,0.4065359477124183,0.4588235294117647,1530
IVFNSGAII_vs_NSGAII,HV,0.1,NSGAII,0.26363636363636367,0.4477124183006536,0.42416666666666664,0.47581699346405226,1530
IVFNSGAII_vs_NSGAII,HV,0.1,NSGAII,0.2727272727272727,0.4647058823529412,0.4398692810457516,0.4928267973856209,1530
IVFNSGAII_vs_NSGAII,HV,0.1,NSGAII,0.28181818181818186,0.477124183006536,0.4522875816993464,0.5045915032679739,1530
IVFNSGAII_vs_NSGAII,HV,0.1,NSGAII,0.2909090909090909,0.4954248366013072,0.47124183006535947,0.5241830065359477,1530
IVFNSGAII_vs_NSGAII,HV,0.1,NSGAII,0.3,0.545751633986928,0.5215686274509804,0.5712418300653594,1530
IVFNSGAII_vs_NSGAII,HV,0.1,NSGAII,0.3090909090909091,0.550326797385621,0.5261437908496732,0.5758169934640522,1530
IVFNSGAII_vs_NSGAII,HV,0.1,NSGAII,0.3181818181818182,0.5549019607843138,0.5313562091503268,0.5797385620915033,1530
IVFNSGAII_vs_NSGAII,HV,0.1,NSGAII,0.32727272727272727,0.5588235294117647,0.534640522875817,0.5836764705882354,1530
IVFNSGAII_vs_NSGAII,HV,0.1,NSGAII,0.33636363636363636,0.5647058823529412,0.5398692810457516,0.5895424836601307,1530
IVFNSGAII_vs_NSGAII,HV,0.1,NSGAII,0.34545454545454546,0.5686274509803921,0.5437908496732026,0.5928267973856209,1530
IVFNSGAII_vs_NSGAII,HV,0.1,NSGAII,0.3545454545454545,0.5745098039215686,0.550326797385621,0.5986928104575163,1530
IVFNSGAII_vs_NSGAII,HV,0.1,NSGAII,0.36363636363636365,0.5784313725490197,0.5535947712418301,0.6019607843137255,1530
IVFNSGAII_vs_NSGAII,HV,0.1,NSGAII,0.3727272727272727,0.5823529411764706,0.5581699346405229,0.6065359477124183,1530
IVFNSGAII_vs_NSGAII,HV,0.1,NSGAII,0.38181818181818183,0.5882352941176471,0.5640359477124183,0.6124346405228759,1530
IVFNSGAII_vs_NSGAII,HV,0.1,NSGAII,0.3909090909090909,0.5986928104575163,0.5738562091503268,0.6222222222222222,1530
IVFNSGAII_vs_NSGAII,HV,0.1,NSGAII,0.4,0.6196078431372549,0.5967320261437908,0.6431372549019608,1530
IVFNSGAII_vs_NSGAII,HV,0.1,NSGAII,0.40909090909090906,0.6241830065359477,0.6019444444444444,0.6477124183006536,1530
IVFNSGAII_vs_NSGAII,HV,0.1,NSGAII,0.4181818181818182,0.6281045751633987,0.6052287581699346,0.650343137254902,1530
IVFNSGAII_vs_NSGAII,HV,0.1,NSGAII,0.42727272727272725,0.6294117647058823,0.6065359477124183,0.6522875816993464,1530
IVFNSGAII_vs_NSGAII,HV,0.1,NSGAII,0.4363636363636364,0.630718954248366,0.6078431372549019,0.6535947712418301,1530
IVFNSGAII_vs_NSGAII,HV,0.1,NSGAII,0.44545454545454544,0.6313725490196078,0.6084967320261437,0.6542483660130719,1530
IVFNSGAII_vs_NSGAII,HV,0.1,NSGAII,0.4545454545454546,0.6333333333333333,0.6110947712418301,0.6555882352941176,1530
IVFNSGAII_vs_NSGAII,HV,0.1,NSGAII,0.4636363636363636,0.6379084967320261,0.615686274509804,0.6607843137254902,1530
IVFNSGAII_vs_NSGAII,HV,0.1,NSGAII,0.47272727272727266,0.6398692810457516,0.6176470588235294,0.6627450980392157,1530
IVFNSGAII_vs_NSGAII,HV,0.1,NSGAII,0.4818181818181818,0.6431372549019608,0.6209150326797386,0.6660130718954248,1530
IVFNSGAII_vs_NSGAII,HV,0.1,NSGAII,0.49090909090909085,0.6496732026143791,0.6280882352941176,0.6732189542483661,1530
IVFNSGAII_vs_NSGAII,HV,0.1,NSGAII,0.5,0.6594771241830065,0.6379084967320261,0.6823529411764706,1530
IVFNSGAII_vs_NSGAII,HV,0.1,NSGAII,0.509090909090909,0.6633986928104575,0.6418137254901961,0.6862745098039216,1530
IVFNSGAII_vs_NSGAII,HV,0.1,NSGAII,0.5181818181818182,0.665359477124183,0.6437908496732027,0.6882352941176471,1530
IVFNSGAII_vs_NSGAII,HV,0.1,NSGAII,0.5272727272727272,0.6666666666666666,0.6450980392156863,0.68890522875817,1530
IVFNSGAII_vs_NSGAII,HV,0.1,NSGAII,0.5363636363636364,0.6673202614379085,0.6457352941176471,0.6895751633986927,1530
IVFNSGAII_vs_NSGAII,HV,0.1,NSGAII,0.5454545454545454,0.6686274509803921,0.6470588235294118,0.6915032679738562,1530
IVFNSGAII_vs_NSGAII,HV,0.1,NSGAII,0.5545454545454546,0.6718954248366014,0.6496732026143791,0.6947712418300653,1530
IVFNSGAII_vs_NSGAII,HV,0.1,NSGAII,0.5636363636363636,0.6725490196078432,0.6503267973856209,0.6954248366013072,1530
IVFNSGAII_vs_NSGAII,HV,0.1,NSGAII,0.5727272727272728,0.6777777777777778,0.6562091503267974,0.7006535947712418,1530
IVFNSGAII_vs_NSGAII,HV,0.1,NSGAII,0.5818181818181818,0.6843137254901961,0.6620915032679738,0.7072058823529412,1530
IVFNSGAII_vs_NSGAII,HV,0.1,NSGAII,0.5909090909090909,0.6875816993464052,0.6659967320261437,0.7104575163398693,1530
IVFNSGAII_vs_NSGAII,HV,0.1,NSGAII,0.6,0.6928104575163399,0.6705882352941176,0.7150490196078432,1530
IVFNSGAII_vs_NSGAII,HV,0.1,NSGAII,0.609090909090909,0.6934640522875817,0.6712418300653594,0.715702614379085,1530
IVFNSGAII_vs_NSGAII,HV,0.1,NSGAII,0.6181818181818182,0.6947712418300653,0.6718954248366014,0.7169934640522876,1530
IVFNSGAII_vs_NSGAII,HV,0.1,NSGAII,0.6272727272727272,0.6947712418300653,0.6718954248366014,0.7169934640522876,1530
IVFNSGAII_vs_NSGAII,HV,0.1,NSGAII,0.6363636363636364,0.6954248366013072,0.6725490196078432,0.7176470588235294,1530
IVFNSGAII_vs_NSGAII,HV,0.1,NSGAII,0.6454545454545454,0.696078431372549,0.673186274509804,0.7183006535947712,1530
IVFNSGAII_vs_NSGAII,HV,0.1,NSGAII,0.6545454545454545,0.6973856209150326,0.6751633986928105,0.7196078431372549,1530
IVFNSGAII_vs_NSGAII,HV,0.1,NSGAII,0.6636363636363636,0.7,0.6777614379084967,0.7215849673202615,1530
IVFNSGAII_vs_NSGAII,HV,0.1,NSGAII,0.6727272727272727,0.7,0.6777614379084967,0.7215849673202615,1530
IVFNSGAII_vs_NSGAII,HV,0.1,NSGAII,0.6818181818181818,0.7019607843137254,0.6797385620915033,0.7235457516339869,1530
IVFNSGAII_vs_NSGAII,HV,0.1,NSGAII,0.6909090909090908,0.7019607843137254,0.6797385620915033,0.7235457516339869,1530
IVFNSGAII_vs_NSGAII,HV,0.1,NSGAII,0.7,0.7058823529411765,0.6836601307189543,0.7281045751633987,1530
IVFNSGAII_vs_NSGAII,HV,0.1,NSGAII,0.709090909090909,0.7058823529411765,0.6836601307189543,0.7281045751633987,1530
IVFNSGAII_vs_NSGAII,HV,0.1,NSGAII,0.7181818181818181,0.7065359477124183,0.684297385620915,0.7287581699346405,1530
IVFNSGAII_vs_NSGAII,HV,0.1,NSGAII,0.7272727272727272,0.7065359477124183,0.684297385620915,0.7287581699346405,1530
IVFNSGAII_vs_NSGAII,HV,0.1,NSGAII,0.7363636363636363,0.7071895424836602,0.6849673202614379,0.7294117647058823,1530
IVFNSGAII_vs_NSGAII,HV,0.1,NSGAII,0.7454545454545454,0.7091503267973857,0.6862745098039216,0.730735294117647,1530
IVFNSGAII_vs_NSGAII,HV,0.1,NSGAII,0.7545454545454545,0.7111111111111111,0.6882352941176471,0.7339869281045751,1530
IVFNSGAII_vs_NSGAII,HV,0.1,NSGAII,0.7636363636363636,0.7111111111111111,0.6882352941176471,0.7339869281045751,1530
IVFNSGAII_vs_NSGAII,HV,0.1,NSGAII,0.7727272727272727,0.7130718954248366,0.6908496732026144,0.7352941176470589,1530
IVFNSGAII_vs_NSGAII,HV,0.1,NSGAII,0.7818181818181817,0.7137254901960784,0.6915032679738562,0.7359477124183007,1530
IVFNSGAII_vs_NSGAII,HV,0.1,NSGAII,0.7909090909090909,0.7150326797385621,0.692156862745098,0.7366176470588236,1530
IVFNSGAII_vs_NSGAII,HV,0.1,NSGAII,0.7999999999999999,0.7150326797385621,0.692156862745098,0.7366176470588236,1530
IVFNSGAII_vs_NSGAII,HV,0.1,NSGAII,0.8090909090909091,0.7156862745098039,0.6934640522875817,0.7372712418300654,1530
IVFNSGAII_vs_NSGAII,HV,0.1,NSGAII,0.8181818181818181,0.7163398692810458,0.6947712418300653,0.738562091503268,1530
IVFNSGAII_vs_NSGAII,HV,0.1,NSGAII,0.8272727272727273,0.7183006535947712,0.6967320261437908,0.7398692810457517,1530
IVFNSGAII_vs_NSGAII,HV,0.1,NSGAII,0.8363636363636363,0.7196078431372549,0.6973856209150326,0.7411764705882353,1530
IVFNSGAII_vs_NSGAII,HV,0.1,NSGAII,0.8454545454545453,0.7215686274509804,0.6993464052287581,0.7431372549019608,1530
IVFNSGAII_vs_NSGAII,HV,0.1,NSGAII,0.8545454545454545,0.722875816993464,0.7006535947712418,0.7450980392156863,1530
IVFNSGAII_vs_NSGAII,HV,0.1,NSGAII,0.8636363636363635,0.7241830065359477,0.7019444444444444,0.74640522875817,1530
IVFNSGAII_vs_NSGAII,HV,0.1,NSGAII,0.8727272727272727,0.7241830065359477,0.7019444444444444,0.74640522875817,1530
IVFNSGAII_vs_NSGAII,HV,0.1,NSGAII,0.8818181818181817,0.7254901960784313,0.7032679738562092,0.7477124183006536,1530
IVFNSGAII_vs_NSGAII,HV,0.1,NSGAII,0.8909090909090909,0.7281045751633987,0.7058660130718954,0.7496895424836602,1530
IVFNSGAII_vs_NSGAII,HV,0.1,NSGAII,0.8999999999999999,0.7300653594771241,0.7071895424836602,0.7516339869281046,1530
IVFNSGAII_vs_NSGAII,HV,0.1,NSGAII,0.9090909090909091,0.730718954248366,0.707843137254902,0.7523039215686275,1530
IVFNSGAII_vs_NSGAII,HV,0.1,NSGAII,0.9181818181818181,0.7320261437908496,0.7091503267973857,0.7536111111111111,1530
IVFNSGAII_vs_NSGAII,HV,0.1,NSGAII,0.9272727272727272,0.7333333333333333,0.7104575163398693,0.7549019607843137,1530
IVFNSGAII_vs_NSGAII,HV,0.1,NSGAII,0.9363636363636363,0.7333333333333333,0.7104575163398693,0.7549019607843137,1530
IVFNSGAII_vs_NSGAII,HV,0.1,NSGAII,0.9454545454545454,0.7333333333333333,0.7104575163398693,0.7549019607843137,1530
IVFNSGAII_vs_NSGAII,HV,0.1,NSGAII,0.9545454545454545,0.7339869281045751,0.7111111111111111,0.7555555555555555,1530
IVFNSGAII_vs_NSGAII,HV,0.1,NSGAII,0.9636363636363636,0.734640522875817,0.711764705882353,0.7562254901960784,1530
IVFNSGAII_vs_NSGAII,HV,0.1,NSGAII,0.9727272727272727,0.734640522875817,0.711764705882353,0.7562254901960784,1530
IVFNSGAII_vs_NSGAII,HV,0.1,NSGAII,0.9818181818181817,0.7372549019607844,0.7143790849673203,0.7594771241830065,1530
IVFNSGAII_vs_NSGAII,HV,0.1,NSGAII,0.9909090909090909,0.7372549019607844,0.7143790849673203,0.7594771241830065,1530
IVFNSGAII_vs_NSGAII,HV,0.1,NSGAII,1.0,0.7379084967320262,0.7150326797385621,0.7601470588235294,1530
IVFSPEA2_vs_SPEA2,IGD,0.5,IVFSPEA2,0.1,0.8405228758169935,0.822875816993464,0.8594771241830066,1530
IVFSPEA2_vs_SPEA2,IGD,0.5,IVFSPEA2,0.1090909090909091,0.8568627450980392,0.8398529411764706,0.8738562091503268,1530
IVFSPEA2_vs_SPEA2,IGD,0.5,IVFSPEA2,0.1181818181818182,0.869281045751634,0.8522875816993464,0.8856209150326797,1530
IVFSPEA2_vs_SPEA2,IGD,0.5,IVFSPEA2,0.1272727272727273,0.8888888888888888,0.8738562091503268,0.9045751633986928,1530
IVFSPEA2_vs_SPEA2,IGD,0.5,IVFSPEA2,0.13636363636363635,0.9091503267973856,0.8954248366013072,0.9235294117647059,1530
IVFSPEA2_vs_SPEA2,IGD,0.5,IVFSPEA2,0.14545454545454545,0.9176470588235294,0.9045751633986928,0.930718954248366,1530
IVFSPEA2_vs_SPEA2,IGD,0.5,IVFSPEA2,0.15454545454545454,0.9326797385620915,0.9202614379084967,0.9444444444444444,1530
IVFSPEA2_vs_SPEA2,IGD,0.5,IVFSPEA2,0.16363636363636364,0.938562091503268,0.9267973856209151,0.9503267973856209,1530
IVFSPEA2_vs_SPEA2,IGD,0.5,IVFSPEA2,0.17272727272727273,0.9418300653594771,0.9300653594771242,0.9535947712418301,1530
IVFSPEA2_vs_SPEA2,IGD,0.5,IVFSPEA2,0.18181818181818182,0.9431372549019608,0.9313725490196079,0.954248366013072,1530
IVFSPEA2_vs_SPEA2,IGD,0.5,IVFSPEA2,0.19090909090909092,0.9464052287581699,0.934640522875817,0.9581699346405229,1530
IVFSPEA2_vs_SPEA2,IGD,0.5,IVFSPEA2,0.2,0.9490196078431372,0.9372549019607843,0.9601307189542484,1530
IVFSPEA2_vs_SPEA2,IGD,0.5,IVFSPEA2,0.2090909090909091,0.949673202614379,0.9385457516339869,0.9607843137254902,1530
IVFSPEA2_vs_SPEA2,IGD,0.5,IVFSPEA2,0.2181818181818182,0.9509803921568627,0.9392156862745098,0.9614542483660131,1530
IVFSPEA2_vs_SPEA2,IGD,0.5,IVFSPEA2,0.22727272727272727,0.9529411764705882,0.9424673202614379,0.9640522875816994,1530
IVFSPEA2_vs_SPEA2,IGD,0.5,IVFSPEA2,0.23636363636363636,0.9549019607843138,0.9444444444444444,0.965359477124183,1530
IVFSPEA2_vs_SPEA2,IGD,0.5,IVFSPEA2,0.24545454545454545,0.9549019607843138,0.9444444444444444,0.965359477124183,1530
IVFSPEA2_vs_SPEA2,IGD,0.5,IVFSPEA2,0.2545454545454545,0.9562091503267974,0.9457516339869281,0.9666666666666667,1530
IVFSPEA2_vs_SPEA2,IGD,0.5,IVFSPEA2,0.26363636363636367,0.9594771241830066,0.9490196078431372,0.969281045751634,1530
IVFSPEA2_vs_SPEA2,IGD,0.5,IVFSPEA2,0.2727272727272727,0.9594771241830066,0.9490196078431372,0.969281045751634,1530
IVFSPEA2_vs_SPEA2,IGD,0.5,IVFSPEA2,0.28181818181818186,0.9607843137254902,0.9503267973856209,0.9705882352941176,1530
IVFSPEA2_vs_SPEA2,IGD,0.5,IVFSPEA2,0.2909090909090909,0.9620915032679739,0.9529411764705882,0.9712418300653595,1530
IVFSPEA2_vs_SPEA2,IGD,0.5,IVFSPEA2,0.3,0.9620915032679739,0.9529411764705882,0.9712418300653595,1530
IVFSPEA2_vs_SPEA2,IGD,0.5,IVFSPEA2,0.3090909090909091,0.9627450980392157,0.9529411764705882,0.9718954248366013,1530
IVFSPEA2_vs_SPEA2,IGD,0.5,IVFSPEA2,0.3181818181818182,0.9627450980392157,0.9529411764705882,0.9718954248366013,1530
IVFSPEA2_vs_SPEA2,IGD,0.5,IVFSPEA2,0.32727272727272727,0.9627450980392157,0.9529411764705882,0.9718954248366013,1530
IVFSPEA2_vs_SPEA2,IGD,0.5,IVFSPEA2,0.33636363636363636,0.9633986928104575,0.9535947712418301,0.9719117647058824,1530
IVFSPEA2_vs_SPEA2,IGD,0.5,IVFSPEA2,0.34545454545454546,0.9640522875816994,0.954248366013072,0.973202614379085,1530
IVFSPEA2_vs_SPEA2,IGD,0.5,IVFSPEA2,0.3545454545454545,0.9640522875816994,0.954248366013072,0.973202614379085,1530
IVFSPEA2_vs_SPEA2,IGD,0.5,IVFSPEA2,0.36363636363636365,0.9640522875816994,0.954248366013072,0.973202614379085,1530
IVFSPEA2_vs_SPEA2,IGD,0.5,IVFSPEA2,0.3727272727272727,0.9640522875816994,0.954248366013072,0.973202614379085,1530
IVFSPEA2_vs_SPEA2,IGD,0.5,IVFSPEA2,0.38181818181818183,0.9640522875816994,0.954248366013072,0.973202614379085,1530
IVFSPEA2_vs_SPEA2,IGD,0.5,IVFSPEA2,0.3909090909090909,0.9640522875816994,0.954248366013072,0.973202614379085,1530
IVFSPEA2_vs_SPEA2,IGD,0.5,IVFSPEA2,0.4,0.9640522875816994,0.954248366013072,0.973202614379085,1530
IVFSPEA2_vs_SPEA2,IGD,0.5,IVFSPEA2,0.40909090909090906,0.9640522875816994,0.954248366013072,0.973202614379085,1530
IVFSPEA2_vs_SPEA2,IGD,0.5,IVFSPEA2,0.4181818181818182,0.9640522875816994,0.954248366013072,0.973202614379085,1530
IVFSPEA2_vs_SPEA2,IGD,0.5,IVFSPEA2,0.42727272727272725,0.9640522875816994,0.954248366013072,0.973202614379085,1530
IVFSPEA2_vs_SPEA2,IGD,0.5,IVFSPEA2,0.4363636363636364,0.9640522875816994,0.954248366013072,0.973202614379085,1530
IVFSPEA2_vs_SPEA2,IGD,0.5,IVFSPEA2,0.44545454545454544,0.9640522875816994,0.954248366013072,0.973202614379085,1530
IVFSPEA2_vs_SPEA2,IGD,0.5,IVFSPEA2,0.4545454545454546,0.9647058823529412,0.9555555555555556,0.973202614379085,1530
IVFSPEA2_vs_SPEA2,IGD,0.5,IVFSPEA2,0.4636363636363636,0.9647058823529412,0.9555555555555556,0.973202614379085,1530
IVFSPEA2_vs_SPEA2,IGD,0.5,IVFSPEA2,0.47272727272727266,0.9647058823529412,0.9555555555555556,0.973202614379085,1530
IVFSPEA2_vs_SPEA2,IGD,0.5,IVFSPEA2,0.4818181818181818,0.9647058823529412,0.9555555555555556,0.973202614379085,1530
IVFSPEA2_vs_SPEA2,IGD,0.5,IVFSPEA2,0.49090909090909085,0.9647058823529412,0.9555555555555556,0.973202614379085,1530
IVFSPEA2_vs_SPEA2,IGD,0.5,IVFSPEA2,0.5,0.9647058823529412,0.9555555555555556,0.973202614379085,1530
IVFSPEA2_vs_SPEA2,IGD,0.5,IVFSPEA2,0.509090909090909,0.9647058823529412,0.9555555555555556,0.973202614379085,1530
IVFSPEA2_vs_SPEA2,IGD,0.5,IVFSPEA2,0.5181818181818182,0.9647058823529412,0.9555555555555556,0.973202614379085,1530
IVFSPEA2_vs_SPEA2,IGD,0.5,IVFSPEA2,0.5272727272727272,0.9647058823529412,0.9555555555555556,0.973202614379085,1530
IVFSPEA2_vs_SPEA2,IGD,0.5,IVFSPEA2,0.5363636363636364,0.9647058823529412,0.9555555555555556,0.973202614379085,1530
IVFSPEA2_vs_SPEA2,IGD,0.5,IVFSPEA2,0.5454545454545454,0.9647058823529412,0.9555555555555556,0.973202614379085,1530
IVFSPEA2_vs_SPEA2,IGD,0.5,IVFSPEA2,0.5545454545454546,0.9647058823529412,0.9555555555555556,0.973202614379085,1530
IVFSPEA2_vs_SPEA2,IGD,0.5,IVFSPEA2,0.5636363636363636,0.9647058823529412,0.9555555555555556,0.973202614379085,1530
IVFSPEA2_vs_SPEA2,IGD,0.5,IVFSPEA2,0.5727272727272728,0.9647058823529412,0.9555555555555556,0.973202614379085,1530
IVFSPEA2_vs_SPEA2,IGD,0.5,IVFSPEA2,0.5818181818181818,0.9647058823529412,0.9555555555555556,0.973202614379085,1530
IVFSPEA2_vs_SPEA2,IGD,0.5,IVFSPEA2,0.5909090909090909,0.9647058823529412,0.9555555555555556,0.973202614379085,1530
IVFSPEA2_vs_SPEA2,IGD,0.5,IVFSPEA2,0.6,0.9647058823529412,0.9555555555555556,0.973202614379085,1530
IVFSPEA2_vs_SPEA2,IGD,0.5,IVFSPEA2,0.609090909090909,0.9647058823529412,0.9555555555555556,0.973202614379085,1530
IVFSPEA2_vs_SPEA2,IGD,0.5,IVFSPEA2,0.6181818181818182,0.9647058823529412,0.9555555555555556,0.973202614379085,1530
IVFSPEA2_vs_SPEA2,IGD,0.5,IVFSPEA2,0.6272727272727272,0.9647058823529412,0.9555555555555556,0.973202614379085,1530
IVFSPEA2_vs_SPEA2,IGD,0.5,IVFSPEA2,0.6363636363636364,0.9647058823529412,0.9555555555555556,0.973202614379085,1530
IVFSPEA2_vs_SPEA2,IGD,0.5,IVFSPEA2,0.6454545454545454,0.9647058823529412,0.9555555555555556,0.973202614379085,1530
IVFSPEA2_vs_SPEA2,IGD,0.5,IVFSPEA2,0.6545454545454545,0.9647058823529412,0.9555555555555556,0.973202614379085,1530
IVFSPEA2_vs_SPEA2,IGD,0.5,IVFSPEA2,0.6636363636363636,0.9647058823529412,0.9555555555555556,0.973202614379085,1530
IVFSPEA2_vs_SPEA2,IGD,0.5,IVFSPEA2,0.6727272727272727,0.9647058823529412,0.9555555555555556,0.973202614379085,1530
IVFSPEA2_vs_SPEA2,IGD,0.5,IVFSPEA2,0.6818181818181818,0.9647058823529412,0.9555555555555556,0.973202614379085,1530
IVFSPEA2_vs_SPEA2,IGD,0.5,IVFSPEA2,0.6909090909090908,0.9647058823529412,0.9555555555555556,0.973202614379085,1530
IVFSPEA2_vs_SPEA2,IGD,0.5,IVFSPEA2,0.7,0.9647058823529412,0.9555555555555556,0.973202614379085,1530
IVFSPEA2_vs_SPEA2,IGD,0.5,IVFSPEA2,0.709090909090909,0.9647058823529412,0.9555555555555556,0.973202614379085,1530
IVFSPEA2_vs_SPEA2,IGD,0.5,IVFSPEA2,0.7181818181818181,0.9647058823529412,0.9555555555555556,0.973202614379085,1530
IVFSPEA2_vs_SPEA2,IGD,0.5,IVFSPEA2,0.7272727272727272,0.9647058823529412,0.9555555555555556,0.973202614379085,1530
IVFSPEA2_vs_SPEA2,IGD,0.5,IVFSPEA2,0.7363636363636363,0.9647058823529412,0.9555555555555556,0.973202614379085,1530
IVFSPEA2_vs_SPEA2,IGD,0.5,IVFSPEA2,0.7454545454545454,0.9647058823529412,0.9555555555555556,0.973202614379085,1530
IVFSPEA2_vs_SPEA2,IGD,0.5,IVFSPEA2,0.7545454545454545,0.9647058823529412,0.9555555555555556,0.973202614379085,1530
IVFSPEA2_vs_SPEA2,IGD,0.5,IVFSPEA2,0.7636363636363636,0.9647058823529412,0.9555555555555556,0.973202614379085,1530
IVFSPEA2_vs_SPEA2,IGD,0.5,IVFSPEA2,0.7727272727272727,0.9647058823529412,0.9555555555555556,0.973202614379085,1530
IVFSPEA2_vs_SPEA2,IGD,0.5,IVFSPEA2,0.7818181818181817,0.9647058823529412,0.9555555555555556,0.973202614379085,1530
IVFSPEA2_vs_SPEA2,IGD,0.5,IVFSPEA2,0.7909090909090909,0.9647058823529412,0.9555555555555556,0.973202614379085,1530
IVFSPEA2_vs_SPEA2,IGD,0.5,IVFSPEA2,0.7999999999999999,0.9647058823529412,0.9555555555555556,0.973202614379085,1530
IVFSPEA2_vs_SPEA2,IGD,0.5,IVFSPEA2,0.8090909090909091,0.9647058823529412,0.9555555555555556,0.973202614379085,1530
IVFSPEA2_vs_SPEA2,IGD,0.5,IVFSPEA2,0.8181818181818181,0.9647058823529412,0.9555555555555556,0.973202614379085,1530
IVFSPEA2_vs_SPEA2,IGD,0.5,IVFSPEA2,0.8272727272727273,0.9647058823529412,0.9555555555555556,0.973202614379085,1530
IVFSPEA2_vs_SPEA2,IGD,0.5,IVFSPEA2,0.8363636363636363,0.965359477124183,0.9562091503267974,0.9738725490196078,1530
IVFSPEA2_vs_SPEA2,IGD,0.5,IVFSPEA2,0.8454545454545453,0.965359477124183,0.9562091503267974,0.9738725490196078,1530
IVFSPEA2_vs_SPEA2,IGD,0.5,IVFSPEA2,0.8545454545454545,0.965359477124183,0.9562091503267974,0.9738725490196078,1530
IVFSPEA2_vs_SPEA2,IGD,0.5,IVFSPEA2,0.8636363636363635,0.965359477124183,0.9562091503267974,0.9738725490196078,1530
IVFSPEA2_vs_SPEA2,IGD,0.5,IVFSPEA2,0.8727272727272727,0.965359477124183,0.9562091503267974,0.9738725490196078,1530
IVFSPEA2_vs_SPEA2,IGD,0.5,IVFSPEA2,0.8818181818181817,0.965359477124183,0.9562091503267974,0.9738725490196078,1530
IVFSPEA2_vs_SPEA2,IGD,0.5,IVFSPEA2,0.8909090909090909,0.965359477124183,0.9562091503267974,0.9738725490196078,1530
IVFSPEA2_vs_SPEA2,IGD,0.5,IVFSPEA2,0.8999999999999999,0.965359477124183,0.9562091503267974,0.9738725490196078,1530
IVFSPEA2_vs_SPEA2,IGD,0.5,IVFSPEA2,0.9090909090909091,0.965359477124183,0.9562091503267974,0.9738725490196078,1530
IVFSPEA2_vs_SPEA2,IGD,0.5,IVFSPEA2,0.9181818181818181,0.965359477124183,0.9562091503267974,0.9738725490196078,1530
IVFSPEA2_vs_SPEA2,IGD,0.5,IVFSPEA2,0.9272727272727272,0.965359477124183,0.9562091503267974,0.9738725490196078,1530
IVFSPEA2_vs_SPEA2,IGD,0.5,IVFSPEA2,0.9363636363636363,0.965359477124183,0.9562091503267974,0.9738725490196078,1530
IVFSPEA2_vs_SPEA2,IGD,0.5,IVFSPEA2,0.9454545454545454,0.965359477124183,0.9562091503267974,0.9738725490196078,1530
IVFSPEA2_vs_SPEA2,IGD,0.5,IVFSPEA2,0.9545454545454545,0.965359477124183,0.9562091503267974,0.9738725490196078,1530
IVFSPEA2_vs_SPEA2,IGD,0.5,IVFSPEA2,0.9636363636363636,0.965359477124183,0.9562091503267974,0.9738725490196078,1530
IVFSPEA2_vs_SPEA2,IGD,0.5,IVFSPEA2,0.9727272727272727,0.965359477124183,0.9562091503267974,0.9738725490196078,1530
IVFSPEA2_vs_SPEA2,IGD,0.5,IVFSPEA2,0.9818181818181817,0.965359477124183,0.9562091503267974,0.9738725490196078,1530
IVFSPEA2_vs_SPEA2,IGD,0.5,IVFSPEA2,0.9909090909090909,0.965359477124183,0.9562091503267974,0.9738725490196078,1530
IVFSPEA2_vs_SPEA2,IGD,0.5,IVFSPEA2,1.0,0.965359477124183,0.9562091503267974,0.9738725490196078,1530
IVFSPEA2_vs_SPEA2,IGD,0.5,SPEA2,0.1,0.6176470588235294,0.5947712418300654,0.642483660130719,1530
IVFSPEA2_vs_SPEA2,IGD,0.5,SPEA2,0.1090909090909091,0.6398692810457516,0.615686274509804,0.6640522875816993,1530
IVFSPEA2_vs_SPEA2,IGD,0.5,SPEA2,0.1181818181818182,0.6679738562091503,0.6450980392156863,0.6908496732026144,1530
IVFSPEA2_vs_SPEA2,IGD,0.5,SPEA2,0.1272727272727273,0.7019607843137254,0.680375816993464,0.7241830065359477,1530
IVFSPEA2_vs_SPEA2,IGD,0.5,SPEA2,0.13636363636363635,0.7352941176470589,0.7143790849673203,0.7575326797385621,1530
IVFSPEA2_vs_SPEA2,IGD,0.5,SPEA2,0.14545454545454545,0.773202614379085,0.7522875816993464,0.7947712418300653,1530
IVFSPEA2_vs_SPEA2,IGD,0.5,SPEA2,0.15454545454545454,0.8026143790849674,0.7836437908496732,0.8248529411764706,1530
IVFSPEA2_vs_SPEA2,IGD,0.5,SPEA2,0.16363636363636364,0.8287581699346406,0.8098039215686275,0.8490196078431372,1530
IVFSPEA2_vs_SPEA2,IGD,0.5,SPEA2,0.17272727272727273,0.8496732026143791,0.8320098039215686,0.8686274509803922,1530
IVFSPEA2_vs_SPEA2,IGD,0.5,SPEA2,0.18181818181818182,0.8712418300653595,0.8542483660130719,0.888235294117647,1530
IVFSPEA2_vs_SPEA2,IGD,0.5,SPEA2,0.19090909090909092,0.8849673202614379,0.8686274509803922,0.9013071895424837,1530
IVFSPEA2_vs_SPEA2,IGD,0.5,SPEA2,0.2,0.8947712418300654,0.8797385620915033,0.9104575163398693,1530
IVFSPEA2_vs_SPEA2,IGD,0.5,SPEA2,0.2090909090909091,0.8993464052287582,0.8836601307189542,0.9143790849673202,1530
IVFSPEA2_vs_SPEA2,IGD,0.5,SPEA2,0.2181818181818182,0.9052287581699346,0.8908333333333334,0.9196241830065359,1530
IVFSPEA2_vs_SPEA2,IGD,0.5,SPEA2,0.22727272727272727,0.9084967320261438,0.8941176470588236,0.9222222222222223,1530
IVFSPEA2_vs_SPEA2,IGD,0.5,SPEA2,0.23636363636363636,0.9111111111111111,0.8973856209150327,0.9254901960784314,1530
IVFSPEA2_vs_SPEA2,IGD,0.5,SPEA2,0.24545454545454545,0.9156862745098039,0.9013071895424837,0.9294117647058824,1530
IVFSPEA2_vs_SPEA2,IGD,0.5,SPEA2,0.2545454545454545,0.9196078431372549,0.9058660130718954,0.9333333333333333,1530
IVFSPEA2_vs_SPEA2,IGD,0.5,SPEA2,0.26363636363636367,0.9267973856209151,0.9130718954248366,0.9398692810457516,1530
IVFSPEA2_vs_SPEA2,IGD,0.5,SPEA2,0.2727272727272727,0.930718954248366,0.9169934640522875,0.9431372549019608,1530
IVFSPEA2_vs_SPEA2,IGD,0.5,SPEA2,0.28181818181818186,0.9366013071895425,0.9241830065359478,0.9483823529411765,1530
IVFSPEA2_vs_SPEA2,IGD,0.5,SPEA2,0.2909090909090909,0.9398692810457516,0.9274509803921569,0.9516339869281045,1530
IVFSPEA2_vs_SPEA2,IGD,0.5,SPEA2,0.3,0.9418300653594771,0.9300490196078431,0.9535947712418301,1530
IVFSPEA2_vs_SPEA2,IGD,0.5,SPEA2,0.3090909090909091,0.9457516339869281,0.9339869281045752,0.9575163398692811,1530
IVFSPEA2_vs_SPEA2,IGD,0.5,SPEA2,0.3181818181818182,0.9470588235294117,0.9359477124183007,0.9588235294117647,1530
IVFSPEA2_vs_SPEA2,IGD,0.5,SPEA2,0.32727272727272727,0.949673202614379,0.938562091503268,0.9607843137254902,1530
IVFSPEA2_vs_SPEA2,IGD,0.5,SPEA2,0.33636363636363636,0.9503267973856209,0.9392156862745098,0.9614542483660131,1530
IVFSPEA2_vs_SPEA2,IGD,0.5,SPEA2,0.34545454545454546,0.9516339869281045,0.9405228758169935,0.9627450980392157,1530
IVFSPEA2_vs_SPEA2,IGD,0.5,SPEA2,0.3545454545454545,0.9549019607843138,0.9437908496732026,0.9647058823529412,1530
IVFSPEA2_vs_SPEA2,IGD,0.5,SPEA2,0.36363636363636365,0.9555555555555556,0.9444444444444444,0.9653758169934641,1530
IVFSPEA2_vs_SPEA2,IGD,0.5,SPEA2,0.3727272727272727,0.9555555555555556,0.9444444444444444,0.9653758169934641,1530
IVFSPEA2_vs_SPEA2,IGD,0.5,SPEA2,0.38181818181818183,0.9562091503267974,0.945735294117647,0.9660130718954248,1530
IVFSPEA2_vs_SPEA2,IGD,0.5,SPEA2,0.3909090909090909,0.9568627450980393,0.9457516339869281,0.9666666666666667,1530
IVFSPEA2_vs_SPEA2,IGD,0.5,SPEA2,0.4,0.9568627450980393,0.9457516339869281,0.9666666666666667,1530
IVFSPEA2_vs_SPEA2,IGD,0.5,SPEA2,0.40909090909090906,0.9568627450980393,0.9457516339869281,0.9666666666666667,1530
IVFSPEA2_vs_SPEA2,IGD,0.5,SPEA2,0.4181818181818182,0.9575163398692811,0.9470588235294117,0.9673202614379085,1530
IVFSPEA2_vs_SPEA2,IGD,0.5,SPEA2,0.42727272727272725,0.9581699346405229,0.9477124183006536,0.9679738562091503,1530
IVFSPEA2_vs_SPEA2,IGD,0.5,SPEA2,0.4363636363636364,0.9581699346405229,0.9477124183006536,0.9679738562091503,1530
IVFSPEA2_vs_SPEA2,IGD,0.5,SPEA2,0.44545454545454544,0.9581699346405229,0.9477124183006536,0.9679738562091503,1530
IVFSPEA2_vs_SPEA2,IGD,0.5,SPEA2,0.4545454545454546,0.9594771241830066,0.9490196078431372,0.969281045751634,1530
IVFSPEA2_vs_SPEA2,IGD,0.5,SPEA2,0.4636363636363636,0.9594771241830066,0.9490196078431372,0.969281045751634,1530
IVFSPEA2_vs_SPEA2,IGD,0.5,SPEA2,0.47272727272727266,0.9607843137254902,0.9503267973856209,0.9705882352941176,1530
IVFSPEA2_vs_SPEA2,IGD,0.5,SPEA2,0.4818181818181818,0.9607843137254902,0.9503267973856209,0.9705882352941176,1530
IVFSPEA2_vs_SPEA2,IGD,0.5,SPEA2,0.49090909090909085,0.961437908496732,0.9503267973856209,0.9706045751633987,1530
IVFSPEA2_vs_SPEA2,IGD,0.5,SPEA2,0.5,0.9620915032679739,0.9516339869281045,0.9718954248366013,1530
IVFSPEA2_vs_SPEA2,IGD,0.5,SPEA2,0.509090909090909,0.9620915032679739,0.9516339869281045,0.9718954248366013,1530
IVFSPEA2_vs_SPEA2,IGD,0.5,SPEA2,0.5181818181818182,0.9620915032679739,0.9516339869281045,0.9718954248366013,1530
IVFSPEA2_vs_SPEA2,IGD,0.5,SPEA2,0.5272727272727272,0.9620915032679739,0.9516339869281045,0.9718954248366013,1530
IVFSPEA2_vs_SPEA2,IGD,0.5,SPEA2,0.5363636363636364,0.9620915032679739,0.9516339869281045,0.9718954248366013,1530
IVFSPEA2_vs_SPEA2,IGD,0.5,SPEA2,0.5454545454545454,0.9627450980392157,0.9522875816993464,0.9718954248366013,1530
IVFSPEA2_vs_SPEA2,IGD,0.5,SPEA2,0.5545454545454546,0.9627450980392157,0.9522875816993464,0.9718954248366013,1530
IVFSPEA2_vs_SPEA2,IGD,0.5,SPEA2,0.5636363636363636,0.9633986928104575,0.9529411764705882,0.9725490196078431,1530
IVFSPEA2_vs_SPEA2,IGD,0.5,SPEA2,0.5727272727272728,0.9633986928104575,0.9529411764705882,0.9725490196078431,1530
IVFSPEA2_vs_SPEA2,IGD,0.5,SPEA2,0.5818181818181818,0.9633986928104575,0.9529411764705882,0.9725490196078431,1530
IVFSPEA2_vs_SPEA2,IGD,0.5,SPEA2,0.5909090909090909,0.9633986928104575,0.9529411764705882,0.9725490196078431,1530
IVFSPEA2_vs_SPEA2,IGD,0.5,SPEA2,0.6,0.9633986928104575,0.9529411764705882,0.9725490196078431,1530
IVFSPEA2_vs_SPEA2,IGD,0.5,SPEA2,0.609090909090909,0.9640522875816994,0.9535947712418301,0.973202614379085,1530
IVFSPEA2_vs_SPEA2,IGD,0.5,SPEA2,0.6181818181818182,0.9640522875816994,0.9535947712418301,0.973202614379085,1530
IVFSPEA2_vs_SPEA2,IGD,0.5,SPEA2,0.6272727272727272,0.9640522875816994,0.9535947712418301,0.973202614379085,1530
IVFSPEA2_vs_SPEA2,IGD,0.5,SPEA2,0.6363636363636364,0.9640522875816994,0.9535947712418301,0.973202614379085,1530
IVFSPEA2_vs_SPEA2,IGD,0.5,SPEA2,0.6454545454545454,0.9640522875816994,0.9535947712418301,0.973202614379085,1530
IVFSPEA2_vs_SPEA2,IGD,0.5,SPEA2,0.6545454545454545,0.9640522875816994,0.9535947712418301,0.973202614379085,1530
IVFSPEA2_vs_SPEA2,IGD,0.5,SPEA2,0.6636363636363636,0.9640522875816994,0.9535947712418301,0.973202614379085,1530
IVFSPEA2_vs_SPEA2,IGD,0.5,SPEA2,0.6727272727272727,0.9640522875816994,0.9535947712418301,0.973202614379085,1530
IVFSPEA2_vs_SPEA2,IGD,0.5,SPEA2,0.6818181818181818,0.9640522875816994,0.9535947712418301,0.973202614379085,1530
IVFSPEA2_vs_SPEA2,IGD,0.5,SPEA2,0.6909090909090908,0.9640522875816994,0.9535947712418301,0.973202614379085,1530
IVFSPEA2_vs_SPEA2,IGD,0.5,SPEA2,0.7,0.9640522875816994,0.9535947712418301,0.973202614379085,1530
IVFSPEA2_vs_SPEA2,IGD,0.5,SPEA2,0.709090909090909,0.9647058823529412,0.954248366013072,0.9738562091503268,1530
IVFSPEA2_vs_SPEA2,IGD,0.5,SPEA2,0.7181818181818181,0.9647058823529412,0.954248366013072,0.9738562091503268,1530
IVFSPEA2_vs_SPEA2,IGD,0.5,SPEA2,0.7272727272727272,0.965359477124183,0.9555555555555556,0.9738562091503268,1530
IVFSPEA2_vs_SPEA2,IGD,0.5,SPEA2,0.7363636363636363,0.965359477124183,0.9555555555555556,0.9738562091503268,1530
IVFSPEA2_vs_SPEA2,IGD,0.5,SPEA2,0.7454545454545454,0.9660130718954248,0.9562091503267974,0.9745098039215686,1530
IVFSPEA2_vs_SPEA2,IGD,0.5,SPEA2,0.7545454545454545,0.9660130718954248,0.9562091503267974,0.9745098039215686,1530
IVFSPEA2_vs_SPEA2,IGD,0.5,SPEA2,0.7636363636363636,0.9660130718954248,0.9562091503267974,0.9745098039215686,1530
IVFSPEA2_vs_SPEA2,IGD,0.5,SPEA2,0.7727272727272727,0.9660130718954248,0.9562091503267974,0.9745098039215686,1530
IVFSPEA2_vs_SPEA2,IGD,0.5,SPEA2,0.7818181818181817,0.9660130718954248,0.9562091503267974,0.9745098039215686,1530
IVFSPEA2_vs_SPEA2,IGD,0.5,SPEA2,0.7909090909090909,0.9660130718954248,0.9562091503267974,0.9745098039215686,1530
IVFSPEA2_vs_SPEA2,IGD,0.5,SPEA2,0.7999999999999999,0.9660130718954248,0.9562091503267974,0.9745098039215686,1530
IVFSPEA2_vs_SPEA2,IGD,0.5,SPEA2,0.8090909090909091,0.9660130718954248,0.9562091503267974,0.9745098039215686,1530
IVFSPEA2_vs_SPEA2,IGD,0.5,SPEA2,0.8181818181818181,0.9666666666666667,0.9568627450980393,0.9751633986928104,1530
IVFSPEA2_vs_SPEA2,IGD,0.5,SPEA2,0.8272727272727273,0.9666666666666667,0.9568627450980393,0.9751633986928104,1530
IVFSPEA2_vs_SPEA2,IGD,0.5,SPEA2,0.8363636363636363,0.9666666666666667,0.9568627450980393,0.9751633986928104,1530
IVFSPEA2_vs_SPEA2,IGD,0.5,SPEA2,0.8454545454545453,0.9666666666666667,0.9568627450980393,0.9751633986928104,1530
IVFSPEA2_vs_SPEA2,IGD,0.5,SPEA2,0.8545454545454545,0.9666666666666667,0.9568627450980393,0.9751633986928104,1530
IVFSPEA2_vs_SPEA2,IGD,0.5,SPEA2,0.8636363636363635,0.9666666666666667,0.9568627450980393,0.9751633986928104,1530
IVFSPEA2_vs_SPEA2,IGD,0.5,SPEA2,0.8727272727272727,0.9666666666666667,0.9568627450980393,0.9751633986928104,1530
IVFSPEA2_vs_SPEA2,IGD,0.5,SPEA2,0.8818181818181817,0.9673202614379085,0.9581535947712418,0.9758169934640523,1530
IVFSPEA2_vs_SPEA2,IGD,0.5,SPEA2,0.8909090909090909,0.9673202614379085,0.9581535947712418,0.9758169934640523,1530
IVFSPEA2_vs_SPEA2,IGD,0.5,SPEA2,0.8999999999999999,0.9673202614379085,0.9581535947712418,0.9758169934640523,1530
IVFSPEA2_vs_SPEA2,IGD,0.5,SPEA2,0.9090909090909091,0.9673202614379085,0.9581535947712418,0.9758169934640523,1530
IVFSPEA2_vs_SPEA2,IGD,0.5,SPEA2,0.9181818181818181,0.9679738562091503,0.9581699346405229,0.9764705882352941,1530
IVFSPEA2_vs_SPEA2,IGD,0.5,SPEA2,0.9272727272727272,0.9679738562091503,0.9581699346405229,0.9764705882352941,1530
IVFSPEA2_vs_SPEA2,IGD,0.5,SPEA2,0.9363636363636363,0.9686274509803922,0.9594771241830066,0.9771241830065359,1530
IVFSPEA2_vs_SPEA2,IGD,0.5,SPEA2,0.9454545454545454,0.9686274509803922,0.9594771241830066,0.9771241830065359,1530
IVFSPEA2_vs_SPEA2,IGD,0.5,SPEA2,0.9545454545454545,0.9686274509803922,0.9594771241830066,0.9771241830065359,1530
IVFSPEA2_vs_SPEA2,IGD,0.5,SPEA2,0.9636363636363636,0.9686274509803922,0.9594771241830066,0.9771241830065359,1530
IVFSPEA2_vs_SPEA2,IGD,0.5,SPEA2,0.9727272727272727,0.9686274509803922,0.9594771241830066,0.9771241830065359,1530
IVFSPEA2_vs_SPEA2,IGD,0.5,SPEA2,0.9818181818181817,0.9686274509803922,0.9594771241830066,0.9771241830065359,1530
IVFSPEA2_vs_SPEA2,IGD,0.5,SPEA2,0.9909090909090909,0.9686274509803922,0.9594771241830066,0.9771241830065359,1530
IVFSPEA2_vs_SPEA2,IGD,0.5,SPEA2,1.0,0.9686274509803922,0.9594771241830066,0.9771241830065359,1530
IVFSPEA2_vs_SPEA2,IGD,0.25,IVFSPEA2,0.1,0.5745098039215686,0.5509640522875817,0.5993464052287582,1530
IVFSPEA2_vs_SPEA2,IGD,0.25,IVFSPEA2,0.1090909090909091,0.5986928104575163,0.5744934640522875,0.6222385620915033,1530
IVFSPEA2_vs_SPEA2,IGD,0.25,IVFSPEA2,0.1181818181818182,0.6189542483660131,0.5934640522875817,0.6418464052287582,1530
IVFSPEA2_vs_SPEA2,IGD,0.25,IVFSPEA2,0.1272727272727273,0.6405228758169934,0.6156699346405229,0.6633986928104575,1530
IVFSPEA2_vs_SPEA2,IGD,0.25,IVFSPEA2,0.13636363636363635,0.665359477124183,0.6411601307189543,0.6882352941176471,1530
IVFSPEA2_vs_SPEA2,IGD,0.25,IVFSPEA2,0.14545454545454545,0.6934640522875817,0.6699183006535947,0.7163398692810458,1530
IVFSPEA2_vs_SPEA2,IGD,0.25,IVFSPEA2,0.15454545454545454,0.7163398692810458,0.6928104575163399,0.7392320261437909,1530
IVFSPEA2_vs_SPEA2,IGD,0.25,IVFSPEA2,0.16363636363636364,0.7366013071895425,0.7137254901960784,0.7588235294117647,1530
IVFSPEA2_vs_SPEA2,IGD,0.25,IVFSPEA2,0.17272727272727273,0.7588235294117647,0.7372549019607844,0.7803921568627451,1530
IVFSPEA2_vs_SPEA2,IGD,0.25,IVFSPEA2,0.18181818181818182,0.7849673202614379,0.7633986928104575,0.8045915032679739,1530
IVFSPEA2_vs_SPEA2,IGD,0.25,IVFSPEA2,0.19090909090909092,0.7980392156862746,0.7764705882352941,0.8176470588235294,1530
IVFSPEA2_vs_SPEA2,IGD,0.25,IVFSPEA2,0.2,0.818954248366013,0.7980392156862746,0.8372549019607843,1530
IVFSPEA2_vs_SPEA2,IGD,0.25,IVFSPEA2,0.2090909090909091,0.8235294117647058,0.803921568627451,0.842483660130719,1530
IVFSPEA2_vs_SPEA2,IGD,0.25,IVFSPEA2,0.2181818181818182,0.8274509803921568,0.807843137254902,0.8457516339869281,1530
IVFSPEA2_vs_SPEA2,IGD,0.25,IVFSPEA2,0.22727272727272727,0.8326797385620915,0.8130555555555555,0.8503267973856209,1530
IVFSPEA2_vs_SPEA2,IGD,0.25,IVFSPEA2,0.23636363636363636,0.8437908496732026,0.8241830065359477,0.8614379084967321,1530
IVFSPEA2_vs_SPEA2,IGD,0.25,IVFSPEA2,0.24545454545454545,0.8450980392156863,0.8254901960784313,0.8627450980392157,1530
IVFSPEA2_vs_SPEA2,IGD,0.25,IVFSPEA2,0.2545454545454545,0.8490196078431372,0.8300653594771242,0.8666666666666667,1530
IVFSPEA2_vs_SPEA2,IGD,0.25,IVFSPEA2,0.26363636363636367,0.8568627450980392,0.8385457516339869,0.8738562091503268,1530
IVFSPEA2_vs_SPEA2,IGD,0.25,IVFSPEA2,0.2727272727272727,0.8679738562091504,0.8503267973856209,0.884313725490196,1530
IVFSPEA2_vs_SPEA2,IGD,0.25,IVFSPEA2,0.28181818181818186,0.8712418300653595,0.85359477124183,0.8875816993464052,1530
IVFSPEA2_vs_SPEA2,IGD,0.25,IVFSPEA2,0.2909090909090909,0.8764705882352941,0.8588235294117647,0.8928104575163399,1530
IVFSPEA2_vs_SPEA2,IGD,0.25,IVFSPEA2,0.3,0.8790849673202614,0.8614379084967321,0.8947712418300654,1530
IVFSPEA2_vs_SPEA2,IGD,0.25,IVFSPEA2,0.3090909090909091,0.8816993464052287,0.8647058823529412,0.8973856209150327,1530
IVFSPEA2_vs_SPEA2,IGD,0.25,IVFSPEA2,0.3181818181818182,0.8830065359477124,0.8659967320261438,0.8993464052287582,1530
IVFSPEA2_vs_SPEA2,IGD,0.25,IVFSPEA2,0.32727272727272727,0.8869281045751634,0.8699346405228758,0.9026143790849673,1530
IVFSPEA2_vs_SPEA2,IGD,0.25,IVFSPEA2,0.33636363636363636,0.8901960784313725,0.873202614379085,0.9052450980392157,1530
IVFSPEA2_vs_SPEA2,IGD,0.25,IVFSPEA2,0.34545454545454546,0.8934640522875817,0.8771241830065359,0.9084967320261438,1530
IVFSPEA2_vs_SPEA2,IGD,0.25,IVFSPEA2,0.3545454545454545,0.8934640522875817,0.8771241830065359,0.9084967320261438,1530
IVFSPEA2_vs_SPEA2,IGD,0.25,IVFSPEA2,0.36363636363636365,0.8960784313725491,0.880375816993464,0.9104575163398693,1530
IVFSPEA2_vs_SPEA2,IGD,0.25,IVFSPEA2,0.3727272727272727,0.8993464052287582,0.8830065359477124,0.9137254901960784,1530
IVFSPEA2_vs_SPEA2,IGD,0.25,IVFSPEA2,0.38181818181818183,0.9013071895424837,0.8856209150326797,0.9156862745098039,1530
IVFSPEA2_vs_SPEA2,IGD,0.25,IVFSPEA2,0.3909090909090909,0.9032679738562092,0.8869281045751634,0.9176470588235294,1530
IVFSPEA2_vs_SPEA2,IGD,0.25,IVFSPEA2,0.4,0.9065359477124183,0.8901960784313725,0.9202777777777778,1530
IVFSPEA2_vs_SPEA2,IGD,0.25,IVFSPEA2,0.40909090909090906,0.9098039215686274,0.8941176470588236,0.9235294117647059,1530
IVFSPEA2_vs_SPEA2,IGD,0.25,IVFSPEA2,0.4181818181818182,0.9104575163398693,0.8947712418300654,0.9241993464052288,1530
IVFSPEA2_vs_SPEA2,IGD,0.25,IVFSPEA2,0.42727272727272725,0.9124183006535947,0.8967320261437909,0.9261437908496732,1530
IVFSPEA2_vs_SPEA2,IGD,0.25,IVFSPEA2,0.4363636363636364,0.9150326797385621,0.9,0.9287581699346406,1530
IVFSPEA2_vs_SPEA2,IGD,0.25,IVFSPEA2,0.44545454545454544,0.9150326797385621,0.9,0.9287581699346406,1530
IVFSPEA2_vs_SPEA2,IGD,0.25,IVFSPEA2,0.4545454545454546,0.9183006535947712,0.9032679738562092,0.9320261437908497,1530
IVFSPEA2_vs_SPEA2,IGD,0.25,IVFSPEA2,0.4636363636363636,0.9196078431372549,0.9045751633986928,0.9326797385620915,1530
IVFSPEA2_vs_SPEA2,IGD,0.25,IVFSPEA2,0.47272727272727266,0.9209150326797385,0.9052287581699346,0.9339869281045752,1530
IVFSPEA2_vs_SPEA2,IGD,0.25,IVFSPEA2,0.4818181818181818,0.9209150326797385,0.9052287581699346,0.9339869281045752,1530
IVFSPEA2_vs_SPEA2,IGD,0.25,IVFSPEA2,0.49090909090909085,0.9228758169934641,0.9084967320261438,0.9359477124183007,1530
IVFSPEA2_vs_SPEA2,IGD,0.25,IVFSPEA2,0.5,0.9228758169934641,0.9084967320261438,0.9359477124183007,1530
IVFSPEA2_vs_SPEA2,IGD,0.25,IVFSPEA2,0.509090909090909,0.9241830065359478,0.9098039215686274,0.9366013071895425,1530
IVFSPEA2_vs_SPEA2,IGD,0.25,IVFSPEA2,0.5181818181818182,0.9241830065359478,0.9098039215686274,0.9366013071895425,1530
IVFSPEA2_vs_SPEA2,IGD,0.25,IVFSPEA2,0.5272727272727272,0.9248366013071896,0.9104575163398693,0.9372549019607843,1530
IVFSPEA2_vs_SPEA2,IGD,0.25,IVFSPEA2,0.5363636363636364,0.9248366013071896,0.9104575163398693,0.9372549019607843,1530
IVFSPEA2_vs_SPEA2,IGD,0.25,IVFSPEA2,0.5454545454545454,0.9254901960784314,0.9111111111111111,0.9379084967320261,1530
IVFSPEA2_vs_SPEA2,IGD,0.25,IVFSPEA2,0.5545454545454546,0.9267973856209151,0.9124183006535947,0.9392320261437909,1530
IVFSPEA2_vs_SPEA2,IGD,0.25,IVFSPEA2,0.5636363636363636,0.9267973856209151,0.9124183006535947,0.9392320261437909,1530
IVFSPEA2_vs_SPEA2,IGD,0.25,IVFSPEA2,0.5727272727272728,0.9281045751633987,0.9137091503267973,0.9405228758169935,1530
IVFSPEA2_vs_SPEA2,IGD,0.25,IVFSPEA2,0.5818181818181818,0.9287581699346406,0.9143790849673202,0.9411764705882353,1530
IVFSPEA2_vs_SPEA2,IGD,0.25,IVFSPEA2,0.5909090909090909,0.9287581699346406,0.9143790849673202,0.9411764705882353,1530
IVFSPEA2_vs_SPEA2,IGD,0.25,IVFSPEA2,0.6,0.9287581699346406,0.9143790849673202,0.9411764705882353,1530
IVFSPEA2_vs_SPEA2,IGD,0.25,IVFSPEA2,0.609090909090909,0.9287581699346406,0.9143790849673202,0.9411764705882353,1530
IVFSPEA2_vs_SPEA2,IGD,0.25,IVFSPEA2,0.6181818181818182,0.9294117647058824,0.9150326797385621,0.9411928104575163,1530
IVFSPEA2_vs_SPEA2,IGD,0.25,IVFSPEA2,0.6272727272727272,0.930718954248366,0.9169934640522875,0.9425,1530
IVFSPEA2_vs_SPEA2,IGD,0.25,IVFSPEA2,0.6363636363636364,0.9320261437908497,0.918937908496732,0.9438071895424837,1530
IVFSPEA2_vs_SPEA2,IGD,0.25,IVFSPEA2,0.6454545454545454,0.9326797385620915,0.918954248366013,0.9444444444444444,1530
IVFSPEA2_vs_SPEA2,IGD,0.25,IVFSPEA2,0.6545454545454545,0.9326797385620915,0.918954248366013,0.9444444444444444,1530
IVFSPEA2_vs_SPEA2,IGD,0.25,IVFSPEA2,0.6636363636363636,0.9326797385620915,0.918954248366013,0.9444444444444444,1530
IVFSPEA2_vs_SPEA2,IGD,0.25,IVFSPEA2,0.6727272727272727,0.9339869281045752,0.9208986928104574,0.9457679738562091,1530
IVFSPEA2_vs_SPEA2,IGD,0.25,IVFSPEA2,0.6818181818181818,0.934640522875817,0.9215686274509803,0.9470588235294117,1530
IVFSPEA2_vs_SPEA2,IGD,0.25,IVFSPEA2,0.6909090909090908,0.934640522875817,0.9215686274509803,0.9470588235294117,1530
IVFSPEA2_vs_SPEA2,IGD,0.25,IVFSPEA2,0.7,0.9352941176470588,0.9222222222222223,0.9470588235294117,1530
IVFSPEA2_vs_SPEA2,IGD,0.25,IVFSPEA2,0.709090909090909,0.9352941176470588,0.9222222222222223,0.9470588235294117,1530
IVFSPEA2_vs_SPEA2,IGD,0.25,IVFSPEA2,0.7181818181818181,0.9352941176470588,0.9222222222222223,0.9470588235294117,1530
IVFSPEA2_vs_SPEA2,IGD,0.25,IVFSPEA2,0.7272727272727272,0.9352941176470588,0.9222222222222223,0.9470588235294117,1530
IVFSPEA2_vs_SPEA2,IGD,0.25,IVFSPEA2,0.7363636363636363,0.9352941176470588,0.9222222222222223,0.9470588235294117,1530
IVFSPEA2_vs_SPEA2,IGD,0.25,IVFSPEA2,0.7454545454545454,0.9352941176470588,0.9222222222222223,0.9470588235294117,1530
IVFSPEA2_vs_SPEA2,IGD,0.25,IVFSPEA2,0.7545454545454545,0.9352941176470588,0.9222222222222223,0.9470588235294117,1530
IVFSPEA2_vs_SPEA2,IGD,0.25,IVFSPEA2,0.7636363636363636,0.9352941176470588,0.9222222222222223,0.9470588235294117,1530
IVFSPEA2_vs_SPEA2,IGD,0.25,IVFSPEA2,0.7727272727272727,0.9352941176470588,0.9222222222222223,0.9470588235294117,1530
IVFSPEA2_vs_SPEA2,IGD,0.25,IVFSPEA2,0.7818181818181817,0.9352941176470588,0.9222222222222223,0.9470588235294117,1530
IVFSPEA2_vs_SPEA2,IGD,0.25,IVFSPEA2,0.7909090909090909,0.9352941176470588,0.9222222222222223,0.9470588235294117,1530
IVFSPEA2_vs_SPEA2,IGD,0.25,IVFSPEA2,0.7999999999999999,0.9352941176470588,0.9222222222222223,0.9470588235294117,1530
IVFSPEA2_vs_SPEA2,IGD,0.25,IVFSPEA2,0.8090909090909091,0.9366013071895425,0.9235294117647059,0.9483823529411765,1530
IVFSPEA2_vs_SPEA2,IGD,0.25,IVFSPEA2,0.8181818181818181,0.9366013071895425,0.9235294117647059,0.9483823529411765,1530
IVFSPEA2_vs_SPEA2,IGD,0.25,IVFSPEA2,0.8272727272727273,0.9366013071895425,0.9235294117647059,0.9483823529411765,1530
IVFSPEA2_vs_SPEA2,IGD,0.25,IVFSPEA2,0.8363636363636363,0.9372549019607843,0.9241830065359478,0.9490196078431372,1530
IVFSPEA2_vs_SPEA2,IGD,0.25,IVFSPEA2,0.8454545454545453,0.9372549019607843,0.9241830065359478,0.9490196078431372,1530
IVFSPEA2_vs_SPEA2,IGD,0.25,IVFSPEA2,0.8545454545454545,0.9379084967320261,0.9248366013071896,0.949673202614379,1530
IVFSPEA2_vs_SPEA2,IGD,0.25,IVFSPEA2,0.8636363636363635,0.9379084967320261,0.9248366013071896,0.949673202614379,1530
IVFSPEA2_vs_SPEA2,IGD,0.25,IVFSPEA2,0.8727272727272727,0.938562091503268,0.9254901960784314,0.9503267973856209,1530
IVFSPEA2_vs_SPEA2,IGD,0.25,IVFSPEA2,0.8818181818181817,0.938562091503268,0.9254901960784314,0.9503267973856209,1530
IVFSPEA2_vs_SPEA2,IGD,0.25,IVFSPEA2,0.8909090909090909,0.938562091503268,0.9254901960784314,0.9503267973856209,1530
IVFSPEA2_vs_SPEA2,IGD,0.25,IVFSPEA2,0.8999999999999999,0.938562091503268,0.9254901960784314,0.9503267973856209,1530
IVFSPEA2_vs_SPEA2,IGD,0.25,IVFSPEA2,0.9090909090909091,0.938562091503268,0.9254901960784314,0.9503267973856209,1530
IVFSPEA2_vs_SPEA2,IGD,0.25,IVFSPEA2,0.9181818181818181,0.938562091503268,0.9254901960784314,0.9503267973856209,1530
IVFSPEA2_vs_SPEA2,IGD,0.25,IVFSPEA2,0.9272727272727272,0.938562091503268,0.9254901960784314,0.9503267973856209,1530
IVFSPEA2_vs_SPEA2,IGD,0.25,IVFSPEA2,0.9363636363636363,0.9398692810457516,0.9267973856209151,0.9516339869281045,1530
IVFSPEA2_vs_SPEA2,IGD,0.25,IVFSPEA2,0.9454545454545454,0.9398692810457516,0.9267973856209151,0.9516339869281045,1530
IVFSPEA2_vs_SPEA2,IGD,0.25,IVFSPEA2,0.9545454545454545,0.9398692810457516,0.9267973856209151,0.9516339869281045,1530
IVFSPEA2_vs_SPEA2,IGD,0.25,IVFSPEA2,0.9636363636363636,0.9398692810457516,0.9267973856209151,0.9516339869281045,1530
IVFSPEA2_vs_SPEA2,IGD,0.25,IVFSPEA2,0.9727272727272727,0.9398692810457516,0.9267973856209151,0.9516339869281045,1530
IVFSPEA2_vs_SPEA2,IGD,0.25,IVFSPEA2,0.9818181818181817,0.9398692810457516,0.9267973856209151,0.9516339869281045,1530
IVFSPEA2_vs_SPEA2,IGD,0.25,IVFSPEA2,0.9909090909090909,0.9405228758169935,0.9274509803921569,0.9516339869281045,1530
IVFSPEA2_vs_SPEA2,IGD,0.25,IVFSPEA2,1.0,0.9405228758169935,0.9274509803921569,0.9516339869281045,1530
IVFSPEA2_vs_SPEA2,IGD,0.25,SPEA2,0.1,0.39673202614379083,0.3725326797385621,0.4196078431372549,1530
IVFSPEA2_vs_SPEA2,IGD,0.25,SPEA2,0.1090909090909091,0.41241830065359475,0.38823529411764707,0.43529411764705883,1530
IVFSPEA2_vs_SPEA2,IGD,0.25,SPEA2,0.1181818181818182,0.42483660130718953,0.4,0.4477124183006536,1530
IVFSPEA2_vs_SPEA2,IGD,0.25,SPEA2,0.1272727272727273,0.4437908496732026,0.4189542483660131,0.4666666666666667,1530
IVFSPEA2_vs_SPEA2,IGD,0.25,SPEA2,0.13636363636363635,0.4620915032679739,0.43790849673202614,0.4849673202614379,1530
IVFSPEA2_vs_SPEA2,IGD,0.25,SPEA2,0.14545454545454545,0.4797385620915033,0.45488562091503265,0.5019771241830066,1530
IVFSPEA2_vs_SPEA2,IGD,0.25,SPEA2,0.15454545454545454,0.5078431372549019,0.4823529411764706,0.5313725490196078,1530
IVFSPEA2_vs_SPEA2,IGD,0.25,SPEA2,0.16363636363636364,0.5372549019607843,0.5104575163398692,0.5607843137254902,1530
IVFSPEA2_vs_SPEA2,IGD,0.25,SPEA2,0.17272727272727273,0.5895424836601307,0.5640359477124183,0.6124346405228759,1530
IVFSPEA2_vs_SPEA2,IGD,0.25,SPEA2,0.18181818181818182,0.6392156862745098,0.6150163398692811,0.661437908496732,1530
IVFSPEA2_vs_SPEA2,IGD,0.25,SPEA2,0.19090909090909092,0.6660130718954248,0.6418300653594772,0.6888888888888889,1530
IVFSPEA2_vs_SPEA2,IGD,0.25,SPEA2,0.2,0.6856209150326797,0.6614215686274509,0.7084967320261438,1530
IVFSPEA2_vs_SPEA2,IGD,0.25,SPEA2,0.2090909090909091,0.6888888888888889,0.6640522875816993,0.7111111111111111,1530
IVFSPEA2_vs_SPEA2,IGD,0.25,SPEA2,0.2181818181818182,0.6947712418300653,0.6705882352941176,0.7169934640522876,1530
IVFSPEA2_vs_SPEA2,IGD,0.25,SPEA2,0.22727272727272727,0.7013071895424836,0.677124183006536,0.7235294117647059,1530
IVFSPEA2_vs_SPEA2,IGD,0.25,SPEA2,0.23636363636363636,0.7052287581699347,0.6816993464052288,0.7274509803921568,1530
IVFSPEA2_vs_SPEA2,IGD,0.25,SPEA2,0.24545454545454545,0.7098039215686275,0.6862745098039216,0.7313725490196078,1530
IVFSPEA2_vs_SPEA2,IGD,0.25,SPEA2,0.2545454545454545,0.7176470588235294,0.6941176470588235,0.7392156862745098,1530
IVFSPEA2_vs_SPEA2,IGD,0.25,SPEA2,0.26363636363636367,0.722875816993464,0.6993464052287581,0.7431535947712419,1530
IVFSPEA2_vs_SPEA2,IGD,0.25,SPEA2,0.2727272727272727,0.7274509803921568,0.7032679738562092,0.7477124183006536,1530
IVFSPEA2_vs_SPEA2,IGD,0.25,SPEA2,0.28181818181818186,0.7326797385620915,0.7084803921568628,0.75359477124183,1530
IVFSPEA2_vs_SPEA2,IGD,0.25,SPEA2,0.2909090909090909,0.7405228758169935,0.7169771241830065,0.761437908496732,1530
IVFSPEA2_vs_SPEA2,IGD,0.25,SPEA2,0.3,0.7509803921568627,0.7267810457516339,0.7712418300653595,1530
IVFSPEA2_vs_SPEA2,IGD,0.25,SPEA2,0.3090909090909091,0.7529411764705882,0.7287581699346405,0.773202614379085,1530
IVFSPEA2_vs_SPEA2,IGD,0.25,SPEA2,0.3181818181818182,0.7555555555555555,0.7320098039215686,0.7758333333333334,1530
IVFSPEA2_vs_SPEA2,IGD,0.25,SPEA2,0.32727272727272727,0.7568627450980392,0.7326797385620915,0.777124183006536,1530
IVFSPEA2_vs_SPEA2,IGD,0.25,SPEA2,0.33636363636363636,0.7594771241830065,0.7365849673202615,0.7803921568627451,1530
IVFSPEA2_vs_SPEA2,IGD,0.25,SPEA2,0.34545454545454546,0.7607843137254902,0.7379084967320262,0.781062091503268,1530
IVFSPEA2_vs_SPEA2,IGD,0.25,SPEA2,0.3545454545454545,0.7647058823529411,0.7418300653594772,0.784983660130719,1530
IVFSPEA2_vs_SPEA2,IGD,0.25,SPEA2,0.36363636363636365,0.7660130718954249,0.7431372549019608,0.7862745098039216,1530
IVFSPEA2_vs_SPEA2,IGD,0.25,SPEA2,0.3727272727272727,0.7705882352941177,0.7483660130718954,0.7908496732026143,1530
IVFSPEA2_vs_SPEA2,IGD,0.25,SPEA2,0.38181818181818183,0.7738562091503268,0.7516339869281046,0.7941176470588235,1530
IVFSPEA2_vs_SPEA2,IGD,0.25,SPEA2,0.3909090909090909,0.7758169934640523,0.753578431372549,0.7954248366013071,1530
IVFSPEA2_vs_SPEA2,IGD,0.25,SPEA2,0.4,0.777124183006536,0.7549019607843137,0.7967320261437908,1530
IVFSPEA2_vs_SPEA2,IGD,0.25,SPEA2,0.40909090909090906,0.7790849673202614,0.7568627450980392,0.7987091503267975,1530
IVFSPEA2_vs_SPEA2,IGD,0.25,SPEA2,0.4181818181818182,0.7803921568627451,0.7581699346405228,0.8000163398692811,1530
IVFSPEA2_vs_SPEA2,IGD,0.25,SPEA2,0.42727272727272725,0.7810457516339869,0.7594607843137254,0.8013071895424837,1530
IVFSPEA2_vs_SPEA2,IGD,0.25,SPEA2,0.4363636363636364,0.7836601307189542,0.7620915032679738,0.8032679738562092,1530
IVFSPEA2_vs_SPEA2,IGD,0.25,SPEA2,0.44545454545454544,0.7862745098039216,0.7646895424836601,0.8065359477124183,1530
IVFSPEA2_vs_SPEA2,IGD,0.25,SPEA2,0.4545454545454546,0.7888888888888889,0.7679575163398693,0.8084967320261438,1530
IVFSPEA2_vs_SPEA2,IGD,0.25,SPEA2,0.4636363636363636,0.7915032679738562,0.7705718954248366,0.8111274509803922,1530
IVFSPEA2_vs_SPEA2,IGD,0.25,SPEA2,0.47272727272727266,0.7928104575163398,0.7718954248366013,0.8124183006535948,1530
IVFSPEA2_vs_SPEA2,IGD,0.25,SPEA2,0.4818181818181818,0.7967320261437908,0.7764542483660131,0.8163562091503268,1530
IVFSPEA2_vs_SPEA2,IGD,0.25,SPEA2,0.49090909090909085,0.8013071895424837,0.7810457516339869,0.8209150326797385,1530
IVFSPEA2_vs_SPEA2,IGD,0.25,SPEA2,0.5,0.8045751633986928,0.7843137254901961,0.8241830065359477,1530
IVFSPEA2_vs_SPEA2,IGD,0.25,SPEA2,0.509090909090909,0.8065359477124183,0.7862745098039216,0.8254901960784313,1530
IVFSPEA2_vs_SPEA2,IGD,0.25,SPEA2,0.5181818181818182,0.8071895424836601,0.7869281045751634,0.8261437908496732,1530
IVFSPEA2_vs_SPEA2,IGD,0.25,SPEA2,0.5272727272727272,0.8104575163398693,0.7908496732026143,0.8287581699346406,1530
IVFSPEA2_vs_SPEA2,IGD,0.25,SPEA2,0.5363636363636364,0.8124183006535948,0.7934313725490195,0.8307189542483661,1530
IVFSPEA2_vs_SPEA2,IGD,0.25,SPEA2,0.5454545454545454,0.8143790849673203,0.7947712418300653,0.8326797385620915,1530
IVFSPEA2_vs_SPEA2,IGD,0.25,SPEA2,0.5545454545454546,0.8176470588235294,0.7986764705882353,0.8366176470588236,1530
IVFSPEA2_vs_SPEA2,IGD,0.25,SPEA2,0.5636363636363636,0.8196078431372549,0.8006535947712419,0.8392156862745098,1530
IVFSPEA2_vs_SPEA2,IGD,0.25,SPEA2,0.5727272727272728,0.8215686274509804,0.8026143790849674,0.8405392156862745,1530
IVFSPEA2_vs_SPEA2,IGD,0.25,SPEA2,0.5818181818181818,0.8241830065359477,0.8045751633986928,0.8431372549019608,1530
IVFSPEA2_vs_SPEA2,IGD,0.25,SPEA2,0.5909090909090909,0.8254901960784313,0.8065196078431373,0.8444444444444444,1530
IVFSPEA2_vs_SPEA2,IGD,0.25,SPEA2,0.6,0.8254901960784313,0.8065196078431373,0.8444444444444444,1530
IVFSPEA2_vs_SPEA2,IGD,0.25,SPEA2,0.609090909090909,0.8254901960784313,0.8065196078431373,0.8444444444444444,1530
IVFSPEA2_vs_SPEA2,IGD,0.25,SPEA2,0.6181818181818182,0.8294117647058824,0.8104575163398693,0.8483660130718954,1530
IVFSPEA2_vs_SPEA2,IGD,0.25,SPEA2,0.6272727272727272,0.8300653594771242,0.81109477124183,0.8483660130718954,1530
IVFSPEA2_vs_SPEA2,IGD,0.25,SPEA2,0.6363636363636364,0.8313725490196079,0.8117647058823529,0.8496732026143791,1530
IVFSPEA2_vs_SPEA2,IGD,0.25,SPEA2,0.6454545454545454,0.834640522875817,0.8163398692810457,0.8529411764705882,1530
IVFSPEA2_vs_SPEA2,IGD,0.25,SPEA2,0.6545454545454545,0.8366013071895425,0.8176470588235294,0.8542483660130719,1530
IVFSPEA2_vs_SPEA2,IGD,0.25,SPEA2,0.6636363636363636,0.8379084967320262,0.818954248366013,0.8562091503267973,1530
IVFSPEA2_vs_SPEA2,IGD,0.25,SPEA2,0.6727272727272727,0.8392156862745098,0.8208986928104575,0.8568790849673202,1530
IVFSPEA2_vs_SPEA2,IGD,0.25,SPEA2,0.6818181818181818,0.8405228758169935,0.8222058823529411,0.8581699346405228,1530
IVFSPEA2_vs_SPEA2,IGD,0.25,SPEA2,0.6909090909090908,0.8418300653594771,0.8235294117647058,0.8594771241830066,1530
IVFSPEA2_vs_SPEA2,IGD,0.25,SPEA2,0.7,0.8437908496732026,0.8254901960784313,0.8614379084967321,1530
IVFSPEA2_vs_SPEA2,IGD,0.25,SPEA2,0.709090909090909,0.8437908496732026,0.8254901960784313,0.8614379084967321,1530
IVFSPEA2_vs_SPEA2,IGD,0.25,SPEA2,0.7181818181818181,0.8437908496732026,0.8254901960784313,0.8614379084967321,1530
IVFSPEA2_vs_SPEA2,IGD,0.25,SPEA2,0.7272727272727272,0.8444444444444444,0.8261437908496732,0.8620915032679739,1530
IVFSPEA2_vs_SPEA2,IGD,0.25,SPEA2,0.7363636363636363,0.8457516339869281,0.826797385620915,0.862107843137255,1530
IVFSPEA2_vs_SPEA2,IGD,0.25,SPEA2,0.7454545454545454,0.8470588235294118,0.8287581699346406,0.8640522875816994,1530
IVFSPEA2_vs_SPEA2,IGD,0.25,SPEA2,0.7545454545454545,0.8477124183006536,0.8294117647058824,0.8647058823529412,1530
IVFSPEA2_vs_SPEA2,IGD,0.25,SPEA2,0.7636363636363636,0.8483660130718954,0.8300653594771242,0.865359477124183,1530
IVFSPEA2_vs_SPEA2,IGD,0.25,SPEA2,0.7727272727272727,0.8509803921568627,0.8326797385620915,0.8686274509803922,1530
IVFSPEA2_vs_SPEA2,IGD,0.25,SPEA2,0.7818181818181817,0.8522875816993464,0.834640522875817,0.8699346405228758,1530
IVFSPEA2_vs_SPEA2,IGD,0.25,SPEA2,0.7909090909090909,0.8529411764705882,0.8352941176470589,0.8705882352941177,1530
IVFSPEA2_vs_SPEA2,IGD,0.25,SPEA2,0.7999999999999999,0.8555555555555555,0.8379084967320262,0.8725653594771242,1530
IVFSPEA2_vs_SPEA2,IGD,0.25,SPEA2,0.8090909090909091,0.8568627450980392,0.8392156862745098,0.8738562091503268,1530
IVFSPEA2_vs_SPEA2,IGD,0.25,SPEA2,0.8181818181818181,0.8568627450980392,0.8392156862745098,0.8738562091503268,1530
IVFSPEA2_vs_SPEA2,IGD,0.25,SPEA2,0.8272727272727273,0.8581699346405228,0.8405228758169935,0.8751633986928105,1530
IVFSPEA2_vs_SPEA2,IGD,0.25,SPEA2,0.8363636363636363,0.8588235294117647,0.8411764705882353,0.8751633986928105,1530
IVFSPEA2_vs_SPEA2,IGD,0.25,SPEA2,0.8454545454545453,0.8601307189542484,0.842483660130719,0.8764705882352941,1530
IVFSPEA2_vs_SPEA2,IGD,0.25,SPEA2,0.8545454545454545,0.8614379084967321,0.8444281045751634,0.8784313725490196,1530
IVFSPEA2_vs_SPEA2,IGD,0.25,SPEA2,0.8636363636363635,0.8620915032679739,0.8450980392156863,0.8784477124183007,1530
IVFSPEA2_vs_SPEA2,IGD,0.25,SPEA2,0.8727272727272727,0.8620915032679739,0.8450980392156863,0.8784477124183007,1530
IVFSPEA2_vs_SPEA2,IGD,0.25,SPEA2,0.8818181818181817,0.8627450980392157,0.845735294117647,0.8797385620915033,1530
IVFSPEA2_vs_SPEA2,IGD,0.25,SPEA2,0.8909090909090909,0.8633986928104576,0.8464052287581699,0.8803921568627451,1530
IVFSPEA2_vs_SPEA2,IGD,0.25,SPEA2,0.8999999999999999,0.8633986928104576,0.8464052287581699,0.8803921568627451,1530
IVFSPEA2_vs_SPEA2,IGD,0.25,SPEA2,0.9090909090909091,0.8640522875816994,0.8470588235294118,0.8810457516339869,1530
IVFSPEA2_vs_SPEA2,IGD,0.25,SPEA2,0.9181818181818181,0.8647058823529412,0.8477124183006536,0.8817156862745098,1530
IVFSPEA2_vs_SPEA2,IGD,0.25,SPEA2,0.9272727272727272,0.8660130718954249,0.8490196078431372,0.8836601307189542,1530
IVFSPEA2_vs_SPEA2,IGD,0.25,SPEA2,0.9363636363636363,0.8666666666666667,0.8496732026143791,0.8836601307189542,1530
IVFSPEA2_vs_SPEA2,IGD,0.25,SPEA2,0.9454545454545454,0.8666666666666667,0.8496732026143791,0.8836601307189542,1530
IVFSPEA2_vs_SPEA2,IGD,0.25,SPEA2,0.9545454545454545,0.869281045751634,0.8529084967320261,0.8856372549019608,1530
IVFSPEA2_vs_SPEA2,IGD,0.25,SPEA2,0.9636363636363636,0.8699346405228758,0.853578431372549,0.8862745098039215,1530
IVFSPEA2_vs_SPEA2,IGD,0.25,SPEA2,0.9727272727272727,0.8705882352941177,0.85359477124183,0.8869281045751634,1530
IVFSPEA2_vs_SPEA2,IGD,0.25,SPEA2,0.9818181818181817,0.8712418300653595,0.8542483660130719,0.8875816993464052,1530
IVFSPEA2_vs_SPEA2,IGD,0.25,SPEA2,0.9909090909090909,0.8712418300653595,0.8542483660130719,0.8875816993464052,1530
IVFSPEA2_vs_SPEA2,IGD,0.25,SPEA2,1.0,0.8725490196078431,0.8555555555555555,0.8889052287581699,1530
IVFSPEA2_vs_SPEA2,IGD,0.1,IVFSPEA2,0.1,0.3287581699346405,0.3045588235294117,0.35228758169934643,1530
IVFSPEA2_vs_SPEA2,IGD,0.1,IVFSPEA2,0.1090909090909091,0.3366013071895425,0.31241830065359477,0.35947712418300654,1530
IVFSPEA2_vs_SPEA2,IGD,0.1,IVFSPEA2,0.1181818181818182,0.3542483660130719,0.3300490196078431,0.37777777777777777,1530
IVFSPEA2_vs_SPEA2,IGD,0.1,IVFSPEA2,0.1272727272727273,0.373202614379085,0.3477124183006536,0.3987091503267974,1530
IVFSPEA2_vs_SPEA2,IGD,0.1,IVFSPEA2,0.13636363636363635,0.39215686274509803,0.36730392156862746,0.4170098039215686,1530
IVFSPEA2_vs_SPEA2,IGD,0.1,IVFSPEA2,0.14545454545454545,0.4130718954248366,0.38758169934640524,0.4392156862745098,1530
IVFSPEA2_vs_SPEA2,IGD,0.1,IVFSPEA2,0.15454545454545454,0.4411764705882353,0.41565359477124186,0.4666830065359477,1530
IVFSPEA2_vs_SPEA2,IGD,0.1,IVFSPEA2,0.16363636363636364,0.47124183006535947,0.44509803921568625,0.4973856209150327,1530
IVFSPEA2_vs_SPEA2,IGD,0.1,IVFSPEA2,0.17272727272727273,0.5124183006535947,0.488218954248366,0.5379084967320261,1530
IVFSPEA2_vs_SPEA2,IGD,0.1,IVFSPEA2,0.18181818181818182,0.5712418300653594,0.5476960784313726,0.5986928104575163,1530
IVFSPEA2_vs_SPEA2,IGD,0.1,IVFSPEA2,0.19090909090909092,0.6241830065359477,0.6006372549019607,0.6483823529411765,1530
IVFSPEA2_vs_SPEA2,IGD,0.1,IVFSPEA2,0.2,0.6516339869281046,0.6274509803921569,0.6751797385620916,1530
IVFSPEA2_vs_SPEA2,IGD,0.1,IVFSPEA2,0.2090909090909091,0.6562091503267974,0.6333333333333333,0.6791013071895425,1530
IVFSPEA2_vs_SPEA2,IGD,0.1,IVFSPEA2,0.2181818181818182,0.6588235294117647,0.6359477124183006,0.6816993464052288,1530
IVFSPEA2_vs_SPEA2,IGD,0.1,IVFSPEA2,0.22727272727272727,0.665359477124183,0.6424673202614379,0.6888888888888889,1530
IVFSPEA2_vs_SPEA2,IGD,0.1,IVFSPEA2,0.23636363636363636,0.6699346405228758,0.6470588235294118,0.6934640522875817,1530
IVFSPEA2_vs_SPEA2,IGD,0.1,IVFSPEA2,0.24545454545454545,0.6751633986928105,0.6522875816993464,0.6987091503267974,1530
IVFSPEA2_vs_SPEA2,IGD,0.1,IVFSPEA2,0.2545454545454545,0.6797385620915033,0.6568627450980392,0.7026143790849673,1530
IVFSPEA2_vs_SPEA2,IGD,0.1,IVFSPEA2,0.26363636363636367,0.6869281045751634,0.6640522875816993,0.7104575163398693,1530
IVFSPEA2_vs_SPEA2,IGD,0.1,IVFSPEA2,0.2727272727272727,0.6928104575163399,0.6692647058823529,0.7163398692810458,1530
IVFSPEA2_vs_SPEA2,IGD,0.1,IVFSPEA2,0.28181818181818186,0.696078431372549,0.6725490196078432,0.7189542483660131,1530
IVFSPEA2_vs_SPEA2,IGD,0.1,IVFSPEA2,0.2909090909090909,0.7,0.6764705882352942,0.7235294117647059,1530
IVFSPEA2_vs_SPEA2,IGD,0.1,IVFSPEA2,0.3,0.7071895424836602,0.6830065359477124,0.730718954248366,1530
IVFSPEA2_vs_SPEA2,IGD,0.1,IVFSPEA2,0.3090909090909091,0.707843137254902,0.6830065359477124,0.7313725490196078,1530
IVFSPEA2_vs_SPEA2,IGD,0.1,IVFSPEA2,0.3181818181818182,0.7084967320261438,0.6849509803921568,0.7320261437908496,1530
IVFSPEA2_vs_SPEA2,IGD,0.1,IVFSPEA2,0.32727272727272727,0.7098039215686275,0.6856209150326797,0.7333333333333333,1530
IVFSPEA2_vs_SPEA2,IGD,0.1,IVFSPEA2,0.33636363636363636,0.711764705882353,0.6869281045751634,0.734640522875817,1530
IVFSPEA2_vs_SPEA2,IGD,0.1,IVFSPEA2,0.34545454545454546,0.7137254901960784,0.6888888888888889,0.7366013071895425,1530
IVFSPEA2_vs_SPEA2,IGD,0.1,IVFSPEA2,0.3545454545454545,0.7183006535947712,0.6934477124183006,0.7405392156862746,1530
IVFSPEA2_vs_SPEA2,IGD,0.1,IVFSPEA2,0.36363636363636365,0.7202614379084967,0.6966993464052287,0.7425,1530
IVFSPEA2_vs_SPEA2,IGD,0.1,IVFSPEA2,0.3727272727272727,0.7254901960784313,0.7013071895424836,0.7477124183006536,1530
IVFSPEA2_vs_SPEA2,IGD,0.1,IVFSPEA2,0.38181818181818183,0.7287581699346405,0.7052287581699347,0.7503267973856209,1530
IVFSPEA2_vs_SPEA2,IGD,0.1,IVFSPEA2,0.3909090909090909,0.7320261437908496,0.707843137254902,0.7542483660130719,1530
IVFSPEA2_vs_SPEA2,IGD,0.1,IVFSPEA2,0.4,0.7333333333333333,0.7098039215686275,0.7549019607843137,1530
IVFSPEA2_vs_SPEA2,IGD,0.1,IVFSPEA2,0.40909090909090906,0.734640522875817,0.7111111111111111,0.7562091503267974,1530
IVFSPEA2_vs_SPEA2,IGD,0.1,IVFSPEA2,0.4181818181818182,0.734640522875817,0.7111111111111111,0.7562091503267974,1530
IVFSPEA2_vs_SPEA2,IGD,0.1,IVFSPEA2,0.42727272727272725,0.7366013071895425,0.7130718954248366,0.7575326797385621,1530
IVFSPEA2_vs_SPEA2,IGD,0.1,IVFSPEA2,0.4363636363636364,0.738562091503268,0.7150326797385621,0.7601470588235294,1530
IVFSPEA2_vs_SPEA2,IGD,0.1,IVFSPEA2,0.44545454545454544,0.742483660130719,0.7196078431372549,0.7640522875816993,1530
IVFSPEA2_vs_SPEA2,IGD,0.1,IVFSPEA2,0.4545454545454546,0.7431372549019608,0.7202614379084967,0.7640686274509804,1530
IVFSPEA2_vs_SPEA2,IGD,0.1,IVFSPEA2,0.4636363636363636,0.74640522875817,0.7241666666666666,0.7679738562091504,1530
IVFSPEA2_vs_SPEA2,IGD,0.1,IVFSPEA2,0.47272727272727266,0.7490196078431373,0.7261437908496732,0.7699346405228759,1530
IVFSPEA2_vs_SPEA2,IGD,0.1,IVFSPEA2,0.4818181818181818,0.7529411764705882,0.7307026143790849,0.7745098039215687,1530
IVFSPEA2_vs_SPEA2,IGD,0.1,IVFSPEA2,0.49090909090909085,0.7549019607843137,0.7326797385620915,0.7764705882352941,1530
IVFSPEA2_vs_SPEA2,IGD,0.1,IVFSPEA2,0.5,0.757516339869281,0.734640522875817,0.7784477124183007,1530
IVFSPEA2_vs_SPEA2,IGD,0.1,IVFSPEA2,0.509090909090909,0.757516339869281,0.734640522875817,0.7784477124183007,1530
IVFSPEA2_vs_SPEA2,IGD,0.1,IVFSPEA2,0.5181818181818182,0.7601307189542483,0.7372549019607844,0.781062091503268,1530
IVFSPEA2_vs_SPEA2,IGD,0.1,IVFSPEA2,0.5272727272727272,0.7620915032679738,0.7392156862745098,0.7836601307189542,1530
IVFSPEA2_vs_SPEA2,IGD,0.1,IVFSPEA2,0.5363636363636364,0.7627450980392156,0.7398692810457517,0.7836601307189542,1530
IVFSPEA2_vs_SPEA2,IGD,0.1,IVFSPEA2,0.5454545454545454,0.7647058823529411,0.7431372549019608,0.7856372549019608,1530
IVFSPEA2_vs_SPEA2,IGD,0.1,IVFSPEA2,0.5545454545454546,0.7660130718954249,0.7431372549019608,0.7869281045751634,1530
IVFSPEA2_vs_SPEA2,IGD,0.1,IVFSPEA2,0.5636363636363636,0.7679738562091504,0.7450980392156863,0.7888888888888889,1530
IVFSPEA2_vs_SPEA2,IGD,0.1,IVFSPEA2,0.5727272727272728,0.7725490196078432,0.7509640522875817,0.7934640522875817,1530
IVFSPEA2_vs_SPEA2,IGD,0.1,IVFSPEA2,0.5818181818181818,0.773202614379085,0.7516339869281046,0.7947712418300653,1530
IVFSPEA2_vs_SPEA2,IGD,0.1,IVFSPEA2,0.5909090909090909,0.7758169934640523,0.7542483660130719,0.7973856209150327,1530
IVFSPEA2_vs_SPEA2,IGD,0.1,IVFSPEA2,0.6,0.7784313725490196,0.7568627450980392,0.7993464052287582,1530
IVFSPEA2_vs_SPEA2,IGD,0.1,IVFSPEA2,0.609090909090909,0.7790849673202614,0.7575,0.8,1530
IVFSPEA2_vs_SPEA2,IGD,0.1,IVFSPEA2,0.6181818181818182,0.7797385620915033,0.7581699346405228,0.8006535947712419,1530
IVFSPEA2_vs_SPEA2,IGD,0.1,IVFSPEA2,0.6272727272727272,0.7823529411764706,0.7607843137254902,0.8026470588235294,1530
IVFSPEA2_vs_SPEA2,IGD,0.1,IVFSPEA2,0.6363636363636364,0.7836601307189542,0.7627450980392156,0.8039379084967321,1530
IVFSPEA2_vs_SPEA2,IGD,0.1,IVFSPEA2,0.6454545454545454,0.7843137254901961,0.7627450980392156,0.8052287581699347,1530
IVFSPEA2_vs_SPEA2,IGD,0.1,IVFSPEA2,0.6545454545454545,0.7856209150326797,0.7646895424836601,0.8058823529411765,1530
IVFSPEA2_vs_SPEA2,IGD,0.1,IVFSPEA2,0.6636363636363636,0.7888888888888889,0.7673202614379085,0.8085130718954249,1530
IVFSPEA2_vs_SPEA2,IGD,0.1,IVFSPEA2,0.6727272727272727,0.7908496732026143,0.769264705882353,0.8111111111111111,1530
IVFSPEA2_vs_SPEA2,IGD,0.1,IVFSPEA2,0.6818181818181818,0.7928104575163398,0.7718790849673203,0.8124183006535948,1530
IVFSPEA2_vs_SPEA2,IGD,0.1,IVFSPEA2,0.6909090909090908,0.7941176470588235,0.7725490196078432,0.8130882352941177,1530
IVFSPEA2_vs_SPEA2,IGD,0.1,IVFSPEA2,0.7,0.7973856209150327,0.7764542483660131,0.8169934640522876,1530
IVFSPEA2_vs_SPEA2,IGD,0.1,IVFSPEA2,0.709090909090909,0.7980392156862746,0.7771078431372549,0.8176470588235294,1530
IVFSPEA2_vs_SPEA2,IGD,0.1,IVFSPEA2,0.7181818181818181,0.7993464052287582,0.7784150326797385,0.8189705882352941,1530
IVFSPEA2_vs_SPEA2,IGD,0.1,IVFSPEA2,0.7272727272727272,0.8013071895424837,0.780375816993464,0.8209313725490196,1530
IVFSPEA2_vs_SPEA2,IGD,0.1,IVFSPEA2,0.7363636363636363,0.8013071895424837,0.780375816993464,0.8209313725490196,1530
IVFSPEA2_vs_SPEA2,IGD,0.1,IVFSPEA2,0.7454545454545454,0.8019607843137255,0.7810457516339869,0.8222222222222222,1530
IVFSPEA2_vs_SPEA2,IGD,0.1,IVFSPEA2,0.7545454545454545,0.8032679738562092,0.7816993464052288,0.8235294117647058,1530
IVFSPEA2_vs_SPEA2,IGD,0.1,IVFSPEA2,0.7636363636363636,0.8045751633986928,0.7836601307189542,0.8241830065359477,1530
IVFSPEA2_vs_SPEA2,IGD,0.1,IVFSPEA2,0.7727272727272727,0.8071895424836601,0.7862745098039216,0.8274509803921568,1530
IVFSPEA2_vs_SPEA2,IGD,0.1,IVFSPEA2,0.7818181818181817,0.8084967320261438,0.7875816993464052,0.8287581699346406,1530
IVFSPEA2_vs_SPEA2,IGD,0.1,IVFSPEA2,0.7909090909090909,0.8084967320261438,0.7875816993464052,0.8287581699346406,1530
IVFSPEA2_vs_SPEA2,IGD,0.1,IVFSPEA2,0.7999999999999999,0.8098039215686275,0.7888888888888889,0.8294281045751635,1530
IVFSPEA2_vs_SPEA2,IGD,0.1,IVFSPEA2,0.8090909090909091,0.8104575163398693,0.7901960784313725,0.8300653594771242,1530
IVFSPEA2_vs_SPEA2,IGD,0.1,IVFSPEA2,0.8181818181818181,0.8117647058823529,0.7915032679738562,0.8320261437908497,1530
IVFSPEA2_vs_SPEA2,IGD,0.1,IVFSPEA2,0.8272727272727273,0.8137254901960784,0.7934640522875817,0.8333496732026144,1530
IVFSPEA2_vs_SPEA2,IGD,0.1,IVFSPEA2,0.8363636363636363,0.8143790849673203,0.7947549019607842,0.8339869281045752,1530
IVFSPEA2_vs_SPEA2,IGD,0.1,IVFSPEA2,0.8454545454545453,0.8156862745098039,0.7954248366013071,0.8346568627450981,1530
IVFSPEA2_vs_SPEA2,IGD,0.1,IVFSPEA2,0.8545454545454545,0.8169934640522876,0.7973692810457517,0.8366013071895425,1530
IVFSPEA2_vs_SPEA2,IGD,0.1,IVFSPEA2,0.8636363636363635,0.8196078431372549,0.7993300653594771,0.838562091503268,1530
IVFSPEA2_vs_SPEA2,IGD,0.1,IVFSPEA2,0.8727272727272727,0.8202614379084967,0.8,0.8385784313725491,1530
IVFSPEA2_vs_SPEA2,IGD,0.1,IVFSPEA2,0.8818181818181817,0.8202614379084967,0.8,0.8385784313725491,1530
IVFSPEA2_vs_SPEA2,IGD,0.1,IVFSPEA2,0.8909090909090909,0.8209150326797385,0.8006535947712419,0.8392156862745098,1530
IVFSPEA2_vs_SPEA2,IGD,0.1,IVFSPEA2,0.8999999999999999,0.8215686274509804,0.8013071895424837,0.8398692810457516,1530
IVFSPEA2_vs_SPEA2,IGD,0.1,IVFSPEA2,0.9090909090909091,0.8222222222222222,0.8019607843137255,0.8405228758169935,1530
IVFSPEA2_vs_SPEA2,IGD,0.1,IVFSPEA2,0.9181818181818181,0.822875816993464,0.8026143790849674,0.8418300653594771,1530
IVFSPEA2_vs_SPEA2,IGD,0.1,IVFSPEA2,0.9272727272727272,0.8235294117647058,0.8032679738562092,0.8418464052287582,1530
IVFSPEA2_vs_SPEA2,IGD,0.1,IVFSPEA2,0.9363636363636363,0.8261437908496732,0.8065359477124183,0.8450980392156863,1530
IVFSPEA2_vs_SPEA2,IGD,0.1,IVFSPEA2,0.9454545454545454,0.8261437908496732,0.8065359477124183,0.8450980392156863,1530
IVFSPEA2_vs_SPEA2,IGD,0.1,IVFSPEA2,0.9545454545454545,0.826797385620915,0.8078267973856209,0.8451143790849673,1530
IVFSPEA2_vs_SPEA2,IGD,0.1,IVFSPEA2,0.9636363636363636,0.826797385620915,0.8078267973856209,0.8451143790849673,1530
IVFSPEA2_vs_SPEA2,IGD,0.1,IVFSPEA2,0.9727272727272727,0.8281045751633986,0.8091503267973856,0.8470588235294118,1530
IVFSPEA2_vs_SPEA2,IGD,0.1,IVFSPEA2,0.9818181818181817,0.8294117647058824,0.8104411764705882,0.8477287581699346,1530
IVFSPEA2_vs_SPEA2,IGD,0.1,IVFSPEA2,0.9909090909090909,0.8294117647058824,0.8104411764705882,0.8477287581699346,1530
IVFSPEA2_vs_SPEA2,IGD,0.1,IVFSPEA2,1.0,0.8294117647058824,0.8104411764705882,0.8477287581699346,1530
IVFSPEA2_vs_SPEA2,IGD,0.1,SPEA2,0.1,0.2647058823529412,0.24377450980392157,0.2856209150326797,1530
IVFSPEA2_vs_SPEA2,IGD,0.1,SPEA2,0.1090909090909091,0.2718954248366013,0.25031045751633985,0.29413398692810455,1530
IVFSPEA2_vs_SPEA2,IGD,0.1,SPEA2,0.1181818181818182,0.28104575163398693,0.2594607843137255,0.30328431372549014,1530
IVFSPEA2_vs_SPEA2,IGD,0.1,SPEA2,0.1272727272727273,0.2908496732026144,0.26862745098039215,0.3130882352941176,1530
IVFSPEA2_vs_SPEA2,IGD,0.1,SPEA2,0.13636363636363635,0.3065359477124183,0.28364379084967317,0.32941176470588235,1530
IVFSPEA2_vs_SPEA2,IGD,0.1,SPEA2,0.14545454545454545,0.3261437908496732,0.30259803921568623,0.34901960784313724,1530
IVFSPEA2_vs_SPEA2,IGD,0.1,SPEA2,0.15454545454545454,0.3509803921568627,0.32745098039215687,0.373202614379085,1530
IVFSPEA2_vs_SPEA2,IGD,0.1,SPEA2,0.16363636363636364,0.37058823529411766,0.3464052287581699,0.3934640522875817,1530
IVFSPEA2_vs_SPEA2,IGD,0.1,SPEA2,0.17272727272727273,0.4045751633986928,0.37973856209150325,0.4287745098039215,1530
IVFSPEA2_vs_SPEA2,IGD,0.1,SPEA2,0.18181818181818182,0.43790849673202614,0.41500000000000004,0.4621078431372549,1530
IVFSPEA2_vs_SPEA2,IGD,0.1,SPEA2,0.19090909090909092,0.5078431372549019,0.4843137254901961,0.5313725490196078,1530
IVFSPEA2_vs_SPEA2,IGD,0.1,SPEA2,0.2,0.5640522875816993,0.5392156862745098,0.5888888888888889,1530
IVFSPEA2_vs_SPEA2,IGD,0.1,SPEA2,0.2090909090909091,0.5679738562091503,0.5424836601307189,0.5915359477124182,1530
IVFSPEA2_vs_SPEA2,IGD,0.1,SPEA2,0.2181818181818182,0.5751633986928104,0.5509640522875817,0.5986928104575163,1530
IVFSPEA2_vs_SPEA2,IGD,0.1,SPEA2,0.22727272727272727,0.5823529411764706,0.5588235294117647,0.6071895424836601,1530
IVFSPEA2_vs_SPEA2,IGD,0.1,SPEA2,0.23636363636363636,0.5901960784313726,0.5679411764705882,0.6143954248366014,1530
IVFSPEA2_vs_SPEA2,IGD,0.1,SPEA2,0.24545454545454545,0.5941176470588235,0.5712254901960784,0.6183169934640523,1530
IVFSPEA2_vs_SPEA2,IGD,0.1,SPEA2,0.2545454545454545,0.5980392156862745,0.5751633986928104,0.6215686274509804,1530
IVFSPEA2_vs_SPEA2,IGD,0.1,SPEA2,0.26363636363636367,0.6032679738562091,0.581045751633987,0.6268137254901961,1530
IVFSPEA2_vs_SPEA2,IGD,0.1,SPEA2,0.2727272727272727,0.6058823529411764,0.5829901960784314,0.6300653594771242,1530
IVFSPEA2_vs_SPEA2,IGD,0.1,SPEA2,0.28181818181818186,0.6176470588235294,0.5947712418300654,0.6411764705882353,1530
IVFSPEA2_vs_SPEA2,IGD,0.1,SPEA2,0.2909090909090909,0.6209150326797386,0.5980392156862745,0.6444607843137256,1530
IVFSPEA2_vs_SPEA2,IGD,0.1,SPEA2,0.3,0.6274509803921569,0.6045751633986928,0.6509803921568628,1530
IVFSPEA2_vs_SPEA2,IGD,0.1,SPEA2,0.3090909090909091,0.6294117647058823,0.6071895424836601,0.6523039215686275,1530
IVFSPEA2_vs_SPEA2,IGD,0.1,SPEA2,0.3181818181818182,0.6294117647058823,0.6071895424836601,0.6523039215686275,1530
IVFSPEA2_vs_SPEA2,IGD,0.1,SPEA2,0.32727272727272727,0.630718954248366,0.6084967320261437,0.6542483660130719,1530
IVFSPEA2_vs_SPEA2,IGD,0.1,SPEA2,0.33636363636363636,0.630718954248366,0.6084967320261437,0.6542483660130719,1530
IVFSPEA2_vs_SPEA2,IGD,0.1,SPEA2,0.34545454545454546,0.630718954248366,0.6084967320261437,0.6542483660130719,1530
IVFSPEA2_vs_SPEA2,IGD,0.1,SPEA2,0.3545454545454545,0.6326797385620915,0.6110947712418301,0.6562091503267974,1530
IVFSPEA2_vs_SPEA2,IGD,0.1,SPEA2,0.36363636363636365,0.6359477124183006,0.6137254901960785,0.6601307189542484,1530
IVFSPEA2_vs_SPEA2,IGD,0.1,SPEA2,0.3727272727272727,0.6379084967320261,0.6163398692810458,0.6620915032679738,1530
IVFSPEA2_vs_SPEA2,IGD,0.1,SPEA2,0.38181818181818183,0.6398692810457516,0.6176470588235294,0.6640522875816993,1530
IVFSPEA2_vs_SPEA2,IGD,0.1,SPEA2,0.3909090909090909,0.6405228758169934,0.6183006535947713,0.6647058823529411,1530
IVFSPEA2_vs_SPEA2,IGD,0.1,SPEA2,0.4,0.6444444444444445,0.622859477124183,0.6686274509803921,1530
IVFSPEA2_vs_SPEA2,IGD,0.1,SPEA2,0.40909090909090906,0.6444444444444445,0.622859477124183,0.6686274509803921,1530
IVFSPEA2_vs_SPEA2,IGD,0.1,SPEA2,0.4181818181818182,0.6450980392156863,0.6228758169934641,0.6692810457516339,1530
IVFSPEA2_vs_SPEA2,IGD,0.1,SPEA2,0.42727272727272725,0.6457516339869281,0.6235294117647059,0.6705882352941176,1530
IVFSPEA2_vs_SPEA2,IGD,0.1,SPEA2,0.4363636363636364,0.6457516339869281,0.6235294117647059,0.6705882352941176,1530
IVFSPEA2_vs_SPEA2,IGD,0.1,SPEA2,0.44545454545454544,0.6457516339869281,0.6235294117647059,0.6705882352941176,1530
IVFSPEA2_vs_SPEA2,IGD,0.1,SPEA2,0.4545454545454546,0.6477124183006536,0.6254901960784314,0.6725490196078432,1530
IVFSPEA2_vs_SPEA2,IGD,0.1,SPEA2,0.4636363636363636,0.6483660130718955,0.626781045751634,0.6725653594771243,1530
IVFSPEA2_vs_SPEA2,IGD,0.1,SPEA2,0.47272727272727266,0.6490196078431373,0.626797385620915,0.673202614379085,1530
IVFSPEA2_vs_SPEA2,IGD,0.1,SPEA2,0.4818181818181818,0.6509803921568628,0.6287418300653594,0.6758169934640523,1530
IVFSPEA2_vs_SPEA2,IGD,0.1,SPEA2,0.49090909090909085,0.6516339869281046,0.6300490196078431,0.6764705882352942,1530
IVFSPEA2_vs_SPEA2,IGD,0.1,SPEA2,0.5,0.6535947712418301,0.6320098039215686,0.677156862745098,1530
IVFSPEA2_vs_SPEA2,IGD,0.1,SPEA2,0.509090909090909,0.6542483660130719,0.6320261437908496,0.6784313725490196,1530
IVFSPEA2_vs_SPEA2,IGD,0.1,SPEA2,0.5181818181818182,0.6542483660130719,0.6320261437908496,0.6784313725490196,1530
IVFSPEA2_vs_SPEA2,IGD,0.1,SPEA2,0.5272727272727272,0.6555555555555556,0.6339705882352941,0.6797549019607844,1530
IVFSPEA2_vs_SPEA2,IGD,0.1,SPEA2,0.5363636363636364,0.6555555555555556,0.6339705882352941,0.6797549019607844,1530
IVFSPEA2_vs_SPEA2,IGD,0.1,SPEA2,0.5454545454545454,0.6562091503267974,0.6339869281045751,0.6803921568627451,1530
IVFSPEA2_vs_SPEA2,IGD,0.1,SPEA2,0.5545454545454546,0.6562091503267974,0.6339869281045751,0.6803921568627451,1530
IVFSPEA2_vs_SPEA2,IGD,0.1,SPEA2,0.5636363636363636,0.6568627450980392,0.634640522875817,0.681045751633987,1530
IVFSPEA2_vs_SPEA2,IGD,0.1,SPEA2,0.5727272727272728,0.6581699346405229,0.6359477124183006,0.6823529411764706,1530
IVFSPEA2_vs_SPEA2,IGD,0.1,SPEA2,0.5818181818181818,0.6594771241830065,0.637892156862745,0.6830228758169935,1530
IVFSPEA2_vs_SPEA2,IGD,0.1,SPEA2,0.5909090909090909,0.6601307189542484,0.6385620915032679,0.6843137254901961,1530
IVFSPEA2_vs_SPEA2,IGD,0.1,SPEA2,0.6,0.6633986928104575,0.6411764705882353,0.6875816993464052,1530
IVFSPEA2_vs_SPEA2,IGD,0.1,SPEA2,0.609090909090909,0.6647058823529411,0.6418300653594772,0.6888888888888889,1530
IVFSPEA2_vs_SPEA2,IGD,0.1,SPEA2,0.6181818181818182,0.665359477124183,0.6431372549019608,0.6895424836601307,1530
IVFSPEA2_vs_SPEA2,IGD,0.1,SPEA2,0.6272727272727272,0.6660130718954248,0.6437908496732027,0.6908496732026144,1530
IVFSPEA2_vs_SPEA2,IGD,0.1,SPEA2,0.6363636363636364,0.6679738562091503,0.6450980392156863,0.692156862745098,1530
IVFSPEA2_vs_SPEA2,IGD,0.1,SPEA2,0.6454545454545454,0.6699346405228758,0.6477124183006536,0.6934640522875817,1530
IVFSPEA2_vs_SPEA2,IGD,0.1,SPEA2,0.6545454545454545,0.6699346405228758,0.6477124183006536,0.6934640522875817,1530
IVFSPEA2_vs_SPEA2,IGD,0.1,SPEA2,0.6636363636363636,0.6699346405228758,0.6477124183006536,0.6934640522875817,1530
IVFSPEA2_vs_SPEA2,IGD,0.1,SPEA2,0.6727272727272727,0.6725490196078432,0.6496732026143791,0.696078431372549,1530
IVFSPEA2_vs_SPEA2,IGD,0.1,SPEA2,0.6818181818181818,0.6738562091503268,0.6516339869281046,0.6973856209150326,1530
IVFSPEA2_vs_SPEA2,IGD,0.1,SPEA2,0.6909090909090908,0.6745098039215687,0.6522712418300654,0.6980392156862745,1530
IVFSPEA2_vs_SPEA2,IGD,0.1,SPEA2,0.7,0.6758169934640523,0.653578431372549,0.6993464052287581,1530
IVFSPEA2_vs_SPEA2,IGD,0.1,SPEA2,0.709090909090909,0.6758169934640523,0.653578431372549,0.6993464052287581,1530
IVFSPEA2_vs_SPEA2,IGD,0.1,SPEA2,0.7181818181818181,0.6764705882352942,0.6535947712418301,0.7,1530
IVFSPEA2_vs_SPEA2,IGD,0.1,SPEA2,0.7272727272727272,0.677124183006536,0.6555392156862745,0.7006535947712418,1530
IVFSPEA2_vs_SPEA2,IGD,0.1,SPEA2,0.7363636363636363,0.677124183006536,0.6555392156862745,0.7006535947712418,1530
IVFSPEA2_vs_SPEA2,IGD,0.1,SPEA2,0.7454545454545454,0.6777777777777778,0.6561928104575163,0.7013071895424836,1530
IVFSPEA2_vs_SPEA2,IGD,0.1,SPEA2,0.7545454545454545,0.6797385620915033,0.657516339869281,0.7032679738562092,1530
IVFSPEA2_vs_SPEA2,IGD,0.1,SPEA2,0.7636363636363636,0.6803921568627451,0.6588071895424836,0.703921568627451,1530
IVFSPEA2_vs_SPEA2,IGD,0.1,SPEA2,0.7727272727272727,0.6803921568627451,0.6588071895424836,0.703921568627451,1530
IVFSPEA2_vs_SPEA2,IGD,0.1,SPEA2,0.7818181818181817,0.681045751633987,0.6594607843137255,0.7039379084967321,1530
IVFSPEA2_vs_SPEA2,IGD,0.1,SPEA2,0.7909090909090909,0.6823529411764706,0.6607679738562091,0.7052287581699347,1530
IVFSPEA2_vs_SPEA2,IGD,0.1,SPEA2,0.7999999999999999,0.6823529411764706,0.6607679738562091,0.7052287581699347,1530
IVFSPEA2_vs_SPEA2,IGD,0.1,SPEA2,0.8090909090909091,0.6823529411764706,0.6607679738562091,0.7052287581699347,1530
IVFSPEA2_vs_SPEA2,IGD,0.1,SPEA2,0.8181818181818181,0.6843137254901961,0.6627450980392157,0.7071895424836602,1530
IVFSPEA2_vs_SPEA2,IGD,0.1,SPEA2,0.8272727272727273,0.6849673202614379,0.6633986928104575,0.707843137254902,1530
IVFSPEA2_vs_SPEA2,IGD,0.1,SPEA2,0.8363636363636363,0.6856209150326797,0.6640359477124183,0.7084967320261438,1530
IVFSPEA2_vs_SPEA2,IGD,0.1,SPEA2,0.8454545454545453,0.6862745098039216,0.6640522875816993,0.7091503267973857,1530
IVFSPEA2_vs_SPEA2,IGD,0.1,SPEA2,0.8545454545454545,0.6869281045751634,0.6647058823529411,0.7091503267973857,1530
IVFSPEA2_vs_SPEA2,IGD,0.1,SPEA2,0.8636363636363635,0.6875816993464052,0.6666503267973856,0.7098202614379086,1530
IVFSPEA2_vs_SPEA2,IGD,0.1,SPEA2,0.8727272727272727,0.6882352941176471,0.6666666666666666,0.7111274509803922,1530
IVFSPEA2_vs_SPEA2,IGD,0.1,SPEA2,0.8818181818181817,0.6895424836601307,0.6679738562091503,0.7124183006535948,1530
IVFSPEA2_vs_SPEA2,IGD,0.1,SPEA2,0.8909090909090909,0.6908496732026144,0.6692647058823529,0.7137254901960784,1530
IVFSPEA2_vs_SPEA2,IGD,0.1,SPEA2,0.8999999999999999,0.6915032679738562,0.6699346405228758,0.7143790849673203,1530
IVFSPEA2_vs_SPEA2,IGD,0.1,SPEA2,0.9090909090909091,0.6928104575163399,0.6705882352941176,0.7156862745098039,1530
IVFSPEA2_vs_SPEA2,IGD,0.1,SPEA2,0.9181818181818181,0.6928104575163399,0.6705882352941176,0.7156862745098039,1530
IVFSPEA2_vs_SPEA2,IGD,0.1,SPEA2,0.9272727272727272,0.6941176470588235,0.6725326797385621,0.7169934640522876,1530
IVFSPEA2_vs_SPEA2,IGD,0.1,SPEA2,0.9363636363636363,0.6941176470588235,0.6725326797385621,0.7169934640522876,1530
IVFSPEA2_vs_SPEA2,IGD,0.1,SPEA2,0.9454545454545454,0.6947712418300653,0.673202614379085,0.7183006535947712,1530
IVFSPEA2_vs_SPEA2,IGD,0.1,SPEA2,0.9545454545454545,0.6947712418300653,0.673202614379085,0.7183006535947712,1530
IVFSPEA2_vs_SPEA2,IGD,0.1,SPEA2,0.9636363636363636,0.6947712418300653,0.673202614379085,0.7183006535947712,1530
IVFSPEA2_vs_SPEA2,IGD,0.1,SPEA2,0.9727272727272727,0.696078431372549,0.6751633986928105,0.7189542483660131,1530
IVFSPEA2_vs_SPEA2,IGD,0.1,SPEA2,0.9818181818181817,0.6980392156862745,0.6764705882352942,0.7209150326797386,1530
IVFSPEA2_vs_SPEA2,IGD,0.1,SPEA2,0.9909090909090909,0.7,0.6784313725490196,0.7222385620915033,1530
IVFSPEA2_vs_SPEA2,IGD,0.1,SPEA2,1.0,0.7006535947712418,0.6790849673202615,0.7235294117647059,1530
IVFSPEA2_vs_SPEA2,HV,0.5,IVFSPEA2,0.1,0.6888888888888889,0.6647058823529411,0.7130718954248366,1530
IVFSPEA2_vs_SPEA2,HV,0.5,IVFSPEA2,0.1090909090909091,0.707843137254902,0.6830065359477124,0.730718954248366,1530
IVFSPEA2_vs_SPEA2,HV,0.5,IVFSPEA2,0.1181818181818182,0.7274509803921568,0.70390522875817,0.7503267973856209,1530
IVFSPEA2_vs_SPEA2,HV,0.5,IVFSPEA2,0.1272727272727273,0.74640522875817,0.7241666666666666,0.7666830065359478,1530
IVFSPEA2_vs_SPEA2,HV,0.5,IVFSPEA2,0.13636363636363635,0.7633986928104575,0.7411764705882353,0.7843137254901961,1530
IVFSPEA2_vs_SPEA2,HV,0.5,IVFSPEA2,0.14545454545454545,0.777124183006536,0.7562091503267974,0.7980392156862746,1530
IVFSPEA2_vs_SPEA2,HV,0.5,IVFSPEA2,0.15454545454545454,0.8169934640522876,0.7986764705882353,0.8359477124183007,1530
IVFSPEA2_vs_SPEA2,HV,0.5,IVFSPEA2,0.16363636363636364,0.8326797385620915,0.8137254901960784,0.8509803921568627,1530
IVFSPEA2_vs_SPEA2,HV,0.5,IVFSPEA2,0.17272727272727273,0.8372549019607843,0.8183006535947712,0.8555555555555555,1530
IVFSPEA2_vs_SPEA2,HV,0.5,IVFSPEA2,0.18181818181818182,0.8398692810457516,0.8215686274509804,0.8581699346405228,1530
IVFSPEA2_vs_SPEA2,HV,0.5,IVFSPEA2,0.19090909090909092,0.842483660130719,0.8241666666666666,0.8607843137254902,1530
IVFSPEA2_vs_SPEA2,HV,0.5,IVFSPEA2,0.2,0.8457516339869281,0.8280882352941176,0.8633986928104576,1530
IVFSPEA2_vs_SPEA2,HV,0.5,IVFSPEA2,0.2090909090909091,0.8522875816993464,0.834640522875817,0.869281045751634,1530
IVFSPEA2_vs_SPEA2,HV,0.5,IVFSPEA2,0.2181818181818182,0.8549019607843137,0.8372549019607843,0.8718954248366013,1530
IVFSPEA2_vs_SPEA2,HV,0.5,IVFSPEA2,0.22727272727272727,0.8581699346405228,0.8405228758169935,0.8751633986928105,1530
IVFSPEA2_vs_SPEA2,HV,0.5,IVFSPEA2,0.23636363636363636,0.8601307189542484,0.842483660130719,0.8764705882352941,1530
IVFSPEA2_vs_SPEA2,HV,0.5,IVFSPEA2,0.24545454545454545,0.8614379084967321,0.8437908496732026,0.877140522875817,1530
IVFSPEA2_vs_SPEA2,HV,0.5,IVFSPEA2,0.2545454545454545,0.907843137254902,0.8934640522875817,0.9222222222222223,1530
IVFSPEA2_vs_SPEA2,HV,0.5,IVFSPEA2,0.26363636363636367,0.9117647058823529,0.8973856209150327,0.9254901960784314,1530
IVFSPEA2_vs_SPEA2,HV,0.5,IVFSPEA2,0.2727272727272727,0.9117647058823529,0.8973856209150327,0.9254901960784314,1530
IVFSPEA2_vs_SPEA2,HV,0.5,IVFSPEA2,0.28181818181818186,0.9137254901960784,0.8993464052287582,0.927467320261438,1530
IVFSPEA2_vs_SPEA2,HV,0.5,IVFSPEA2,0.2909090909090909,0.9137254901960784,0.8993464052287582,0.927467320261438,1530
IVFSPEA2_vs_SPEA2,HV,0.5,IVFSPEA2,0.3,0.9156862745098039,0.9019607843137255,0.9294117647058824,1530
IVFSPEA2_vs_SPEA2,HV,0.5,IVFSPEA2,0.3090909090909091,0.9196078431372549,0.9065196078431372,0.9326960784313726,1530
IVFSPEA2_vs_SPEA2,HV,0.5,IVFSPEA2,0.3181818181818182,0.9196078431372549,0.9065196078431372,0.9326960784313726,1530
IVFSPEA2_vs_SPEA2,HV,0.5,IVFSPEA2,0.32727272727272727,0.9196078431372549,0.9065196078431372,0.9326960784313726,1530
IVFSPEA2_vs_SPEA2,HV,0.5,IVFSPEA2,0.33636363636363636,0.9202614379084967,0.9071895424836601,0.9340032679738562,1530
IVFSPEA2_vs_SPEA2,HV,0.5,IVFSPEA2,0.34545454545454546,0.9209150326797385,0.9071895424836601,0.934640522875817,1530
IVFSPEA2_vs_SPEA2,HV,0.5,IVFSPEA2,0.3545454545454545,0.9359477124183007,0.9235294117647059,0.9483660130718954,1530
IVFSPEA2_vs_SPEA2,HV,0.5,IVFSPEA2,0.36363636363636365,0.938562091503268,0.9267973856209151,0.9509803921568627,1530
IVFSPEA2_vs_SPEA2,HV,0.5,IVFSPEA2,0.3727272727272727,0.9392156862745098,0.9274509803921569,0.9516339869281045,1530
IVFSPEA2_vs_SPEA2,HV,0.5,IVFSPEA2,0.38181818181818183,0.9392156862745098,0.9274509803921569,0.9516339869281045,1530
IVFSPEA2_vs_SPEA2,HV,0.5,IVFSPEA2,0.3909090909090909,0.9392156862745098,0.9274509803921569,0.9516339869281045,1530
IVFSPEA2_vs_SPEA2,HV,0.5,IVFSPEA2,0.4,0.9392156862745098,0.9274509803921569,0.9516339869281045,1530
IVFSPEA2_vs_SPEA2,HV,0.5,IVFSPEA2,0.40909090909090906,0.9392156862745098,0.9274509803921569,0.9516339869281045,1530
IVFSPEA2_vs_SPEA2,HV,0.5,IVFSPEA2,0.4181818181818182,0.9392156862745098,0.9274509803921569,0.9516339869281045,1530
IVFSPEA2_vs_SPEA2,HV,0.5,IVFSPEA2,0.42727272727272725,0.9392156862745098,0.9274509803921569,0.9516339869281045,1530
IVFSPEA2_vs_SPEA2,HV,0.5,IVFSPEA2,0.4363636363636364,0.9398692810457516,0.9287418300653595,0.9522875816993464,1530
IVFSPEA2_vs_SPEA2,HV,0.5,IVFSPEA2,0.44545454545454544,0.9405228758169935,0.9287581699346406,0.9522875816993464,1530
IVFSPEA2_vs_SPEA2,HV,0.5,IVFSPEA2,0.4545454545454546,0.9444444444444444,0.9326797385620915,0.9555555555555556,1530
IVFSPEA2_vs_SPEA2,HV,0.5,IVFSPEA2,0.4636363636363636,0.9444444444444444,0.9326797385620915,0.9555555555555556,1530
IVFSPEA2_vs_SPEA2,HV,0.5,IVFSPEA2,0.47272727272727266,0.9444444444444444,0.9326797385620915,0.9555555555555556,1530
IVFSPEA2_vs_SPEA2,HV,0.5,IVFSPEA2,0.4818181818181818,0.9450980392156862,0.9333333333333333,0.9562091503267974,1530
IVFSPEA2_vs_SPEA2,HV,0.5,IVFSPEA2,0.49090909090909085,0.9450980392156862,0.9333333333333333,0.9562091503267974,1530
IVFSPEA2_vs_SPEA2,HV,0.5,IVFSPEA2,0.5,0.9450980392156862,0.9333333333333333,0.9562091503267974,1530
IVFSPEA2_vs_SPEA2,HV,0.5,IVFSPEA2,0.509090909090909,0.9450980392156862,0.9333333333333333,0.9562091503267974,1530
IVFSPEA2_vs_SPEA2,HV,0.5,IVFSPEA2,0.5181818181818182,0.9450980392156862,0.9333333333333333,0.9562091503267974,1530
IVFSPEA2_vs_SPEA2,HV,0.5,IVFSPEA2,0.5272727272727272,0.9450980392156862,0.9333333333333333,0.9562091503267974,1530
IVFSPEA2_vs_SPEA2,HV,0.5,IVFSPEA2,0.5363636363636364,0.9450980392156862,0.9333333333333333,0.9562091503267974,1530
IVFSPEA2_vs_SPEA2,HV,0.5,IVFSPEA2,0.5454545454545454,0.9450980392156862,0.9333333333333333,0.9562091503267974,1530
IVFSPEA2_vs_SPEA2,HV,0.5,IVFSPEA2,0.5545454545454546,0.9450980392156862,0.9333333333333333,0.9562091503267974,1530
IVFSPEA2_vs_SPEA2,HV,0.5,IVFSPEA2,0.5636363636363636,0.9450980392156862,0.9333333333333333,0.9562091503267974,1530
IVFSPEA2_vs_SPEA2,HV,0.5,IVFSPEA2,0.5727272727272728,0.9450980392156862,0.9333333333333333,0.9562091503267974,1530
IVFSPEA2_vs_SPEA2,HV,0.5,IVFSPEA2,0.5818181818181818,0.9450980392156862,0.9333333333333333,0.9562091503267974,1530
IVFSPEA2_vs_SPEA2,HV,0.5,IVFSPEA2,0.5909090909090909,0.9450980392156862,0.9333333333333333,0.9562091503267974,1530
IVFSPEA2_vs_SPEA2,HV,0.5,IVFSPEA2,0.6,0.9450980392156862,0.9333333333333333,0.9562091503267974,1530
IVFSPEA2_vs_SPEA2,HV,0.5,IVFSPEA2,0.609090909090909,0.9450980392156862,0.9333333333333333,0.9562091503267974,1530
IVFSPEA2_vs_SPEA2,HV,0.5,IVFSPEA2,0.6181818181818182,0.9450980392156862,0.9333333333333333,0.9562091503267974,1530
IVFSPEA2_vs_SPEA2,HV,0.5,IVFSPEA2,0.6272727272727272,0.9450980392156862,0.9333333333333333,0.9562091503267974,1530
IVFSPEA2_vs_SPEA2,HV,0.5,IVFSPEA2,0.6363636363636364,0.9450980392156862,0.9333333333333333,0.9562091503267974,1530
IVFSPEA2_vs_SPEA2,HV,0.5,IVFSPEA2,0.6454545454545454,0.9450980392156862,0.9333333333333333,0.9562091503267974,1530
IVFSPEA2_vs_SPEA2,HV,0.5,IVFSPEA2,0.6545454545454545,0.9450980392156862,0.9333333333333333,0.9562091503267974,1530
IVFSPEA2_vs_SPEA2,HV,0.5,IVFSPEA2,0.6636363636363636,0.9450980392156862,0.9333333333333333,0.9562091503267974,1530
IVFSPEA2_vs_SPEA2,HV,0.5,IVFSPEA2,0.6727272727272727,0.9450980392156862,0.9333333333333333,0.9562091503267974,1530
IVFSPEA2_vs_SPEA2,HV,0.5,IVFSPEA2,0.6818181818181818,0.9450980392156862,0.9333333333333333,0.9562091503267974,1530
IVFSPEA2_vs_SPEA2,HV,0.5,IVFSPEA2,0.6909090909090908,0.9450980392156862,0.9333333333333333,0.9562091503267974,1530
IVFSPEA2_vs_SPEA2,HV,0.5,IVFSPEA2,0.7,0.9450980392156862,0.9333333333333333,0.9562091503267974,1530
IVFSPEA2_vs_SPEA2,HV,0.5,IVFSPEA2,0.709090909090909,0.9450980392156862,0.9333333333333333,0.9562091503267974,1530
IVFSPEA2_vs_SPEA2,HV,0.5,IVFSPEA2,0.7181818181818181,0.9450980392156862,0.9333333333333333,0.9562091503267974,1530
IVFSPEA2_vs_SPEA2,HV,0.5,IVFSPEA2,0.7272727272727272,0.9450980392156862,0.9333333333333333,0.9562091503267974,1530
IVFSPEA2_vs_SPEA2,HV,0.5,IVFSPEA2,0.7363636363636363,0.9450980392156862,0.9333333333333333,0.9562091503267974,1530
IVFSPEA2_vs_SPEA2,HV,0.5,IVFSPEA2,0.7454545454545454,0.9450980392156862,0.9333333333333333,0.9562091503267974,1530
IVFSPEA2_vs_SPEA2,HV,0.5,IVFSPEA2,0.7545454545454545,0.9450980392156862,0.9333333333333333,0.9562091503267974,1530
IVFSPEA2_vs_SPEA2,HV,0.5,IVFSPEA2,0.7636363636363636,0.9450980392156862,0.9333333333333333,0.9562091503267974,1530
IVFSPEA2_vs_SPEA2,HV,0.5,IVFSPEA2,0.7727272727272727,0.9450980392156862,0.9333333333333333,0.9562091503267974,1530
IVFSPEA2_vs_SPEA2,HV,0.5,IVFSPEA2,0.7818181818181817,0.9450980392156862,0.9333333333333333,0.9562091503267974,1530
IVFSPEA2_vs_SPEA2,HV,0.5,IVFSPEA2,0.7909090909090909,0.9450980392156862,0.9333333333333333,0.9562091503267974,1530
IVFSPEA2_vs_SPEA2,HV,0.5,IVFSPEA2,0.7999999999999999,0.9450980392156862,0.9333333333333333,0.9562091503267974,1530
IVFSPEA2_vs_SPEA2,HV,0.5,IVFSPEA2,0.8090909090909091,0.9450980392156862,0.9333333333333333,0.9562091503267974,1530
IVFSPEA2_vs_SPEA2,HV,0.5,IVFSPEA2,0.8181818181818181,0.9450980392156862,0.9333333333333333,0.9562091503267974,1530
IVFSPEA2_vs_SPEA2,HV,0.5,IVFSPEA2,0.8272727272727273,0.9450980392156862,0.9333333333333333,0.9562091503267974,1530
IVFSPEA2_vs_SPEA2,HV,0.5,IVFSPEA2,0.8363636363636363,0.9450980392156862,0.9333333333333333,0.9562091503267974,1530
IVFSPEA2_vs_SPEA2,HV,0.5,IVFSPEA2,0.8454545454545453,0.9450980392156862,0.9333333333333333,0.9562091503267974,1530
IVFSPEA2_vs_SPEA2,HV,0.5,IVFSPEA2,0.8545454545454545,0.9450980392156862,0.9333333333333333,0.9562091503267974,1530
IVFSPEA2_vs_SPEA2,HV,0.5,IVFSPEA2,0.8636363636363635,0.9450980392156862,0.9333333333333333,0.9562091503267974,1530
IVFSPEA2_vs_SPEA2,HV,0.5,IVFSPEA2,0.8727272727272727,0.9450980392156862,0.9333333333333333,0.9562091503267974,1530
IVFSPEA2_vs_SPEA2,HV,0.5,IVFSPEA2,0.8818181818181817,0.9450980392156862,0.9333333333333333,0.9562091503267974,1530
IVFSPEA2_vs_SPEA2,HV,0.5,IVFSPEA2,0.8909090909090909,0.9450980392156862,0.9333333333333333,0.9562091503267974,1530
IVFSPEA2_vs_SPEA2,HV,0.5,IVFSPEA2,0.8999999999999999,0.9450980392156862,0.9333333333333333,0.9562091503267974,1530
IVFSPEA2_vs_SPEA2,HV,0.5,IVFSPEA2,0.9090909090909091,0.9450980392156862,0.9333333333333333,0.9562091503267974,1530
IVFSPEA2_vs_SPEA2,HV,0.5,IVFSPEA2,0.9181818181818181,0.9450980392156862,0.9333333333333333,0.9562091503267974,1530
IVFSPEA2_vs_SPEA2,HV,0.5,IVFSPEA2,0.9272727272727272,0.9450980392156862,0.9333333333333333,0.9562091503267974,1530
IVFSPEA2_vs_SPEA2,HV,0.5,IVFSPEA2,0.9363636363636363,0.9450980392156862,0.9333333333333333,0.9562091503267974,1530
IVFSPEA2_vs_SPEA2,HV,0.5,IVFSPEA2,0.9454545454545454,0.9450980392156862,0.9333333333333333,0.9562091503267974,1530
IVFSPEA2_vs_SPEA2,HV,0.5,IVFSPEA2,0.9545454545454545,0.9450980392156862,0.9333333333333333,0.9562091503267974,1530
IVFSPEA2_vs_SPEA2,HV,0.5,IVFSPEA2,0.9636363636363636,0.9450980392156862,0.9333333333333333,0.9562091503267974,1530
IVFSPEA2_vs_SPEA2,HV,0.5,IVFSPEA2,0.9727272727272727,0.9450980392156862,0.9333333333333333,0.9562091503267974,1530
IVFSPEA2_vs_SPEA2,HV,0.5,IVFSPEA2,0.9818181818181817,0.9450980392156862,0.9333333333333333,0.9562091503267974,1530
IVFSPEA2_vs_SPEA2,HV,0.5,IVFSPEA2,0.9909090909090909,0.9450980392156862,0.9333333333333333,0.9562091503267974,1530
IVFSPEA2_vs_SPEA2,HV,0.5,IVFSPEA2,1.0,0.9450980392156862,0.9333333333333333,0.9562091503267974,1530
IVFSPEA2_vs_SPEA2,HV,0.5,SPEA2,0.1,0.3803921568627451,0.3562091503267974,0.4065359477124183,1530
IVFSPEA2_vs_SPEA2,HV,0.5,SPEA2,0.1090909090909091,0.40261437908496733,0.3790849673202614,0.4294117647058823,1530
IVFSPEA2_vs_SPEA2,HV,0.5,SPEA2,0.1181818181818182,0.43071895424836604,0.4071895424836601,0.4568627450980392,1530
IVFSPEA2_vs_SPEA2,HV,0.5,SPEA2,0.1272727272727273,0.46601307189542485,0.44248366013071894,0.4915196078431372,1530
IVFSPEA2_vs_SPEA2,HV,0.5,SPEA2,0.13636363636363635,0.5104575163398692,0.4869281045751634,0.5359477124183006,1530
IVFSPEA2_vs_SPEA2,HV,0.5,SPEA2,0.14545454545454545,0.5549019607843138,0.5326633986928104,0.581045751633987,1530
IVFSPEA2_vs_SPEA2,HV,0.5,SPEA2,0.15454545454545454,0.6274509803921569,0.6045751633986928,0.6509803921568628,1530
IVFSPEA2_vs_SPEA2,HV,0.5,SPEA2,0.16363636363636364,0.6647058823529411,0.6411764705882353,0.6875816993464052,1530
IVFSPEA2_vs_SPEA2,HV,0.5,SPEA2,0.17272727272727273,0.6980392156862745,0.6758169934640523,0.7202614379084967,1530
IVFSPEA2_vs_SPEA2,HV,0.5,SPEA2,0.18181818181818182,0.7339869281045751,0.7117483660130719,0.7549019607843137,1530
IVFSPEA2_vs_SPEA2,HV,0.5,SPEA2,0.19090909090909092,0.7627450980392156,0.7411764705882353,0.7830228758169935,1530
IVFSPEA2_vs_SPEA2,HV,0.5,SPEA2,0.2,0.7849673202614379,0.7633986928104575,0.8045751633986928,1530
IVFSPEA2_vs_SPEA2,HV,0.5,SPEA2,0.2090909090909091,0.7908496732026143,0.7699346405228759,0.8111111111111111,1530
IVFSPEA2_vs_SPEA2,HV,0.5,SPEA2,0.2181818181818182,0.7993464052287582,0.7777777777777778,0.818954248366013,1530
IVFSPEA2_vs_SPEA2,HV,0.5,SPEA2,0.22727272727272727,0.8058823529411765,0.7849673202614379,0.8261437908496732,1530
IVFSPEA2_vs_SPEA2,HV,0.5,SPEA2,0.23636363636363636,0.8137254901960784,0.7928104575163398,0.8333496732026144,1530
IVFSPEA2_vs_SPEA2,HV,0.5,SPEA2,0.24545454545454545,0.8215686274509804,0.8006535947712419,0.8411764705882353,1530
IVFSPEA2_vs_SPEA2,HV,0.5,SPEA2,0.2545454545454545,0.8673202614379085,0.8496732026143791,0.884313725490196,1530
IVFSPEA2_vs_SPEA2,HV,0.5,SPEA2,0.26363636363636367,0.8888888888888888,0.8718954248366013,0.9045751633986928,1530
IVFSPEA2_vs_SPEA2,HV,0.5,SPEA2,0.2727272727272727,0.8980392156862745,0.8810457516339869,0.9124346405228758,1530
IVFSPEA2_vs_SPEA2,HV,0.5,SPEA2,0.28181818181818186,0.8986928104575164,0.8816993464052287,0.9130718954248366,1530
IVFSPEA2_vs_SPEA2,HV,0.5,SPEA2,0.2909090909090909,0.9006535947712418,0.8849673202614379,0.9156862745098039,1530
IVFSPEA2_vs_SPEA2,HV,0.5,SPEA2,0.3,0.9032679738562092,0.8869281045751634,0.9176470588235294,1530
IVFSPEA2_vs_SPEA2,HV,0.5,SPEA2,0.3090909090909091,0.9065359477124183,0.8895424836601307,0.9202614379084967,1530
IVFSPEA2_vs_SPEA2,HV,0.5,SPEA2,0.3181818181818182,0.9098039215686274,0.8934640522875817,0.923545751633987,1530
IVFSPEA2_vs_SPEA2,HV,0.5,SPEA2,0.32727272727272727,0.9124183006535947,0.8967320261437909,0.9261437908496732,1530
IVFSPEA2_vs_SPEA2,HV,0.5,SPEA2,0.33636363636363636,0.9156862745098039,0.9,0.9294117647058824,1530
IVFSPEA2_vs_SPEA2,HV,0.5,SPEA2,0.34545454545454546,0.9169934640522875,0.9013071895424837,0.9300653594771242,1530
IVFSPEA2_vs_SPEA2,HV,0.5,SPEA2,0.3545454545454545,0.9267973856209151,0.9117647058823529,0.9392156862745098,1530
IVFSPEA2_vs_SPEA2,HV,0.5,SPEA2,0.36363636363636365,0.9313725490196079,0.9169934640522875,0.9444444444444444,1530
IVFSPEA2_vs_SPEA2,HV,0.5,SPEA2,0.3727272727272727,0.9333333333333333,0.9196078431372549,0.9464052287581699,1530
IVFSPEA2_vs_SPEA2,HV,0.5,SPEA2,0.38181818181818183,0.934640522875817,0.9209150326797385,0.9470751633986928,1530
IVFSPEA2_vs_SPEA2,HV,0.5,SPEA2,0.3909090909090909,0.9352941176470588,0.9215686274509803,0.9477287581699346,1530
IVFSPEA2_vs_SPEA2,HV,0.5,SPEA2,0.4,0.9359477124183007,0.9222222222222223,0.9490196078431372,1530
IVFSPEA2_vs_SPEA2,HV,0.5,SPEA2,0.40909090909090906,0.9366013071895425,0.9228758169934641,0.9490196078431372,1530
IVFSPEA2_vs_SPEA2,HV,0.5,SPEA2,0.4181818181818182,0.9372549019607843,0.9241830065359478,0.949673202614379,1530
IVFSPEA2_vs_SPEA2,HV,0.5,SPEA2,0.42727272727272725,0.9379084967320261,0.9248202614379085,0.9503267973856209,1530
IVFSPEA2_vs_SPEA2,HV,0.5,SPEA2,0.4363636363636364,0.9392156862745098,0.9254901960784314,0.9509967320261438,1530
IVFSPEA2_vs_SPEA2,HV,0.5,SPEA2,0.44545454545454544,0.9398692810457516,0.9267973856209151,0.9516503267973856,1530
IVFSPEA2_vs_SPEA2,HV,0.5,SPEA2,0.4545454545454546,0.9418300653594771,0.9287418300653595,0.9535947712418301,1530
IVFSPEA2_vs_SPEA2,HV,0.5,SPEA2,0.4636363636363636,0.9418300653594771,0.9287418300653595,0.9535947712418301,1530
IVFSPEA2_vs_SPEA2,HV,0.5,SPEA2,0.47272727272727266,0.9418300653594771,0.9287418300653595,0.9535947712418301,1530
IVFSPEA2_vs_SPEA2,HV,0.5,SPEA2,0.4818181818181818,0.9418300653594771,0.9287418300653595,0.9535947712418301,1530
IVFSPEA2_vs_SPEA2,HV,0.5,SPEA2,0.49090909090909085,0.9424836601307189,0.9294117647058824,0.954248366013072,1530
IVFSPEA2_vs_SPEA2,HV,0.5,SPEA2,0.5,0.9424836601307189,0.9294117647058824,0.954248366013072,1530
IVFSPEA2_vs_SPEA2,HV,0.5,SPEA2,0.509090909090909,0.9424836601307189,0.9294117647058824,0.954248366013072,1530
IVFSPEA2_vs_SPEA2,HV,0.5,SPEA2,0.5181818181818182,0.9424836601307189,0.9294117647058824,0.954248366013072,1530
IVFSPEA2_vs_SPEA2,HV,0.5,SPEA2,0.5272727272727272,0.9424836601307189,0.9294117647058824,0.954248366013072,1530
IVFSPEA2_vs_SPEA2,HV,0.5,SPEA2,0.5363636363636364,0.9431372549019608,0.9300653594771242,0.9549019607843138,1530
IVFSPEA2_vs_SPEA2,HV,0.5,SPEA2,0.5454545454545454,0.9431372549019608,0.9300653594771242,0.9549019607843138,1530
IVFSPEA2_vs_SPEA2,HV,0.5,SPEA2,0.5545454545454546,0.9431372549019608,0.9300653594771242,0.9549019607843138,1530
IVFSPEA2_vs_SPEA2,HV,0.5,SPEA2,0.5636363636363636,0.9431372549019608,0.9300653594771242,0.9549019607843138,1530
IVFSPEA2_vs_SPEA2,HV,0.5,SPEA2,0.5727272727272728,0.9431372549019608,0.9300653594771242,0.9549019607843138,1530
IVFSPEA2_vs_SPEA2,HV,0.5,SPEA2,0.5818181818181818,0.9431372549019608,0.9300653594771242,0.9549019607843138,1530
IVFSPEA2_vs_SPEA2,HV,0.5,SPEA2,0.5909090909090909,0.9431372549019608,0.9300653594771242,0.9549019607843138,1530
IVFSPEA2_vs_SPEA2,HV,0.5,SPEA2,0.6,0.9431372549019608,0.9300653594771242,0.9549019607843138,1530
IVFSPEA2_vs_SPEA2,HV,0.5,SPEA2,0.609090909090909,0.9437908496732026,0.930718954248366,0.9555555555555556,1530
IVFSPEA2_vs_SPEA2,HV,0.5,SPEA2,0.6181818181818182,0.9450980392156862,0.9320261437908497,0.9562091503267974,1530
IVFSPEA2_vs_SPEA2,HV,0.5,SPEA2,0.6272727272727272,0.9450980392156862,0.9320261437908497,0.9562091503267974,1530
IVFSPEA2_vs_SPEA2,HV,0.5,SPEA2,0.6363636363636364,0.9450980392156862,0.9320261437908497,0.9562091503267974,1530
IVFSPEA2_vs_SPEA2,HV,0.5,SPEA2,0.6454545454545454,0.9450980392156862,0.9320261437908497,0.9562091503267974,1530
IVFSPEA2_vs_SPEA2,HV,0.5,SPEA2,0.6545454545454545,0.9450980392156862,0.9320261437908497,0.9562091503267974,1530
IVFSPEA2_vs_SPEA2,HV,0.5,SPEA2,0.6636363636363636,0.9457516339869281,0.9326797385620915,0.9568627450980393,1530
IVFSPEA2_vs_SPEA2,HV,0.5,SPEA2,0.6727272727272727,0.9457516339869281,0.9326797385620915,0.9568627450980393,1530
IVFSPEA2_vs_SPEA2,HV,0.5,SPEA2,0.6818181818181818,0.9457516339869281,0.9326797385620915,0.9568627450980393,1530
IVFSPEA2_vs_SPEA2,HV,0.5,SPEA2,0.6909090909090908,0.9457516339869281,0.9326797385620915,0.9568627450980393,1530
IVFSPEA2_vs_SPEA2,HV,0.5,SPEA2,0.7,0.9457516339869281,0.9326797385620915,0.9568627450980393,1530
IVFSPEA2_vs_SPEA2,HV,0.5,SPEA2,0.709090909090909,0.9464052287581699,0.9339705882352941,0.9575163398692811,1530
IVFSPEA2_vs_SPEA2,HV,0.5,SPEA2,0.7181818181818181,0.9464052287581699,0.9339705882352941,0.9575163398692811,1530
IVFSPEA2_vs_SPEA2,HV,0.5,SPEA2,0.7272727272727272,0.9464052287581699,0.9339705882352941,0.9575163398692811,1530
IVFSPEA2_vs_SPEA2,HV,0.5,SPEA2,0.7363636363636363,0.9464052287581699,0.9339705882352941,0.9575163398692811,1530
IVFSPEA2_vs_SPEA2,HV,0.5,SPEA2,0.7454545454545454,0.9464052287581699,0.9339705882352941,0.9575163398692811,1530
IVFSPEA2_vs_SPEA2,HV,0.5,SPEA2,0.7545454545454545,0.9464052287581699,0.9339705882352941,0.9575163398692811,1530
IVFSPEA2_vs_SPEA2,HV,0.5,SPEA2,0.7636363636363636,0.9464052287581699,0.9339705882352941,0.9575163398692811,1530
IVFSPEA2_vs_SPEA2,HV,0.5,SPEA2,0.7727272727272727,0.9464052287581699,0.9339705882352941,0.9575163398692811,1530
IVFSPEA2_vs_SPEA2,HV,0.5,SPEA2,0.7818181818181817,0.9464052287581699,0.9339705882352941,0.9575163398692811,1530
IVFSPEA2_vs_SPEA2,HV,0.5,SPEA2,0.7909090909090909,0.9464052287581699,0.9339705882352941,0.9575163398692811,1530
IVFSPEA2_vs_SPEA2,HV,0.5,SPEA2,0.7999999999999999,0.9470588235294117,0.9346241830065359,0.9575326797385622,1530
IVFSPEA2_vs_SPEA2,HV,0.5,SPEA2,0.8090909090909091,0.9470588235294117,0.9346241830065359,0.9575326797385622,1530
IVFSPEA2_vs_SPEA2,HV,0.5,SPEA2,0.8181818181818181,0.9470588235294117,0.9346241830065359,0.9575326797385622,1530
IVFSPEA2_vs_SPEA2,HV,0.5,SPEA2,0.8272727272727273,0.9470588235294117,0.9346241830065359,0.9575326797385622,1530
IVFSPEA2_vs_SPEA2,HV,0.5,SPEA2,0.8363636363636363,0.9470588235294117,0.9346241830065359,0.9575326797385622,1530
IVFSPEA2_vs_SPEA2,HV,0.5,SPEA2,0.8454545454545453,0.9470588235294117,0.9346241830065359,0.9575326797385622,1530
IVFSPEA2_vs_SPEA2,HV,0.5,SPEA2,0.8545454545454545,0.9470588235294117,0.9346241830065359,0.9575326797385622,1530
IVFSPEA2_vs_SPEA2,HV,0.5,SPEA2,0.8636363636363635,0.9470588235294117,0.9346241830065359,0.9575326797385622,1530
IVFSPEA2_vs_SPEA2,HV,0.5,SPEA2,0.8727272727272727,0.9470588235294117,0.9346241830065359,0.9575326797385622,1530
IVFSPEA2_vs_SPEA2,HV,0.5,SPEA2,0.8818181818181817,0.9470588235294117,0.9346241830065359,0.9575326797385622,1530
IVFSPEA2_vs_SPEA2,HV,0.5,SPEA2,0.8909090909090909,0.9470588235294117,0.9346241830065359,0.9575326797385622,1530
IVFSPEA2_vs_SPEA2,HV,0.5,SPEA2,0.8999999999999999,0.9470588235294117,0.9346241830065359,0.9575326797385622,1530
IVFSPEA2_vs_SPEA2,HV,0.5,SPEA2,0.9090909090909091,0.9470588235294117,0.9346241830065359,0.9575326797385622,1530
IVFSPEA2_vs_SPEA2,HV,0.5,SPEA2,0.9181818181818181,0.9470588235294117,0.9346241830065359,0.9575326797385622,1530
IVFSPEA2_vs_SPEA2,HV,0.5,SPEA2,0.9272727272727272,0.9477124183006536,0.9352941176470588,0.958186274509804,1530
IVFSPEA2_vs_SPEA2,HV,0.5,SPEA2,0.9363636363636363,0.9477124183006536,0.9352941176470588,0.958186274509804,1530
IVFSPEA2_vs_SPEA2,HV,0.5,SPEA2,0.9454545454545454,0.9477124183006536,0.9352941176470588,0.958186274509804,1530
IVFSPEA2_vs_SPEA2,HV,0.5,SPEA2,0.9545454545454545,0.9477124183006536,0.9352941176470588,0.958186274509804,1530
IVFSPEA2_vs_SPEA2,HV,0.5,SPEA2,0.9636363636363636,0.9477124183006536,0.9352941176470588,0.958186274509804,1530
IVFSPEA2_vs_SPEA2,HV,0.5,SPEA2,0.9727272727272727,0.9477124183006536,0.9352941176470588,0.958186274509804,1530
IVFSPEA2_vs_SPEA2,HV,0.5,SPEA2,0.9818181818181817,0.9477124183006536,0.9352941176470588,0.958186274509804,1530
IVFSPEA2_vs_SPEA2,HV,0.5,SPEA2,0.9909090909090909,0.9477124183006536,0.9352941176470588,0.958186274509804,1530
IVFSPEA2_vs_SPEA2,HV,0.5,SPEA2,1.0,0.9477124183006536,0.9352941176470588,0.958186274509804,1530
IVFSPEA2_vs_SPEA2,HV,0.25,IVFSPEA2,0.1,0.3516339869281046,0.32679738562091504,0.3758169934640523,1530
IVFSPEA2_vs_SPEA2,HV,0.25,IVFSPEA2,0.1090909090909091,0.37973856209150325,0.3555392156862745,0.4045751633986928,1530
IVFSPEA2_vs_SPEA2,HV,0.25,IVFSPEA2,0.1181818181818182,0.4,0.3751470588235294,0.42483660130718953,1530
IVFSPEA2_vs_SPEA2,HV,0.25,IVFSPEA2,0.1272727272727273,0.4411764705882353,0.4169934640522876,0.465359477124183,1530
IVFSPEA2_vs_SPEA2,HV,0.25,IVFSPEA2,0.13636363636363635,0.4745098039215686,0.45031045751633986,0.4993627450980392,1530
IVFSPEA2_vs_SPEA2,HV,0.25,IVFSPEA2,0.14545454545454545,0.5163398692810458,0.492156862745098,0.5411764705882353,1530
IVFSPEA2_vs_SPEA2,HV,0.25,IVFSPEA2,0.15454545454545454,0.5568627450980392,0.5326797385620915,0.5823529411764706,1530
IVFSPEA2_vs_SPEA2,HV,0.25,IVFSPEA2,0.16363636363636364,0.5895424836601307,0.5640522875816993,0.6143954248366014,1530
IVFSPEA2_vs_SPEA2,HV,0.25,IVFSPEA2,0.17272727272727273,0.6313725490196078,0.6071895424836601,0.6555555555555556,1530
IVFSPEA2_vs_SPEA2,HV,0.25,IVFSPEA2,0.18181818181818182,0.6888888888888889,0.6666503267973856,0.7130718954248366,1530
IVFSPEA2_vs_SPEA2,HV,0.25,IVFSPEA2,0.19090909090909092,0.711764705882353,0.6888888888888889,0.7340032679738562,1530
IVFSPEA2_vs_SPEA2,HV,0.25,IVFSPEA2,0.2,0.7300653594771241,0.707843137254902,0.7516503267973856,1530
IVFSPEA2_vs_SPEA2,HV,0.25,IVFSPEA2,0.2090909090909091,0.734640522875817,0.7130555555555556,0.7568627450980392,1530
IVFSPEA2_vs_SPEA2,HV,0.25,IVFSPEA2,0.2181818181818182,0.7392156862745098,0.7176307189542483,0.7601470588235294,1530
IVFSPEA2_vs_SPEA2,HV,0.25,IVFSPEA2,0.22727272727272727,0.7444444444444445,0.722875816993464,0.765359477124183,1530
IVFSPEA2_vs_SPEA2,HV,0.25,IVFSPEA2,0.23636363636363636,0.75359477124183,0.7320261437908496,0.7745098039215687,1530
IVFSPEA2_vs_SPEA2,HV,0.25,IVFSPEA2,0.24545454545454545,0.7588235294117647,0.7372549019607844,0.7797385620915033,1530
IVFSPEA2_vs_SPEA2,HV,0.25,IVFSPEA2,0.2545454545454545,0.7712418300653595,0.7503104575163398,0.7915196078431372,1530
IVFSPEA2_vs_SPEA2,HV,0.25,IVFSPEA2,0.26363636363636367,0.7803921568627451,0.7601307189542483,0.8,1530
IVFSPEA2_vs_SPEA2,HV,0.25,IVFSPEA2,0.2727272727272727,0.788235294117647,0.7673202614379085,0.807843137254902,1530
IVFSPEA2_vs_SPEA2,HV,0.25,IVFSPEA2,0.28181818181818186,0.8398692810457516,0.8215522875816993,0.8575326797385621,1530
IVFSPEA2_vs_SPEA2,HV,0.25,IVFSPEA2,0.2909090909090909,0.8457516339869281,0.8287418300653595,0.8633986928104576,1530
IVFSPEA2_vs_SPEA2,HV,0.25,IVFSPEA2,0.3,0.8509803921568627,0.8339869281045752,0.8679738562091504,1530
IVFSPEA2_vs_SPEA2,HV,0.25,IVFSPEA2,0.3090909090909091,0.8555555555555555,0.8385457516339869,0.8718954248366013,1530
IVFSPEA2_vs_SPEA2,HV,0.25,IVFSPEA2,0.3181818181818182,0.8568627450980392,0.8398692810457516,0.873202614379085,1530
IVFSPEA2_vs_SPEA2,HV,0.25,IVFSPEA2,0.32727272727272727,0.8588235294117647,0.8418300653594771,0.8751633986928105,1530
IVFSPEA2_vs_SPEA2,HV,0.25,IVFSPEA2,0.33636363636363636,0.8633986928104576,0.8464052287581699,0.8784477124183007,1530
IVFSPEA2_vs_SPEA2,HV,0.25,IVFSPEA2,0.34545454545454546,0.8673202614379085,0.8509803921568627,0.8830065359477124,1530
IVFSPEA2_vs_SPEA2,HV,0.25,IVFSPEA2,0.3545454545454545,0.8725490196078431,0.8568464052287581,0.8875980392156863,1530
IVFSPEA2_vs_SPEA2,HV,0.25,IVFSPEA2,0.36363636363636365,0.8738562091503268,0.8581699346405228,0.8895424836601307,1530
IVFSPEA2_vs_SPEA2,HV,0.25,IVFSPEA2,0.3727272727272727,0.8771241830065359,0.8620915032679739,0.8928104575163399,1530
IVFSPEA2_vs_SPEA2,HV,0.25,IVFSPEA2,0.38181818181818183,0.8921568627450981,0.8771241830065359,0.9065359477124183,1530
IVFSPEA2_vs_SPEA2,HV,0.25,IVFSPEA2,0.3909090909090909,0.8967320261437909,0.8810457516339869,0.9117647058823529,1530
IVFSPEA2_vs_SPEA2,HV,0.25,IVFSPEA2,0.4,0.8993464052287582,0.884297385620915,0.9137254901960784,1530
IVFSPEA2_vs_SPEA2,HV,0.25,IVFSPEA2,0.40909090909090906,0.9,0.8849509803921568,0.9143790849673202,1530
IVFSPEA2_vs_SPEA2,HV,0.25,IVFSPEA2,0.4181818181818182,0.9019607843137255,0.8869281045751634,0.915702614379085,1530
IVFSPEA2_vs_SPEA2,HV,0.25,IVFSPEA2,0.42727272727272725,0.9032679738562092,0.8888725490196078,0.9176470588235294,1530
IVFSPEA2_vs_SPEA2,HV,0.25,IVFSPEA2,0.4363636363636364,0.9052287581699346,0.8908496732026144,0.9196078431372549,1530
IVFSPEA2_vs_SPEA2,HV,0.25,IVFSPEA2,0.44545454545454544,0.9052287581699346,0.8908496732026144,0.9196078431372549,1530
IVFSPEA2_vs_SPEA2,HV,0.25,IVFSPEA2,0.4545454545454546,0.9058823529411765,0.8915032679738563,0.9202777777777778,1530
IVFSPEA2_vs_SPEA2,HV,0.25,IVFSPEA2,0.4636363636363636,0.9058823529411765,0.8915032679738563,0.9202777777777778,1530
IVFSPEA2_vs_SPEA2,HV,0.25,IVFSPEA2,0.47272727272727266,0.9058823529411765,0.8915032679738563,0.9202777777777778,1530
IVFSPEA2_vs_SPEA2,HV,0.25,IVFSPEA2,0.4818181818181818,0.9104575163398693,0.8960784313725491,0.9248366013071896,1530
IVFSPEA2_vs_SPEA2,HV,0.25,IVFSPEA2,0.49090909090909085,0.9104575163398693,0.8960784313725491,0.9248366013071896,1530
IVFSPEA2_vs_SPEA2,HV,0.25,IVFSPEA2,0.5,0.9104575163398693,0.8960784313725491,0.9248366013071896,1530
IVFSPEA2_vs_SPEA2,HV,0.25,IVFSPEA2,0.509090909090909,0.9104575163398693,0.8960784313725491,0.9248366013071896,1530
IVFSPEA2_vs_SPEA2,HV,0.25,IVFSPEA2,0.5181818181818182,0.9104575163398693,0.8960784313725491,0.9248366013071896,1530
IVFSPEA2_vs_SPEA2,HV,0.25,IVFSPEA2,0.5272727272727272,0.9117647058823529,0.8980228758169935,0.9261437908496732,1530
IVFSPEA2_vs_SPEA2,HV,0.25,IVFSPEA2,0.5363636363636364,0.9117647058823529,0.8980228758169935,0.9261437908496732,1530
IVFSPEA2_vs_SPEA2,HV,0.25,IVFSPEA2,0.5454545454545454,0.9117647058823529,0.8980228758169935,0.9261437908496732,1530
IVFSPEA2_vs_SPEA2,HV,0.25,IVFSPEA2,0.5545454545454546,0.9117647058823529,0.8980228758169935,0.9261437908496732,1530
IVFSPEA2_vs_SPEA2,HV,0.25,IVFSPEA2,0.5636363636363636,0.9124183006535947,0.8980392156862745,0.9261601307189543,1530
IVFSPEA2_vs_SPEA2,HV,0.25,IVFSPEA2,0.5727272727272728,0.9137254901960784,0.9,0.9274509803921569,1530
IVFSPEA2_vs_SPEA2,HV,0.25,IVFSPEA2,0.5818181818181818,0.9150326797385621,0.9006535947712418,0.9287581699346406,1530
IVFSPEA2_vs_SPEA2,HV,0.25,IVFSPEA2,0.5909090909090909,0.9156862745098039,0.9019444444444444,0.9294117647058824,1530
IVFSPEA2_vs_SPEA2,HV,0.25,IVFSPEA2,0.6,0.9156862745098039,0.9019444444444444,0.9294117647058824,1530
IVFSPEA2_vs_SPEA2,HV,0.25,IVFSPEA2,0.609090909090909,0.9156862745098039,0.9019444444444444,0.9294117647058824,1530
IVFSPEA2_vs_SPEA2,HV,0.25,IVFSPEA2,0.6181818181818182,0.9156862745098039,0.9019444444444444,0.9294117647058824,1530
IVFSPEA2_vs_SPEA2,HV,0.25,IVFSPEA2,0.6272727272727272,0.9156862745098039,0.9019444444444444,0.9294117647058824,1530
IVFSPEA2_vs_SPEA2,HV,0.25,IVFSPEA2,0.6363636363636364,0.9156862745098039,0.9019444444444444,0.9294117647058824,1530
IVFSPEA2_vs_SPEA2,HV,0.25,IVFSPEA2,0.6454545454545454,0.9156862745098039,0.9019444444444444,0.9294117647058824,1530
IVFSPEA2_vs_SPEA2,HV,0.25,IVFSPEA2,0.6545454545454545,0.9156862745098039,0.9019444444444444,0.9294117647058824,1530
IVFSPEA2_vs_SPEA2,HV,0.25,IVFSPEA2,0.6636363636363636,0.9156862745098039,0.9019444444444444,0.9294117647058824,1530
IVFSPEA2_vs_SPEA2,HV,0.25,IVFSPEA2,0.6727272727272727,0.9156862745098039,0.9019444444444444,0.9294117647058824,1530
IVFSPEA2_vs_SPEA2,HV,0.25,IVFSPEA2,0.6818181818181818,0.9156862745098039,0.9019444444444444,0.9294117647058824,1530
IVFSPEA2_vs_SPEA2,HV,0.25,IVFSPEA2,0.6909090909090908,0.9156862745098039,0.9019444444444444,0.9294117647058824,1530
IVFSPEA2_vs_SPEA2,HV,0.25,IVFSPEA2,0.7,0.9156862745098039,0.9019444444444444,0.9294117647058824,1530
IVFSPEA2_vs_SPEA2,HV,0.25,IVFSPEA2,0.709090909090909,0.9156862745098039,0.9019444444444444,0.9294117647058824,1530
IVFSPEA2_vs_SPEA2,HV,0.25,IVFSPEA2,0.7181818181818181,0.9156862745098039,0.9019444444444444,0.9294117647058824,1530
IVFSPEA2_vs_SPEA2,HV,0.25,IVFSPEA2,0.7272727272727272,0.9156862745098039,0.9019444444444444,0.9294117647058824,1530
IVFSPEA2_vs_SPEA2,HV,0.25,IVFSPEA2,0.7363636363636363,0.9156862745098039,0.9019444444444444,0.9294117647058824,1530
IVFSPEA2_vs_SPEA2,HV,0.25,IVFSPEA2,0.7454545454545454,0.9156862745098039,0.9019444444444444,0.9294117647058824,1530
IVFSPEA2_vs_SPEA2,HV,0.25,IVFSPEA2,0.7545454545454545,0.9156862745098039,0.9019444444444444,0.9294117647058824,1530
IVFSPEA2_vs_SPEA2,HV,0.25,IVFSPEA2,0.7636363636363636,0.9163398692810457,0.9019607843137255,0.9300653594771242,1530
IVFSPEA2_vs_SPEA2,HV,0.25,IVFSPEA2,0.7727272727272727,0.9163398692810457,0.9019607843137255,0.9300653594771242,1530
IVFSPEA2_vs_SPEA2,HV,0.25,IVFSPEA2,0.7818181818181817,0.9163398692810457,0.9019607843137255,0.9300653594771242,1530
IVFSPEA2_vs_SPEA2,HV,0.25,IVFSPEA2,0.7909090909090909,0.9163398692810457,0.9019607843137255,0.9300653594771242,1530
IVFSPEA2_vs_SPEA2,HV,0.25,IVFSPEA2,0.7999999999999999,0.9163398692810457,0.9019607843137255,0.9300653594771242,1530
IVFSPEA2_vs_SPEA2,HV,0.25,IVFSPEA2,0.8090909090909091,0.9163398692810457,0.9019607843137255,0.9300653594771242,1530
IVFSPEA2_vs_SPEA2,HV,0.25,IVFSPEA2,0.8181818181818181,0.9163398692810457,0.9019607843137255,0.9300653594771242,1530
IVFSPEA2_vs_SPEA2,HV,0.25,IVFSPEA2,0.8272727272727273,0.9169934640522875,0.9032679738562092,0.930718954248366,1530
IVFSPEA2_vs_SPEA2,HV,0.25,IVFSPEA2,0.8363636363636363,0.9169934640522875,0.9032679738562092,0.930718954248366,1530
IVFSPEA2_vs_SPEA2,HV,0.25,IVFSPEA2,0.8454545454545453,0.9176470588235294,0.903921568627451,0.9313725490196079,1530
IVFSPEA2_vs_SPEA2,HV,0.25,IVFSPEA2,0.8545454545454545,0.9176470588235294,0.903921568627451,0.9313725490196079,1530
IVFSPEA2_vs_SPEA2,HV,0.25,IVFSPEA2,0.8636363636363635,0.9176470588235294,0.903921568627451,0.9313725490196079,1530
IVFSPEA2_vs_SPEA2,HV,0.25,IVFSPEA2,0.8727272727272727,0.9176470588235294,0.903921568627451,0.9313725490196079,1530
IVFSPEA2_vs_SPEA2,HV,0.25,IVFSPEA2,0.8818181818181817,0.9176470588235294,0.903921568627451,0.9313725490196079,1530
IVFSPEA2_vs_SPEA2,HV,0.25,IVFSPEA2,0.8909090909090909,0.9176470588235294,0.903921568627451,0.9313725490196079,1530
IVFSPEA2_vs_SPEA2,HV,0.25,IVFSPEA2,0.8999999999999999,0.9176470588235294,0.903921568627451,0.9313725490196079,1530
IVFSPEA2_vs_SPEA2,HV,0.25,IVFSPEA2,0.9090909090909091,0.9176470588235294,0.903921568627451,0.9313725490196079,1530
IVFSPEA2_vs_SPEA2,HV,0.25,IVFSPEA2,0.9181818181818181,0.9176470588235294,0.903921568627451,0.9313725490196079,1530
IVFSPEA2_vs_SPEA2,HV,0.25,IVFSPEA2,0.9272727272727272,0.9176470588235294,0.903921568627451,0.9313725490196079,1530
IVFSPEA2_vs_SPEA2,HV,0.25,IVFSPEA2,0.9363636363636363,0.9183006535947712,0.9045751633986928,0.9320261437908497,1530
IVFSPEA2_vs_SPEA2,HV,0.25,IVFSPEA2,0.9454545454545454,0.918954248366013,0.9052287581699346,0.9320424836601308,1530
IVFSPEA2_vs_SPEA2,HV,0.25,IVFSPEA2,0.9545454545454545,0.9196078431372549,0.9065359477124183,0.9326797385620915,1530
IVFSPEA2_vs_SPEA2,HV,0.25,IVFSPEA2,0.9636363636363636,0.9196078431372549,0.9065359477124183,0.9326797385620915,1530
IVFSPEA2_vs_SPEA2,HV,0.25,IVFSPEA2,0.9727272727272727,0.9196078431372549,0.9065359477124183,0.9326797385620915,1530
IVFSPEA2_vs_SPEA2,HV,0.25,IVFSPEA2,0.9818181818181817,0.9196078431372549,0.9065359477124183,0.9326797385620915,1530
IVFSPEA2_vs_SPEA2,HV,0.25,IVFSPEA2,0.9909090909090909,0.9196078431372549,0.9065359477124183,0.9326797385620915,1530
IVFSPEA2_vs_SPEA2,HV,0.25,IVFSPEA2,1.0,0.9196078431372549,0.9065359477124183,0.9326797385620915,1530
IVFSPEA2_vs_SPEA2,HV,0.25,SPEA2,0.1,0.238562091503268,0.21764705882352942,0.2601307189542484,1530
IVFSPEA2_vs_SPEA2,HV,0.25,SPEA2,0.1090909090909091,0.24313725490196078,0.22156862745098038,0.265359477124183,1530
IVFSPEA2_vs_SPEA2,HV,0.25,SPEA2,0.1181818181818182,0.2477124183006536,0.2261437908496732,0.2699346405228758,1530
IVFSPEA2_vs_SPEA2,HV,0.25,SPEA2,0.1272727272727273,0.25555555555555554,0.23333333333333334,0.277140522875817,1530
IVFSPEA2_vs_SPEA2,HV,0.25,SPEA2,0.13636363636363635,0.27058823529411763,0.24836601307189543,0.2934640522875817,1530
IVFSPEA2_vs_SPEA2,HV,0.25,SPEA2,0.14545454545454545,0.28823529411764703,0.2647058823529412,0.3111111111111111,1530
IVFSPEA2_vs_SPEA2,HV,0.25,SPEA2,0.15454545454545454,0.31176470588235294,0.2875816993464052,0.334656862745098,1530
IVFSPEA2_vs_SPEA2,HV,0.25,SPEA2,0.16363636363636364,0.3405228758169935,0.3169771241830065,0.36472222222222217,1530
IVFSPEA2_vs_SPEA2,HV,0.25,SPEA2,0.17272727272727273,0.3908496732026144,0.3646895424836601,0.41633986928104577,1530
IVFSPEA2_vs_SPEA2,HV,0.25,SPEA2,0.18181818181818182,0.4594771241830065,0.43529411764705883,0.48367647058823526,1530
IVFSPEA2_vs_SPEA2,HV,0.25,SPEA2,0.19090909090909092,0.4947712418300654,0.4705718954248366,0.5189542483660131,1530
IVFSPEA2_vs_SPEA2,HV,0.25,SPEA2,0.2,0.5281045751633987,0.5045751633986928,0.5549019607843138,1530
IVFSPEA2_vs_SPEA2,HV,0.25,SPEA2,0.2090909090909091,0.5379084967320261,0.515686274509804,0.5634150326797386,1530
IVFSPEA2_vs_SPEA2,HV,0.25,SPEA2,0.2181818181818182,0.5437908496732026,0.5209150326797386,0.569281045751634,1530
IVFSPEA2_vs_SPEA2,HV,0.25,SPEA2,0.22727272727272727,0.5522875816993464,0.5294117647058824,0.5777777777777777,1530
IVFSPEA2_vs_SPEA2,HV,0.25,SPEA2,0.23636363636363636,0.5601307189542484,0.5366013071895425,0.5856209150326798,1530
IVFSPEA2_vs_SPEA2,HV,0.25,SPEA2,0.24545454545454545,0.569281045751634,0.545751633986928,0.5947875816993464,1530
IVFSPEA2_vs_SPEA2,HV,0.25,SPEA2,0.2545454545454545,0.5758169934640522,0.5529248366013072,0.6006535947712418,1530
IVFSPEA2_vs_SPEA2,HV,0.25,SPEA2,0.26363636363636367,0.5862745098039216,0.5633986928104575,0.6124183006535948,1530
IVFSPEA2_vs_SPEA2,HV,0.25,SPEA2,0.2727272727272727,0.6032679738562091,0.5797385620915033,0.6287745098039216,1530
IVFSPEA2_vs_SPEA2,HV,0.25,SPEA2,0.28181818181818186,0.6516339869281046,0.6287418300653594,0.6764705882352942,1530
IVFSPEA2_vs_SPEA2,HV,0.25,SPEA2,0.2909090909090909,0.6712418300653594,0.6490032679738562,0.6941176470588235,1530
IVFSPEA2_vs_SPEA2,HV,0.25,SPEA2,0.3,0.6830065359477124,0.6601307189542484,0.707843137254902,1530
IVFSPEA2_vs_SPEA2,HV,0.25,SPEA2,0.3090909090909091,0.6882352941176471,0.665359477124183,0.7124346405228759,1530
IVFSPEA2_vs_SPEA2,HV,0.25,SPEA2,0.3181818181818182,0.6895424836601307,0.6666666666666666,0.7137418300653595,1530
IVFSPEA2_vs_SPEA2,HV,0.25,SPEA2,0.32727272727272727,0.6934640522875817,0.6705882352941176,0.7183006535947712,1530
IVFSPEA2_vs_SPEA2,HV,0.25,SPEA2,0.33636363636363636,0.6967320261437908,0.6751633986928105,0.7215686274509804,1530
IVFSPEA2_vs_SPEA2,HV,0.25,SPEA2,0.34545454545454546,0.6980392156862745,0.6764705882352942,0.7235294117647059,1530
IVFSPEA2_vs_SPEA2,HV,0.25,SPEA2,0.3545454545454545,0.7045751633986929,0.6830065359477124,0.7287745098039216,1530
IVFSPEA2_vs_SPEA2,HV,0.25,SPEA2,0.36363636363636365,0.7084967320261438,0.6869281045751634,0.7333333333333333,1530
IVFSPEA2_vs_SPEA2,HV,0.25,SPEA2,0.3727272727272727,0.7156862745098039,0.6947549019607843,0.7398856209150327,1530
IVFSPEA2_vs_SPEA2,HV,0.25,SPEA2,0.38181818181818183,0.726797385620915,0.7052287581699347,0.7509967320261438,1530
IVFSPEA2_vs_SPEA2,HV,0.25,SPEA2,0.3909090909090909,0.734640522875817,0.7130718954248366,0.7581699346405228,1530
IVFSPEA2_vs_SPEA2,HV,0.25,SPEA2,0.4,0.7398692810457517,0.7182843137254902,0.7621078431372549,1530
IVFSPEA2_vs_SPEA2,HV,0.25,SPEA2,0.40909090909090906,0.7418300653594772,0.7209150326797386,0.7647058823529411,1530
IVFSPEA2_vs_SPEA2,HV,0.25,SPEA2,0.4181818181818182,0.7444444444444445,0.7235294117647059,0.7673202614379085,1530
IVFSPEA2_vs_SPEA2,HV,0.25,SPEA2,0.42727272727272725,0.7457516339869281,0.7241830065359477,0.7686274509803922,1530
IVFSPEA2_vs_SPEA2,HV,0.25,SPEA2,0.4363636363636364,0.7477124183006536,0.7261437908496732,0.7705882352941177,1530
IVFSPEA2_vs_SPEA2,HV,0.25,SPEA2,0.44545454545454544,0.7516339869281046,0.7300653594771241,0.7738562091503268,1530
IVFSPEA2_vs_SPEA2,HV,0.25,SPEA2,0.4545454545454546,0.75359477124183,0.7320261437908496,0.7758333333333334,1530
IVFSPEA2_vs_SPEA2,HV,0.25,SPEA2,0.4636363636363636,0.7562091503267974,0.7352941176470589,0.7790849673202614,1530
IVFSPEA2_vs_SPEA2,HV,0.25,SPEA2,0.47272727272727266,0.7607843137254902,0.7398529411764706,0.7836601307189542,1530
IVFSPEA2_vs_SPEA2,HV,0.25,SPEA2,0.4818181818181818,0.7679738562091504,0.7477124183006536,0.7895424836601307,1530
IVFSPEA2_vs_SPEA2,HV,0.25,SPEA2,0.49090909090909085,0.769281045751634,0.7490196078431373,0.7908660130718954,1530
IVFSPEA2_vs_SPEA2,HV,0.25,SPEA2,0.5,0.7718954248366013,0.7516339869281046,0.7934640522875817,1530
IVFSPEA2_vs_SPEA2,HV,0.25,SPEA2,0.509090909090909,0.7738562091503268,0.75359477124183,0.7954248366013071,1530
IVFSPEA2_vs_SPEA2,HV,0.25,SPEA2,0.5181818181818182,0.7745098039215687,0.75359477124183,0.796078431372549,1530
IVFSPEA2_vs_SPEA2,HV,0.25,SPEA2,0.5272727272727272,0.7751633986928105,0.7542483660130719,0.7967483660130719,1530
IVFSPEA2_vs_SPEA2,HV,0.25,SPEA2,0.5363636363636364,0.777124183006536,0.7562091503267974,0.7986928104575164,1530
IVFSPEA2_vs_SPEA2,HV,0.25,SPEA2,0.5454545454545454,0.7790849673202614,0.7581535947712418,0.8006535947712419,1530
IVFSPEA2_vs_SPEA2,HV,0.25,SPEA2,0.5545454545454546,0.7810457516339869,0.7601307189542483,0.8026143790849674,1530
IVFSPEA2_vs_SPEA2,HV,0.25,SPEA2,0.5636363636363636,0.7816993464052288,0.761437908496732,0.803921568627451,1530
IVFSPEA2_vs_SPEA2,HV,0.25,SPEA2,0.5727272727272728,0.7843137254901961,0.7640522875816993,0.8058823529411765,1530
IVFSPEA2_vs_SPEA2,HV,0.25,SPEA2,0.5818181818181818,0.7862745098039216,0.7660130718954249,0.807843137254902,1530
IVFSPEA2_vs_SPEA2,HV,0.25,SPEA2,0.5909090909090909,0.7895424836601307,0.769281045751634,0.8104575163398693,1530
IVFSPEA2_vs_SPEA2,HV,0.25,SPEA2,0.6,0.7934640522875817,0.7725490196078432,0.8143954248366013,1530
IVFSPEA2_vs_SPEA2,HV,0.25,SPEA2,0.609090909090909,0.7954248366013071,0.7744934640522876,0.8163562091503268,1530
IVFSPEA2_vs_SPEA2,HV,0.25,SPEA2,0.6181818181818182,0.7967320261437908,0.7751633986928105,0.8176470588235294,1530
IVFSPEA2_vs_SPEA2,HV,0.25,SPEA2,0.6272727272727272,0.7973856209150327,0.7764705882352941,0.8183006535947712,1530
IVFSPEA2_vs_SPEA2,HV,0.25,SPEA2,0.6363636363636364,0.8,0.7797222222222222,0.8209150326797385,1530
IVFSPEA2_vs_SPEA2,HV,0.25,SPEA2,0.6454545454545454,0.8026143790849674,0.7823529411764706,0.8235294117647058,1530
IVFSPEA2_vs_SPEA2,HV,0.25,SPEA2,0.6545454545454545,0.8026143790849674,0.7823529411764706,0.8235294117647058,1530
IVFSPEA2_vs_SPEA2,HV,0.25,SPEA2,0.6636363636363636,0.8052287581699347,0.7856209150326797,0.8255065359477124,1530
IVFSPEA2_vs_SPEA2,HV,0.25,SPEA2,0.6727272727272727,0.8065359477124183,0.7869281045751634,0.826797385620915,1530
IVFSPEA2_vs_SPEA2,HV,0.25,SPEA2,0.6818181818181818,0.8071895424836601,0.7875816993464052,0.8274509803921568,1530
IVFSPEA2_vs_SPEA2,HV,0.25,SPEA2,0.6909090909090908,0.807843137254902,0.788235294117647,0.8281209150326797,1530
IVFSPEA2_vs_SPEA2,HV,0.25,SPEA2,0.7,0.8124183006535948,0.7928104575163398,0.8320424836601308,1530
IVFSPEA2_vs_SPEA2,HV,0.25,SPEA2,0.709090909090909,0.8137254901960784,0.7934640522875817,0.8333496732026144,1530
IVFSPEA2_vs_SPEA2,HV,0.25,SPEA2,0.7181818181818181,0.8137254901960784,0.7934640522875817,0.8333496732026144,1530
IVFSPEA2_vs_SPEA2,HV,0.25,SPEA2,0.7272727272727272,0.8156862745098039,0.796078431372549,0.8352941176470589,1530
IVFSPEA2_vs_SPEA2,HV,0.25,SPEA2,0.7363636363636363,0.8163398692810457,0.7973692810457517,0.8359477124183007,1530
IVFSPEA2_vs_SPEA2,HV,0.25,SPEA2,0.7454545454545454,0.8176470588235294,0.7986928104575164,0.8372712418300654,1530
IVFSPEA2_vs_SPEA2,HV,0.25,SPEA2,0.7545454545454545,0.8183006535947712,0.7993464052287582,0.8379084967320262,1530
IVFSPEA2_vs_SPEA2,HV,0.25,SPEA2,0.7636363636363636,0.8183006535947712,0.7993464052287582,0.8379084967320262,1530
IVFSPEA2_vs_SPEA2,HV,0.25,SPEA2,0.7727272727272727,0.818954248366013,0.8,0.8385784313725491,1530
IVFSPEA2_vs_SPEA2,HV,0.25,SPEA2,0.7818181818181817,0.8196078431372549,0.8006535947712419,0.8392156862745098,1530
IVFSPEA2_vs_SPEA2,HV,0.25,SPEA2,0.7909090909090909,0.8209150326797385,0.8025980392156863,0.8405392156862745,1530
IVFSPEA2_vs_SPEA2,HV,0.25,SPEA2,0.7999999999999999,0.8222222222222222,0.8032679738562092,0.8418300653594771,1530
IVFSPEA2_vs_SPEA2,HV,0.25,SPEA2,0.8090909090909091,0.8248366013071895,0.8065359477124183,0.8444444444444444,1530
IVFSPEA2_vs_SPEA2,HV,0.25,SPEA2,0.8181818181818181,0.8261437908496732,0.8078267973856209,0.8450980392156863,1530
IVFSPEA2_vs_SPEA2,HV,0.25,SPEA2,0.8272727272727273,0.826797385620915,0.807843137254902,0.8457679738562092,1530
IVFSPEA2_vs_SPEA2,HV,0.25,SPEA2,0.8363636363636363,0.8274509803921568,0.8091339869281046,0.8470588235294118,1530
IVFSPEA2_vs_SPEA2,HV,0.25,SPEA2,0.8454545454545453,0.8274509803921568,0.8091339869281046,0.8470588235294118,1530
IVFSPEA2_vs_SPEA2,HV,0.25,SPEA2,0.8545454545454545,0.8294117647058824,0.81109477124183,0.8490359477124183,1530
IVFSPEA2_vs_SPEA2,HV,0.25,SPEA2,0.8636363636363635,0.8326797385620915,0.815016339869281,0.8529411764705882,1530
IVFSPEA2_vs_SPEA2,HV,0.25,SPEA2,0.8727272727272727,0.8333333333333334,0.8156862745098039,0.85359477124183,1530
IVFSPEA2_vs_SPEA2,HV,0.25,SPEA2,0.8818181818181817,0.8352941176470589,0.8169934640522876,0.8549019607843137,1530
IVFSPEA2_vs_SPEA2,HV,0.25,SPEA2,0.8909090909090909,0.8352941176470589,0.8169934640522876,0.8549019607843137,1530
IVFSPEA2_vs_SPEA2,HV,0.25,SPEA2,0.8999999999999999,0.8359477124183007,0.8176470588235294,0.8555555555555555,1530
IVFSPEA2_vs_SPEA2,HV,0.25,SPEA2,0.9090909090909091,0.8366013071895425,0.818937908496732,0.8555718954248366,1530
IVFSPEA2_vs_SPEA2,HV,0.25,SPEA2,0.9181818181818181,0.8379084967320262,0.8196078431372549,0.8568627450980392,1530
IVFSPEA2_vs_SPEA2,HV,0.25,SPEA2,0.9272727272727272,0.838562091503268,0.8202614379084967,0.857516339869281,1530
IVFSPEA2_vs_SPEA2,HV,0.25,SPEA2,0.9363636363636363,0.838562091503268,0.8202614379084967,0.857516339869281,1530
IVFSPEA2_vs_SPEA2,HV,0.25,SPEA2,0.9454545454545454,0.8392156862745098,0.8202614379084967,0.8581699346405228,1530
IVFSPEA2_vs_SPEA2,HV,0.25,SPEA2,0.9545454545454545,0.8398692810457516,0.8215686274509804,0.8588398692810457,1530
IVFSPEA2_vs_SPEA2,HV,0.25,SPEA2,0.9636363636363636,0.842483660130719,0.8241830065359477,0.8614379084967321,1530
IVFSPEA2_vs_SPEA2,HV,0.25,SPEA2,0.9727272727272727,0.8450980392156863,0.826797385620915,0.8640522875816994,1530
IVFSPEA2_vs_SPEA2,HV,0.25,SPEA2,0.9818181818181817,0.8457516339869281,0.8274509803921568,0.8647058823529412,1530
IVFSPEA2_vs_SPEA2,HV,0.25,SPEA2,0.9909090909090909,0.8457516339869281,0.8274509803921568,0.8647058823529412,1530
IVFSPEA2_vs_SPEA2,HV,0.25,SPEA2,1.0,0.8464052287581699,0.8287418300653595,0.865359477124183,1530
IVFSPEA2_vs_SPEA2,HV,0.1,IVFSPEA2,0.1,0.1934640522875817,0.1738562091503268,0.21372549019607842,1530
IVFSPEA2_vs_SPEA2,HV,0.1,IVFSPEA2,0.1090909090909091,0.20065359477124184,0.1803921568627451,0.22091503267973855,1530
IVFSPEA2_vs_SPEA2,HV,0.1,IVFSPEA2,0.1181818181818182,0.2045751633986928,0.1843137254901961,0.22483660130718955,1530
IVFSPEA2_vs_SPEA2,HV,0.1,IVFSPEA2,0.1272727272727273,0.21241830065359477,0.19215686274509805,0.23334967320261438,1530
IVFSPEA2_vs_SPEA2,HV,0.1,IVFSPEA2,0.13636363636363635,0.22156862745098038,0.20065359477124184,0.24313725490196078,1530
IVFSPEA2_vs_SPEA2,HV,0.1,IVFSPEA2,0.14545454545454545,0.2326797385620915,0.2117483660130719,0.2549019607843137,1530
IVFSPEA2_vs_SPEA2,HV,0.1,IVFSPEA2,0.15454545454545454,0.24836601307189543,0.22679738562091503,0.27124183006535946,1530
IVFSPEA2_vs_SPEA2,HV,0.1,IVFSPEA2,0.16363636363636364,0.2699346405228758,0.24836601307189543,0.2934640522875817,1530
IVFSPEA2_vs_SPEA2,HV,0.1,IVFSPEA2,0.17272727272727273,0.3006535947712418,0.27841503267973855,0.3241830065359477,1530
IVFSPEA2_vs_SPEA2,HV,0.1,IVFSPEA2,0.18181818181818182,0.36013071895424836,0.3359313725490196,0.38498366013071894,1530
IVFSPEA2_vs_SPEA2,HV,0.1,IVFSPEA2,0.19090909090909092,0.43790849673202614,0.41241830065359475,0.4647058823529412,1530
IVFSPEA2_vs_SPEA2,HV,0.1,IVFSPEA2,0.2,0.5065359477124183,0.4797385620915033,0.5313888888888889,1530
IVFSPEA2_vs_SPEA2,HV,0.1,IVFSPEA2,0.2090909090909091,0.5084967320261438,0.4823529411764706,0.5339869281045752,1530
IVFSPEA2_vs_SPEA2,HV,0.1,IVFSPEA2,0.2181818181818182,0.5111111111111111,0.4849673202614379,0.5366176470588235,1530
IVFSPEA2_vs_SPEA2,HV,0.1,IVFSPEA2,0.22727272727272727,0.5169934640522876,0.4915032679738562,0.5425,1530
IVFSPEA2_vs_SPEA2,HV,0.1,IVFSPEA2,0.23636363636363636,0.5215686274509804,0.4954248366013072,0.5470588235294118,1530
IVFSPEA2_vs_SPEA2,HV,0.1,IVFSPEA2,0.24545454545454545,0.5294117647058824,0.5039052287581699,0.5542483660130719,1530
IVFSPEA2_vs_SPEA2,HV,0.1,IVFSPEA2,0.2545454545454545,0.538562091503268,0.5130718954248366,0.5640522875816993,1530
IVFSPEA2_vs_SPEA2,HV,0.1,IVFSPEA2,0.26363636363636367,0.5496732026143791,0.5241666666666667,0.5751797385620915,1530
IVFSPEA2_vs_SPEA2,HV,0.1,IVFSPEA2,0.2727272727272727,0.5535947712418301,0.5281045751633987,0.5797385620915033,1530
IVFSPEA2_vs_SPEA2,HV,0.1,IVFSPEA2,0.28181818181818186,0.5686274509803921,0.5424836601307189,0.5947712418300654,1530
IVFSPEA2_vs_SPEA2,HV,0.1,IVFSPEA2,0.2909090909090909,0.6,0.5738562091503268,0.6255065359477124,1530
IVFSPEA2_vs_SPEA2,HV,0.1,IVFSPEA2,0.3,0.6503267973856209,0.6248366013071895,0.6745098039215687,1530
IVFSPEA2_vs_SPEA2,HV,0.1,IVFSPEA2,0.3090909090909091,0.6542483660130719,0.6287581699346405,0.6784313725490196,1530
IVFSPEA2_vs_SPEA2,HV,0.1,IVFSPEA2,0.3181818181818182,0.6588235294117647,0.634640522875817,0.6823529411764706,1530
IVFSPEA2_vs_SPEA2,HV,0.1,IVFSPEA2,0.32727272727272727,0.661437908496732,0.6372385620915032,0.6856209150326797,1530
IVFSPEA2_vs_SPEA2,HV,0.1,IVFSPEA2,0.33636363636363636,0.6660130718954248,0.642483660130719,0.6908496732026144,1530
IVFSPEA2_vs_SPEA2,HV,0.1,IVFSPEA2,0.34545454545454546,0.6718954248366014,0.6477124183006536,0.696078431372549,1530
IVFSPEA2_vs_SPEA2,HV,0.1,IVFSPEA2,0.3545454545454545,0.6777777777777778,0.653578431372549,0.7019607843137254,1530
IVFSPEA2_vs_SPEA2,HV,0.1,IVFSPEA2,0.36363636363636365,0.6836601307189543,0.6594771241830065,0.7071895424836602,1530
IVFSPEA2_vs_SPEA2,HV,0.1,IVFSPEA2,0.3727272727272727,0.6908496732026144,0.6660130718954248,0.7143790849673203,1530
IVFSPEA2_vs_SPEA2,HV,0.1,IVFSPEA2,0.38181818181818183,0.6986928104575163,0.6738562091503268,0.7215686274509804,1530
IVFSPEA2_vs_SPEA2,HV,0.1,IVFSPEA2,0.3909090909090909,0.7130718954248366,0.6901633986928104,0.7359640522875818,1530
IVFSPEA2_vs_SPEA2,HV,0.1,IVFSPEA2,0.4,0.730718954248366,0.7065359477124183,0.75359477124183,1530
IVFSPEA2_vs_SPEA2,HV,0.1,IVFSPEA2,0.40909090909090906,0.7333333333333333,0.7097875816993464,0.7562091503267974,1530
IVFSPEA2_vs_SPEA2,HV,0.1,IVFSPEA2,0.4181818181818182,0.7392156862745098,0.7150326797385621,0.7608006535947712,1530
IVFSPEA2_vs_SPEA2,HV,0.1,IVFSPEA2,0.42727272727272725,0.7418300653594772,0.7183006535947712,0.7627614379084967,1530
IVFSPEA2_vs_SPEA2,HV,0.1,IVFSPEA2,0.4363636363636364,0.7444444444444445,0.7215686274509804,0.766029411764706,1530
IVFSPEA2_vs_SPEA2,HV,0.1,IVFSPEA2,0.44545454545454544,0.7490196078431373,0.7261437908496732,0.7705882352941177,1530
IVFSPEA2_vs_SPEA2,HV,0.1,IVFSPEA2,0.4545454545454546,0.7529411764705882,0.7300653594771241,0.7738725490196079,1530
IVFSPEA2_vs_SPEA2,HV,0.1,IVFSPEA2,0.4636363636363636,0.7562091503267974,0.7333169934640522,0.7777777777777778,1530
IVFSPEA2_vs_SPEA2,HV,0.1,IVFSPEA2,0.47272727272727266,0.7568627450980392,0.733970588235294,0.7777941176470589,1530
IVFSPEA2_vs_SPEA2,HV,0.1,IVFSPEA2,0.4818181818181818,0.7594771241830065,0.7372549019607844,0.7803921568627451,1530
IVFSPEA2_vs_SPEA2,HV,0.1,IVFSPEA2,0.49090909090909085,0.765359477124183,0.7431372549019608,0.7856372549019608,1530
IVFSPEA2_vs_SPEA2,HV,0.1,IVFSPEA2,0.5,0.7686274509803922,0.7470588235294118,0.7895424836601307,1530
IVFSPEA2_vs_SPEA2,HV,0.1,IVFSPEA2,0.509090909090909,0.7738562091503268,0.7522875816993464,0.7947712418300653,1530
IVFSPEA2_vs_SPEA2,HV,0.1,IVFSPEA2,0.5181818181818182,0.7764705882352941,0.7549019607843137,0.7967483660130719,1530
IVFSPEA2_vs_SPEA2,HV,0.1,IVFSPEA2,0.5272727272727272,0.7790849673202614,0.7568627450980392,0.8000163398692811,1530
IVFSPEA2_vs_SPEA2,HV,0.1,IVFSPEA2,0.5363636363636364,0.7830065359477124,0.761437908496732,0.8039379084967321,1530
IVFSPEA2_vs_SPEA2,HV,0.1,IVFSPEA2,0.5454545454545454,0.7869281045751634,0.765359477124183,0.807859477124183,1530
IVFSPEA2_vs_SPEA2,HV,0.1,IVFSPEA2,0.5545454545454546,0.788235294117647,0.7666666666666667,0.8091503267973856,1530
IVFSPEA2_vs_SPEA2,HV,0.1,IVFSPEA2,0.5636363636363636,0.7934640522875817,0.7725490196078432,0.8130882352941177,1530
IVFSPEA2_vs_SPEA2,HV,0.1,IVFSPEA2,0.5727272727272728,0.7973856209150327,0.7771078431372549,0.8176470588235294,1530
IVFSPEA2_vs_SPEA2,HV,0.1,IVFSPEA2,0.5818181818181818,0.7986928104575164,0.7777777777777778,0.8183169934640523,1530
IVFSPEA2_vs_SPEA2,HV,0.1,IVFSPEA2,0.5909090909090909,0.8006535947712419,0.7797385620915033,0.8215686274509804,1530
IVFSPEA2_vs_SPEA2,HV,0.1,IVFSPEA2,0.6,0.8013071895424837,0.7803921568627451,0.8222222222222222,1530
IVFSPEA2_vs_SPEA2,HV,0.1,IVFSPEA2,0.609090909090909,0.8019607843137255,0.7816830065359477,0.822875816993464,1530
IVFSPEA2_vs_SPEA2,HV,0.1,IVFSPEA2,0.6181818181818182,0.8026143790849674,0.7823366013071895,0.822875816993464,1530
IVFSPEA2_vs_SPEA2,HV,0.1,IVFSPEA2,0.6272727272727272,0.8032679738562092,0.7830065359477124,0.8235294117647058,1530
IVFSPEA2_vs_SPEA2,HV,0.1,IVFSPEA2,0.6363636363636364,0.8052287581699347,0.7849509803921568,0.8248366013071895,1530
IVFSPEA2_vs_SPEA2,HV,0.1,IVFSPEA2,0.6454545454545454,0.8071895424836601,0.7868954248366012,0.8274509803921568,1530
IVFSPEA2_vs_SPEA2,HV,0.1,IVFSPEA2,0.6545454545454545,0.8098039215686275,0.7895261437908496,0.8300653594771242,1530
IVFSPEA2_vs_SPEA2,HV,0.1,IVFSPEA2,0.6636363636363636,0.8124183006535948,0.7914869281045751,0.8320261437908497,1530
IVFSPEA2_vs_SPEA2,HV,0.1,IVFSPEA2,0.6727272727272727,0.8156862745098039,0.7947549019607842,0.8352941176470589,1530
IVFSPEA2_vs_SPEA2,HV,0.1,IVFSPEA2,0.6818181818181818,0.8169934640522876,0.7967320261437908,0.8366013071895425,1530
IVFSPEA2_vs_SPEA2,HV,0.1,IVFSPEA2,0.6909090909090908,0.818954248366013,0.7980392156862746,0.838562091503268,1530
IVFSPEA2_vs_SPEA2,HV,0.1,IVFSPEA2,0.7,0.818954248366013,0.7980392156862746,0.838562091503268,1530
IVFSPEA2_vs_SPEA2,HV,0.1,IVFSPEA2,0.709090909090909,0.8209150326797385,0.8006535947712419,0.8405228758169935,1530
IVFSPEA2_vs_SPEA2,HV,0.1,IVFSPEA2,0.7181818181818181,0.8215686274509804,0.8019444444444445,0.8405392156862745,1530
IVFSPEA2_vs_SPEA2,HV,0.1,IVFSPEA2,0.7272727272727272,0.8235294117647058,0.8026143790849674,0.842483660130719,1530
IVFSPEA2_vs_SPEA2,HV,0.1,IVFSPEA2,0.7363636363636363,0.8248366013071895,0.8052124183006536,0.8437908496732026,1530
IVFSPEA2_vs_SPEA2,HV,0.1,IVFSPEA2,0.7454545454545454,0.8261437908496732,0.8071732026143791,0.8450980392156863,1530
IVFSPEA2_vs_SPEA2,HV,0.1,IVFSPEA2,0.7545454545454545,0.8274509803921568,0.8084967320261438,0.8457679738562092,1530
IVFSPEA2_vs_SPEA2,HV,0.1,IVFSPEA2,0.7636363636363636,0.8287581699346406,0.8091503267973856,0.8470751633986928,1530
IVFSPEA2_vs_SPEA2,HV,0.1,IVFSPEA2,0.7727272727272727,0.8307189542483661,0.8124019607843137,0.8496732026143791,1530
IVFSPEA2_vs_SPEA2,HV,0.1,IVFSPEA2,0.7818181818181817,0.8326797385620915,0.8143790849673203,0.8516503267973856,1530
IVFSPEA2_vs_SPEA2,HV,0.1,IVFSPEA2,0.7909090909090909,0.8333333333333334,0.8143790849673203,0.8523039215686274,1530
IVFSPEA2_vs_SPEA2,HV,0.1,IVFSPEA2,0.7999999999999999,0.834640522875817,0.8156862745098039,0.85359477124183,1530
IVFSPEA2_vs_SPEA2,HV,0.1,IVFSPEA2,0.8090909090909091,0.8359477124183007,0.8176307189542483,0.8549019607843137,1530
IVFSPEA2_vs_SPEA2,HV,0.1,IVFSPEA2,0.8181818181818181,0.8366013071895425,0.8176470588235294,0.8555718954248366,1530
IVFSPEA2_vs_SPEA2,HV,0.1,IVFSPEA2,0.8272727272727273,0.8379084967320262,0.8195915032679738,0.857516339869281,1530
IVFSPEA2_vs_SPEA2,HV,0.1,IVFSPEA2,0.8363636363636363,0.8392156862745098,0.8215686274509804,0.8581862745098039,1530
IVFSPEA2_vs_SPEA2,HV,0.1,IVFSPEA2,0.8454545454545453,0.8398692810457516,0.8222222222222222,0.8588235294117647,1530
IVFSPEA2_vs_SPEA2,HV,0.1,IVFSPEA2,0.8545454545454545,0.8411764705882353,0.822875816993464,0.8601307189542484,1530
IVFSPEA2_vs_SPEA2,HV,0.1,IVFSPEA2,0.8636363636363635,0.8431372549019608,0.8248366013071895,0.8620915032679739,1530
IVFSPEA2_vs_SPEA2,HV,0.1,IVFSPEA2,0.8727272727272727,0.8444444444444444,0.8261437908496732,0.8627614379084968,1530
IVFSPEA2_vs_SPEA2,HV,0.1,IVFSPEA2,0.8818181818181817,0.8464052287581699,0.8287581699346406,0.8647058823529412,1530
IVFSPEA2_vs_SPEA2,HV,0.1,IVFSPEA2,0.8909090909090909,0.8477124183006536,0.8307189542483661,0.8660130718954249,1530
IVFSPEA2_vs_SPEA2,HV,0.1,IVFSPEA2,0.8999999999999999,0.8477124183006536,0.8307189542483661,0.8660130718954249,1530
IVFSPEA2_vs_SPEA2,HV,0.1,IVFSPEA2,0.9090909090909091,0.8490196078431372,0.8320098039215686,0.8679738562091504,1530
IVFSPEA2_vs_SPEA2,HV,0.1,IVFSPEA2,0.9181818181818181,0.8496732026143791,0.8320261437908497,0.8679901960784314,1530
IVFSPEA2_vs_SPEA2,HV,0.1,IVFSPEA2,0.9272727272727272,0.8503267973856209,0.8333169934640523,0.8686274509803922,1530
IVFSPEA2_vs_SPEA2,HV,0.1,IVFSPEA2,0.9363636363636363,0.85359477124183,0.8366013071895425,0.8719117647058824,1530
IVFSPEA2_vs_SPEA2,HV,0.1,IVFSPEA2,0.9454545454545454,0.85359477124183,0.8366013071895425,0.8719117647058824,1530
IVFSPEA2_vs_SPEA2,HV,0.1,IVFSPEA2,0.9545454545454545,0.8562091503267973,0.8392156862745098,0.8745098039215686,1530
IVFSPEA2_vs_SPEA2,HV,0.1,IVFSPEA2,0.9636363636363636,0.8562091503267973,0.8392156862745098,0.8745098039215686,1530
IVFSPEA2_vs_SPEA2,HV,0.1,IVFSPEA2,0.9727272727272727,0.8562091503267973,0.8392156862745098,0.8745098039215686,1530
IVFSPEA2_vs_SPEA2,HV,0.1,IVFSPEA2,0.9818181818181817,0.8568627450980392,0.8392156862745098,0.8751633986928105,1530
IVFSPEA2_vs_SPEA2,HV,0.1,IVFSPEA2,0.9909090909090909,0.857516339869281,0.8405065359477124,0.8758169934640523,1530
IVFSPEA2_vs_SPEA2,HV,0.1,IVFSPEA2,1.0,0.857516339869281,0.8405065359477124,0.8758169934640523,1530
IVFSPEA2_vs_SPEA2,HV,0.1,SPEA2,0.1,0.15294117647058825,0.13529411764705881,0.17254901960784313,1530
IVFSPEA2_vs_SPEA2,HV,0.1,SPEA2,0.1090909090909091,0.15816993464052287,0.14052287581699346,0.1784313725490196,1530
IVFSPEA2_vs_SPEA2,HV,0.1,SPEA2,0.1181818181818182,0.1627450980392157,0.1450980392156863,0.18236928104575162,1530
IVFSPEA2_vs_SPEA2,HV,0.1,SPEA2,0.1272727272727273,0.16797385620915034,0.1509640522875817,0.18759803921568627,1530
IVFSPEA2_vs_SPEA2,HV,0.1,SPEA2,0.13636363636363635,0.17777777777777778,0.15946078431372548,0.1974019607843137,1530
IVFSPEA2_vs_SPEA2,HV,0.1,SPEA2,0.14545454545454545,0.18888888888888888,0.16993464052287582,0.20915032679738563,1530
IVFSPEA2_vs_SPEA2,HV,0.1,SPEA2,0.15454545454545454,0.20392156862745098,0.18429738562091505,0.22418300653594772,1530
IVFSPEA2_vs_SPEA2,HV,0.1,SPEA2,0.16363636363636364,0.21764705882352942,0.19738562091503267,0.23790849673202613,1530
IVFSPEA2_vs_SPEA2,HV,0.1,SPEA2,0.17272727272727273,0.23006535947712417,0.20978758169934641,0.25098039215686274,1530
IVFSPEA2_vs_SPEA2,HV,0.1,SPEA2,0.18181818181818182,0.2542483660130719,0.2326797385620915,0.27647058823529413,1530
IVFSPEA2_vs_SPEA2,HV,0.1,SPEA2,0.19090909090909092,0.30130718954248364,0.2784313725490196,0.3235294117647059,1530
IVFSPEA2_vs_SPEA2,HV,0.1,SPEA2,0.2,0.3888888888888889,0.3633986928104575,0.4130882352941176,1530
IVFSPEA2_vs_SPEA2,HV,0.1,SPEA2,0.2090909090909091,0.39673202614379083,0.3718954248366013,0.4209313725490196,1530
IVFSPEA2_vs_SPEA2,HV,0.1,SPEA2,0.2181818181818182,0.40588235294117647,0.3803921568627451,0.43071895424836604,1530
IVFSPEA2_vs_SPEA2,HV,0.1,SPEA2,0.22727272727272727,0.41568627450980394,0.3908496732026144,0.44053921568627447,1530
IVFSPEA2_vs_SPEA2,HV,0.1,SPEA2,0.23636363636363636,0.426797385620915,0.40194444444444444,0.4516503267973856,1530
IVFSPEA2_vs_SPEA2,HV,0.1,SPEA2,0.24545454545454545,0.43594771241830066,0.41045751633986927,0.46078431372549017,1530
IVFSPEA2_vs_SPEA2,HV,0.1,SPEA2,0.2545454545454545,0.44052287581699345,0.4150326797385621,0.46601307189542485,1530
IVFSPEA2_vs_SPEA2,HV,0.1,SPEA2,0.26363636363636367,0.4496732026143791,0.4241830065359477,0.4764705882352941,1530
IVFSPEA2_vs_SPEA2,HV,0.1,SPEA2,0.2727272727272727,0.4588235294117647,0.4333169934640523,0.48627450980392156,1530
IVFSPEA2_vs_SPEA2,HV,0.1,SPEA2,0.28181818181818186,0.46601307189542485,0.4411764705882353,0.49411764705882355,1530
IVFSPEA2_vs_SPEA2,HV,0.1,SPEA2,0.2909090909090909,0.47908496732026146,0.4542483660130719,0.5078431372549019,1530
IVFSPEA2_vs_SPEA2,HV,0.1,SPEA2,0.3,0.5320261437908497,0.5071895424836601,0.5575490196078431,1530
IVFSPEA2_vs_SPEA2,HV,0.1,SPEA2,0.3090909090909091,0.534640522875817,0.5104411764705882,0.5607843137254902,1530
IVFSPEA2_vs_SPEA2,HV,0.1,SPEA2,0.3181818181818182,0.5366013071895425,0.5117647058823529,0.5621078431372549,1530
IVFSPEA2_vs_SPEA2,HV,0.1,SPEA2,0.32727272727272727,0.5398692810457516,0.5143790849673202,0.5660130718954248,1530
IVFSPEA2_vs_SPEA2,HV,0.1,SPEA2,0.33636363636363636,0.5431372549019607,0.5176470588235295,0.569297385620915,1530
IVFSPEA2_vs_SPEA2,HV,0.1,SPEA2,0.34545454545454546,0.545751633986928,0.5202614379084968,0.5712418300653594,1530
IVFSPEA2_vs_SPEA2,HV,0.1,SPEA2,0.3545454545454545,0.5483660130718955,0.5235294117647059,0.5751633986928104,1530
IVFSPEA2_vs_SPEA2,HV,0.1,SPEA2,0.36363636363636365,0.5522875816993464,0.5274346405228758,0.5777941176470588,1530
IVFSPEA2_vs_SPEA2,HV,0.1,SPEA2,0.3727272727272727,0.5549019607843138,0.5300653594771242,0.581045751633987,1530
IVFSPEA2_vs_SPEA2,HV,0.1,SPEA2,0.38181818181818183,0.5607843137254902,0.5359313725490196,0.5869281045751634,1530
IVFSPEA2_vs_SPEA2,HV,0.1,SPEA2,0.3909090909090909,0.5673202614379085,0.5418300653594771,0.5934640522875817,1530
IVFSPEA2_vs_SPEA2,HV,0.1,SPEA2,0.4,0.5790849673202615,0.5542483660130719,0.6045915032679738,1530
IVFSPEA2_vs_SPEA2,HV,0.1,SPEA2,0.40909090909090906,0.5790849673202615,0.5542483660130719,0.6045915032679738,1530
IVFSPEA2_vs_SPEA2,HV,0.1,SPEA2,0.4181818181818182,0.5797385620915033,0.5555392156862745,0.6058823529411764,1530
IVFSPEA2_vs_SPEA2,HV,0.1,SPEA2,0.42727272727272725,0.5803921568627451,0.5561928104575163,0.6058986928104575,1530
IVFSPEA2_vs_SPEA2,HV,0.1,SPEA2,0.4363636363636364,0.581045751633987,0.5568627450980392,0.6065522875816993,1530
IVFSPEA2_vs_SPEA2,HV,0.1,SPEA2,0.44545454545454544,0.5830065359477125,0.5581699346405229,0.6098039215686275,1530
IVFSPEA2_vs_SPEA2,HV,0.1,SPEA2,0.4545454545454546,0.5875816993464053,0.5620915032679739,0.6137418300653595,1530
IVFSPEA2_vs_SPEA2,HV,0.1,SPEA2,0.4636363636363636,0.5888888888888889,0.5633986928104575,0.6150326797385621,1530
IVFSPEA2_vs_SPEA2,HV,0.1,SPEA2,0.47272727272727266,0.5915032679738562,0.5666666666666667,0.6176470588235294,1530
IVFSPEA2_vs_SPEA2,HV,0.1,SPEA2,0.4818181818181818,0.5947712418300654,0.569281045751634,0.6202777777777778,1530
IVFSPEA2_vs_SPEA2,HV,0.1,SPEA2,0.49090909090909085,0.5986928104575163,0.5732026143790849,0.6241830065359477,1530
IVFSPEA2_vs_SPEA2,HV,0.1,SPEA2,0.5,0.6032679738562091,0.5777777777777777,0.6287581699346405,1530
IVFSPEA2_vs_SPEA2,HV,0.1,SPEA2,0.509090909090909,0.6039215686274509,0.5784313725490197,0.6294117647058823,1530
IVFSPEA2_vs_SPEA2,HV,0.1,SPEA2,0.5181818181818182,0.6058823529411764,0.5797385620915033,0.6307352941176471,1530
IVFSPEA2_vs_SPEA2,HV,0.1,SPEA2,0.5272727272727272,0.6071895424836601,0.5816830065359477,0.6326797385620915,1530
IVFSPEA2_vs_SPEA2,HV,0.1,SPEA2,0.5363636363636364,0.6071895424836601,0.5816830065359477,0.6326797385620915,1530
IVFSPEA2_vs_SPEA2,HV,0.1,SPEA2,0.5454545454545454,0.6084967320261437,0.5829901960784314,0.634640522875817,1530
IVFSPEA2_vs_SPEA2,HV,0.1,SPEA2,0.5545454545454546,0.6091503267973856,0.5836437908496732,0.634656862745098,1530
IVFSPEA2_vs_SPEA2,HV,0.1,SPEA2,0.5636363636363636,0.611764705882353,0.5856209150326798,0.6379084967320261,1530
IVFSPEA2_vs_SPEA2,HV,0.1,SPEA2,0.5727272727272728,0.6130718954248366,0.5869281045751634,0.638578431372549,1530
IVFSPEA2_vs_SPEA2,HV,0.1,SPEA2,0.5818181818181818,0.6143790849673203,0.588218954248366,0.6398692810457516,1530
IVFSPEA2_vs_SPEA2,HV,0.1,SPEA2,0.5909090909090909,0.6150326797385621,0.5895261437908497,0.6405392156862745,1530
IVFSPEA2_vs_SPEA2,HV,0.1,SPEA2,0.6,0.615686274509804,0.5908169934640523,0.6411764705882353,1530
IVFSPEA2_vs_SPEA2,HV,0.1,SPEA2,0.609090909090909,0.615686274509804,0.5908169934640523,0.6411764705882353,1530
IVFSPEA2_vs_SPEA2,HV,0.1,SPEA2,0.6181818181818182,0.615686274509804,0.5908169934640523,0.6411764705882353,1530
IVFSPEA2_vs_SPEA2,HV,0.1,SPEA2,0.6272727272727272,0.6183006535947713,0.5928104575163399,0.6437908496732027,1530
IVFSPEA2_vs_SPEA2,HV,0.1,SPEA2,0.6363636363636364,0.6183006535947713,0.5928104575163399,0.6437908496732027,1530
IVFSPEA2_vs_SPEA2,HV,0.1,SPEA2,0.6454545454545454,0.6183006535947713,0.5928104575163399,0.6437908496732027,1530
IVFSPEA2_vs_SPEA2,HV,0.1,SPEA2,0.6545454545454545,0.6189542483660131,0.5934640522875817,0.6444444444444445,1530
IVFSPEA2_vs_SPEA2,HV,0.1,SPEA2,0.6636363636363636,0.6202614379084967,0.5954084967320261,0.64640522875817,1530
IVFSPEA2_vs_SPEA2,HV,0.1,SPEA2,0.6727272727272727,0.6215686274509804,0.5960620915032679,0.6477124183006536,1530
IVFSPEA2_vs_SPEA2,HV,0.1,SPEA2,0.6818181818181818,0.6235294117647059,0.5980392156862745,0.6483660130718955,1530
IVFSPEA2_vs_SPEA2,HV,0.1,SPEA2,0.6909090909090908,0.6248366013071895,0.5993300653594771,0.6503267973856209,1530
IVFSPEA2_vs_SPEA2,HV,0.1,SPEA2,0.7,0.6254901960784314,0.5993464052287582,0.650343137254902,1530
IVFSPEA2_vs_SPEA2,HV,0.1,SPEA2,0.709090909090909,0.6261437908496732,0.6,0.6516339869281046,1530
IVFSPEA2_vs_SPEA2,HV,0.1,SPEA2,0.7181818181818181,0.6261437908496732,0.6,0.6516339869281046,1530
IVFSPEA2_vs_SPEA2,HV,0.1,SPEA2,0.7272727272727272,0.626797385620915,0.6006535947712418,0.6522875816993464,1530
IVFSPEA2_vs_SPEA2,HV,0.1,SPEA2,0.7363636363636363,0.6274509803921569,0.6013071895424836,0.6529411764705882,1530
IVFSPEA2_vs_SPEA2,HV,0.1,SPEA2,0.7454545454545454,0.6281045751633987,0.6019444444444444,0.6529575163398693,1530
IVFSPEA2_vs_SPEA2,HV,0.1,SPEA2,0.7545454545454545,0.6281045751633987,0.6019444444444444,0.6529575163398693,1530
IVFSPEA2_vs_SPEA2,HV,0.1,SPEA2,0.7636363636363636,0.6281045751633987,0.6019444444444444,0.6529575163398693,1530
IVFSPEA2_vs_SPEA2,HV,0.1,SPEA2,0.7727272727272727,0.6281045751633987,0.6019444444444444,0.6529575163398693,1530
IVFSPEA2_vs_SPEA2,HV,0.1,SPEA2,0.7818181818181817,0.6287581699346405,0.6025980392156862,0.6535947712418301,1530
IVFSPEA2_vs_SPEA2,HV,0.1,SPEA2,0.7909090909090909,0.6294117647058823,0.603251633986928,0.6542483660130719,1530
IVFSPEA2_vs_SPEA2,HV,0.1,SPEA2,0.7999999999999999,0.6300653594771242,0.6039052287581699,0.6549019607843137,1530
IVFSPEA2_vs_SPEA2,HV,0.1,SPEA2,0.8090909090909091,0.6300653594771242,0.6039052287581699,0.6549019607843137,1530
IVFSPEA2_vs_SPEA2,HV,0.1,SPEA2,0.8181818181818181,0.6300653594771242,0.6039052287581699,0.6549019607843137,1530
IVFSPEA2_vs_SPEA2,HV,0.1,SPEA2,0.8272727272727273,0.6313725490196078,0.6052287581699346,0.6562091503267974,1530
IVFSPEA2_vs_SPEA2,HV,0.1,SPEA2,0.8363636363636363,0.6326797385620915,0.6058823529411764,0.657516339869281,1530
IVFSPEA2_vs_SPEA2,HV,0.1,SPEA2,0.8454545454545453,0.6333333333333333,0.607173202614379,0.6581699346405229,1530
IVFSPEA2_vs_SPEA2,HV,0.1,SPEA2,0.8545454545454545,0.634640522875817,0.6078431372549019,0.6594771241830065,1530
IVFSPEA2_vs_SPEA2,HV,0.1,SPEA2,0.8636363636363635,0.634640522875817,0.6078431372549019,0.6594771241830065,1530
IVFSPEA2_vs_SPEA2,HV,0.1,SPEA2,0.8727272727272727,0.634640522875817,0.6078431372549019,0.6594771241830065,1530
IVFSPEA2_vs_SPEA2,HV,0.1,SPEA2,0.8818181818181817,0.6352941176470588,0.6084967320261437,0.6601307189542484,1530
IVFSPEA2_vs_SPEA2,HV,0.1,SPEA2,0.8909090909090909,0.6359477124183006,0.6098039215686275,0.6607843137254902,1530
IVFSPEA2_vs_SPEA2,HV,0.1,SPEA2,0.8999999999999999,0.6359477124183006,0.6098039215686275,0.6607843137254902,1530
IVFSPEA2_vs_SPEA2,HV,0.1,SPEA2,0.9090909090909091,0.6359477124183006,0.6098039215686275,0.6607843137254902,1530
IVFSPEA2_vs_SPEA2,HV,0.1,SPEA2,0.9181818181818181,0.6366013071895424,0.6104575163398693,0.6608006535947712,1530
IVFSPEA2_vs_SPEA2,HV,0.1,SPEA2,0.9272727272727272,0.6366013071895424,0.6104575163398693,0.6608006535947712,1530
IVFSPEA2_vs_SPEA2,HV,0.1,SPEA2,0.9363636363636363,0.6366013071895424,0.6104575163398693,0.6608006535947712,1530
IVFSPEA2_vs_SPEA2,HV,0.1,SPEA2,0.9454545454545454,0.6366013071895424,0.6104575163398693,0.6608006535947712,1530
IVFSPEA2_vs_SPEA2,HV,0.1,SPEA2,0.9545454545454545,0.6366013071895424,0.6104575163398693,0.6608006535947712,1530
IVFSPEA2_vs_SPEA2,HV,0.1,SPEA2,0.9636363636363636,0.6366013071895424,0.6104575163398693,0.6608006535947712,1530
IVFSPEA2_vs_SPEA2,HV,0.1,SPEA2,0.9727272727272727,0.6366013071895424,0.6104575163398693,0.6608006535947712,1530
IVFSPEA2_vs_SPEA2,HV,0.1,SPEA2,0.9818181818181817,0.6366013071895424,0.6104575163398693,0.6608006535947712,1530
IVFSPEA2_vs_SPEA2,HV,0.1,SPEA2,0.9909090909090909,0.6379084967320261,0.611764705882353,0.6627614379084967,1530
IVFSPEA2_vs_SPEA2,HV,0.1,SPEA2,1.0,0.6392156862745098,0.6130718954248366,0.6640522875816993,1530
