algo,problem,group,M,D,run,IGD,HV
IVFNSGAII,DTLZ1,DTLZ,2,6,4001,0.0022386908668058,0.5815396873270173
IVFNSGAII,DTLZ1,DTLZ,2,6,4002,0.0020677022048045,0.5818964111973226
IVFNSGAII,DTLZ1,DTLZ,2,6,4003,0.0022936260403327,0.5813868099705657
IVFNSGAII,DTLZ1,DTLZ,2,6,4004,0.0022433038254561,0.581338457215896
IVFNSGAII,DTLZ1,DTLZ,2,6,4005,0.0022403676378115,0.5815045768509455
IVFNSGAII,DTLZ1,DTLZ,2,6,4006,0.0021694538819857,0.581640805423766
IVFNSGAII,DTLZ1,DTLZ,2,6,4007,0.0021451491511451,0.5817204463196493
IVFNSGAII,DTLZ1,DTLZ,2,6,4008,0.002306877330741,0.5812426453020725
IVFNSGAII,DTLZ1,DTLZ,2,6,4009,0.002132876665134,0.5816420628425417
IVFNSGAII,DTLZ1,DTLZ,2,6,4010,0.0021649292248089,0.5816605188950887
IVFNSGAII,DTLZ1,DTLZ,2,6,4011,0.002212302269108,0.5813965819420293
IVFNSGAII,DTLZ1,DTLZ,2,6,4012,0.0023298885911334,0.5812875068684622
IVFNSGAII,DTLZ1,DTLZ,2,6,4013,0.0022044292994589,0.5816163693685739
IVFNSGAII,DTLZ1,DTLZ,2,6,4014,0.0022901548131627,0.5812483188797635
IVFNSGAII,DTLZ1,DTLZ,2,6,4015,0.0021744229190832,0.581674734058897
IVFNSGAII,DTLZ1,DTLZ,2,6,4016,0.0021309067038759,0.5817302065103309
IVFNSGAII,DTLZ1,DTLZ,2,6,4017,0.002303643272591,0.5810648089182087
IVFNSGAII,DTLZ1,DTLZ,2,6,4018,0.0022157803940463,0.5815283551459167
IVFNSGAII,DTLZ1,DTLZ,2,6,4019,0.0022904583895594,0.5814212904154523
IVFNSGAII,DTLZ1,DTLZ,2,6,4020,0.0022357609644482,0.5811916477111809
IVFNSGAII,DTLZ1,DTLZ,2,6,4021,0.0022941618225553,0.5812365710086735
IVFNSGAII,DTLZ1,DTLZ,2,6,4022,0.0021980691897123,0.5811485761871014
IVFNSGAII,DTLZ1,DTLZ,2,6,4023,0.0022633965199685,0.581451899445872
IVFNSGAII,DTLZ1,DTLZ,2,6,4024,0.0022521053686451,0.5815027500366406
IVFNSGAII,DTLZ1,DTLZ,2,6,4025,0.0023729811633203,0.5810186644049438
IVFNSGAII,DTLZ1,DTLZ,2,6,4026,0.0020434143864374,0.5819867913555077
IVFNSGAII,DTLZ1,DTLZ,2,6,4027,0.0022348041728586,0.5812077310991144
IVFNSGAII,DTLZ1,DTLZ,2,6,4028,0.0024355290998665,0.5810545689750672
IVFNSGAII,DTLZ1,DTLZ,2,6,4029,0.0021910533674519,0.5816224609822085
IVFNSGAII,DTLZ1,DTLZ,2,6,4030,0.0021684213948991,0.5816676809583406
IVFNSGAII,DTLZ1,DTLZ,3,7,4001,0.0273491633214031,0.8246156581864398
IVFNSGAII,DTLZ1,DTLZ,3,7,4002,0.027895938971219,0.8251162824968127
IVFNSGAII,DTLZ1,DTLZ,3,7,4003,0.0270924067741321,0.8235537781022452
IVFNSGAII,DTLZ1,DTLZ,3,7,4004,0.0253745751191629,0.8255251528860285
IVFNSGAII,DTLZ1,DTLZ,3,7,4005,0.0292891676016418,0.8190826391959477
IVFNSGAII,DTLZ1,DTLZ,3,7,4006,0.0262803981997658,0.8294099712014367
IVFNSGAII,DTLZ1,DTLZ,3,7,4007,0.0272657462715286,0.8255781932272082
IVFNSGAII,DTLZ1,DTLZ,3,7,4008,0.0267220138678588,0.8229350056658049
IVFNSGAII,DTLZ1,DTLZ,3,7,4009,0.026490722189962,0.8259681024466852
IVFNSGAII,DTLZ1,DTLZ,3,7,4010,0.0270182065028086,0.8297526051006517
IVFNSGAII,DTLZ1,DTLZ,3,7,4011,0.0280648421478885,0.8165365979149725
IVFNSGAII,DTLZ1,DTLZ,3,7,4012,0.0273895347321594,0.8284009123186727
IVFNSGAII,DTLZ1,DTLZ,3,7,4013,0.0279522265312399,0.824474866087164
IVFNSGAII,DTLZ1,DTLZ,3,7,4014,0.0267804626088378,0.8236878437990837
IVFNSGAII,DTLZ1,DTLZ,3,7,4015,0.0253446681213722,0.8233701619273701
IVFNSGAII,DTLZ1,DTLZ,3,7,4016,0.0263519140929563,0.8273063183195932
IVFNSGAII,DTLZ1,DTLZ,3,7,4017,0.0259852320735311,0.8280008422364334
IVFNSGAII,DTLZ1,DTLZ,3,7,4018,0.0273839854382745,0.8250616083020758
IVFNSGAII,DTLZ1,DTLZ,3,7,4019,0.0252530599583105,0.8295682147968431
IVFNSGAII,DTLZ1,DTLZ,3,7,4020,0.0277915163664638,0.8257692477828458
IVFNSGAII,DTLZ1,DTLZ,3,7,4021,0.0265944430944793,0.8313611468311345
IVFNSGAII,DTLZ1,DTLZ,3,7,4022,0.0285457923091582,0.824578360191969
IVFNSGAII,DTLZ1,DTLZ,3,7,4023,0.0258181984968423,0.8295010955213431
IVFNSGAII,DTLZ1,DTLZ,3,7,4024,0.026015816394448,0.8241485545267767
IVFNSGAII,DTLZ1,DTLZ,3,7,4025,0.026797042646504,0.8267908596936034
IVFNSGAII,DTLZ1,DTLZ,3,7,4026,0.0265099574033006,0.8241398804999376
IVFNSGAII,DTLZ1,DTLZ,3,7,4027,0.0278138759420303,0.8229997049414417
IVFNSGAII,DTLZ1,DTLZ,3,7,4028,0.026108418779257,0.8291555421049193
IVFNSGAII,DTLZ1,DTLZ,3,7,4029,0.0266320002651508,0.8280351491748088
IVFNSGAII,DTLZ1,DTLZ,3,7,4030,0.0291352219316192,0.8245292271088912
IVFNSGAII,DTLZ2,DTLZ,2,11,4001,0.0049651206923607,0.346614073174849
IVFNSGAII,DTLZ2,DTLZ,2,11,4002,0.005050239559229,0.3466511269402866
IVFNSGAII,DTLZ2,DTLZ,2,11,4003,0.0052039896628939,0.3464195096997449
IVFNSGAII,DTLZ2,DTLZ,2,11,4004,0.0054111470871521,0.3466922054071464
IVFNSGAII,DTLZ2,DTLZ,2,11,4005,0.0048727626392106,0.3464761143714285
IVFNSGAII,DTLZ2,DTLZ,2,11,4006,0.0051543551767989,0.3463920898078967
IVFNSGAII,DTLZ2,DTLZ,2,11,4007,0.0049328766503562,0.3468018500565632
IVFNSGAII,DTLZ2,DTLZ,2,11,4008,0.0051385127788339,0.3465376894252946
IVFNSGAII,DTLZ2,DTLZ,2,11,4009,0.0048042723402834,0.3467599690984764
IVFNSGAII,DTLZ2,DTLZ,2,11,4010,0.0052030296051723,0.3465846178281496
IVFNSGAII,DTLZ2,DTLZ,2,11,4011,0.0051681492215766,0.3464704699569225
IVFNSGAII,DTLZ2,DTLZ,2,11,4012,0.0051849612269219,0.3466332963015808
IVFNSGAII,DTLZ2,DTLZ,2,11,4013,0.0052227092548525,0.3463007517636453
IVFNSGAII,DTLZ2,DTLZ,2,11,4014,0.0049878209192761,0.346731579593857
IVFNSGAII,DTLZ2,DTLZ,2,11,4015,0.0049738956753442,0.3468329698037096
IVFNSGAII,DTLZ2,DTLZ,2,11,4016,0.0051960052412391,0.3467725337675436
IVFNSGAII,DTLZ2,DTLZ,2,11,4017,0.0054191351492634,0.3464785407303721
IVFNSGAII,DTLZ2,DTLZ,2,11,4018,0.0049384359525797,0.3465808095841122
IVFNSGAII,DTLZ2,DTLZ,2,11,4019,0.0050976087003939,0.3465323608202901
IVFNSGAII,DTLZ2,DTLZ,2,11,4020,0.0048982088803975,0.3465543115888941
IVFNSGAII,DTLZ2,DTLZ,2,11,4021,0.0048880779816539,0.3467805270071114
IVFNSGAII,DTLZ2,DTLZ,2,11,4022,0.0054003148335272,0.3464164172644816
IVFNSGAII,DTLZ2,DTLZ,2,11,4023,0.0053569549368317,0.3464158210135551
IVFNSGAII,DTLZ2,DTLZ,2,11,4024,0.0050627169978942,0.3467738972091503
IVFNSGAII,DTLZ2,DTLZ,2,11,4025,0.0048910661166059,0.346720544634144
IVFNSGAII,DTLZ2,DTLZ,2,11,4026,0.0054069134521643,0.3461220834530182
IVFNSGAII,DTLZ2,DTLZ,2,11,4027,0.0049465726283097,0.3467744761351335
IVFNSGAII,DTLZ2,DTLZ,2,11,4028,0.0053231182386058,0.3463791065897832
IVFNSGAII,DTLZ2,DTLZ,2,11,4029,0.0049371069007646,0.346558330749664
IVFNSGAII,DTLZ2,DTLZ,2,11,4030,0.0052553981026435,0.3467487585090129
IVFNSGAII,DTLZ2,DTLZ,3,12,4001,0.0716363097964574,0.5331610867479071
IVFNSGAII,DTLZ2,DTLZ,3,12,4002,0.0723188307348303,0.5341662344736172
IVFNSGAII,DTLZ2,DTLZ,3,12,4003,0.0680710200870965,0.52536303754746
IVFNSGAII,DTLZ2,DTLZ,3,12,4004,0.0694008225524196,0.5327928240149031
IVFNSGAII,DTLZ2,DTLZ,3,12,4005,0.0667861843586271,0.5337000625891404
IVFNSGAII,DTLZ2,DTLZ,3,12,4006,0.0730076945939189,0.5282392633229228
IVFNSGAII,DTLZ2,DTLZ,3,12,4007,0.0682311297810916,0.5297205674503112
IVFNSGAII,DTLZ2,DTLZ,3,12,4008,0.070505140083084,0.5399324933441922
IVFNSGAII,DTLZ2,DTLZ,3,12,4009,0.0661632596526269,0.5412330055550155
IVFNSGAII,DTLZ2,DTLZ,3,12,4010,0.0653902695344556,0.5365692247226974
IVFNSGAII,DTLZ2,DTLZ,3,12,4011,0.0724897772978674,0.5327160192770958
IVFNSGAII,DTLZ2,DTLZ,3,12,4012,0.066779415537635,0.5395301520232864
IVFNSGAII,DTLZ2,DTLZ,3,12,4013,0.0675451108666848,0.5407803632412693
IVFNSGAII,DTLZ2,DTLZ,3,12,4014,0.069510426562636,0.5301710589730049
IVFNSGAII,DTLZ2,DTLZ,3,12,4015,0.0693419447527131,0.5331695485530084
IVFNSGAII,DTLZ2,DTLZ,3,12,4016,0.0702958414309975,0.5298422952622859
IVFNSGAII,DTLZ2,DTLZ,3,12,4017,0.0684553334757108,0.5351142272290179
IVFNSGAII,DTLZ2,DTLZ,3,12,4018,0.0704266098809491,0.529547417449077
IVFNSGAII,DTLZ2,DTLZ,3,12,4019,0.0693600674676279,0.5232513930248702
IVFNSGAII,DTLZ2,DTLZ,3,12,4020,0.0716086756696233,0.525516018327052
IVFNSGAII,DTLZ2,DTLZ,3,12,4021,0.0673169160130303,0.5327839328990702
IVFNSGAII,DTLZ2,DTLZ,3,12,4022,0.0671443887782454,0.537112656008004
IVFNSGAII,DTLZ2,DTLZ,3,12,4023,0.0652324967494636,0.5374303379197439
IVFNSGAII,DTLZ2,DTLZ,3,12,4024,0.068937641448529,0.5374078064428516
IVFNSGAII,DTLZ2,DTLZ,3,12,4025,0.0707987598877274,0.5321554784935385
IVFNSGAII,DTLZ2,DTLZ,3,12,4026,0.0688807090126356,0.5365930084740782
IVFNSGAII,DTLZ2,DTLZ,3,12,4027,0.0699388699976477,0.5356353854438042
IVFNSGAII,DTLZ2,DTLZ,3,12,4028,0.0710924115877785,0.5320460748924247
IVFNSGAII,DTLZ2,DTLZ,3,12,4029,0.0654000399077082,0.5315193478397425
IVFNSGAII,DTLZ2,DTLZ,3,12,4030,0.0668233893601609,0.5316778514485148
IVFNSGAII,DTLZ3,DTLZ,2,11,4001,0.0053517904011916,0.345773470376617
IVFNSGAII,DTLZ3,DTLZ,2,11,4002,0.0053395183264413,0.3457871304747638
IVFNSGAII,DTLZ3,DTLZ,2,11,4003,0.0047799981611754,0.3469033102559827
IVFNSGAII,DTLZ3,DTLZ,2,11,4004,0.0050950741468254,0.3465710085821799
IVFNSGAII,DTLZ3,DTLZ,2,11,4005,0.0051599045693893,0.3468362419687622
IVFNSGAII,DTLZ3,DTLZ,2,11,4006,0.0054484261328147,0.3456433505009698
IVFNSGAII,DTLZ3,DTLZ,2,11,4007,0.0058077148852421,0.3439474687286307
IVFNSGAII,DTLZ3,DTLZ,2,11,4008,0.0051038550963976,0.3465289022920498
IVFNSGAII,DTLZ3,DTLZ,2,11,4009,0.0049264082512131,0.3466688873658431
IVFNSGAII,DTLZ3,DTLZ,2,11,4010,0.0052800988100122,0.3465430725904012
IVFNSGAII,DTLZ3,DTLZ,2,11,4011,0.0052428604287105,0.345203778439995
IVFNSGAII,DTLZ3,DTLZ,2,11,4012,0.0050984559009038,0.3454836851539006
IVFNSGAII,DTLZ3,DTLZ,2,11,4013,0.0048906535290618,0.3470139785731648
IVFNSGAII,DTLZ3,DTLZ,2,11,4014,0.0052578223730218,0.3449422270715744
IVFNSGAII,DTLZ3,DTLZ,2,11,4015,0.0049529024384623,0.3460682410909339
IVFNSGAII,DTLZ3,DTLZ,2,11,4016,0.005473405582167,0.3454098416451768
IVFNSGAII,DTLZ3,DTLZ,2,11,4017,0.0061350463107582,0.3429624382251906
IVFNSGAII,DTLZ3,DTLZ,2,11,4018,0.0051297401000189,0.345178039520122
IVFNSGAII,DTLZ3,DTLZ,2,11,4019,0.0052282187162388,0.3456036401963548
IVFNSGAII,DTLZ3,DTLZ,2,11,4020,0.0057528279128477,0.3441264176091754
IVFNSGAII,DTLZ3,DTLZ,2,11,4021,0.0048410521461988,0.3458926780922352
IVFNSGAII,DTLZ3,DTLZ,2,11,4022,0.0054952224546506,0.3449140082406377
IVFNSGAII,DTLZ3,DTLZ,2,11,4023,0.0050330356402996,0.3461709323351752
IVFNSGAII,DTLZ3,DTLZ,2,11,4024,0.0056745208592697,0.3447146014785661
IVFNSGAII,DTLZ3,DTLZ,2,11,4025,0.0058716173538154,0.3432283615075942
IVFNSGAII,DTLZ3,DTLZ,2,11,4026,0.0052890406266198,0.345174912901509
IVFNSGAII,DTLZ3,DTLZ,2,11,4027,0.0050580736853419,0.3464325076554437
IVFNSGAII,DTLZ3,DTLZ,2,11,4028,0.0050502053964339,0.346301056831288
IVFNSGAII,DTLZ3,DTLZ,2,11,4029,0.0053287536005242,0.3451322049931679
IVFNSGAII,DTLZ3,DTLZ,2,11,4030,0.0048547735804407,0.3470008066542527
IVFNSGAII,DTLZ3,DTLZ,3,12,4001,0.0629366500361323,0.542498857400035
IVFNSGAII,DTLZ3,DTLZ,3,12,4002,0.0712653024097895,0.5191139665272617
IVFNSGAII,DTLZ3,DTLZ,3,12,4003,0.0670267490255804,0.5348151980802063
IVFNSGAII,DTLZ3,DTLZ,3,12,4004,0.0686643245949834,0.5298930796191272
IVFNSGAII,DTLZ3,DTLZ,3,12,4005,0.0679323770674318,0.5290799090336623
IVFNSGAII,DTLZ3,DTLZ,3,12,4006,0.0670578641679944,0.5328908891287318
IVFNSGAII,DTLZ3,DTLZ,3,12,4007,0.0699345885936154,0.5309089153367144
IVFNSGAII,DTLZ3,DTLZ,3,12,4008,0.0686533716122013,0.5295836138420604
IVFNSGAII,DTLZ3,DTLZ,3,12,4009,0.0688688656944277,0.5298783624058405
IVFNSGAII,DTLZ3,DTLZ,3,12,4010,0.0645948689882177,0.5375820779686507
IVFNSGAII,DTLZ3,DTLZ,3,12,4011,0.0686523184313846,0.5368422581450334
IVFNSGAII,DTLZ3,DTLZ,3,12,4012,0.0643653955896421,0.5263920372815716
IVFNSGAII,DTLZ3,DTLZ,3,12,4013,0.0709410222634435,0.5296929257580507
IVFNSGAII,DTLZ3,DTLZ,3,12,4014,0.0698981951153611,0.5287019401440575
IVFNSGAII,DTLZ3,DTLZ,3,12,4015,0.0677055742343097,0.5372569602108691
IVFNSGAII,DTLZ3,DTLZ,3,12,4016,0.0684910375307819,0.5387115018220492
IVFNSGAII,DTLZ3,DTLZ,3,12,4017,0.0649864857603562,0.5324973901126364
IVFNSGAII,DTLZ3,DTLZ,3,12,4018,0.0712191207923118,0.5347766799534258
IVFNSGAII,DTLZ3,DTLZ,3,12,4019,0.0767024902570341,0.5205608249795914
IVFNSGAII,DTLZ3,DTLZ,3,12,4020,0.0665424812763872,0.5377845825340747
IVFNSGAII,DTLZ3,DTLZ,3,12,4021,0.0630156776832824,0.534915316130435
IVFNSGAII,DTLZ3,DTLZ,3,12,4022,0.0650071251098788,0.5236374027487494
IVFNSGAII,DTLZ3,DTLZ,3,12,4023,0.064908953534501,0.5331036644613408
IVFNSGAII,DTLZ3,DTLZ,3,12,4024,0.0682986889644634,0.5286272300326897
IVFNSGAII,DTLZ3,DTLZ,3,12,4025,0.0677966010619031,0.5391258845729611
IVFNSGAII,DTLZ3,DTLZ,3,12,4026,0.0706111714656593,0.5328943020899923
IVFNSGAII,DTLZ3,DTLZ,3,12,4027,0.0755120672108418,0.5152815286637826
IVFNSGAII,DTLZ3,DTLZ,3,12,4028,0.0708158382366455,0.5295947816384698
IVFNSGAII,DTLZ3,DTLZ,3,12,4029,0.0698281765130711,0.5316470466043791
IVFNSGAII,DTLZ3,DTLZ,3,12,4030,0.0659187603376341,0.5463537627429527
IVFNSGAII,DTLZ4,DTLZ,2,11,4001,0.0053176433068596,0.3463532940752541
IVFNSGAII,DTLZ4,DTLZ,2,11,4002,0.0049654318134764,0.3466238888814537
IVFNSGAII,DTLZ4,DTLZ,2,11,4003,0.0051897246035499,0.346421868086363
IVFNSGAII,DTLZ4,DTLZ,2,11,4004,0.00508254211738,0.3465015776734946
IVFNSGAII,DTLZ4,DTLZ,2,11,4005,0.0051942625534209,0.3461889145840532
IVFNSGAII,DTLZ4,DTLZ,2,11,4006,0.0052390034025087,0.3467045720421037
IVFNSGAII,DTLZ4,DTLZ,2,11,4007,0.0051287958530067,0.3466926769596966
IVFNSGAII,DTLZ4,DTLZ,2,11,4008,0.0051986196530172,0.3462452044783381
IVFNSGAII,DTLZ4,DTLZ,2,11,4009,0.0053080745408865,0.3463407305073106
IVFNSGAII,DTLZ4,DTLZ,2,11,4010,0.0051335616523832,0.3465870022450707
IVFNSGAII,DTLZ4,DTLZ,2,11,4011,0.0053132634797648,0.346584729530534
IVFNSGAII,DTLZ4,DTLZ,2,11,4012,0.005158651903132,0.3466163484943832
IVFNSGAII,DTLZ4,DTLZ,2,11,4013,0.0055449029197351,0.3465871867416932
IVFNSGAII,DTLZ4,DTLZ,2,11,4014,0.0051448450425568,0.3463509716825159
IVFNSGAII,DTLZ4,DTLZ,2,11,4015,0.0050462391660677,0.346596307951523
IVFNSGAII,DTLZ4,DTLZ,2,11,4016,0.0050816002672185,0.3466721975507592
IVFNSGAII,DTLZ4,DTLZ,2,11,4017,0.0050944897615239,0.3464304809595971
IVFNSGAII,DTLZ4,DTLZ,2,11,4018,0.7420913395391106,0.0909090884967965
IVFNSGAII,DTLZ4,DTLZ,2,11,4019,0.0048052400559071,0.3468555990132717
IVFNSGAII,DTLZ4,DTLZ,2,11,4020,0.0052326913589845,0.34633517022584
IVFNSGAII,DTLZ4,DTLZ,2,11,4021,0.0048369984537126,0.3468007042603614
IVFNSGAII,DTLZ4,DTLZ,2,11,4022,0.742091338992484,0.0909090898360731
IVFNSGAII,DTLZ4,DTLZ,2,11,4023,0.7420913404056111,0.0909090863738049
IVFNSGAII,DTLZ4,DTLZ,2,11,4024,0.0052015268081301,0.3466974948501671
IVFNSGAII,DTLZ4,DTLZ,2,11,4025,0.0051250633708222,0.3467391953064058
IVFNSGAII,DTLZ4,DTLZ,2,11,4026,0.7420913390101136,0.0909090897928774
IVFNSGAII,DTLZ4,DTLZ,2,11,4027,0.0051817264406909,0.3464439051311121
IVFNSGAII,DTLZ4,DTLZ,2,11,4028,0.0048695841915248,0.3466812909692638
IVFNSGAII,DTLZ4,DTLZ,2,11,4029,0.0048501400632973,0.3468335638224066
IVFNSGAII,DTLZ4,DTLZ,2,11,4030,0.0049854679088492,0.346611734115914
IVFNSGAII,DTLZ4,DTLZ,3,12,4001,0.9459249267867876,0.09090908922144
IVFNSGAII,DTLZ4,DTLZ,3,12,4002,0.0683682545251271,0.5336471263103326
IVFNSGAII,DTLZ4,DTLZ,3,12,4003,0.0649041321212122,0.5371590921386977
IVFNSGAII,DTLZ4,DTLZ,3,12,4004,0.0648638123908951,0.538409128024964
IVFNSGAII,DTLZ4,DTLZ,3,12,4005,0.06717477099372,0.5373799779320835
IVFNSGAII,DTLZ4,DTLZ,3,12,4006,0.0681031725044993,0.5401061145666217
IVFNSGAII,DTLZ4,DTLZ,3,12,4007,0.0627942208913215,0.5395168079352743
IVFNSGAII,DTLZ4,DTLZ,3,12,4008,0.0621838036606327,0.5414672554878253
IVFNSGAII,DTLZ4,DTLZ,3,12,4009,0.0653956205543103,0.5409637663476603
IVFNSGAII,DTLZ4,DTLZ,3,12,4010,0.0723531973364346,0.522956311816582
IVFNSGAII,DTLZ4,DTLZ,3,12,4011,0.0652029804719622,0.5296524998604553
IVFNSGAII,DTLZ4,DTLZ,3,12,4012,0.0665190138593388,0.5394275834678783
IVFNSGAII,DTLZ4,DTLZ,3,12,4013,0.065389835874031,0.538697684978709
IVFNSGAII,DTLZ4,DTLZ,3,12,4014,0.0659746552338415,0.5334998471550365
IVFNSGAII,DTLZ4,DTLZ,3,12,4015,0.9459249261410932,0.0909090904625435
IVFNSGAII,DTLZ4,DTLZ,3,12,4016,0.0729463301828637,0.5368347537145275
IVFNSGAII,DTLZ4,DTLZ,3,12,4017,0.0679041549069569,0.5375848603001255
IVFNSGAII,DTLZ4,DTLZ,3,12,4018,0.0712187130976096,0.5302644528347014
IVFNSGAII,DTLZ4,DTLZ,3,12,4019,0.0651784165110089,0.5403689440139346
IVFNSGAII,DTLZ4,DTLZ,3,12,4020,0.0668704755605125,0.5335366447922161
IVFNSGAII,DTLZ4,DTLZ,3,12,4021,0.0669608226091456,0.5317336376650748
IVFNSGAII,DTLZ4,DTLZ,3,12,4022,0.0680332797112814,0.5342534709718538
IVFNSGAII,DTLZ4,DTLZ,3,12,4023,0.0662450083325669,0.5315424007375247
IVFNSGAII,DTLZ4,DTLZ,3,12,4024,0.065939217338772,0.5328074716881808
IVFNSGAII,DTLZ4,DTLZ,3,12,4025,0.0675866914406213,0.5396349182183665
IVFNSGAII,DTLZ4,DTLZ,3,12,4026,0.0676851818741275,0.5286865468903937
IVFNSGAII,DTLZ4,DTLZ,3,12,4027,0.0681264830836924,0.5357516586978994
IVFNSGAII,DTLZ4,DTLZ,3,12,4028,0.0670215945649875,0.5381621043719675
IVFNSGAII,DTLZ4,DTLZ,3,12,4029,0.071714157062871,0.535984463980665
IVFNSGAII,DTLZ4,DTLZ,3,12,4030,0.0696224376897203,0.5229050136404368
IVFNSGAII,DTLZ5,DTLZ,2,11,4001,0.0050259784578572,0.3464959748922441
IVFNSGAII,DTLZ5,DTLZ,2,11,4002,0.0050584282988532,0.3465158171518191
IVFNSGAII,DTLZ5,DTLZ,2,11,4003,0.0048420312977948,0.3466794194382332
IVFNSGAII,DTLZ5,DTLZ,2,11,4004,0.0050303991077844,0.3465776387478034
IVFNSGAII,DTLZ5,DTLZ,2,11,4005,0.0049668664221337,0.346783991466374
IVFNSGAII,DTLZ5,DTLZ,2,11,4006,0.0051875074959667,0.3463151016827678
IVFNSGAII,DTLZ5,DTLZ,2,11,4007,0.0054170072106298,0.3463032674403368
IVFNSGAII,DTLZ5,DTLZ,2,11,4008,0.0052478724321071,0.3461399339264661
IVFNSGAII,DTLZ5,DTLZ,2,11,4009,0.0052968483115893,0.3465537735333523
IVFNSGAII,DTLZ5,DTLZ,2,11,4010,0.0052340093766582,0.3464705621194163
IVFNSGAII,DTLZ5,DTLZ,2,11,4011,0.0053824879842917,0.3464732196837867
IVFNSGAII,DTLZ5,DTLZ,2,11,4012,0.0053614792017316,0.3465756235036771
IVFNSGAII,DTLZ5,DTLZ,2,11,4013,0.0055202149770068,0.3465246706835412
IVFNSGAII,DTLZ5,DTLZ,2,11,4014,0.0054396943381456,0.3466148731790022
IVFNSGAII,DTLZ5,DTLZ,2,11,4015,0.004856013778803,0.347036812736901
IVFNSGAII,DTLZ5,DTLZ,2,11,4016,0.0053083007381129,0.3460976201949343
IVFNSGAII,DTLZ5,DTLZ,2,11,4017,0.0050895462653822,0.3468164469087758
IVFNSGAII,DTLZ5,DTLZ,2,11,4018,0.005628321888757,0.3465072711251239
IVFNSGAII,DTLZ5,DTLZ,2,11,4019,0.0054954136117124,0.3466708657529649
IVFNSGAII,DTLZ5,DTLZ,2,11,4020,0.0052527553231937,0.3464887263336496
IVFNSGAII,DTLZ5,DTLZ,2,11,4021,0.0047736358704641,0.3467902639581166
IVFNSGAII,DTLZ5,DTLZ,2,11,4022,0.0051023104751488,0.3465978696236183
IVFNSGAII,DTLZ5,DTLZ,2,11,4023,0.0050493690798493,0.3463305360105012
IVFNSGAII,DTLZ5,DTLZ,2,11,4024,0.0051856623489925,0.3465943145593549
IVFNSGAII,DTLZ5,DTLZ,2,11,4025,0.0049074687382891,0.3468062845732011
IVFNSGAII,DTLZ5,DTLZ,2,11,4026,0.0050797152996628,0.3466492016856035
IVFNSGAII,DTLZ5,DTLZ,2,11,4027,0.0049452653973697,0.3469477688757765
IVFNSGAII,DTLZ5,DTLZ,2,11,4028,0.0053112790450924,0.3465955318924283
IVFNSGAII,DTLZ5,DTLZ,2,11,4029,0.0048390488632734,0.3466605759154372
IVFNSGAII,DTLZ5,DTLZ,2,11,4030,0.0050044282283896,0.3465419294495171
IVFNSGAII,DTLZ5,DTLZ,3,12,4001,0.0058072475559498,0.1989818061776758
IVFNSGAII,DTLZ5,DTLZ,3,12,4002,0.0055528858367218,0.1991013785239762
IVFNSGAII,DTLZ5,DTLZ,3,12,4003,0.0062865931942602,0.1990972169857064
IVFNSGAII,DTLZ5,DTLZ,3,12,4004,0.0062327748589503,0.1990792019415469
IVFNSGAII,DTLZ5,DTLZ,3,12,4005,0.005501370661474,0.1991612784171326
IVFNSGAII,DTLZ5,DTLZ,3,12,4006,0.0059685422206864,0.1990527665398961
IVFNSGAII,DTLZ5,DTLZ,3,12,4007,0.006004688043834,0.1991400101381036
IVFNSGAII,DTLZ5,DTLZ,3,12,4008,0.0060132615120297,0.1988800960878694
IVFNSGAII,DTLZ5,DTLZ,3,12,4009,0.0057427116842594,0.1990598333041597
IVFNSGAII,DTLZ5,DTLZ,3,12,4010,0.005900151425457,0.1991827254875908
IVFNSGAII,DTLZ5,DTLZ,3,12,4011,0.006137643408341,0.1989939756384647
IVFNSGAII,DTLZ5,DTLZ,3,12,4012,0.0054816777357496,0.1995211660977027
IVFNSGAII,DTLZ5,DTLZ,3,12,4013,0.0059618390425788,0.1988918921722829
IVFNSGAII,DTLZ5,DTLZ,3,12,4014,0.0055351767686299,0.1992369265939138
IVFNSGAII,DTLZ5,DTLZ,3,12,4015,0.005551800440653,0.1993457514967735
IVFNSGAII,DTLZ5,DTLZ,3,12,4016,0.005586787831261,0.1993099619961302
IVFNSGAII,DTLZ5,DTLZ,3,12,4017,0.0061408434284533,0.1991405106674777
IVFNSGAII,DTLZ5,DTLZ,3,12,4018,0.0062291447519677,0.1992160841301826
IVFNSGAII,DTLZ5,DTLZ,3,12,4019,0.0065571813436593,0.1993079496166599
IVFNSGAII,DTLZ5,DTLZ,3,12,4020,0.006026826444325,0.1992145412376364
IVFNSGAII,DTLZ5,DTLZ,3,12,4021,0.0059697824605295,0.1989269240608848
IVFNSGAII,DTLZ5,DTLZ,3,12,4022,0.0058383705030655,0.1992413365276782
IVFNSGAII,DTLZ5,DTLZ,3,12,4023,0.0064508965184631,0.1989956097739164
IVFNSGAII,DTLZ5,DTLZ,3,12,4024,0.0060723836444823,0.1990068978408849
IVFNSGAII,DTLZ5,DTLZ,3,12,4025,0.0062754382224283,0.1992271640412169
IVFNSGAII,DTLZ5,DTLZ,3,12,4026,0.0063305006719764,0.1990055645443287
IVFNSGAII,DTLZ5,DTLZ,3,12,4027,0.0057280869047351,0.1992529297341242
IVFNSGAII,DTLZ5,DTLZ,3,12,4028,0.0063043267840963,0.1990243175466372
IVFNSGAII,DTLZ5,DTLZ,3,12,4029,0.0052637858628835,0.1992613734860587
IVFNSGAII,DTLZ5,DTLZ,3,12,4030,0.005399209710849,0.1993185165851172
IVFNSGAII,DTLZ6,DTLZ,2,11,4001,0.005592214043028,0.3467664135276462
IVFNSGAII,DTLZ6,DTLZ,2,11,4002,0.0053943515636114,0.346574415277055
IVFNSGAII,DTLZ6,DTLZ,2,11,4003,0.0058051108245402,0.3460672538550543
IVFNSGAII,DTLZ6,DTLZ,2,11,4004,0.0054227817446213,0.3465067043960805
IVFNSGAII,DTLZ6,DTLZ,2,11,4005,0.0057010535726372,0.3464104148682812
IVFNSGAII,DTLZ6,DTLZ,2,11,4006,0.005864540909602,0.3465554230975385
IVFNSGAII,DTLZ6,DTLZ,2,11,4007,0.005585278313296,0.3465256210781445
IVFNSGAII,DTLZ6,DTLZ,2,11,4008,0.0056093619304274,0.3465843193340716
IVFNSGAII,DTLZ6,DTLZ,2,11,4009,0.0054813402110402,0.3464766331813887
IVFNSGAII,DTLZ6,DTLZ,2,11,4010,0.0056438526898215,0.3466197547907857
IVFNSGAII,DTLZ6,DTLZ,2,11,4011,0.0056264338188148,0.3464171881366608
IVFNSGAII,DTLZ6,DTLZ,2,11,4012,0.0058852415037277,0.3464407503457245
IVFNSGAII,DTLZ6,DTLZ,2,11,4013,0.006315127824375,0.3460906047974201
IVFNSGAII,DTLZ6,DTLZ,2,11,4014,0.0062602493335751,0.3464499078646685
IVFNSGAII,DTLZ6,DTLZ,2,11,4015,0.005651947543469,0.3460250734516976
IVFNSGAII,DTLZ6,DTLZ,2,11,4016,0.0053460188764185,0.3464962442343846
IVFNSGAII,DTLZ6,DTLZ,2,11,4017,0.0058722214287214,0.3460249028678391
IVFNSGAII,DTLZ6,DTLZ,2,11,4018,0.0054642661232131,0.3464758290813827
IVFNSGAII,DTLZ6,DTLZ,2,11,4019,0.0055530914737872,0.3466323944050407
IVFNSGAII,DTLZ6,DTLZ,2,11,4020,0.0058367176644976,0.3464139821203463
IVFNSGAII,DTLZ6,DTLZ,2,11,4021,0.005389932950129,0.346531768606661
IVFNSGAII,DTLZ6,DTLZ,2,11,4022,0.0056646826206551,0.3463096243067495
IVFNSGAII,DTLZ6,DTLZ,2,11,4023,0.0056596801965127,0.3464217131893639
IVFNSGAII,DTLZ6,DTLZ,2,11,4024,0.0059127486779818,0.3462774467062923
IVFNSGAII,DTLZ6,DTLZ,2,11,4025,0.0057604471351797,0.3465117850466679
IVFNSGAII,DTLZ6,DTLZ,2,11,4026,0.0060125877259898,0.3464516782295959
IVFNSGAII,DTLZ6,DTLZ,2,11,4027,0.0059635541403913,0.3465050099335493
IVFNSGAII,DTLZ6,DTLZ,2,11,4028,0.0058119317331433,0.3461904137086294
IVFNSGAII,DTLZ6,DTLZ,2,11,4029,0.0060316485205887,0.3464957471981508
IVFNSGAII,DTLZ6,DTLZ,2,11,4030,0.005901914865226,0.3462876582368333
IVFNSGAII,DTLZ6,DTLZ,3,12,4001,0.005897863200356,0.1996444802213082
IVFNSGAII,DTLZ6,DTLZ,3,12,4002,0.0057183647984616,0.1992937638340189
IVFNSGAII,DTLZ6,DTLZ,3,12,4003,0.0062043548791953,0.1996263842920738
IVFNSGAII,DTLZ6,DTLZ,3,12,4004,0.0063290043907008,0.1992853395987287
IVFNSGAII,DTLZ6,DTLZ,3,12,4005,0.006053861581654,0.1994444176293675
IVFNSGAII,DTLZ6,DTLZ,3,12,4006,0.005855924421804,0.1995428782229341
IVFNSGAII,DTLZ6,DTLZ,3,12,4007,0.0057699903743876,0.1996046033267789
IVFNSGAII,DTLZ6,DTLZ,3,12,4008,0.0061401346032888,0.1993942904407281
IVFNSGAII,DTLZ6,DTLZ,3,12,4009,0.0054436958644467,0.1993612227623918
IVFNSGAII,DTLZ6,DTLZ,3,12,4010,0.0065429907565746,0.1992820062565027
IVFNSGAII,DTLZ6,DTLZ,3,12,4011,0.0060254572132731,0.1992518440247641
IVFNSGAII,DTLZ6,DTLZ,3,12,4012,0.0056216050239722,0.1995498340356543
IVFNSGAII,DTLZ6,DTLZ,3,12,4013,0.0063530499012828,0.1993353083498666
IVFNSGAII,DTLZ6,DTLZ,3,12,4014,0.0058912033992685,0.1994925558142333
IVFNSGAII,DTLZ6,DTLZ,3,12,4015,0.0057853342134124,0.1993260432866839
IVFNSGAII,DTLZ6,DTLZ,3,12,4016,0.0059418255482794,0.1995968967528703
IVFNSGAII,DTLZ6,DTLZ,3,12,4017,0.0058114863950726,0.1990223095374417
IVFNSGAII,DTLZ6,DTLZ,3,12,4018,0.0061383488547912,0.1992337543141459
IVFNSGAII,DTLZ6,DTLZ,3,12,4019,0.0055304123168761,0.1993228300070053
IVFNSGAII,DTLZ6,DTLZ,3,12,4020,0.005729809735936,0.1994827341709378
IVFNSGAII,DTLZ6,DTLZ,3,12,4021,0.0060691541264704,0.1995279393320351
IVFNSGAII,DTLZ6,DTLZ,3,12,4022,0.0063925434651149,0.1993513223024093
IVFNSGAII,DTLZ6,DTLZ,3,12,4023,0.006201604148716,0.1992465496539748
IVFNSGAII,DTLZ6,DTLZ,3,12,4024,0.0059733444687423,0.1993991528344051
IVFNSGAII,DTLZ6,DTLZ,3,12,4025,0.0056128713321517,0.1995833054774775
IVFNSGAII,DTLZ6,DTLZ,3,12,4026,0.0057149390377906,0.1993645071968672
IVFNSGAII,DTLZ6,DTLZ,3,12,4027,0.0054712502021464,0.1995818830478427
IVFNSGAII,DTLZ6,DTLZ,3,12,4028,0.0054083868645062,0.1994104308154316
IVFNSGAII,DTLZ6,DTLZ,3,12,4029,0.0062878423192941,0.1994801791153524
IVFNSGAII,DTLZ6,DTLZ,3,12,4030,0.0060176696976848,0.1995876637051785
IVFNSGAII,DTLZ7,DTLZ,2,21,4001,0.0058669279024302,0.2425723727438737
IVFNSGAII,DTLZ7,DTLZ,2,21,4002,0.0057219975752647,0.2426365244319482
IVFNSGAII,DTLZ7,DTLZ,2,21,4003,0.00500125333251,0.2427866395907627
IVFNSGAII,DTLZ7,DTLZ,2,21,4004,0.0054001883817675,0.2426636290632516
IVFNSGAII,DTLZ7,DTLZ,2,21,4005,0.0052972337608704,0.2427694792788763
IVFNSGAII,DTLZ7,DTLZ,2,21,4006,0.0051592362678607,0.2427847189606677
IVFNSGAII,DTLZ7,DTLZ,2,21,4007,0.005514830560958,0.2426613374354841
IVFNSGAII,DTLZ7,DTLZ,2,21,4008,0.0053746134865465,0.2427255775027062
IVFNSGAII,DTLZ7,DTLZ,2,21,4009,0.0054744709549146,0.2426660518202134
IVFNSGAII,DTLZ7,DTLZ,2,21,4010,0.005640008443647,0.242627092834048
IVFNSGAII,DTLZ7,DTLZ,2,21,4011,0.0052886916370256,0.2427334972855022
IVFNSGAII,DTLZ7,DTLZ,2,21,4012,0.0052834808593756,0.2427233640725925
IVFNSGAII,DTLZ7,DTLZ,2,21,4013,0.0055639082683425,0.2426125366759234
IVFNSGAII,DTLZ7,DTLZ,2,21,4014,0.0054245697425614,0.2426770004081508
IVFNSGAII,DTLZ7,DTLZ,2,21,4015,0.0054498421834469,0.2427226383814153
IVFNSGAII,DTLZ7,DTLZ,2,21,4016,0.0058196691959486,0.2425586545112552
IVFNSGAII,DTLZ7,DTLZ,2,21,4017,0.0057365352564061,0.2426420968443115
IVFNSGAII,DTLZ7,DTLZ,2,21,4018,0.005448122555295,0.2426680188759016
IVFNSGAII,DTLZ7,DTLZ,2,21,4019,0.005544168329413,0.2426537139881476
IVFNSGAII,DTLZ7,DTLZ,2,21,4020,0.0055096669090868,0.2426930561815021
IVFNSGAII,DTLZ7,DTLZ,2,21,4021,0.0054841837220728,0.2426767140603314
IVFNSGAII,DTLZ7,DTLZ,2,21,4022,0.0051129217140404,0.2427786470343947
IVFNSGAII,DTLZ7,DTLZ,2,21,4023,0.0054095604895794,0.2426116322467759
IVFNSGAII,DTLZ7,DTLZ,2,21,4024,0.0055079257143146,0.242667496573941
IVFNSGAII,DTLZ7,DTLZ,2,21,4025,0.0057095771794244,0.2426185789956739
IVFNSGAII,DTLZ7,DTLZ,2,21,4026,0.0056342524268822,0.2426049396464441
IVFNSGAII,DTLZ7,DTLZ,2,21,4027,0.0054680997731835,0.2426267547810672
IVFNSGAII,DTLZ7,DTLZ,2,21,4028,0.0055652376754893,0.2426672597756711
IVFNSGAII,DTLZ7,DTLZ,2,21,4029,0.0059509156806726,0.2425448582333389
IVFNSGAII,DTLZ7,DTLZ,2,21,4030,0.0053057882487518,0.2426943045398097
IVFNSGAII,DTLZ7,DTLZ,3,22,4001,0.0720603175861107,0.2707251285979741
IVFNSGAII,DTLZ7,DTLZ,3,22,4002,0.0735100489650381,0.2687614725592353
IVFNSGAII,DTLZ7,DTLZ,3,22,4003,0.0824313882731173,0.2698477328784581
IVFNSGAII,DTLZ7,DTLZ,3,22,4004,0.0813513297591979,0.2621223850080714
IVFNSGAII,DTLZ7,DTLZ,3,22,4005,0.0682208805555652,0.2682421552106817
IVFNSGAII,DTLZ7,DTLZ,3,22,4006,0.0750309003752282,0.2664506906554681
IVFNSGAII,DTLZ7,DTLZ,3,22,4007,0.0793251798116581,0.2698913043006994
IVFNSGAII,DTLZ7,DTLZ,3,22,4008,0.0853913017808573,0.266709845322039
IVFNSGAII,DTLZ7,DTLZ,3,22,4009,0.0710861811401823,0.2695663788447066
IVFNSGAII,DTLZ7,DTLZ,3,22,4010,0.0766085093019753,0.2633535780205761
IVFNSGAII,DTLZ7,DTLZ,3,22,4011,0.0782979406157805,0.2689246208393535
IVFNSGAII,DTLZ7,DTLZ,3,22,4012,0.0717041134762252,0.2667763193436607
IVFNSGAII,DTLZ7,DTLZ,3,22,4013,0.0861638252238486,0.2707920132360862
IVFNSGAII,DTLZ7,DTLZ,3,22,4014,0.0746254250996424,0.2703581362923001
IVFNSGAII,DTLZ7,DTLZ,3,22,4015,0.0781855981646663,0.2682949171053878
IVFNSGAII,DTLZ7,DTLZ,3,22,4016,0.0730229984035834,0.27089083717817
IVFNSGAII,DTLZ7,DTLZ,3,22,4017,0.074053994129505,0.2698482373177575
IVFNSGAII,DTLZ7,DTLZ,3,22,4018,0.3479689305709422,0.2402357290888216
IVFNSGAII,DTLZ7,DTLZ,3,22,4019,0.0794917785079396,0.2725915275124465
IVFNSGAII,DTLZ7,DTLZ,3,22,4020,0.0752243091528284,0.2706501406948024
IVFNSGAII,DTLZ7,DTLZ,3,22,4021,0.0797112183577584,0.2686543366110647
IVFNSGAII,DTLZ7,DTLZ,3,22,4022,0.0777794605241271,0.2705434920404343
IVFNSGAII,DTLZ7,DTLZ,3,22,4023,0.0767223680003435,0.2685409780601919
IVFNSGAII,DTLZ7,DTLZ,3,22,4024,0.0803389465400836,0.2688817798524366
IVFNSGAII,DTLZ7,DTLZ,3,22,4025,0.0719070967195772,0.2710981142710116
IVFNSGAII,DTLZ7,DTLZ,3,22,4026,0.0732124902034628,0.269652009289943
IVFNSGAII,DTLZ7,DTLZ,3,22,4027,0.0744164061276275,0.2708157961994974
IVFNSGAII,DTLZ7,DTLZ,3,22,4028,0.0780699538011088,0.2713221698461726
IVFNSGAII,DTLZ7,DTLZ,3,22,4029,0.0813308838667024,0.2698875534408635
IVFNSGAII,DTLZ7,DTLZ,3,22,4030,0.0716236217661328,0.2707987570487404
IVFNSGAII,MaF1,MaF,2,11,4001,0.0045425564413822,0.581120461125824
IVFNSGAII,MaF1,MaF,2,11,4002,0.0045470775784236,0.5809315677051146
IVFNSGAII,MaF1,MaF,2,11,4003,0.004949171031173,0.5803837428857154
IVFNSGAII,MaF1,MaF,2,11,4004,0.0044575131856078,0.5811190850052024
IVFNSGAII,MaF1,MaF,2,11,4005,0.0046078462223987,0.5809858405739523
IVFNSGAII,MaF1,MaF,2,11,4006,0.0046897481072622,0.580790853817935
IVFNSGAII,MaF1,MaF,2,11,4007,0.0047832400772472,0.580719276445063
IVFNSGAII,MaF1,MaF,2,11,4008,0.0045189522451185,0.5809930637228284
IVFNSGAII,MaF1,MaF,2,11,4009,0.0049152875607923,0.5805812002209579
IVFNSGAII,MaF1,MaF,2,11,4010,0.0044704699041186,0.5810172890021634
IVFNSGAII,MaF1,MaF,2,11,4011,0.0047971087550414,0.5805321321279693
IVFNSGAII,MaF1,MaF,2,11,4012,0.0046532463270052,0.580744583123381
IVFNSGAII,MaF1,MaF,2,11,4013,0.0046070903275091,0.5808911917318216
IVFNSGAII,MaF1,MaF,2,11,4014,0.0045912603854654,0.5809723616855703
IVFNSGAII,MaF1,MaF,2,11,4015,0.0047273656318412,0.5807427883726122
IVFNSGAII,MaF1,MaF,2,11,4016,0.0046687917222297,0.580844750068164
IVFNSGAII,MaF1,MaF,2,11,4017,0.004374366304686,0.5812028327021579
IVFNSGAII,MaF1,MaF,2,11,4018,0.0047454691065108,0.5809107929277234
IVFNSGAII,MaF1,MaF,2,11,4019,0.004357614605906,0.5812470040826412
IVFNSGAII,MaF1,MaF,2,11,4020,0.0046177561794177,0.5808409260976651
IVFNSGAII,MaF1,MaF,2,11,4021,0.0046363122423278,0.5809469900364828
IVFNSGAII,MaF1,MaF,2,11,4022,0.0047750074580044,0.5807534611695079
IVFNSGAII,MaF1,MaF,2,11,4023,0.0046643945321203,0.5807977937270783
IVFNSGAII,MaF1,MaF,2,11,4024,0.0045653004326709,0.5809095546323501
IVFNSGAII,MaF1,MaF,2,11,4025,0.004755832350878,0.5805755059488733
IVFNSGAII,MaF1,MaF,2,11,4026,0.0044781617299077,0.581104034862237
IVFNSGAII,MaF1,MaF,2,11,4027,0.0044584781538457,0.5810335322538669
IVFNSGAII,MaF1,MaF,2,11,4028,0.0044297856487948,0.5812138618590358
IVFNSGAII,MaF1,MaF,2,11,4029,0.0045028165639949,0.5810430999982265
IVFNSGAII,MaF1,MaF,2,11,4030,0.0045530993565266,0.5810363636115996
IVFNSGAII,MaF1,MaF,3,12,4001,0.0583524324509189,0.2030837584792587
IVFNSGAII,MaF1,MaF,3,12,4002,0.0596711100323774,0.203824139314315
IVFNSGAII,MaF1,MaF,3,12,4003,0.0571559330086623,0.2052822820316238
IVFNSGAII,MaF1,MaF,3,12,4004,0.0579919789631736,0.2049617517912079
IVFNSGAII,MaF1,MaF,3,12,4005,0.0595567870142573,0.2041393514426754
IVFNSGAII,MaF1,MaF,3,12,4006,0.05211421177584,0.2080183505796677
IVFNSGAII,MaF1,MaF,3,12,4007,0.0566262354459019,0.2035961851585798
IVFNSGAII,MaF1,MaF,3,12,4008,0.0614750404593354,0.2012743842254278
IVFNSGAII,MaF1,MaF,3,12,4009,0.054779029004956,0.2078779964801296
IVFNSGAII,MaF1,MaF,3,12,4010,0.0575071684995634,0.2050641216695171
IVFNSGAII,MaF1,MaF,3,12,4011,0.0544628919133855,0.2065237062703006
IVFNSGAII,MaF1,MaF,3,12,4012,0.0579500352030671,0.2036529436732277
IVFNSGAII,MaF1,MaF,3,12,4013,0.0548646846534554,0.2068264850402362
IVFNSGAII,MaF1,MaF,3,12,4014,0.0544438682035988,0.2073867120520126
IVFNSGAII,MaF1,MaF,3,12,4015,0.0576706343454932,0.2037236114194768
IVFNSGAII,MaF1,MaF,3,12,4016,0.0586109573675256,0.2026496560347684
IVFNSGAII,MaF1,MaF,3,12,4017,0.0563704667609777,0.2057733765635345
IVFNSGAII,MaF1,MaF,3,12,4018,0.0586690977259561,0.2031091222761036
IVFNSGAII,MaF1,MaF,3,12,4019,0.0579044288243897,0.2039272272125371
IVFNSGAII,MaF1,MaF,3,12,4020,0.0555796113654991,0.2050353214463262
IVFNSGAII,MaF1,MaF,3,12,4021,0.0582717780989813,0.2035905911202749
IVFNSGAII,MaF1,MaF,3,12,4022,0.0559089547525931,0.2046951349331796
IVFNSGAII,MaF1,MaF,3,12,4023,0.05815232501517,0.2036625690834775
IVFNSGAII,MaF1,MaF,3,12,4024,0.0583283805948677,0.2030556398926818
IVFNSGAII,MaF1,MaF,3,12,4025,0.0589961718302403,0.2024148018242511
IVFNSGAII,MaF1,MaF,3,12,4026,0.0586806103479926,0.2027834057770318
IVFNSGAII,MaF1,MaF,3,12,4027,0.0547831223155866,0.2071631261450407
IVFNSGAII,MaF1,MaF,3,12,4028,0.0519042692800656,0.2077595986005575
IVFNSGAII,MaF1,MaF,3,12,4029,0.0577453810918222,0.2048803801823111
IVFNSGAII,MaF1,MaF,3,12,4030,0.0566736831154246,0.2048201763099308
IVFNSGAII,MaF2,MaF,2,11,4001,0.0026038089062479,0.2069871487023515
IVFNSGAII,MaF2,MaF,2,11,4002,0.0027044879105221,0.2069437026548317
IVFNSGAII,MaF2,MaF,2,11,4003,0.0027138610612785,0.206762133715857
IVFNSGAII,MaF2,MaF,2,11,4004,0.0027989197160481,0.2068051426890305
IVFNSGAII,MaF2,MaF,2,11,4005,0.0030576369807811,0.2065845831077276
IVFNSGAII,MaF2,MaF,2,11,4006,0.0025574762866898,0.2069570227682573
IVFNSGAII,MaF2,MaF,2,11,4007,0.0028172031378006,0.2067986899061507
IVFNSGAII,MaF2,MaF,2,11,4008,0.0027322223927333,0.2068456949836373
IVFNSGAII,MaF2,MaF,2,11,4009,0.0026802482636305,0.2068409733582374
IVFNSGAII,MaF2,MaF,2,11,4010,0.0025416836368844,0.2070065561204276
IVFNSGAII,MaF2,MaF,2,11,4011,0.002719366402836,0.206874016257634
IVFNSGAII,MaF2,MaF,2,11,4012,0.0028230213549635,0.2067162587799407
IVFNSGAII,MaF2,MaF,2,11,4013,0.0027331782426481,0.2068801000579316
IVFNSGAII,MaF2,MaF,2,11,4014,0.0026887955332258,0.2068745131420787
IVFNSGAII,MaF2,MaF,2,11,4015,0.0027132026520216,0.206866028060294
IVFNSGAII,MaF2,MaF,2,11,4016,0.0027120395324101,0.2067409050797664
IVFNSGAII,MaF2,MaF,2,11,4017,0.0025552570050336,0.2070312859206131
IVFNSGAII,MaF2,MaF,2,11,4018,0.0026809381554419,0.2068820380008239
IVFNSGAII,MaF2,MaF,2,11,4019,0.0027989037376035,0.2067802098828818
IVFNSGAII,MaF2,MaF,2,11,4020,0.0028461000981221,0.206704633154103
IVFNSGAII,MaF2,MaF,2,11,4021,0.0026483545599084,0.206909787060992
IVFNSGAII,MaF2,MaF,2,11,4022,0.0026456863318294,0.2068652190603317
IVFNSGAII,MaF2,MaF,2,11,4023,0.0029023378281402,0.206668619420329
IVFNSGAII,MaF2,MaF,2,11,4024,0.0028467938151686,0.20677486206762
IVFNSGAII,MaF2,MaF,2,11,4025,0.0025637852547239,0.2070643842940586
IVFNSGAII,MaF2,MaF,2,11,4026,0.002739140567393,0.2068614407774433
IVFNSGAII,MaF2,MaF,2,11,4027,0.002825110599966,0.2067513829205952
IVFNSGAII,MaF2,MaF,2,11,4028,0.0026850897120144,0.2069028447348
IVFNSGAII,MaF2,MaF,2,11,4029,0.0027863795082279,0.2068407344778102
IVFNSGAII,MaF2,MaF,2,11,4030,0.0027793295495654,0.2068506677551058
IVFNSGAII,MaF2,MaF,3,12,4001,0.0428249280162232,0.2378309061793709
IVFNSGAII,MaF2,MaF,3,12,4002,0.045850548759681,0.2346463302685557
IVFNSGAII,MaF2,MaF,3,12,4003,0.0503253502292306,0.2337210151283685
IVFNSGAII,MaF2,MaF,3,12,4004,0.0487238123578604,0.2359552325461442
IVFNSGAII,MaF2,MaF,3,12,4005,0.0482194140184618,0.2379875695683861
IVFNSGAII,MaF2,MaF,3,12,4006,0.0430189793076988,0.238496975195508
IVFNSGAII,MaF2,MaF,3,12,4007,0.0437638769172078,0.2361656118093777
IVFNSGAII,MaF2,MaF,3,12,4008,0.0505611608413756,0.2357380099968644
IVFNSGAII,MaF2,MaF,3,12,4009,0.0415087451761283,0.2381053765945369
IVFNSGAII,MaF2,MaF,3,12,4010,0.0436555989281125,0.2356824410385642
IVFNSGAII,MaF2,MaF,3,12,4011,0.0475829856278857,0.2347032034207574
IVFNSGAII,MaF2,MaF,3,12,4012,0.0415345141787748,0.238389935035064
IVFNSGAII,MaF2,MaF,3,12,4013,0.0470327599301227,0.2323962800443117
IVFNSGAII,MaF2,MaF,3,12,4014,0.0435842989544372,0.2375555131660522
IVFNSGAII,MaF2,MaF,3,12,4015,0.0428316469810213,0.2373264028189282
IVFNSGAII,MaF2,MaF,3,12,4016,0.042042749274555,0.2378215260065458
IVFNSGAII,MaF2,MaF,3,12,4017,0.0452158917752481,0.2377172226470062
IVFNSGAII,MaF2,MaF,3,12,4018,0.0445384902536544,0.2346894637269188
IVFNSGAII,MaF2,MaF,3,12,4019,0.0483304741412905,0.2346746571874884
IVFNSGAII,MaF2,MaF,3,12,4020,0.0506462708959308,0.2343593804321823
IVFNSGAII,MaF2,MaF,3,12,4021,0.0459027562006623,0.2367344889834059
IVFNSGAII,MaF2,MaF,3,12,4022,0.0481786249862669,0.2337480010784458
IVFNSGAII,MaF2,MaF,3,12,4023,0.0470035184464139,0.231753390578838
IVFNSGAII,MaF2,MaF,3,12,4024,0.0452783132279189,0.2387458012625497
IVFNSGAII,MaF2,MaF,3,12,4025,0.0435593912322321,0.2375291821840969
IVFNSGAII,MaF2,MaF,3,12,4026,0.048214641487525,0.2357325960061451
IVFNSGAII,MaF2,MaF,3,12,4027,0.0479979954245301,0.2355016791411961
IVFNSGAII,MaF2,MaF,3,12,4028,0.047982363014813,0.2380914436607384
IVFNSGAII,MaF2,MaF,3,12,4029,0.0443486135603449,0.2330586137301579
IVFNSGAII,MaF2,MaF,3,12,4030,0.0442837006965606,0.2319592317998333
IVFNSGAII,MaF3,MaF,2,11,4001,0.0046073016845072,0.7194365705226458
IVFNSGAII,MaF3,MaF,2,11,4002,0.0046962131795981,0.7187631587960599
IVFNSGAII,MaF3,MaF,2,11,4003,0.0042988446270969,0.7198227629088898
IVFNSGAII,MaF3,MaF,2,11,4004,0.0058304380043026,0.7163863772040725
IVFNSGAII,MaF3,MaF,2,11,4005,0.0044065116927465,0.719363009087492
IVFNSGAII,MaF3,MaF,2,11,4006,0.0049365132731602,0.7182519160854159
IVFNSGAII,MaF3,MaF,2,11,4007,0.005070543686344,0.7180622611616316
IVFNSGAII,MaF3,MaF,2,11,4008,0.0045319543514866,0.7196510790870855
IVFNSGAII,MaF3,MaF,2,11,4009,0.0049945414056863,0.7180348083157423
IVFNSGAII,MaF3,MaF,2,11,4010,0.0051163408237125,0.7185587893960194
IVFNSGAII,MaF3,MaF,2,11,4011,0.0051196337710879,0.7180937177185639
IVFNSGAII,MaF3,MaF,2,11,4012,0.0057790927755516,0.716875517171675
IVFNSGAII,MaF3,MaF,2,11,4013,0.0051701548200435,0.7178256556274836
IVFNSGAII,MaF3,MaF,2,11,4014,0.0052805937030862,0.7188337193633038
IVFNSGAII,MaF3,MaF,2,11,4015,0.0047162921532834,0.7193020781876723
IVFNSGAII,MaF3,MaF,2,11,4016,0.0044287833596535,0.719921708646596
IVFNSGAII,MaF3,MaF,2,11,4017,0.0046371026504144,0.7193295587234877
IVFNSGAII,MaF3,MaF,2,11,4018,0.0048221188936443,0.7182602239108569
IVFNSGAII,MaF3,MaF,2,11,4019,0.0046035460808635,0.7189861105640075
IVFNSGAII,MaF3,MaF,2,11,4020,0.005499325500896,0.7172655360084996
IVFNSGAII,MaF3,MaF,2,11,4021,0.0045125764126591,0.7190114265669342
IVFNSGAII,MaF3,MaF,2,11,4022,0.0051525515621908,0.7182143806596274
IVFNSGAII,MaF3,MaF,2,11,4023,0.0046783781550874,0.7190777191458861
IVFNSGAII,MaF3,MaF,2,11,4024,0.0050658673484075,0.7181537171862759
IVFNSGAII,MaF3,MaF,2,11,4025,0.0051964050688606,0.7178682822180187
IVFNSGAII,MaF3,MaF,2,11,4026,0.0045331506504978,0.719059116920864
IVFNSGAII,MaF3,MaF,2,11,4027,0.0067457853044722,0.7143077664018938
IVFNSGAII,MaF3,MaF,2,11,4028,0.0051182506828207,0.7185723586768082
IVFNSGAII,MaF3,MaF,2,11,4029,0.0047945311016965,0.7186177075659983
IVFNSGAII,MaF3,MaF,2,11,4030,0.0045958467105095,0.7196554875612725
IVFNSGAII,MaF3,MaF,3,12,4001,0.0495209185385111,0.9523227827039832
IVFNSGAII,MaF3,MaF,3,12,4002,0.0502336004771228,0.9533068867646396
IVFNSGAII,MaF3,MaF,3,12,4003,0.0526790090324862,0.9423381006616924
IVFNSGAII,MaF3,MaF,3,12,4004,0.0534377346919152,0.94969586371426
IVFNSGAII,MaF3,MaF,3,12,4005,0.0529089070499915,0.9520991474645648
IVFNSGAII,MaF3,MaF,3,12,4006,0.0510982029656633,0.9521095910636712
IVFNSGAII,MaF3,MaF,3,12,4007,0.047116914303648,0.953982112441294
IVFNSGAII,MaF3,MaF,3,12,4008,0.0509793637956717,0.9521137257270336
IVFNSGAII,MaF3,MaF,3,12,4009,0.0453369151817528,0.9541452120944836
IVFNSGAII,MaF3,MaF,3,12,4010,0.060433013483796,0.943020009373336
IVFNSGAII,MaF3,MaF,3,12,4011,0.0625321886834139,0.9448917184149344
IVFNSGAII,MaF3,MaF,3,12,4012,0.0525107826043456,0.9467411282120994
IVFNSGAII,MaF3,MaF,3,12,4013,0.0532173565299009,0.9518130468390388
IVFNSGAII,MaF3,MaF,3,12,4014,0.0438052458139601,0.9550786147562572
IVFNSGAII,MaF3,MaF,3,12,4015,0.0450542035516322,0.955874438556464
IVFNSGAII,MaF3,MaF,3,12,4016,0.063146935728978,0.9468978318266889
IVFNSGAII,MaF3,MaF,3,12,4017,0.0470471908157469,0.9528531897717352
IVFNSGAII,MaF3,MaF,3,12,4018,0.0553025167113537,0.9501034968012864
IVFNSGAII,MaF3,MaF,3,12,4019,0.0513582623500051,0.9527776177889414
IVFNSGAII,MaF3,MaF,3,12,4020,0.0822399032554699,0.9279739733426258
IVFNSGAII,MaF3,MaF,3,12,4021,0.046252249903109,0.9538822293447488
IVFNSGAII,MaF3,MaF,3,12,4022,0.0556515658745328,0.9526346522536352
IVFNSGAII,MaF3,MaF,3,12,4023,0.0437793771589743,0.9559714358033796
IVFNSGAII,MaF3,MaF,3,12,4024,0.0602930475281475,0.946208844578428
IVFNSGAII,MaF3,MaF,3,12,4025,0.0431549639473627,0.9554701662257038
IVFNSGAII,MaF3,MaF,3,12,4026,0.0474916976336804,0.9524849092210632
IVFNSGAII,MaF3,MaF,3,12,4027,0.0493925688046868,0.9522639100614768
IVFNSGAII,MaF3,MaF,3,12,4028,0.0476709277195399,0.9552353603832242
IVFNSGAII,MaF3,MaF,3,12,4029,0.0504072459468645,0.9514723510856082
IVFNSGAII,MaF3,MaF,3,12,4030,0.0548873247700167,0.9464529886177684
IVFNSGAII,MaF4,MaF,2,11,4001,0.0152563786661269,0.8178894875753627
IVFNSGAII,MaF4,MaF,2,11,4002,0.0163212997896851,0.8170059050750886
IVFNSGAII,MaF4,MaF,2,11,4003,0.016729879253919,0.8182904005437327
IVFNSGAII,MaF4,MaF,2,11,4004,0.0167529262411904,0.8166322094180758
IVFNSGAII,MaF4,MaF,2,11,4005,0.0158409773629103,0.8174400652949648
IVFNSGAII,MaF4,MaF,2,11,4006,0.0150826095110227,0.8181991887688951
IVFNSGAII,MaF4,MaF,2,11,4007,0.0151170383859901,0.8180527058932338
IVFNSGAII,MaF4,MaF,2,11,4008,0.0158606751897413,0.8181626165471492
IVFNSGAII,MaF4,MaF,2,11,4009,0.0160836950871296,0.8171413284238013
IVFNSGAII,MaF4,MaF,2,11,4010,0.0157303276784325,0.8177955317555344
IVFNSGAII,MaF4,MaF,2,11,4011,0.0145735631620122,0.8184674146573251
IVFNSGAII,MaF4,MaF,2,11,4012,0.0157368986372319,0.8180362200210501
IVFNSGAII,MaF4,MaF,2,11,4013,0.0147931150885569,0.8188233729967632
IVFNSGAII,MaF4,MaF,2,11,4014,0.0155240593143368,0.8173816607229182
IVFNSGAII,MaF4,MaF,2,11,4015,0.0150451098993237,0.8187594346260112
IVFNSGAII,MaF4,MaF,2,11,4016,0.0185847030097059,0.8183340442443838
IVFNSGAII,MaF4,MaF,2,11,4017,0.0150806490480033,0.8184630870164018
IVFNSGAII,MaF4,MaF,2,11,4018,0.0168934911380139,0.8180877358622806
IVFNSGAII,MaF4,MaF,2,11,4019,0.0149942820504359,0.8183390646252777
IVFNSGAII,MaF4,MaF,2,11,4020,0.0151075505962022,0.8183161483058717
IVFNSGAII,MaF4,MaF,2,11,4021,0.0152085900907334,0.8179323157976529
IVFNSGAII,MaF4,MaF,2,11,4022,0.0151369452415771,0.8182267073806166
IVFNSGAII,MaF4,MaF,2,11,4023,0.0153384519402419,0.8177416908944596
IVFNSGAII,MaF4,MaF,2,11,4024,0.0164954684871015,0.8176061270322177
IVFNSGAII,MaF4,MaF,2,11,4025,0.0161283779662169,0.8182952089426789
IVFNSGAII,MaF4,MaF,2,11,4026,0.0165756830321642,0.8183147198693583
IVFNSGAII,MaF4,MaF,2,11,4027,0.015262448118441,0.8176380330542488
IVFNSGAII,MaF4,MaF,2,11,4028,0.0157132777622079,0.8183247678131964
IVFNSGAII,MaF4,MaF,2,11,4029,0.0168384661062349,0.8172260093925148
IVFNSGAII,MaF4,MaF,2,11,4030,0.0159365008916175,0.8174681323479956
IVFNSGAII,MaF4,MaF,3,12,4001,0.3022104001275096,0.5240819856172982
IVFNSGAII,MaF4,MaF,3,12,4002,0.2984356404554646,0.521029415339661
IVFNSGAII,MaF4,MaF,3,12,4003,0.2969792272048633,0.519391469228224
IVFNSGAII,MaF4,MaF,3,12,4004,0.3001423778934252,0.5204074811967708
IVFNSGAII,MaF4,MaF,3,12,4005,0.2935341207851984,0.5259267184383134
IVFNSGAII,MaF4,MaF,3,12,4006,0.3093811509002211,0.520982569175738
IVFNSGAII,MaF4,MaF,3,12,4007,0.2879622242370855,0.5247762024937545
IVFNSGAII,MaF4,MaF,3,12,4008,0.2826668682812287,0.5257149732535042
IVFNSGAII,MaF4,MaF,3,12,4009,0.3042330263253406,0.5229641443619854
IVFNSGAII,MaF4,MaF,3,12,4010,0.2898103026148982,0.5244090580170429
IVFNSGAII,MaF4,MaF,3,12,4011,0.3151860594283672,0.5243355984312994
IVFNSGAII,MaF4,MaF,3,12,4012,0.3161704468853224,0.5196595668025206
IVFNSGAII,MaF4,MaF,3,12,4013,0.2933198982411503,0.5244593851313271
IVFNSGAII,MaF4,MaF,3,12,4014,0.2840464147601396,0.5259493986396152
IVFNSGAII,MaF4,MaF,3,12,4015,0.2878580081394781,0.5277490650134826
IVFNSGAII,MaF4,MaF,3,12,4016,0.2846708547921117,0.5238512943922998
IVFNSGAII,MaF4,MaF,3,12,4017,0.308920252781571,0.5245592725517665
IVFNSGAII,MaF4,MaF,3,12,4018,0.3061974579071827,0.5238222003552445
IVFNSGAII,MaF4,MaF,3,12,4019,0.2924472363037559,0.5206154245312667
IVFNSGAII,MaF4,MaF,3,12,4020,0.2807331460133049,0.5206381427893638
IVFNSGAII,MaF4,MaF,3,12,4021,0.3017618836058597,0.5184805221561875
IVFNSGAII,MaF4,MaF,3,12,4022,0.2994864448159235,0.5210397271706682
IVFNSGAII,MaF4,MaF,3,12,4023,0.3086614385192728,0.5232227332863372
IVFNSGAII,MaF4,MaF,3,12,4024,0.2934037699633439,0.5234106900711647
IVFNSGAII,MaF4,MaF,3,12,4025,0.3203052379154973,0.5183482165297181
IVFNSGAII,MaF4,MaF,3,12,4026,0.2940229569111341,0.5245784757184502
IVFNSGAII,MaF4,MaF,3,12,4027,0.340313328173854,0.5054732951851605
IVFNSGAII,MaF4,MaF,3,12,4028,0.2954583257051241,0.5214327170509248
IVFNSGAII,MaF4,MaF,3,12,4029,0.2850894642183532,0.5218335641191826
IVFNSGAII,MaF4,MaF,3,12,4030,0.2778888655314622,0.5227244580317133
IVFNSGAII,MaF5,MaF,2,11,4001,0.0163855357388711,0.3467108244435435
IVFNSGAII,MaF5,MaF,2,11,4002,0.0156301743194875,0.3466984097406234
IVFNSGAII,MaF5,MaF,2,11,4003,2.008377446854833,0.0909090854270118
IVFNSGAII,MaF5,MaF,2,11,4004,2.008377443590659,0.0909090867561486
IVFNSGAII,MaF5,MaF,2,11,4005,0.0168899186706947,0.3465116746503763
IVFNSGAII,MaF5,MaF,2,11,4006,0.0156686432288743,0.3464915894061424
IVFNSGAII,MaF5,MaF,2,11,4007,0.0153394040391009,0.3467118856810455
IVFNSGAII,MaF5,MaF,2,11,4008,2.0083774394003258,0.0909090884624065
IVFNSGAII,MaF5,MaF,2,11,4009,0.0149284821073754,0.3466016385136261
IVFNSGAII,MaF5,MaF,2,11,4010,0.0149933319711816,0.3467196998530104
IVFNSGAII,MaF5,MaF,2,11,4011,0.0160281026122497,0.3464633173217286
IVFNSGAII,MaF5,MaF,2,11,4012,0.0161079165654291,0.3466172456604059
IVFNSGAII,MaF5,MaF,2,11,4013,0.0147167221460379,0.3467609620874586
IVFNSGAII,MaF5,MaF,2,11,4014,0.015206752447678,0.3467969697438252
IVFNSGAII,MaF5,MaF,2,11,4015,0.0150764072395398,0.3468196040333763
IVFNSGAII,MaF5,MaF,2,11,4016,2.008377434475255,0.0909090904678452
IVFNSGAII,MaF5,MaF,2,11,4017,2.008377453596909,0.0909090826817164
IVFNSGAII,MaF5,MaF,2,11,4018,0.0155647803871683,0.3464977200310445
IVFNSGAII,MaF5,MaF,2,11,4019,0.0166402467886743,0.3466502624615271
IVFNSGAII,MaF5,MaF,2,11,4020,0.0171395821898733,0.3466155591252359
IVFNSGAII,MaF5,MaF,2,11,4021,0.016319107866517,0.3465953705276202
IVFNSGAII,MaF5,MaF,2,11,4022,0.0160181963591101,0.346458757371656
IVFNSGAII,MaF5,MaF,2,11,4023,2.008377443752164,0.0909090866903842
IVFNSGAII,MaF5,MaF,2,11,4024,0.015762219175713,0.3463785315217582
IVFNSGAII,MaF5,MaF,2,11,4025,2.008377441374108,0.0909090876587047
IVFNSGAII,MaF5,MaF,2,11,4026,0.0147862489540425,0.3469348436517603
IVFNSGAII,MaF5,MaF,2,11,4027,0.0160692443319026,0.3465279099014666
IVFNSGAII,MaF5,MaF,2,11,4028,0.015515615466228,0.346824176009947
IVFNSGAII,MaF5,MaF,2,11,4029,0.0157270676861149,0.3467806198552781
IVFNSGAII,MaF5,MaF,2,11,4030,0.0160102309029174,0.34665127675699
IVFNSGAII,MaF5,MaF,3,12,4001,0.3046660911069491,0.5311297940375441
IVFNSGAII,MaF5,MaF,3,12,4002,0.299659228204473,0.5334099769781913
IVFNSGAII,MaF5,MaF,3,12,4003,0.3100860765757817,0.5294588968313547
IVFNSGAII,MaF5,MaF,3,12,4004,0.2989864615341681,0.5401889889635955
IVFNSGAII,MaF5,MaF,3,12,4005,0.3016541322586481,0.5335412561069153
IVFNSGAII,MaF5,MaF,3,12,4006,0.298865836311106,0.5354997050349581
IVFNSGAII,MaF5,MaF,3,12,4007,0.3026130676664808,0.5336391229985407
IVFNSGAII,MaF5,MaF,3,12,4008,0.2933363536880207,0.5390198969437405
IVFNSGAII,MaF5,MaF,3,12,4009,0.3083277101335086,0.5392997452292561
IVFNSGAII,MaF5,MaF,3,12,4010,4.888495698678296,0.0909090898751119
IVFNSGAII,MaF5,MaF,3,12,4011,0.2967266112746851,0.5354487391924976
IVFNSGAII,MaF5,MaF,3,12,4012,0.3041229386381782,0.5295513302047172
IVFNSGAII,MaF5,MaF,3,12,4013,0.3037888466371451,0.5372200597699874
IVFNSGAII,MaF5,MaF,3,12,4014,0.3068406248735916,0.5353781543891311
IVFNSGAII,MaF5,MaF,3,12,4015,0.2788617953144449,0.5376304541827186
IVFNSGAII,MaF5,MaF,3,12,4016,0.2982590884698941,0.536533141786095
IVFNSGAII,MaF5,MaF,3,12,4017,0.29361142101076,0.539277852595915
IVFNSGAII,MaF5,MaF,3,12,4018,4.88849571597662,0.0909090872825154
IVFNSGAII,MaF5,MaF,3,12,4019,0.2882284565452932,0.5422756504799129
IVFNSGAII,MaF5,MaF,3,12,4020,0.2979448394164175,0.5378448916242451
IVFNSGAII,MaF5,MaF,3,12,4021,0.3076214239637306,0.5344753537052186
IVFNSGAII,MaF5,MaF,3,12,4022,0.2905050834102067,0.5402067896183318
IVFNSGAII,MaF5,MaF,3,12,4023,0.3107672179398845,0.5403682991750426
IVFNSGAII,MaF5,MaF,3,12,4024,0.3094061550498733,0.5398225038737117
IVFNSGAII,MaF5,MaF,3,12,4025,0.3156142509261817,0.5354239401397971
IVFNSGAII,MaF5,MaF,3,12,4026,0.2974031822554959,0.5374662229925076
IVFNSGAII,MaF5,MaF,3,12,4027,0.3062398007143775,0.5301612055222644
IVFNSGAII,MaF5,MaF,3,12,4028,0.3015442441505462,0.5415663219978375
IVFNSGAII,MaF5,MaF,3,12,4029,0.3118393308450776,0.5262565865026291
IVFNSGAII,MaF5,MaF,3,12,4030,4.888495705157525,0.0909090889040329
IVFNSGAII,MaF6,MaF,2,11,4001,0.0054058363816347,0.3468914164576717
IVFNSGAII,MaF6,MaF,2,11,4002,0.0050717019936702,0.346927860461858
IVFNSGAII,MaF6,MaF,2,11,4003,0.0047760026884685,0.3471533894228052
IVFNSGAII,MaF6,MaF,2,11,4004,0.0050652452984828,0.34712227925968
IVFNSGAII,MaF6,MaF,2,11,4005,0.0048251443506168,0.3470654914194196
IVFNSGAII,MaF6,MaF,2,11,4006,0.0051925423543233,0.3470256794241237
IVFNSGAII,MaF6,MaF,2,11,4007,0.0050343852918109,0.3469313586317481
IVFNSGAII,MaF6,MaF,2,11,4008,0.0051759000807995,0.3467144379800235
IVFNSGAII,MaF6,MaF,2,11,4009,0.0048481002983629,0.3471276531483597
IVFNSGAII,MaF6,MaF,2,11,4010,0.0054523091517662,0.3470464199749992
IVFNSGAII,MaF6,MaF,2,11,4011,0.0050120868000528,0.3472471886352085
IVFNSGAII,MaF6,MaF,2,11,4012,0.0051865725739066,0.3471352316550432
IVFNSGAII,MaF6,MaF,2,11,4013,0.005151107815123,0.3467252698385111
IVFNSGAII,MaF6,MaF,2,11,4014,0.0049257757855413,0.3472158566047962
IVFNSGAII,MaF6,MaF,2,11,4015,0.0051743792986946,0.3471619356771536
IVFNSGAII,MaF6,MaF,2,11,4016,0.0048291794986125,0.3471160750473158
IVFNSGAII,MaF6,MaF,2,11,4017,0.0047915393784038,0.3471247685217839
IVFNSGAII,MaF6,MaF,2,11,4018,0.0050243834673679,0.3469194976801893
IVFNSGAII,MaF6,MaF,2,11,4019,0.004652304495305,0.3471734891922648
IVFNSGAII,MaF6,MaF,2,11,4020,0.0048000016809725,0.3469455469548641
IVFNSGAII,MaF6,MaF,2,11,4021,0.0050049119064595,0.3470312288948439
IVFNSGAII,MaF6,MaF,2,11,4022,0.0050720033465701,0.3471739990563426
IVFNSGAII,MaF6,MaF,2,11,4023,0.0052033264229001,0.3469631009532336
IVFNSGAII,MaF6,MaF,2,11,4024,0.00489447459716,0.3469943717114638
IVFNSGAII,MaF6,MaF,2,11,4025,0.0047474214163533,0.3471323718414988
IVFNSGAII,MaF6,MaF,2,11,4026,0.0049543132122874,0.3471624141438014
IVFNSGAII,MaF6,MaF,2,11,4027,0.0048781393347286,0.346988266490403
IVFNSGAII,MaF6,MaF,2,11,4028,0.0053553762010295,0.3471997217030931
IVFNSGAII,MaF6,MaF,2,11,4029,0.005321216319475,0.3469487102511949
IVFNSGAII,MaF6,MaF,2,11,4030,0.0052314633093914,0.3470299833613116
IVFNSGAII,MaF6,MaF,3,12,4001,0.0053376750453114,0.1997622067859729
IVFNSGAII,MaF6,MaF,3,12,4002,0.0054544236983145,0.1999398034084172
IVFNSGAII,MaF6,MaF,3,12,4003,0.0056038628369554,0.1996709643834578
IVFNSGAII,MaF6,MaF,3,12,4004,0.0054639464744621,0.1997562727548252
IVFNSGAII,MaF6,MaF,3,12,4005,0.0047584152971086,0.199936740729282
IVFNSGAII,MaF6,MaF,3,12,4006,0.005301818013064,0.1997728327995314
IVFNSGAII,MaF6,MaF,3,12,4007,0.0054994932466398,0.1997590340857854
IVFNSGAII,MaF6,MaF,3,12,4008,0.0054463343391489,0.1997949943770314
IVFNSGAII,MaF6,MaF,3,12,4009,0.00509299803953,0.1996876594487777
IVFNSGAII,MaF6,MaF,3,12,4010,0.0048216612054959,0.1996903152907982
IVFNSGAII,MaF6,MaF,3,12,4011,0.0053462521345603,0.1996186747404809
IVFNSGAII,MaF6,MaF,3,12,4012,0.0056011346478378,0.1998676311080292
IVFNSGAII,MaF6,MaF,3,12,4013,0.0049423085180531,0.1998554031954083
IVFNSGAII,MaF6,MaF,3,12,4014,0.0051669499864046,0.1997754319867156
IVFNSGAII,MaF6,MaF,3,12,4015,0.0051493108793908,0.1996061404648917
IVFNSGAII,MaF6,MaF,3,12,4016,0.0049630908856302,0.1997940269190543
IVFNSGAII,MaF6,MaF,3,12,4017,0.0054669949625874,0.1998865299702991
IVFNSGAII,MaF6,MaF,3,12,4018,0.0056682849275789,0.1998881844843931
IVFNSGAII,MaF6,MaF,3,12,4019,0.0052836077585502,0.199860969608836
IVFNSGAII,MaF6,MaF,3,12,4020,0.0054506745371163,0.1996383887308171
IVFNSGAII,MaF6,MaF,3,12,4021,0.0052192474900577,0.1996978118980588
IVFNSGAII,MaF6,MaF,3,12,4022,0.0049221838629805,0.1999470096151303
IVFNSGAII,MaF6,MaF,3,12,4023,0.0050373959631377,0.1997898058782703
IVFNSGAII,MaF6,MaF,3,12,4024,0.0053323601382413,0.1998651982601369
IVFNSGAII,MaF6,MaF,3,12,4025,0.0055145929405912,0.1998717283344352
IVFNSGAII,MaF6,MaF,3,12,4026,0.0050603741584003,0.1998147396407385
IVFNSGAII,MaF6,MaF,3,12,4027,0.0051998608467669,0.1997693128719539
IVFNSGAII,MaF6,MaF,3,12,4028,0.0055279222265973,0.1999215736917526
IVFNSGAII,MaF6,MaF,3,12,4029,0.0053235972856811,0.1999094096182114
IVFNSGAII,MaF6,MaF,3,12,4030,0.0049656478675928,0.1997642492395021
IVFNSGAII,MaF7,MaF,2,21,4001,0.005368790598063,0.2427210596116529
IVFNSGAII,MaF7,MaF,2,21,4002,0.0051617849049999,0.2427461054898151
IVFNSGAII,MaF7,MaF,2,21,4003,0.0054349613632541,0.2426879150326242
IVFNSGAII,MaF7,MaF,2,21,4004,0.0051804593043017,0.242687793025049
IVFNSGAII,MaF7,MaF,2,21,4005,0.0058192185576544,0.2426088717489839
IVFNSGAII,MaF7,MaF,2,21,4006,0.0058719561588385,0.2426200299276467
IVFNSGAII,MaF7,MaF,2,21,4007,0.0053563342322523,0.2427099537456722
IVFNSGAII,MaF7,MaF,2,21,4008,0.4429493572745446,0.1760177204815767
IVFNSGAII,MaF7,MaF,2,21,4009,0.0060734822574017,0.2425689904098787
IVFNSGAII,MaF7,MaF,2,21,4010,0.005321496601225,0.2426995202618536
IVFNSGAII,MaF7,MaF,2,21,4011,0.005240848340999,0.2427465171589225
IVFNSGAII,MaF7,MaF,2,21,4012,0.005462966616227,0.2426806065263543
IVFNSGAII,MaF7,MaF,2,21,4013,0.0052581260966959,0.2427592539159919
IVFNSGAII,MaF7,MaF,2,21,4014,0.0054590850404559,0.2427266413414003
IVFNSGAII,MaF7,MaF,2,21,4015,0.0054150614997733,0.2426842874770637
IVFNSGAII,MaF7,MaF,2,21,4016,0.0055119064751167,0.2426720558723961
IVFNSGAII,MaF7,MaF,2,21,4017,0.0053410701952177,0.2427111095721087
IVFNSGAII,MaF7,MaF,2,21,4018,0.0056789920259474,0.242615474746321
IVFNSGAII,MaF7,MaF,2,21,4019,0.0057224637893707,0.2426153838079418
IVFNSGAII,MaF7,MaF,2,21,4020,0.0055446504062499,0.2426643156575303
IVFNSGAII,MaF7,MaF,2,21,4021,0.0054720961658314,0.2426968133370933
IVFNSGAII,MaF7,MaF,2,21,4022,0.0059337037338619,0.2425594791073596
IVFNSGAII,MaF7,MaF,2,21,4023,0.0051394327166107,0.2427321933070244
IVFNSGAII,MaF7,MaF,2,21,4024,0.0053358168686499,0.2427075108709407
IVFNSGAII,MaF7,MaF,2,21,4025,0.0056584630173933,0.2426745239989738
IVFNSGAII,MaF7,MaF,2,21,4026,0.0057383622152327,0.2426157031958265
IVFNSGAII,MaF7,MaF,2,21,4027,0.0054837145161819,0.2426280750663567
IVFNSGAII,MaF7,MaF,2,21,4028,0.0053674515183172,0.2426513900225636
IVFNSGAII,MaF7,MaF,2,21,4029,0.0054467442621056,0.2426672818401083
IVFNSGAII,MaF7,MaF,2,21,4030,0.0056017482464538,0.2426389302967927
IVFNSGAII,MaF7,MaF,3,22,4001,0.0773851183894193,0.2694246248908167
IVFNSGAII,MaF7,MaF,3,22,4002,0.0769128469373045,0.2694428990479466
IVFNSGAII,MaF7,MaF,3,22,4003,0.0778021247576557,0.2637449442071544
IVFNSGAII,MaF7,MaF,3,22,4004,0.0775642325135909,0.2664666468671657
IVFNSGAII,MaF7,MaF,3,22,4005,0.0872835864243255,0.2659579669874678
IVFNSGAII,MaF7,MaF,3,22,4006,0.0689645534820252,0.2706367202371064
IVFNSGAII,MaF7,MaF,3,22,4007,0.082229290306811,0.2696618950511302
IVFNSGAII,MaF7,MaF,3,22,4008,0.0801803779638798,0.2682294712108283
IVFNSGAII,MaF7,MaF,3,22,4009,0.0850123766854281,0.2683758665495368
IVFNSGAII,MaF7,MaF,3,22,4010,0.0736233327884377,0.2680808717712086
IVFNSGAII,MaF7,MaF,3,22,4011,0.0816302959734644,0.2684552426667205
IVFNSGAII,MaF7,MaF,3,22,4012,0.0726853538755281,0.2677276286708389
IVFNSGAII,MaF7,MaF,3,22,4013,0.0757528295892644,0.2675086130163106
IVFNSGAII,MaF7,MaF,3,22,4014,0.0809155076968855,0.269535190268915
IVFNSGAII,MaF7,MaF,3,22,4015,0.0820158535584026,0.2683591926923857
IVFNSGAII,MaF7,MaF,3,22,4016,0.073326565109048,0.269387798916358
IVFNSGAII,MaF7,MaF,3,22,4017,0.0813453153095041,0.2699878746307582
IVFNSGAII,MaF7,MaF,3,22,4018,0.0770270628779889,0.2672462969438723
IVFNSGAII,MaF7,MaF,3,22,4019,0.0776992560116046,0.2679698836285495
IVFNSGAII,MaF7,MaF,3,22,4020,0.0763743351627221,0.2692818712280689
IVFNSGAII,MaF7,MaF,3,22,4021,0.0882251340704938,0.2671798701498866
IVFNSGAII,MaF7,MaF,3,22,4022,0.085821441685568,0.2658630957255087
IVFNSGAII,MaF7,MaF,3,22,4023,0.0791485088143395,0.2695359948222069
IVFNSGAII,MaF7,MaF,3,22,4024,0.076738149023653,0.2683436047741039
IVFNSGAII,MaF7,MaF,3,22,4025,0.0756205664307752,0.2670223964115931
IVFNSGAII,MaF7,MaF,3,22,4026,0.0773478253085235,0.2645614124965908
IVFNSGAII,MaF7,MaF,3,22,4027,0.0727936490776044,0.2688834652006119
IVFNSGAII,MaF7,MaF,3,22,4028,0.3480833487471373,0.2387654815048856
IVFNSGAII,MaF7,MaF,3,22,4029,0.0724633122345149,0.2697015849443043
IVFNSGAII,MaF7,MaF,3,22,4030,0.0742996773068656,0.2698027005443285
IVFNSGAII,WFG1,WFG,2,11,4001,0.01716250516384,0.6950444535386942
IVFNSGAII,WFG1,WFG,2,11,4002,0.0195945953114282,0.694289243711316
IVFNSGAII,WFG1,WFG,2,11,4003,0.0178510893209634,0.6948621585638637
IVFNSGAII,WFG1,WFG,2,11,4004,0.0181135209313918,0.6946526606611224
IVFNSGAII,WFG1,WFG,2,11,4005,0.0167871628696133,0.6951339216884368
IVFNSGAII,WFG1,WFG,2,11,4006,0.0188501265227007,0.6943707530323282
IVFNSGAII,WFG1,WFG,2,11,4007,0.0169957543437577,0.695015084546537
IVFNSGAII,WFG1,WFG,2,11,4008,0.0182159138349749,0.6948193991636367
IVFNSGAII,WFG1,WFG,2,11,4009,0.0194369202002767,0.6943480927199885
IVFNSGAII,WFG1,WFG,2,11,4010,0.0170946193669167,0.6951186812505795
IVFNSGAII,WFG1,WFG,2,11,4011,0.0181931898303013,0.6947610973361124
IVFNSGAII,WFG1,WFG,2,11,4012,0.0185000880533986,0.6944014055321989
IVFNSGAII,WFG1,WFG,2,11,4013,0.016947324471574,0.6950996459002495
IVFNSGAII,WFG1,WFG,2,11,4014,0.0186715844117844,0.6946515836842581
IVFNSGAII,WFG1,WFG,2,11,4015,0.0181213067106953,0.6947826014832859
IVFNSGAII,WFG1,WFG,2,11,4016,0.0193952460592612,0.6944790392494758
IVFNSGAII,WFG1,WFG,2,11,4017,0.0167996240824513,0.6950441304427936
IVFNSGAII,WFG1,WFG,2,11,4018,0.0179348385192925,0.6948609333626008
IVFNSGAII,WFG1,WFG,2,11,4019,0.0176867274542755,0.6949462970128036
IVFNSGAII,WFG1,WFG,2,11,4020,0.0179434216155348,0.6946962558369838
IVFNSGAII,WFG1,WFG,2,11,4021,0.0177048634241202,0.6946908725013305
IVFNSGAII,WFG1,WFG,2,11,4022,0.0206131630746135,0.693824327383195
IVFNSGAII,WFG1,WFG,2,11,4023,0.0188338633027999,0.6945606122767041
IVFNSGAII,WFG1,WFG,2,11,4024,0.0199257404428595,0.6941276411357539
IVFNSGAII,WFG1,WFG,2,11,4025,0.0189268269223278,0.6944953374372288
IVFNSGAII,WFG1,WFG,2,11,4026,0.019634785359073,0.6942027692618755
IVFNSGAII,WFG1,WFG,2,11,4027,0.016782756554777,0.69512071577108
IVFNSGAII,WFG1,WFG,2,11,4028,0.0178754289410884,0.6948428054522833
IVFNSGAII,WFG1,WFG,2,11,4029,0.0183900378239405,0.6947008560579667
IVFNSGAII,WFG1,WFG,2,11,4030,0.0181464463549512,0.694752216688627
IVFNSGAII,WFG1,WFG,3,12,4001,0.2396716470069698,0.9257302065307672
IVFNSGAII,WFG1,WFG,3,12,4002,0.2335972606363634,0.9288841361367624
IVFNSGAII,WFG1,WFG,3,12,4003,0.253157359170074,0.9312782025986984
IVFNSGAII,WFG1,WFG,3,12,4004,0.2578458352149855,0.9318067657424006
IVFNSGAII,WFG1,WFG,3,12,4005,0.2310943239032947,0.9313086480298338
IVFNSGAII,WFG1,WFG,3,12,4006,0.2310246861255678,0.9291535646894006
IVFNSGAII,WFG1,WFG,3,12,4007,0.2289809874010491,0.9306257987779905
IVFNSGAII,WFG1,WFG,3,12,4008,0.2346436612873091,0.9306376729106124
IVFNSGAII,WFG1,WFG,3,12,4009,0.2242606608303564,0.9367126468335714
IVFNSGAII,WFG1,WFG,3,12,4010,0.2430310931033285,0.9304021839695332
IVFNSGAII,WFG1,WFG,3,12,4011,0.2170981362400832,0.930124346818925
IVFNSGAII,WFG1,WFG,3,12,4012,0.2304074765307506,0.932935245383322
IVFNSGAII,WFG1,WFG,3,12,4013,0.2233054794179308,0.9287892834289672
IVFNSGAII,WFG1,WFG,3,12,4014,0.2566995540081623,0.9280411454056238
IVFNSGAII,WFG1,WFG,3,12,4015,0.2671611001060803,0.9164135371213712
IVFNSGAII,WFG1,WFG,3,12,4016,0.231822823518094,0.9228208262707144
IVFNSGAII,WFG1,WFG,3,12,4017,0.251881822047516,0.9297096574326684
IVFNSGAII,WFG1,WFG,3,12,4018,0.2334203873260785,0.9291266820477048
IVFNSGAII,WFG1,WFG,3,12,4019,0.2325659791412386,0.9307647086463718
IVFNSGAII,WFG1,WFG,3,12,4020,0.2180059944247209,0.9332087949693582
IVFNSGAII,WFG1,WFG,3,12,4021,0.222664431938327,0.9329257393478972
IVFNSGAII,WFG1,WFG,3,12,4022,0.2449573634278877,0.9293261235998682
IVFNSGAII,WFG1,WFG,3,12,4023,0.2682161330909534,0.9266730704922456
IVFNSGAII,WFG1,WFG,3,12,4024,0.2340089797822723,0.930836599778654
IVFNSGAII,WFG1,WFG,3,12,4025,0.2480104776132066,0.9284640162146706
IVFNSGAII,WFG1,WFG,3,12,4026,0.2365114731000148,0.935279142979794
IVFNSGAII,WFG1,WFG,3,12,4027,0.2256353476905357,0.9291772313373348
IVFNSGAII,WFG1,WFG,3,12,4028,0.2197223861142833,0.9311209268023088
IVFNSGAII,WFG1,WFG,3,12,4029,0.2324819084635266,0.926714161140754
IVFNSGAII,WFG1,WFG,3,12,4030,0.2449808750442851,0.9275572079405978
IVFNSGAII,WFG2,WFG,2,11,4001,0.0140348417615237,0.632324276193285
IVFNSGAII,WFG2,WFG,2,11,4002,0.012885379288157,0.6324801092029148
IVFNSGAII,WFG2,WFG,2,11,4003,0.0136090018616597,0.6320152865704438
IVFNSGAII,WFG2,WFG,2,11,4004,0.0137246741679247,0.632584429278391
IVFNSGAII,WFG2,WFG,2,11,4005,0.0129301838603603,0.6330677826669565
IVFNSGAII,WFG2,WFG,2,11,4006,0.0133547799800609,0.6326459561059475
IVFNSGAII,WFG2,WFG,2,11,4007,0.0125953844396851,0.6331356772308055
IVFNSGAII,WFG2,WFG,2,11,4008,0.0126821575639614,0.632841349105584
IVFNSGAII,WFG2,WFG,2,11,4009,0.0132537404096839,0.632531044652099
IVFNSGAII,WFG2,WFG,2,11,4010,0.0127494533852864,0.6323321741311885
IVFNSGAII,WFG2,WFG,2,11,4011,0.0134791987584863,0.6330582728630781
IVFNSGAII,WFG2,WFG,2,11,4012,0.0134329856158253,0.6319111887013528
IVFNSGAII,WFG2,WFG,2,11,4013,0.0139729074427815,0.6316780177563395
IVFNSGAII,WFG2,WFG,2,11,4014,0.0128656806046689,0.632164348748783
IVFNSGAII,WFG2,WFG,2,11,4015,0.0125465241592249,0.6329478744210044
IVFNSGAII,WFG2,WFG,2,11,4016,0.0127637491267548,0.6329995500420187
IVFNSGAII,WFG2,WFG,2,11,4017,0.0128627915244913,0.6318652719954594
IVFNSGAII,WFG2,WFG,2,11,4018,0.0128673703466624,0.6321490594025119
IVFNSGAII,WFG2,WFG,2,11,4019,0.0132210877207376,0.6322959818394351
IVFNSGAII,WFG2,WFG,2,11,4020,0.0133587448780752,0.6324542063833473
IVFNSGAII,WFG2,WFG,2,11,4021,0.0137302312996181,0.6316958428697118
IVFNSGAII,WFG2,WFG,2,11,4022,0.0131450588508127,0.6329392890042226
IVFNSGAII,WFG2,WFG,2,11,4023,0.0128337399307158,0.6323603156981531
IVFNSGAII,WFG2,WFG,2,11,4024,0.0134122559605179,0.6322193291559598
IVFNSGAII,WFG2,WFG,2,11,4025,0.0131299790784111,0.6329056128658062
IVFNSGAII,WFG2,WFG,2,11,4026,0.0133229873073506,0.6318433813881069
IVFNSGAII,WFG2,WFG,2,11,4027,0.0133198951401836,0.6323925406139124
IVFNSGAII,WFG2,WFG,2,11,4028,0.0135510621716656,0.6324817644802859
IVFNSGAII,WFG2,WFG,2,11,4029,0.0133751806141414,0.6321622551999225
IVFNSGAII,WFG2,WFG,2,11,4030,0.0130502445672258,0.6321578989377264
IVFNSGAII,WFG2,WFG,3,12,4001,0.2252497712235197,0.919852919879361
IVFNSGAII,WFG2,WFG,3,12,4002,0.2179147029851671,0.9184406186213012
IVFNSGAII,WFG2,WFG,3,12,4003,0.2589853001849186,0.9127751036194006
IVFNSGAII,WFG2,WFG,3,12,4004,0.2240543396842855,0.9196028720022984
IVFNSGAII,WFG2,WFG,3,12,4005,0.2422934070782439,0.9209749611733
IVFNSGAII,WFG2,WFG,3,12,4006,0.2333479434726242,0.9189050524536584
IVFNSGAII,WFG2,WFG,3,12,4007,0.2512065214365004,0.9157660890873904
IVFNSGAII,WFG2,WFG,3,12,4008,0.2223728525320955,0.9216154011704876
IVFNSGAII,WFG2,WFG,3,12,4009,0.2292658200264428,0.9204007611006516
IVFNSGAII,WFG2,WFG,3,12,4010,0.24750288590674,0.9160787879881892
IVFNSGAII,WFG2,WFG,3,12,4011,0.2594492489917732,0.9154291189388464
IVFNSGAII,WFG2,WFG,3,12,4012,0.217701816628886,0.9216265242561792
IVFNSGAII,WFG2,WFG,3,12,4013,0.20964496367429,0.9226377076768888
IVFNSGAII,WFG2,WFG,3,12,4014,0.2164472177100596,0.9196763523632748
IVFNSGAII,WFG2,WFG,3,12,4015,0.2259608231827222,0.9191754180906132
IVFNSGAII,WFG2,WFG,3,12,4016,0.2352357092512789,0.9204559059450244
IVFNSGAII,WFG2,WFG,3,12,4017,0.2155221191373005,0.9208906896134876
IVFNSGAII,WFG2,WFG,3,12,4018,0.2128919625359767,0.9211468447433724
IVFNSGAII,WFG2,WFG,3,12,4019,0.2308193140621526,0.9145629144178667
IVFNSGAII,WFG2,WFG,3,12,4020,0.2604052488946133,0.9160648534237849
IVFNSGAII,WFG2,WFG,3,12,4021,0.2102187489162595,0.9218018448655212
IVFNSGAII,WFG2,WFG,3,12,4022,0.2127025868977569,0.9203745378615844
IVFNSGAII,WFG2,WFG,3,12,4023,0.2226236686056627,0.9192929038131036
IVFNSGAII,WFG2,WFG,3,12,4024,0.2031845130636476,0.9190560647429908
IVFNSGAII,WFG2,WFG,3,12,4025,0.2282516356803371,0.9210549190498434
IVFNSGAII,WFG2,WFG,3,12,4026,0.2253745100030379,0.9200898199909452
IVFNSGAII,WFG2,WFG,3,12,4027,0.2236404192767897,0.9194360130637294
IVFNSGAII,WFG2,WFG,3,12,4028,0.2215799962263068,0.9168754395606656
IVFNSGAII,WFG2,WFG,3,12,4029,0.2323166482070361,0.9172004686899258
IVFNSGAII,WFG2,WFG,3,12,4030,0.2370321330931051,0.9146984687384369
IVFNSGAII,WFG3,WFG,2,11,4001,0.0144774967200505,0.5800134426468166
IVFNSGAII,WFG3,WFG,2,11,4002,0.0137453556823839,0.5805722003979708
IVFNSGAII,WFG3,WFG,2,11,4003,0.0147085069017875,0.5802295975856072
IVFNSGAII,WFG3,WFG,2,11,4004,0.0145457991772348,0.580263693640861
IVFNSGAII,WFG3,WFG,2,11,4005,0.0142018856475945,0.5799996384628854
IVFNSGAII,WFG3,WFG,2,11,4006,0.0148468472828531,0.5797710395905944
IVFNSGAII,WFG3,WFG,2,11,4007,0.0136249704213777,0.5810790458783346
IVFNSGAII,WFG3,WFG,2,11,4008,0.0151495844753832,0.579845001668976
IVFNSGAII,WFG3,WFG,2,11,4009,0.0158790883010039,0.578929706692321
IVFNSGAII,WFG3,WFG,2,11,4010,0.0154724339986612,0.579932491145033
IVFNSGAII,WFG3,WFG,2,11,4011,0.0149312261001607,0.5799060956063368
IVFNSGAII,WFG3,WFG,2,11,4012,0.0143261111677752,0.5803063882991762
IVFNSGAII,WFG3,WFG,2,11,4013,0.0142990654541935,0.5810157987737309
IVFNSGAII,WFG3,WFG,2,11,4014,0.0144473265849909,0.5798098068344015
IVFNSGAII,WFG3,WFG,2,11,4015,0.0146141507001646,0.5803595974968333
IVFNSGAII,WFG3,WFG,2,11,4016,0.0144355796299396,0.5803935329622589
IVFNSGAII,WFG3,WFG,2,11,4017,0.0147322999180026,0.5800479529104892
IVFNSGAII,WFG3,WFG,2,11,4018,0.0141716284694065,0.5802302421123402
IVFNSGAII,WFG3,WFG,2,11,4019,0.0139992950561433,0.5806486831832857
IVFNSGAII,WFG3,WFG,2,11,4020,0.0149098760478623,0.5803651243792283
IVFNSGAII,WFG3,WFG,2,11,4021,0.0158084539891644,0.579195786461893
IVFNSGAII,WFG3,WFG,2,11,4022,0.014835817081707,0.5803520508657696
IVFNSGAII,WFG3,WFG,2,11,4023,0.0150484899811426,0.5797207060270435
IVFNSGAII,WFG3,WFG,2,11,4024,0.0152623045108632,0.5795589515464987
IVFNSGAII,WFG3,WFG,2,11,4025,0.0138885931156221,0.5806604568774935
IVFNSGAII,WFG3,WFG,2,11,4026,0.0144270455801122,0.5805586010453059
IVFNSGAII,WFG3,WFG,2,11,4027,0.0142350240087888,0.5803837934105998
IVFNSGAII,WFG3,WFG,2,11,4028,0.0155363208744566,0.5793656237634326
IVFNSGAII,WFG3,WFG,2,11,4029,0.0143680258936055,0.5802833637235935
IVFNSGAII,WFG3,WFG,2,11,4030,0.0152970607464672,0.5793382668396219
IVFNSGAII,WFG3,WFG,3,12,4001,0.0961588052197128,0.4027054800510822
IVFNSGAII,WFG3,WFG,3,12,4002,0.0873470687196068,0.4012507440525324
IVFNSGAII,WFG3,WFG,3,12,4003,0.0723793915611935,0.4062895946160657
IVFNSGAII,WFG3,WFG,3,12,4004,0.096438223438731,0.4019327113871913
IVFNSGAII,WFG3,WFG,3,12,4005,0.1313769629176767,0.3990116901784117
IVFNSGAII,WFG3,WFG,3,12,4006,0.1084116382019158,0.3952750377276774
IVFNSGAII,WFG3,WFG,3,12,4007,0.1097685847391918,0.4005931530425782
IVFNSGAII,WFG3,WFG,3,12,4008,0.1015326563841314,0.4000883617614982
IVFNSGAII,WFG3,WFG,3,12,4009,0.1111779039029169,0.4010026864607304
IVFNSGAII,WFG3,WFG,3,12,4010,0.0864704143818265,0.4031065402634154
IVFNSGAII,WFG3,WFG,3,12,4011,0.0781505550977679,0.4043734273799357
IVFNSGAII,WFG3,WFG,3,12,4012,0.0778994476558841,0.4030659984643411
IVFNSGAII,WFG3,WFG,3,12,4013,0.091120519875424,0.4028934309253766
IVFNSGAII,WFG3,WFG,3,12,4014,0.1151294793541308,0.400061653147566
IVFNSGAII,WFG3,WFG,3,12,4015,0.0893425616563303,0.4041661468857518
IVFNSGAII,WFG3,WFG,3,12,4016,0.0888591448150324,0.4046665915057186
IVFNSGAII,WFG3,WFG,3,12,4017,0.0867971650604338,0.4021498241636542
IVFNSGAII,WFG3,WFG,3,12,4018,0.0807774690643679,0.4041891030387702
IVFNSGAII,WFG3,WFG,3,12,4019,0.1058576886081425,0.4013261789241482
IVFNSGAII,WFG3,WFG,3,12,4020,0.0811463263420436,0.4037056263224181
IVFNSGAII,WFG3,WFG,3,12,4021,0.0781113833322123,0.4047762439922986
IVFNSGAII,WFG3,WFG,3,12,4022,0.1002471831273614,0.3998844544709058
IVFNSGAII,WFG3,WFG,3,12,4023,0.1025785504324427,0.3979733334548449
IVFNSGAII,WFG3,WFG,3,12,4024,0.0993311146794023,0.3994713467527141
IVFNSGAII,WFG3,WFG,3,12,4025,0.0719690900293255,0.4033027493843913
IVFNSGAII,WFG3,WFG,3,12,4026,0.1150864178412881,0.3991820721446682
IVFNSGAII,WFG3,WFG,3,12,4027,0.0923069023520174,0.3981514168248893
IVFNSGAII,WFG3,WFG,3,12,4028,0.1193513084546696,0.3951780362497997
IVFNSGAII,WFG3,WFG,3,12,4029,0.1045550184803971,0.4010748646535709
IVFNSGAII,WFG3,WFG,3,12,4030,0.0740443690546376,0.4043153319600749
IVFNSGAII,WFG4,WFG,2,11,4001,0.0149130942037672,0.3465629201975708
IVFNSGAII,WFG4,WFG,2,11,4002,0.0148767951722326,0.3467373091470528
IVFNSGAII,WFG4,WFG,2,11,4003,0.0155479011148567,0.3466107640364906
IVFNSGAII,WFG4,WFG,2,11,4004,0.015706583149225,0.346706612765204
IVFNSGAII,WFG4,WFG,2,11,4005,0.0163336221669316,0.3464778016465877
IVFNSGAII,WFG4,WFG,2,11,4006,0.0145730965440746,0.3465427504808229
IVFNSGAII,WFG4,WFG,2,11,4007,0.0148118995161457,0.3467053688686448
IVFNSGAII,WFG4,WFG,2,11,4008,0.0150600514557923,0.3466663287296038
IVFNSGAII,WFG4,WFG,2,11,4009,0.0154531007197873,0.3465800853044934
IVFNSGAII,WFG4,WFG,2,11,4010,0.0150842068058157,0.3467798268357224
IVFNSGAII,WFG4,WFG,2,11,4011,0.0155098330216322,0.3468835686786922
IVFNSGAII,WFG4,WFG,2,11,4012,0.0148553956380215,0.3467516587793773
IVFNSGAII,WFG4,WFG,2,11,4013,0.0164180593063687,0.3461303537811035
IVFNSGAII,WFG4,WFG,2,11,4014,0.0145941342940844,0.346654689086775
IVFNSGAII,WFG4,WFG,2,11,4015,0.0152854781822863,0.3468325928552331
IVFNSGAII,WFG4,WFG,2,11,4016,0.015729090077916,0.3467120560556615
IVFNSGAII,WFG4,WFG,2,11,4017,0.0139161463834909,0.3469159528833723
IVFNSGAII,WFG4,WFG,2,11,4018,0.0155650201233786,0.346340375468857
IVFNSGAII,WFG4,WFG,2,11,4019,0.0152426266065593,0.3468437659351387
IVFNSGAII,WFG4,WFG,2,11,4020,0.015335062742047,0.3463246418760325
IVFNSGAII,WFG4,WFG,2,11,4021,0.0144463945534564,0.3467849446074744
IVFNSGAII,WFG4,WFG,2,11,4022,0.0148826502642542,0.346695998898022
IVFNSGAII,WFG4,WFG,2,11,4023,0.0157431690625234,0.3465682848993042
IVFNSGAII,WFG4,WFG,2,11,4024,0.0152851015166298,0.3465249420245173
IVFNSGAII,WFG4,WFG,2,11,4025,0.0161176551034392,0.346527507267882
IVFNSGAII,WFG4,WFG,2,11,4026,0.0149802414544012,0.3467020437934335
IVFNSGAII,WFG4,WFG,2,11,4027,0.0149156911488328,0.3464972260251595
IVFNSGAII,WFG4,WFG,2,11,4028,0.01535297204006,0.3467186251526052
IVFNSGAII,WFG4,WFG,2,11,4029,0.0143559889280928,0.3468719959501121
IVFNSGAII,WFG4,WFG,2,11,4030,0.0151015792130804,0.3466455169763941
IVFNSGAII,WFG4,WFG,3,12,4001,0.2600115342406611,0.5299162492992007
IVFNSGAII,WFG4,WFG,3,12,4002,0.2612521426530874,0.5135623065592312
IVFNSGAII,WFG4,WFG,3,12,4003,0.2654788628903618,0.5166996538355614
IVFNSGAII,WFG4,WFG,3,12,4004,0.2820401459563362,0.5312271133198208
IVFNSGAII,WFG4,WFG,3,12,4005,0.2638339317584774,0.5265738867197549
IVFNSGAII,WFG4,WFG,3,12,4006,0.2627282900536647,0.5319865425666426
IVFNSGAII,WFG4,WFG,3,12,4007,0.2660466501588776,0.5159377220843225
IVFNSGAII,WFG4,WFG,3,12,4008,0.2732933953423869,0.5296148007609519
IVFNSGAII,WFG4,WFG,3,12,4009,0.2676414934877387,0.5235090502515837
IVFNSGAII,WFG4,WFG,3,12,4010,0.2788117475412539,0.5184232201166775
IVFNSGAII,WFG4,WFG,3,12,4011,0.2559544434761038,0.5279037045976692
IVFNSGAII,WFG4,WFG,3,12,4012,0.286666060968934,0.5206262777997627
IVFNSGAII,WFG4,WFG,3,12,4013,0.2555645103784379,0.524127408814266
IVFNSGAII,WFG4,WFG,3,12,4014,0.2715921773438116,0.5322933482563795
IVFNSGAII,WFG4,WFG,3,12,4015,0.266403097133608,0.5306106242000184
IVFNSGAII,WFG4,WFG,3,12,4016,0.2742754130047651,0.5220358709518352
IVFNSGAII,WFG4,WFG,3,12,4017,0.2773922191286706,0.528927792248691
IVFNSGAII,WFG4,WFG,3,12,4018,0.2565869831119791,0.5293819906884712
IVFNSGAII,WFG4,WFG,3,12,4019,0.2611831130048948,0.5253232624341994
IVFNSGAII,WFG4,WFG,3,12,4020,0.2762821153796238,0.5269497228117024
IVFNSGAII,WFG4,WFG,3,12,4021,0.2605326754530013,0.5244081652629928
IVFNSGAII,WFG4,WFG,3,12,4022,0.2675667315592022,0.5281905725537339
IVFNSGAII,WFG4,WFG,3,12,4023,0.2546105613576544,0.5332394789094815
IVFNSGAII,WFG4,WFG,3,12,4024,0.2628027883629374,0.5271110357412039
IVFNSGAII,WFG4,WFG,3,12,4025,0.2641669166565719,0.5263623650217961
IVFNSGAII,WFG4,WFG,3,12,4026,0.2729255203577943,0.5173283246980811
IVFNSGAII,WFG4,WFG,3,12,4027,0.2590310678579257,0.5283653493107443
IVFNSGAII,WFG4,WFG,3,12,4028,0.2552150256552319,0.5312362313218605
IVFNSGAII,WFG4,WFG,3,12,4029,0.2592483331110679,0.5264548208381438
IVFNSGAII,WFG4,WFG,3,12,4030,0.262529288613527,0.5286338808065083
IVFNSGAII,WFG5,WFG,2,11,4001,0.0648794761324966,0.3130072933836745
IVFNSGAII,WFG5,WFG,2,11,4002,0.0652523152525751,0.3126540479997487
IVFNSGAII,WFG5,WFG,2,11,4003,0.065364862997949,0.3126918401029758
IVFNSGAII,WFG5,WFG,2,11,4004,0.064794297568745,0.3130737219656319
IVFNSGAII,WFG5,WFG,2,11,4005,0.0648225186553822,0.3131134971029543
IVFNSGAII,WFG5,WFG,2,11,4006,0.0650870107711718,0.3128514133575745
IVFNSGAII,WFG5,WFG,2,11,4007,0.0652861418531896,0.3128242860998941
IVFNSGAII,WFG5,WFG,2,11,4008,0.0648688668688031,0.3128132579745919
IVFNSGAII,WFG5,WFG,2,11,4009,0.0650430336325342,0.3130471953036289
IVFNSGAII,WFG5,WFG,2,11,4010,0.0653015177869449,0.3128895350485713
IVFNSGAII,WFG5,WFG,2,11,4011,0.0650020180586391,0.3124490498835868
IVFNSGAII,WFG5,WFG,2,11,4012,0.0652691742377326,0.3129234055483815
IVFNSGAII,WFG5,WFG,2,11,4013,0.0654935098050866,0.3129342630220191
IVFNSGAII,WFG5,WFG,2,11,4014,0.0651506906146971,0.3128003637346579
IVFNSGAII,WFG5,WFG,2,11,4015,0.0669966073564295,0.3129806594128939
IVFNSGAII,WFG5,WFG,2,11,4016,0.0650745417701099,0.3127102670057623
IVFNSGAII,WFG5,WFG,2,11,4017,0.0652272982641595,0.3126641220734663
IVFNSGAII,WFG5,WFG,2,11,4018,0.0657239914675856,0.3127121202991381
IVFNSGAII,WFG5,WFG,2,11,4019,0.0648415168021488,0.3131675539369717
IVFNSGAII,WFG5,WFG,2,11,4020,0.0654849987056147,0.3127689262455446
IVFNSGAII,WFG5,WFG,2,11,4021,0.0652884568549144,0.3126017625836293
IVFNSGAII,WFG5,WFG,2,11,4022,0.0653023957975516,0.3128825582502413
IVFNSGAII,WFG5,WFG,2,11,4023,0.0649555224363346,0.3128154479643867
IVFNSGAII,WFG5,WFG,2,11,4024,0.0657129761629368,0.3129576979300578
IVFNSGAII,WFG5,WFG,2,11,4025,0.0649606744107369,0.3129006254790978
IVFNSGAII,WFG5,WFG,2,11,4026,0.0664223084947129,0.3126142225151035
IVFNSGAII,WFG5,WFG,2,11,4027,0.0652137545885113,0.3127470510610965
IVFNSGAII,WFG5,WFG,2,11,4028,0.0655646295008701,0.3126119448275326
IVFNSGAII,WFG5,WFG,2,11,4029,0.0652875414628034,0.312713500522684
IVFNSGAII,WFG5,WFG,2,11,4030,0.0652947565358627,0.3128672974127668
IVFNSGAII,WFG5,WFG,3,12,4001,0.2598812598307933,0.4976955082722253
IVFNSGAII,WFG5,WFG,3,12,4002,0.2781470258165675,0.4990919955322144
IVFNSGAII,WFG5,WFG,3,12,4003,0.2850703505608359,0.4943780558678148
IVFNSGAII,WFG5,WFG,3,12,4004,0.2896682337882592,0.4975325212471744
IVFNSGAII,WFG5,WFG,3,12,4005,0.283536079102441,0.4990084066619885
IVFNSGAII,WFG5,WFG,3,12,4006,0.2895823815408537,0.4960295212467973
IVFNSGAII,WFG5,WFG,3,12,4007,0.2785973139762938,0.4967486592193091
IVFNSGAII,WFG5,WFG,3,12,4008,0.2782443014079246,0.4923506883319544
IVFNSGAII,WFG5,WFG,3,12,4009,0.2772738398096303,0.4934573265531076
IVFNSGAII,WFG5,WFG,3,12,4010,0.2730907884727666,0.4891904532908335
IVFNSGAII,WFG5,WFG,3,12,4011,0.2815986025273678,0.4936691079330556
IVFNSGAII,WFG5,WFG,3,12,4012,0.2727793054354859,0.4975401806252867
IVFNSGAII,WFG5,WFG,3,12,4013,0.2754161261704703,0.4947501069725815
IVFNSGAII,WFG5,WFG,3,12,4014,0.2615963107722375,0.4997996661820337
IVFNSGAII,WFG5,WFG,3,12,4015,0.2750153258961507,0.4964708569761377
IVFNSGAII,WFG5,WFG,3,12,4016,0.2832358445798863,0.4960634182142326
IVFNSGAII,WFG5,WFG,3,12,4017,0.2733887299706373,0.5022157011955041
IVFNSGAII,WFG5,WFG,3,12,4018,0.2891936894549506,0.4923188888325944
IVFNSGAII,WFG5,WFG,3,12,4019,0.2852023156404086,0.494561825812404
IVFNSGAII,WFG5,WFG,3,12,4020,0.2717894187163039,0.4979103367962451
IVFNSGAII,WFG5,WFG,3,12,4021,0.2763944975475252,0.490362956108983
IVFNSGAII,WFG5,WFG,3,12,4022,0.2718065978923714,0.5007321259929154
IVFNSGAII,WFG5,WFG,3,12,4023,0.2966547160687277,0.4912507769087304
IVFNSGAII,WFG5,WFG,3,12,4024,0.2911194023639142,0.4834805425976469
IVFNSGAII,WFG5,WFG,3,12,4025,0.2927105180329067,0.482691282210109
IVFNSGAII,WFG5,WFG,3,12,4026,0.280367745272976,0.4894212411733001
IVFNSGAII,WFG5,WFG,3,12,4027,0.2708004815646163,0.501153249926274
IVFNSGAII,WFG5,WFG,3,12,4028,0.2804196706227487,0.4907602766886993
IVFNSGAII,WFG5,WFG,3,12,4029,0.2818833757829869,0.4918000443221156
IVFNSGAII,WFG5,WFG,3,12,4030,0.2705851316173228,0.4979435683714417
IVFNSGAII,WFG6,WFG,2,11,4001,0.0932904867584904,0.2969887980402814
IVFNSGAII,WFG6,WFG,2,11,4002,0.0525543902879225,0.3202240158558225
IVFNSGAII,WFG6,WFG,2,11,4003,0.0709713055296968,0.30963428659511
IVFNSGAII,WFG6,WFG,2,11,4004,0.0766126524036289,0.306496375112254
IVFNSGAII,WFG6,WFG,2,11,4005,0.0981252831082034,0.2946570059918706
IVFNSGAII,WFG6,WFG,2,11,4006,0.0954890407496552,0.2960843407038276
IVFNSGAII,WFG6,WFG,2,11,4007,0.0980521559506183,0.2943980737642055
IVFNSGAII,WFG6,WFG,2,11,4008,0.0720982034012114,0.3090964797436297
IVFNSGAII,WFG6,WFG,2,11,4009,0.0614700832661227,0.3147880140524409
IVFNSGAII,WFG6,WFG,2,11,4010,0.0482065410949469,0.3224087075779857
IVFNSGAII,WFG6,WFG,2,11,4011,0.110037152058454,0.2879118012908859
IVFNSGAII,WFG6,WFG,2,11,4012,0.1059491161594905,0.2902159543489503
IVFNSGAII,WFG6,WFG,2,11,4013,0.0629923381891133,0.313839869041861
IVFNSGAII,WFG6,WFG,2,11,4014,0.0563890774830538,0.3181549987661964
IVFNSGAII,WFG6,WFG,2,11,4015,0.0513846446903054,0.3207706579280699
IVFNSGAII,WFG6,WFG,2,11,4016,0.099331998742234,0.293872626881033
IVFNSGAII,WFG6,WFG,2,11,4017,0.1150627883341443,0.2852590875368599
IVFNSGAII,WFG6,WFG,2,11,4018,0.1027361407128918,0.2921735521497894
IVFNSGAII,WFG6,WFG,2,11,4019,0.0876032940422289,0.3006165683748826
IVFNSGAII,WFG6,WFG,2,11,4020,0.0693353491190082,0.3104031498694992
IVFNSGAII,WFG6,WFG,2,11,4021,0.09898891667245,0.2938880952897234
IVFNSGAII,WFG6,WFG,2,11,4022,0.0730348501304464,0.3087198719542387
IVFNSGAII,WFG6,WFG,2,11,4023,0.0786130696572535,0.3052958969406805
IVFNSGAII,WFG6,WFG,2,11,4024,0.1183017494153317,0.2839108709543764
IVFNSGAII,WFG6,WFG,2,11,4025,0.0968655095478471,0.295100009814398
IVFNSGAII,WFG6,WFG,2,11,4026,0.1197719451306842,0.2828666139322225
IVFNSGAII,WFG6,WFG,2,11,4027,0.0941984737898302,0.296767750318931
IVFNSGAII,WFG6,WFG,2,11,4028,0.0901831010294731,0.2987664656856016
IVFNSGAII,WFG6,WFG,2,11,4029,0.0735323067477092,0.3082982018209166
IVFNSGAII,WFG6,WFG,2,11,4030,0.101219337168439,0.2929274856393016
IVFNSGAII,WFG6,WFG,3,12,4001,0.3281156556686361,0.4494211771086466
IVFNSGAII,WFG6,WFG,3,12,4002,0.3075155411080922,0.4662457922689063
IVFNSGAII,WFG6,WFG,3,12,4003,0.3111235434536117,0.4869261785812456
IVFNSGAII,WFG6,WFG,3,12,4004,0.3041293791757264,0.4863076252251438
IVFNSGAII,WFG6,WFG,3,12,4005,0.2910298813199323,0.4851354290123858
IVFNSGAII,WFG6,WFG,3,12,4006,0.2850144212419325,0.5070529247266387
IVFNSGAII,WFG6,WFG,3,12,4007,0.2955962560386265,0.4720105666844001
IVFNSGAII,WFG6,WFG,3,12,4008,0.3071466858290451,0.4611626679867598
IVFNSGAII,WFG6,WFG,3,12,4009,0.316550028394451,0.4741107003832176
IVFNSGAII,WFG6,WFG,3,12,4010,0.2894853636744615,0.488115588552195
IVFNSGAII,WFG6,WFG,3,12,4011,0.3037201387292796,0.4685493496194818
IVFNSGAII,WFG6,WFG,3,12,4012,0.3123080408929928,0.4673978757608942
IVFNSGAII,WFG6,WFG,3,12,4013,0.296921021201503,0.489434877013125
IVFNSGAII,WFG6,WFG,3,12,4014,0.2914709861605865,0.4915612790311021
IVFNSGAII,WFG6,WFG,3,12,4015,0.2979258718139164,0.4911461799492682
IVFNSGAII,WFG6,WFG,3,12,4016,0.3269069231786356,0.4534127224727167
IVFNSGAII,WFG6,WFG,3,12,4017,0.292152950387239,0.4957393746090114
IVFNSGAII,WFG6,WFG,3,12,4018,0.3380875301922827,0.4332005256511703
IVFNSGAII,WFG6,WFG,3,12,4019,0.3089204207878402,0.4662377148671943
IVFNSGAII,WFG6,WFG,3,12,4020,0.3213641517981685,0.4720057018509224
IVFNSGAII,WFG6,WFG,3,12,4021,0.3171074120361362,0.4740626327279075
IVFNSGAII,WFG6,WFG,3,12,4022,0.3085534982533258,0.4723390865776476
IVFNSGAII,WFG6,WFG,3,12,4023,0.276834051417203,0.4966915786596788
IVFNSGAII,WFG6,WFG,3,12,4024,0.3273307947124006,0.4532902189614159
IVFNSGAII,WFG6,WFG,3,12,4025,0.2994289180774149,0.4852094729818531
IVFNSGAII,WFG6,WFG,3,12,4026,0.3318691689140264,0.4562716658871621
IVFNSGAII,WFG6,WFG,3,12,4027,0.3157998138380761,0.4661717810825434
IVFNSGAII,WFG6,WFG,3,12,4028,0.3157511834416585,0.4675774022184802
IVFNSGAII,WFG6,WFG,3,12,4029,0.3129374830893497,0.4535714921263638
IVFNSGAII,WFG6,WFG,3,12,4030,0.2891876901442403,0.4953457192392841
IVFNSGAII,WFG7,WFG,2,11,4001,0.0156914394816461,0.3457990853175081
IVFNSGAII,WFG7,WFG,2,11,4002,0.0183743641408721,0.3456411788819363
IVFNSGAII,WFG7,WFG,2,11,4003,0.0166844164911421,0.345563339391151
IVFNSGAII,WFG7,WFG,2,11,4004,0.0153975663278381,0.3458509185976262
IVFNSGAII,WFG7,WFG,2,11,4005,0.0180492325319538,0.3451778444554276
IVFNSGAII,WFG7,WFG,2,11,4006,0.0189193273621351,0.3450415833201293
IVFNSGAII,WFG7,WFG,2,11,4007,0.0167154821651233,0.3460373931544774
IVFNSGAII,WFG7,WFG,2,11,4008,0.0173543189558876,0.345068092544165
IVFNSGAII,WFG7,WFG,2,11,4009,0.0197616579163498,0.3449788344550067
IVFNSGAII,WFG7,WFG,2,11,4010,0.0166647420041318,0.3453940746077747
IVFNSGAII,WFG7,WFG,2,11,4011,0.0173787675125776,0.3453444503780269
IVFNSGAII,WFG7,WFG,2,11,4012,0.0167441472273979,0.3453951225437682
IVFNSGAII,WFG7,WFG,2,11,4013,0.0158408108862951,0.3459140281326772
IVFNSGAII,WFG7,WFG,2,11,4014,0.0182487494263134,0.3446755061121432
IVFNSGAII,WFG7,WFG,2,11,4015,0.0172434079298838,0.344750104049465
IVFNSGAII,WFG7,WFG,2,11,4016,0.0164951623920418,0.3454827752022376
IVFNSGAII,WFG7,WFG,2,11,4017,0.0171266266226597,0.3452745228415027
IVFNSGAII,WFG7,WFG,2,11,4018,0.0167429020617755,0.3454852105078983
IVFNSGAII,WFG7,WFG,2,11,4019,0.016598763141594,0.3455398404726251
IVFNSGAII,WFG7,WFG,2,11,4020,0.0166775083195384,0.3452948606854307
IVFNSGAII,WFG7,WFG,2,11,4021,0.0184569054465594,0.3449579944830191
IVFNSGAII,WFG7,WFG,2,11,4022,0.0161533693664524,0.3456451242511799
IVFNSGAII,WFG7,WFG,2,11,4023,0.0161065965893766,0.3457728372113878
IVFNSGAII,WFG7,WFG,2,11,4024,0.0177257618589187,0.3453765874579805
IVFNSGAII,WFG7,WFG,2,11,4025,0.0183790371155363,0.34466873216615
IVFNSGAII,WFG7,WFG,2,11,4026,0.0164574575469571,0.3454810116235662
IVFNSGAII,WFG7,WFG,2,11,4027,0.0161714095927484,0.3456602404089678
IVFNSGAII,WFG7,WFG,2,11,4028,0.0168307539322715,0.3452339531998146
IVFNSGAII,WFG7,WFG,2,11,4029,0.0163904773097496,0.3456308589781042
IVFNSGAII,WFG7,WFG,2,11,4030,0.0156754762998321,0.3459048466455467
IVFNSGAII,WFG7,WFG,3,12,4001,0.2730018058889329,0.528232639007302
IVFNSGAII,WFG7,WFG,3,12,4002,0.2867015613149198,0.5257227700324667
IVFNSGAII,WFG7,WFG,3,12,4003,0.2732327327353733,0.5240527932351373
IVFNSGAII,WFG7,WFG,3,12,4004,0.2627517236018107,0.5265446075294851
IVFNSGAII,WFG7,WFG,3,12,4005,0.2785911820464971,0.5241286078679517
IVFNSGAII,WFG7,WFG,3,12,4006,0.2696653270395325,0.5299596867879763
IVFNSGAII,WFG7,WFG,3,12,4007,0.2725893034874903,0.5275097648554965
IVFNSGAII,WFG7,WFG,3,12,4008,0.2767329160029858,0.5244881389768925
IVFNSGAII,WFG7,WFG,3,12,4009,0.2620567978845518,0.5282609708147457
IVFNSGAII,WFG7,WFG,3,12,4010,0.2861303065905907,0.5210942594429652
IVFNSGAII,WFG7,WFG,3,12,4011,0.2734236903492301,0.5226967272338324
IVFNSGAII,WFG7,WFG,3,12,4012,0.2732209961426375,0.527489394570239
IVFNSGAII,WFG7,WFG,3,12,4013,0.2853511458443899,0.5210705932272015
IVFNSGAII,WFG7,WFG,3,12,4014,0.3017723490414465,0.5149719244458163
IVFNSGAII,WFG7,WFG,3,12,4015,0.2751498290955781,0.5255473523806592
IVFNSGAII,WFG7,WFG,3,12,4016,0.2897929521581786,0.5173030052484254
IVFNSGAII,WFG7,WFG,3,12,4017,0.2869200467530633,0.5188339032802528
IVFNSGAII,WFG7,WFG,3,12,4018,0.2985804240296946,0.5190188818307224
IVFNSGAII,WFG7,WFG,3,12,4019,0.2958291066141107,0.5203895364832319
IVFNSGAII,WFG7,WFG,3,12,4020,0.2590806221877829,0.5238172747357942
IVFNSGAII,WFG7,WFG,3,12,4021,0.3003454972421163,0.5253128426065183
IVFNSGAII,WFG7,WFG,3,12,4022,0.2697329492954419,0.5279616629981561
IVFNSGAII,WFG7,WFG,3,12,4023,0.2637416426034797,0.5219579930118717
IVFNSGAII,WFG7,WFG,3,12,4024,0.2984377837051748,0.5165097660649406
IVFNSGAII,WFG7,WFG,3,12,4025,0.2781802954855649,0.5223093955492184
IVFNSGAII,WFG7,WFG,3,12,4026,0.2855143706514023,0.5218518198585522
IVFNSGAII,WFG7,WFG,3,12,4027,0.289509932637057,0.5176411031272845
IVFNSGAII,WFG7,WFG,3,12,4028,0.2877853641609675,0.5261176172776252
IVFNSGAII,WFG7,WFG,3,12,4029,0.2783816482665814,0.52576925798182
IVFNSGAII,WFG7,WFG,3,12,4030,0.2737347505252281,0.5264102913006279
IVFNSGAII,WFG8,WFG,2,11,4001,0.1095032806299624,0.2887003623037864
IVFNSGAII,WFG8,WFG,2,11,4002,0.1047487390518209,0.2914327528826556
IVFNSGAII,WFG8,WFG,2,11,4003,0.1106437992771603,0.2882076886026716
IVFNSGAII,WFG8,WFG,2,11,4004,0.1025556481592079,0.2925626090036712
IVFNSGAII,WFG8,WFG,2,11,4005,0.1098770215238506,0.2888485354805085
IVFNSGAII,WFG8,WFG,2,11,4006,0.105223059810927,0.2908641893777974
IVFNSGAII,WFG8,WFG,2,11,4007,0.109363758485212,0.2896842590378508
IVFNSGAII,WFG8,WFG,2,11,4008,0.1098668692130152,0.2883664374468468
IVFNSGAII,WFG8,WFG,2,11,4009,0.1072183162049616,0.2898283251487536
IVFNSGAII,WFG8,WFG,2,11,4010,0.1101793538758803,0.2881943641103009
IVFNSGAII,WFG8,WFG,2,11,4011,0.1098462722784479,0.2897217199623004
IVFNSGAII,WFG8,WFG,2,11,4012,0.1118672468248528,0.2873882014917317
IVFNSGAII,WFG8,WFG,2,11,4013,0.1065167764450699,0.2902475314475841
IVFNSGAII,WFG8,WFG,2,11,4014,0.1097950076440481,0.2884140934578197
IVFNSGAII,WFG8,WFG,2,11,4015,0.1076967668573496,0.2896833688436818
IVFNSGAII,WFG8,WFG,2,11,4016,0.1142322704282329,0.2864147041267624
IVFNSGAII,WFG8,WFG,2,11,4017,0.1093995030498609,0.2887927817337029
IVFNSGAII,WFG8,WFG,2,11,4018,0.1081071204387663,0.2894197770123414
IVFNSGAII,WFG8,WFG,2,11,4019,0.1097570665182769,0.2884855108639528
IVFNSGAII,WFG8,WFG,2,11,4020,0.1089951018195428,0.2890059115603556
IVFNSGAII,WFG8,WFG,2,11,4021,0.1108390852908049,0.287943441767192
IVFNSGAII,WFG8,WFG,2,11,4022,0.106732888947322,0.2899666299780278
IVFNSGAII,WFG8,WFG,2,11,4023,0.1056638662387164,0.2903441499308014
IVFNSGAII,WFG8,WFG,2,11,4024,0.1102521907517254,0.2883555127744873
IVFNSGAII,WFG8,WFG,2,11,4025,0.1069019125514895,0.2899878945483874
IVFNSGAII,WFG8,WFG,2,11,4026,0.1094891858913329,0.2888726969836551
IVFNSGAII,WFG8,WFG,2,11,4027,0.1101822156899895,0.2882765172196517
IVFNSGAII,WFG8,WFG,2,11,4028,0.1102956110157546,0.2884298446834705
IVFNSGAII,WFG8,WFG,2,11,4029,0.107028021833994,0.2898813657495499
IVFNSGAII,WFG8,WFG,2,11,4030,0.1082355993571813,0.289341817832578
IVFNSGAII,WFG8,WFG,3,12,4001,0.3629309324982802,0.4495622433907553
IVFNSGAII,WFG8,WFG,3,12,4002,0.3757671769660056,0.4445053058056872
IVFNSGAII,WFG8,WFG,3,12,4003,0.3659965296635536,0.443405954003494
IVFNSGAII,WFG8,WFG,3,12,4004,0.37176736972497,0.439435623961183
IVFNSGAII,WFG8,WFG,3,12,4005,0.3621247442461712,0.4502138597651975
IVFNSGAII,WFG8,WFG,3,12,4006,0.3567035621585566,0.4467622307793736
IVFNSGAII,WFG8,WFG,3,12,4007,0.368610933049372,0.448488014577581
IVFNSGAII,WFG8,WFG,3,12,4008,0.3895070777994952,0.4450480614633563
IVFNSGAII,WFG8,WFG,3,12,4009,0.3735572171309663,0.4450740164065185
IVFNSGAII,WFG8,WFG,3,12,4010,0.3728724027992185,0.4524495992757934
IVFNSGAII,WFG8,WFG,3,12,4011,0.3595314882357236,0.445470503727718
IVFNSGAII,WFG8,WFG,3,12,4012,0.3777392211613491,0.4428948973945654
IVFNSGAII,WFG8,WFG,3,12,4013,0.3676282223839971,0.4446078310371946
IVFNSGAII,WFG8,WFG,3,12,4014,0.3714809135523532,0.4466228046346524
IVFNSGAII,WFG8,WFG,3,12,4015,0.3871371385065369,0.4445917624644352
IVFNSGAII,WFG8,WFG,3,12,4016,0.3562141881486373,0.4517613305488442
IVFNSGAII,WFG8,WFG,3,12,4017,0.3710508749199297,0.4413091535550787
IVFNSGAII,WFG8,WFG,3,12,4018,0.386482597569226,0.4414525547815512
IVFNSGAII,WFG8,WFG,3,12,4019,0.3709519421036152,0.4436414976618698
IVFNSGAII,WFG8,WFG,3,12,4020,0.3624798693805612,0.4421559601573577
IVFNSGAII,WFG8,WFG,3,12,4021,0.3621063608407581,0.4479133126812438
IVFNSGAII,WFG8,WFG,3,12,4022,0.4008425228467196,0.4433486528409593
IVFNSGAII,WFG8,WFG,3,12,4023,0.377065309361829,0.4502899487021598
IVFNSGAII,WFG8,WFG,3,12,4024,0.3616122707309883,0.4416648258082808
IVFNSGAII,WFG8,WFG,3,12,4025,0.3662900790024047,0.4499538377961506
IVFNSGAII,WFG8,WFG,3,12,4026,0.3712173120581436,0.4386470875581427
IVFNSGAII,WFG8,WFG,3,12,4027,0.3786435706760797,0.4439878750091356
IVFNSGAII,WFG8,WFG,3,12,4028,0.3545524919302048,0.4508850366828761
IVFNSGAII,WFG8,WFG,3,12,4029,0.3671488439977849,0.4473619892274811
IVFNSGAII,WFG8,WFG,3,12,4030,0.3783670327490304,0.4419664281989842
IVFNSGAII,WFG9,WFG,2,11,4001,0.023383309109655,0.3383732580275657
IVFNSGAII,WFG9,WFG,2,11,4002,0.0197532657199774,0.3417702416484012
IVFNSGAII,WFG9,WFG,2,11,4003,0.0206256472310423,0.340279069206899
IVFNSGAII,WFG9,WFG,2,11,4004,0.0204730331380438,0.3407095154743202
IVFNSGAII,WFG9,WFG,2,11,4005,0.0207150565210721,0.3409545209688076
IVFNSGAII,WFG9,WFG,2,11,4006,0.0211019679980469,0.3404968510807894
IVFNSGAII,WFG9,WFG,2,11,4007,0.0195939169303873,0.3410192614128655
IVFNSGAII,WFG9,WFG,2,11,4008,0.0199374340988595,0.3411158124309431
IVFNSGAII,WFG9,WFG,2,11,4009,0.0195779905120395,0.3418553727744432
IVFNSGAII,WFG9,WFG,2,11,4010,0.0202514178186795,0.3413945386562276
IVFNSGAII,WFG9,WFG,2,11,4011,0.0221958430356415,0.3413810518800535
IVFNSGAII,WFG9,WFG,2,11,4012,0.2270992209492361,0.225241605587168
IVFNSGAII,WFG9,WFG,2,11,4013,0.0197352258334332,0.3427705525244934
IVFNSGAII,WFG9,WFG,2,11,4014,0.0187751648988046,0.3418076919667663
IVFNSGAII,WFG9,WFG,2,11,4015,0.0174418721377206,0.3434666424758472
IVFNSGAII,WFG9,WFG,2,11,4016,0.0222494182713732,0.3415782256482528
IVFNSGAII,WFG9,WFG,2,11,4017,0.0207577757962805,0.3398273496373518
IVFNSGAII,WFG9,WFG,2,11,4018,0.0183560028118181,0.3439178065691735
IVFNSGAII,WFG9,WFG,2,11,4019,0.0197557216057307,0.3414503170536854
IVFNSGAII,WFG9,WFG,2,11,4020,0.0175853531422573,0.3427875280512722
IVFNSGAII,WFG9,WFG,2,11,4021,0.0203489791116657,0.3403276271821557
IVFNSGAII,WFG9,WFG,2,11,4022,0.0188369085485739,0.3417696093793859
IVFNSGAII,WFG9,WFG,2,11,4023,0.017970089604947,0.3438114578231437
IVFNSGAII,WFG9,WFG,2,11,4024,0.0173938994528888,0.343339608381262
IVFNSGAII,WFG9,WFG,2,11,4025,0.0199633707396776,0.3414331731169329
IVFNSGAII,WFG9,WFG,2,11,4026,0.2269739256814782,0.225750960490225
IVFNSGAII,WFG9,WFG,2,11,4027,0.0189666738745428,0.341927123399955
IVFNSGAII,WFG9,WFG,2,11,4028,0.01813611025542,0.3426592244228913
IVFNSGAII,WFG9,WFG,2,11,4029,0.0226196922381121,0.3391645641711534
IVFNSGAII,WFG9,WFG,2,11,4030,0.0205033537916209,0.3414537457537009
IVFNSGAII,WFG9,WFG,3,12,4001,0.2756465805998064,0.5027022288081554
IVFNSGAII,WFG9,WFG,3,12,4002,0.2744832268899069,0.5008585816783693
IVFNSGAII,WFG9,WFG,3,12,4003,0.2892396956337066,0.4976085959170183
IVFNSGAII,WFG9,WFG,3,12,4004,0.2727169154298763,0.5026666251264461
IVFNSGAII,WFG9,WFG,3,12,4005,0.2706437980596974,0.5044379335044511
IVFNSGAII,WFG9,WFG,3,12,4006,0.2770557077512538,0.504203039591937
IVFNSGAII,WFG9,WFG,3,12,4007,0.2673373930773843,0.5094364098433887
IVFNSGAII,WFG9,WFG,3,12,4008,0.2936205387743373,0.5146355248405301
IVFNSGAII,WFG9,WFG,3,12,4009,0.2851283704502078,0.5105181016182604
IVFNSGAII,WFG9,WFG,3,12,4010,0.2671404595029124,0.5120968023925159
IVFNSGAII,WFG9,WFG,3,12,4011,0.2817326073647946,0.5048115500994625
IVFNSGAII,WFG9,WFG,3,12,4012,0.2925145390047323,0.5097588359551761
IVFNSGAII,WFG9,WFG,3,12,4013,0.3050600329823965,0.4874343104881318
IVFNSGAII,WFG9,WFG,3,12,4014,0.2725215259185077,0.5105930171937652
IVFNSGAII,WFG9,WFG,3,12,4015,0.2989590555138118,0.5085913424031305
IVFNSGAII,WFG9,WFG,3,12,4016,0.2735975373088716,0.4964692726882695
IVFNSGAII,WFG9,WFG,3,12,4017,0.2620118010661319,0.5193762837499618
IVFNSGAII,WFG9,WFG,3,12,4018,0.2671375872022268,0.5121243357240991
IVFNSGAII,WFG9,WFG,3,12,4019,0.2794834674830961,0.5076802844688446
IVFNSGAII,WFG9,WFG,3,12,4020,0.2760739658829694,0.4967509354422602
IVFNSGAII,WFG9,WFG,3,12,4021,0.2669591745345772,0.5120125260882589
IVFNSGAII,WFG9,WFG,3,12,4022,0.2712244565179316,0.5081101575343173
IVFNSGAII,WFG9,WFG,3,12,4023,0.2932850921595272,0.4965893317404933
IVFNSGAII,WFG9,WFG,3,12,4024,0.2702145394689277,0.5110255817714137
IVFNSGAII,WFG9,WFG,3,12,4025,0.2727165886946521,0.5098161869690074
IVFNSGAII,WFG9,WFG,3,12,4026,0.2751802140853486,0.5086571461437706
IVFNSGAII,WFG9,WFG,3,12,4027,0.265581134943318,0.512699562476491
IVFNSGAII,WFG9,WFG,3,12,4028,0.2759952277156614,0.5098756062627947
IVFNSGAII,WFG9,WFG,3,12,4029,0.2716144329538514,0.5155252882472275
IVFNSGAII,WFG9,WFG,3,12,4030,0.2654170901692987,0.519810813120014
IVFNSGAII,ZDT1,ZDT,2,30,4001,0.0044799238323561,0.7197279435309852
IVFNSGAII,ZDT1,ZDT,2,30,4002,0.0047572378677162,0.7192132082598889
IVFNSGAII,ZDT1,ZDT,2,30,4003,0.0049169979473538,0.7191082557415793
IVFNSGAII,ZDT1,ZDT,2,30,4004,0.0046340383089831,0.719488404989014
IVFNSGAII,ZDT1,ZDT,2,30,4005,0.0047323221735225,0.7193499871231239
IVFNSGAII,ZDT1,ZDT,2,30,4006,0.0047152539208549,0.7194324440169775
IVFNSGAII,ZDT1,ZDT,2,30,4007,0.0044621546125426,0.7196391825974426
IVFNSGAII,ZDT1,ZDT,2,30,4008,0.0048775274325471,0.7191195343126018
IVFNSGAII,ZDT1,ZDT,2,30,4009,0.0051543939353406,0.719016211340644
IVFNSGAII,ZDT1,ZDT,2,30,4010,0.0048932298598286,0.7189515063771307
IVFNSGAII,ZDT1,ZDT,2,30,4011,0.0048584187037088,0.7191780727647598
IVFNSGAII,ZDT1,ZDT,2,30,4012,0.0049273494109404,0.7191712754322479
IVFNSGAII,ZDT1,ZDT,2,30,4013,0.0049076586133525,0.7194217221998094
IVFNSGAII,ZDT1,ZDT,2,30,4014,0.0042156752864419,0.7198777443770998
IVFNSGAII,ZDT1,ZDT,2,30,4015,0.004849396672522,0.7192928212996255
IVFNSGAII,ZDT1,ZDT,2,30,4016,0.0046993989969665,0.7193038090219382
IVFNSGAII,ZDT1,ZDT,2,30,4017,0.0050263792146179,0.7188802590025528
IVFNSGAII,ZDT1,ZDT,2,30,4018,0.0046909793001681,0.7193115009573209
IVFNSGAII,ZDT1,ZDT,2,30,4019,0.0048191887568305,0.7190955054669166
IVFNSGAII,ZDT1,ZDT,2,30,4020,0.0048125032020192,0.7193056816912168
IVFNSGAII,ZDT1,ZDT,2,30,4021,0.0046910095636406,0.7194461554554027
IVFNSGAII,ZDT1,ZDT,2,30,4022,0.004807016799624,0.7192256576101484
IVFNSGAII,ZDT1,ZDT,2,30,4023,0.004906249336375,0.7190221105540301
IVFNSGAII,ZDT1,ZDT,2,30,4024,0.0044886554540683,0.7196127876925557
IVFNSGAII,ZDT1,ZDT,2,30,4025,0.0049296807547604,0.719288575240339
IVFNSGAII,ZDT1,ZDT,2,30,4026,0.0049058386982047,0.7193161807674285
IVFNSGAII,ZDT1,ZDT,2,30,4027,0.0047913215182665,0.7191954475242428
IVFNSGAII,ZDT1,ZDT,2,30,4028,0.0046028162227945,0.7192802347377449
IVFNSGAII,ZDT1,ZDT,2,30,4029,0.004636336226593,0.7194626762768432
IVFNSGAII,ZDT1,ZDT,2,30,4030,0.0047146648035672,0.7191773805222843
IVFNSGAII,ZDT2,ZDT,2,30,4001,0.0049496055067126,0.4439690231809745
IVFNSGAII,ZDT2,ZDT,2,30,4002,0.0047725657038931,0.4440908926150245
IVFNSGAII,ZDT2,ZDT,2,30,4003,0.0046683520433575,0.4441038463504972
IVFNSGAII,ZDT2,ZDT,2,30,4004,0.0047123468706033,0.4440624436638783
IVFNSGAII,ZDT2,ZDT,2,30,4005,0.0048992408251014,0.4441904724472792
IVFNSGAII,ZDT2,ZDT,2,30,4006,0.0046533124920387,0.4444435122310821
IVFNSGAII,ZDT2,ZDT,2,30,4007,0.0048133742400683,0.4445130509889948
IVFNSGAII,ZDT2,ZDT,2,30,4008,0.0047292867025797,0.4441420726612874
IVFNSGAII,ZDT2,ZDT,2,30,4009,0.0048690225625767,0.4440166162138394
IVFNSGAII,ZDT2,ZDT,2,30,4010,0.0046820970490369,0.4440706912677147
IVFNSGAII,ZDT2,ZDT,2,30,4011,0.0047992490094782,0.4442625012146298
IVFNSGAII,ZDT2,ZDT,2,30,4012,0.0048008821616929,0.4439665757045455
IVFNSGAII,ZDT2,ZDT,2,30,4013,0.0047014024896414,0.4440847453341784
IVFNSGAII,ZDT2,ZDT,2,30,4014,0.0049238133732886,0.4440526700183643
IVFNSGAII,ZDT2,ZDT,2,30,4015,0.0052205400754115,0.443606845881844
IVFNSGAII,ZDT2,ZDT,2,30,4016,0.0049149733890871,0.4438311048050578
IVFNSGAII,ZDT2,ZDT,2,30,4017,0.0046591242394063,0.4441372517507442
IVFNSGAII,ZDT2,ZDT,2,30,4018,0.0050745163178175,0.4438255940202906
IVFNSGAII,ZDT2,ZDT,2,30,4019,0.0046034356758449,0.4442801519413235
IVFNSGAII,ZDT2,ZDT,2,30,4020,0.0049618908214025,0.4438860736340148
IVFNSGAII,ZDT2,ZDT,2,30,4021,0.0049242323687865,0.4441120186452804
IVFNSGAII,ZDT2,ZDT,2,30,4022,0.0047939169824139,0.4441092378754497
IVFNSGAII,ZDT2,ZDT,2,30,4023,0.0046794631237432,0.4443711421430243
IVFNSGAII,ZDT2,ZDT,2,30,4024,0.004582042910159,0.4440991441811215
IVFNSGAII,ZDT2,ZDT,2,30,4025,0.0048436505630714,0.4438750047723107
IVFNSGAII,ZDT2,ZDT,2,30,4026,0.0048287806589112,0.4438678078958821
IVFNSGAII,ZDT2,ZDT,2,30,4027,0.0046564673246575,0.444225767587467
IVFNSGAII,ZDT2,ZDT,2,30,4028,0.0053685284349455,0.4436933919682977
IVFNSGAII,ZDT2,ZDT,2,30,4029,0.0045524768056762,0.444264654430448
IVFNSGAII,ZDT2,ZDT,2,30,4030,0.0050613437977491,0.4441135779442501
IVFNSGAII,ZDT3,ZDT,2,30,4001,0.0053026968510819,0.5995121684817583
IVFNSGAII,ZDT3,ZDT,2,30,4002,0.0056621373153187,0.599422950885421
IVFNSGAII,ZDT3,ZDT,2,30,4003,0.0053968247389595,0.5994465186929953
IVFNSGAII,ZDT3,ZDT,2,30,4004,0.0052514976178757,0.5994354055048707
IVFNSGAII,ZDT3,ZDT,2,30,4005,0.0054017026352819,0.5993482232851871
IVFNSGAII,ZDT3,ZDT,2,30,4006,0.0055491061026583,0.5993472434017363
IVFNSGAII,ZDT3,ZDT,2,30,4007,0.0056615601796445,0.5992908198361366
IVFNSGAII,ZDT3,ZDT,2,30,4008,0.0054481620219937,0.5993415629547699
IVFNSGAII,ZDT3,ZDT,2,30,4009,0.0055946623606352,0.5992169077448475
IVFNSGAII,ZDT3,ZDT,2,30,4010,0.005171066890135,0.599511128125516
IVFNSGAII,ZDT3,ZDT,2,30,4011,0.0051348965729907,0.5995583018247606
IVFNSGAII,ZDT3,ZDT,2,30,4012,0.0058719555594083,0.5993068491831507
IVFNSGAII,ZDT3,ZDT,2,30,4013,0.0054002304134944,0.5994132628703507
IVFNSGAII,ZDT3,ZDT,2,30,4014,0.005571293813743,0.5993877990551071
IVFNSGAII,ZDT3,ZDT,2,30,4015,0.0052469250331552,0.5994530654995748
IVFNSGAII,ZDT3,ZDT,2,30,4016,0.005665284073541,0.5993397099454878
IVFNSGAII,ZDT3,ZDT,2,30,4017,0.0056262456219218,0.5992552824849323
IVFNSGAII,ZDT3,ZDT,2,30,4018,0.0055472353686818,0.5994132031350364
IVFNSGAII,ZDT3,ZDT,2,30,4019,0.0058714767357264,0.5991821015973291
IVFNSGAII,ZDT3,ZDT,2,30,4020,0.0054502486028501,0.5993643996486296
IVFNSGAII,ZDT3,ZDT,2,30,4021,0.0055184783766351,0.5993560878172728
IVFNSGAII,ZDT3,ZDT,2,30,4022,0.0054830232496654,0.5995073423539149
IVFNSGAII,ZDT3,ZDT,2,30,4023,0.0051861653754989,0.5994431137151462
IVFNSGAII,ZDT3,ZDT,2,30,4024,0.0054343065711138,0.5994034101219843
IVFNSGAII,ZDT3,ZDT,2,30,4025,0.0058519902490665,0.5991404981303725
IVFNSGAII,ZDT3,ZDT,2,30,4026,0.0057723005076649,0.5992360770930932
IVFNSGAII,ZDT3,ZDT,2,30,4027,0.0057381418972457,0.5993489518962575
IVFNSGAII,ZDT3,ZDT,2,30,4028,0.0055110924954964,0.5993878778971824
IVFNSGAII,ZDT3,ZDT,2,30,4029,0.0054617665941652,0.599378976661169
IVFNSGAII,ZDT3,ZDT,2,30,4030,0.0054161955306074,0.5993366363951319
IVFNSGAII,ZDT4,ZDT,2,10,4001,0.004826999074572,0.7185780790667785
IVFNSGAII,ZDT4,ZDT,2,10,4002,0.0046732230781409,0.7195728279484865
IVFNSGAII,ZDT4,ZDT,2,10,4003,0.0044946621549622,0.719868800044974
IVFNSGAII,ZDT4,ZDT,2,10,4004,0.0045137462838082,0.7198366490214796
IVFNSGAII,ZDT4,ZDT,2,10,4005,0.0046895912750611,0.7195004497888813
IVFNSGAII,ZDT4,ZDT,2,10,4006,0.0045546522876656,0.7194251418827704
IVFNSGAII,ZDT4,ZDT,2,10,4007,0.0048435148741202,0.7194236935848984
IVFNSGAII,ZDT4,ZDT,2,10,4008,0.0044744000635101,0.7192869250079732
IVFNSGAII,ZDT4,ZDT,2,10,4009,0.0045613261905753,0.7193482465996446
IVFNSGAII,ZDT4,ZDT,2,10,4010,0.0045368772860803,0.7196683702563761
IVFNSGAII,ZDT4,ZDT,2,10,4011,0.0047469337896089,0.7194177451008417
IVFNSGAII,ZDT4,ZDT,2,10,4012,0.0043945656927587,0.7193805068513108
IVFNSGAII,ZDT4,ZDT,2,10,4013,0.0047573325693829,0.7194554782342147
IVFNSGAII,ZDT4,ZDT,2,10,4014,0.0043891519151348,0.7197752300835528
IVFNSGAII,ZDT4,ZDT,2,10,4015,0.0045848838365957,0.7196867437378547
IVFNSGAII,ZDT4,ZDT,2,10,4016,0.0046399054710044,0.7191675093398232
IVFNSGAII,ZDT4,ZDT,2,10,4017,0.0049651948553169,0.7191737326627374
IVFNSGAII,ZDT4,ZDT,2,10,4018,0.0043408853482155,0.7198949189830361
IVFNSGAII,ZDT4,ZDT,2,10,4019,0.0045156304116195,0.7198609411249416
IVFNSGAII,ZDT4,ZDT,2,10,4020,0.0044133872775644,0.7198314892340123
IVFNSGAII,ZDT4,ZDT,2,10,4021,0.0044673702279327,0.7194238044985322
IVFNSGAII,ZDT4,ZDT,2,10,4022,0.0043697838893527,0.7200171617656729
IVFNSGAII,ZDT4,ZDT,2,10,4023,0.0045363710373083,0.7197226570512335
IVFNSGAII,ZDT4,ZDT,2,10,4024,0.0048346921653062,0.7191639544762197
IVFNSGAII,ZDT4,ZDT,2,10,4025,0.0046350850756835,0.7196554128437604
IVFNSGAII,ZDT4,ZDT,2,10,4026,0.0046358091522758,0.7191005097299745
IVFNSGAII,ZDT4,ZDT,2,10,4027,0.0046279621672826,0.7197035143954746
IVFNSGAII,ZDT4,ZDT,2,10,4028,0.0047068934264597,0.7195581310183015
IVFNSGAII,ZDT4,ZDT,2,10,4029,0.0046820674269748,0.7187952294395965
IVFNSGAII,ZDT4,ZDT,2,10,4030,0.0044379930149323,0.7196803172105345
IVFNSGAII,ZDT6,ZDT,2,10,4001,0.0041416523085226,0.3879124145092936
IVFNSGAII,ZDT6,ZDT,2,10,4002,0.0038820331720424,0.388054611415327
IVFNSGAII,ZDT6,ZDT,2,10,4003,0.0040952475290893,0.3878431923170305
IVFNSGAII,ZDT6,ZDT,2,10,4004,0.0043744012201455,0.387664340049589
IVFNSGAII,ZDT6,ZDT,2,10,4005,0.0040394857637699,0.3879205552441301
IVFNSGAII,ZDT6,ZDT,2,10,4006,0.0038916233534681,0.3880844791136285
IVFNSGAII,ZDT6,ZDT,2,10,4007,0.0043861035697113,0.3875986270140372
IVFNSGAII,ZDT6,ZDT,2,10,4008,0.0039031987771584,0.3881078500959096
IVFNSGAII,ZDT6,ZDT,2,10,4009,0.0039241483695174,0.3880354334818832
IVFNSGAII,ZDT6,ZDT,2,10,4010,0.0040311413038099,0.3879909708140023
IVFNSGAII,ZDT6,ZDT,2,10,4011,0.0035555230271713,0.3883924307172604
IVFNSGAII,ZDT6,ZDT,2,10,4012,0.004005964119694,0.3879447574610408
IVFNSGAII,ZDT6,ZDT,2,10,4013,0.0038363298472126,0.3881784273504585
IVFNSGAII,ZDT6,ZDT,2,10,4014,0.0041832784027548,0.3877951583365787
IVFNSGAII,ZDT6,ZDT,2,10,4015,0.0038083169622035,0.3881934660127437
IVFNSGAII,ZDT6,ZDT,2,10,4016,0.0041420918138041,0.3879212651066624
IVFNSGAII,ZDT6,ZDT,2,10,4017,0.0038362931933872,0.388114267770806
IVFNSGAII,ZDT6,ZDT,2,10,4018,0.0036363719568099,0.3883602709750058
IVFNSGAII,ZDT6,ZDT,2,10,4019,0.0039529589994833,0.3880702461685387
IVFNSGAII,ZDT6,ZDT,2,10,4020,0.0040644757466164,0.387945699270916
IVFNSGAII,ZDT6,ZDT,2,10,4021,0.0042589692876072,0.3878764669450407
IVFNSGAII,ZDT6,ZDT,2,10,4022,0.0036206621173343,0.38838115728362
IVFNSGAII,ZDT6,ZDT,2,10,4023,0.0037794409923142,0.3881813693166665
IVFNSGAII,ZDT6,ZDT,2,10,4024,0.0038136262695203,0.3882111578036981
IVFNSGAII,ZDT6,ZDT,2,10,4025,0.0038104043723378,0.3881807619683666
IVFNSGAII,ZDT6,ZDT,2,10,4026,0.0039656105743208,0.3880335772116828
IVFNSGAII,ZDT6,ZDT,2,10,4027,0.0037886056915918,0.3882276165245401
IVFNSGAII,ZDT6,ZDT,2,10,4028,0.0036714537308097,0.3883232983171104
IVFNSGAII,ZDT6,ZDT,2,10,4029,0.0038261072725872,0.3881666768565954
IVFNSGAII,ZDT6,ZDT,2,10,4030,0.0038063036201614,0.3881708348165455
IVFNSGAIII,DTLZ1,DTLZ,2,6,5001,0.0017852868963204,0.5826028682442647
IVFNSGAIII,DTLZ1,DTLZ,2,6,5002,0.0017853103122172,0.5825994681277886
IVFNSGAIII,DTLZ1,DTLZ,2,6,5003,0.0017853201596692,0.5825982803970146
IVFNSGAIII,DTLZ1,DTLZ,2,6,5004,0.0018559253556358,0.5817525678506961
IVFNSGAIII,DTLZ1,DTLZ,2,6,5005,0.0017852918934128,0.5826019867692419
IVFNSGAIII,DTLZ1,DTLZ,2,6,5006,0.001785288080293,0.5826028795875602
IVFNSGAIII,DTLZ1,DTLZ,2,6,5007,0.0017856724259168,0.5825712625226593
IVFNSGAIII,DTLZ1,DTLZ,2,6,5008,0.0017852852870996,0.582602811857651
IVFNSGAIII,DTLZ1,DTLZ,2,6,5009,0.0017852849290041,0.5826028467511741
IVFNSGAIII,DTLZ1,DTLZ,2,6,5010,0.0017905892931154,0.5824164955686872
IVFNSGAIII,DTLZ1,DTLZ,2,6,5011,0.001785624905599,0.582574113734182
IVFNSGAIII,DTLZ1,DTLZ,2,6,5012,0.0017853255347066,0.5825979888517343
IVFNSGAIII,DTLZ1,DTLZ,2,6,5013,0.0017854324424223,0.582588022540267
IVFNSGAIII,DTLZ1,DTLZ,2,6,5014,0.0017853272595844,0.5825976847612082
IVFNSGAIII,DTLZ1,DTLZ,2,6,5015,0.0017852839775516,0.5826028653341278
IVFNSGAIII,DTLZ1,DTLZ,2,6,5016,0.0017860103239602,0.5825652376160833
IVFNSGAIII,DTLZ1,DTLZ,2,6,5017,0.0017999165222241,0.582260261150148
IVFNSGAIII,DTLZ1,DTLZ,2,6,5018,0.0017854392520173,0.5825872780216307
IVFNSGAIII,DTLZ1,DTLZ,2,6,5019,0.0017853038991009,0.5826006354792826
IVFNSGAIII,DTLZ1,DTLZ,2,6,5020,0.0018111502695128,0.5821230995384334
IVFNSGAIII,DTLZ1,DTLZ,2,6,5021,0.0017853064709512,0.5826000893779866
IVFNSGAIII,DTLZ1,DTLZ,2,6,5022,0.0017853401851554,0.5825962142300916
IVFNSGAIII,DTLZ1,DTLZ,2,6,5023,0.0017853206890268,0.5825982737719756
IVFNSGAIII,DTLZ1,DTLZ,2,6,5024,0.0017857653697126,0.5825655795882881
IVFNSGAIII,DTLZ1,DTLZ,2,6,5025,0.0017853403124829,0.5825963700256576
IVFNSGAIII,DTLZ1,DTLZ,2,6,5026,0.0017867028005343,0.5825234705596753
IVFNSGAIII,DTLZ1,DTLZ,2,6,5027,0.0017852852971512,0.5826028040997094
IVFNSGAIII,DTLZ1,DTLZ,2,6,5028,0.0017852901137899,0.5826028873464304
IVFNSGAIII,DTLZ1,DTLZ,2,6,5029,0.0017853748474707,0.5825930653881115
IVFNSGAIII,DTLZ1,DTLZ,2,6,5030,0.0017852931729762,0.5826019605539137
IVFNSGAIII,DTLZ1,DTLZ,3,7,5001,0.0205576541551252,0.8417194139790157
IVFNSGAIII,DTLZ1,DTLZ,3,7,5002,0.020559045569626,0.8416991608058859
IVFNSGAIII,DTLZ1,DTLZ,3,7,5003,0.0205563607983329,0.8417369271778462
IVFNSGAIII,DTLZ1,DTLZ,3,7,5004,0.0205577212792866,0.841718373965116
IVFNSGAIII,DTLZ1,DTLZ,3,7,5005,0.0205566104604299,0.841721890768215
IVFNSGAIII,DTLZ1,DTLZ,3,7,5006,0.0205565018817387,0.8417362593305857
IVFNSGAIII,DTLZ1,DTLZ,3,7,5007,0.0205565166236611,0.8417359774053094
IVFNSGAIII,DTLZ1,DTLZ,3,7,5008,0.0205772809000038,0.8414495305056338
IVFNSGAIII,DTLZ1,DTLZ,3,7,5009,0.0205567298532679,0.8417330210494866
IVFNSGAIII,DTLZ1,DTLZ,3,7,5010,0.0205594581409744,0.8416869194200298
IVFNSGAIII,DTLZ1,DTLZ,3,7,5011,0.0206220355598842,0.8409064231116602
IVFNSGAIII,DTLZ1,DTLZ,3,7,5012,0.020556436626351,0.8417368487774478
IVFNSGAIII,DTLZ1,DTLZ,3,7,5013,0.0205755552916307,0.841471203041228
IVFNSGAIII,DTLZ1,DTLZ,3,7,5014,0.0205564054682991,0.8417369276599115
IVFNSGAIII,DTLZ1,DTLZ,3,7,5015,0.0205788097161131,0.8414000247132487
IVFNSGAIII,DTLZ1,DTLZ,3,7,5016,0.0205584372199191,0.8416897379336903
IVFNSGAIII,DTLZ1,DTLZ,3,7,5017,0.0205588827786553,0.8417007844283645
IVFNSGAIII,DTLZ1,DTLZ,3,7,5018,0.0205908481557741,0.8412720670934549
IVFNSGAIII,DTLZ1,DTLZ,3,7,5019,0.0205616385883442,0.8416616687999126
IVFNSGAIII,DTLZ1,DTLZ,3,7,5020,0.0205660650588569,0.8415991982413515
IVFNSGAIII,DTLZ1,DTLZ,3,7,5021,0.0205567816200568,0.8417323736262673
IVFNSGAIII,DTLZ1,DTLZ,3,7,5022,0.0205649331956814,0.8416149917518945
IVFNSGAIII,DTLZ1,DTLZ,3,7,5023,0.0205569867036422,0.8417282186230373
IVFNSGAIII,DTLZ1,DTLZ,3,7,5024,0.0205573957582441,0.8417183455376751
IVFNSGAIII,DTLZ1,DTLZ,3,7,5025,0.02056984318482,0.8415450709496404
IVFNSGAIII,DTLZ1,DTLZ,3,7,5026,0.0205664943388024,0.8415886614941962
IVFNSGAIII,DTLZ1,DTLZ,3,7,5027,0.0205671787961454,0.8415725991440133
IVFNSGAIII,DTLZ1,DTLZ,3,7,5028,0.0205598805078318,0.8416865750903741
IVFNSGAIII,DTLZ1,DTLZ,3,7,5029,0.0205564504203984,0.8417355448946579
IVFNSGAIII,DTLZ1,DTLZ,3,7,5030,0.0205807293357254,0.8413657606006156
IVFNSGAIII,DTLZ2,DTLZ,2,11,5001,0.0039658781668646,0.3472151707591406
IVFNSGAIII,DTLZ2,DTLZ,2,11,5002,0.0039658795784805,0.347215164912865
IVFNSGAIII,DTLZ2,DTLZ,2,11,5003,0.0039658804967295,0.3472151594727323
IVFNSGAIII,DTLZ2,DTLZ,2,11,5004,0.0039658765144879,0.3472151720642388
IVFNSGAIII,DTLZ2,DTLZ,2,11,5005,0.0039658803958388,0.3472151523895542
IVFNSGAIII,DTLZ2,DTLZ,2,11,5006,0.0039658774336068,0.3472151743662826
IVFNSGAIII,DTLZ2,DTLZ,2,11,5007,0.0039658768452413,0.3472151507183635
IVFNSGAIII,DTLZ2,DTLZ,2,11,5008,0.0039658732733048,0.3472151701329125
IVFNSGAIII,DTLZ2,DTLZ,2,11,5009,0.0039658798870372,0.3472151640464692
IVFNSGAIII,DTLZ2,DTLZ,2,11,5010,0.0039658747672057,0.3472151476421899
IVFNSGAIII,DTLZ2,DTLZ,2,11,5011,0.0039658812466625,0.347215159273109
IVFNSGAIII,DTLZ2,DTLZ,2,11,5012,0.0039658809470667,0.3472151613066052
IVFNSGAIII,DTLZ2,DTLZ,2,11,5013,0.003965878048146,0.3472151753800942
IVFNSGAIII,DTLZ2,DTLZ,2,11,5014,0.0039658845585202,0.3472151545650376
IVFNSGAIII,DTLZ2,DTLZ,2,11,5015,0.003965875302837,0.3472151604140887
IVFNSGAIII,DTLZ2,DTLZ,2,11,5016,0.0039658762736815,0.3472151681215477
IVFNSGAIII,DTLZ2,DTLZ,2,11,5017,0.0039658752571625,0.3472151499854261
IVFNSGAIII,DTLZ2,DTLZ,2,11,5018,0.0039658792474888,0.3472151703181033
IVFNSGAIII,DTLZ2,DTLZ,2,11,5019,0.003965876957814,0.3472151700460437
IVFNSGAIII,DTLZ2,DTLZ,2,11,5020,0.0039658784276481,0.3472151605067826
IVFNSGAIII,DTLZ2,DTLZ,2,11,5021,0.0039658807809877,0.3472151671634879
IVFNSGAIII,DTLZ2,DTLZ,2,11,5022,0.0039658743913554,0.3472151675701045
IVFNSGAIII,DTLZ2,DTLZ,2,11,5023,0.0039658821650027,0.3472151526152393
IVFNSGAIII,DTLZ2,DTLZ,2,11,5024,0.003965874729986,0.3472151527064187
IVFNSGAIII,DTLZ2,DTLZ,2,11,5025,0.0039658776656597,0.3472151691353277
IVFNSGAIII,DTLZ2,DTLZ,2,11,5026,0.0039658796952835,0.3472151590450208
IVFNSGAIII,DTLZ2,DTLZ,2,11,5027,0.0039658791831214,0.3472151530938127
IVFNSGAIII,DTLZ2,DTLZ,2,11,5028,0.0039658821370808,0.3472151516428431
IVFNSGAIII,DTLZ2,DTLZ,2,11,5029,0.0039658749722623,0.3472151633498114
IVFNSGAIII,DTLZ2,DTLZ,2,11,5030,0.0039658822184702,0.3472151602402313
IVFNSGAIII,DTLZ2,DTLZ,3,12,5001,0.0544639750986576,0.5596174579051205
IVFNSGAIII,DTLZ2,DTLZ,3,12,5002,0.0544639547428856,0.559617463212112
IVFNSGAIII,DTLZ2,DTLZ,3,12,5003,0.0544639765913287,0.5596173377222446
IVFNSGAIII,DTLZ2,DTLZ,3,12,5004,0.0544639594117667,0.5596175093014573
IVFNSGAIII,DTLZ2,DTLZ,3,12,5005,0.0544639850747011,0.5596174738604285
IVFNSGAIII,DTLZ2,DTLZ,3,12,5006,0.0544639862450645,0.5596175262098355
IVFNSGAIII,DTLZ2,DTLZ,3,12,5007,0.0544639933825826,0.5596175234223053
IVFNSGAIII,DTLZ2,DTLZ,3,12,5008,0.0544639812717956,0.5596174833598568
IVFNSGAIII,DTLZ2,DTLZ,3,12,5009,0.0544639281035369,0.559617613980788
IVFNSGAIII,DTLZ2,DTLZ,3,12,5010,0.0544639470214171,0.5596175548958597
IVFNSGAIII,DTLZ2,DTLZ,3,12,5011,0.0544639691686144,0.5596174718475331
IVFNSGAIII,DTLZ2,DTLZ,3,12,5012,0.0544639591489228,0.5596174487236975
IVFNSGAIII,DTLZ2,DTLZ,3,12,5013,0.0544639553267287,0.55961745942618
IVFNSGAIII,DTLZ2,DTLZ,3,12,5014,0.0544639847046867,0.5596171744146097
IVFNSGAIII,DTLZ2,DTLZ,3,12,5015,0.0544639361352614,0.5596175706689313
IVFNSGAIII,DTLZ2,DTLZ,3,12,5016,0.0544639684965376,0.5596175168225849
IVFNSGAIII,DTLZ2,DTLZ,3,12,5017,0.0544639740481805,0.559617414828116
IVFNSGAIII,DTLZ2,DTLZ,3,12,5018,0.0544639683946716,0.5596174767228739
IVFNSGAIII,DTLZ2,DTLZ,3,12,5019,0.0544639726430064,0.5596174367767746
IVFNSGAIII,DTLZ2,DTLZ,3,12,5020,0.0544639584591534,0.559617536133033
IVFNSGAIII,DTLZ2,DTLZ,3,12,5021,0.0544639741492568,0.5596175166329327
IVFNSGAIII,DTLZ2,DTLZ,3,12,5022,0.0544639877317369,0.5596174443763801
IVFNSGAIII,DTLZ2,DTLZ,3,12,5023,0.0544639661000195,0.5596175964537924
IVFNSGAIII,DTLZ2,DTLZ,3,12,5024,0.0544640038852493,0.5596174101401185
IVFNSGAIII,DTLZ2,DTLZ,3,12,5025,0.0544639251800946,0.5596175777915968
IVFNSGAIII,DTLZ2,DTLZ,3,12,5026,0.0544639881280146,0.5596173986122412
IVFNSGAIII,DTLZ2,DTLZ,3,12,5027,0.054463992461616,0.5596174142665495
IVFNSGAIII,DTLZ2,DTLZ,3,12,5028,0.0544639327061275,0.5596176725296012
IVFNSGAIII,DTLZ2,DTLZ,3,12,5029,0.0544639775672239,0.5596173817915725
IVFNSGAIII,DTLZ2,DTLZ,3,12,5030,0.0544639589218939,0.5596174791901118
IVFNSGAIII,DTLZ3,DTLZ,2,11,5001,0.0040299721622633,0.3465696557949986
IVFNSGAIII,DTLZ3,DTLZ,2,11,5002,0.0044212611253753,0.3459982031077215
IVFNSGAIII,DTLZ3,DTLZ,2,11,5003,0.0039719614474665,0.3470621222658318
IVFNSGAIII,DTLZ3,DTLZ,2,11,5004,0.0039673008498963,0.3471462087297244
IVFNSGAIII,DTLZ3,DTLZ,2,11,5005,0.0045961654066904,0.3446880659264636
IVFNSGAIII,DTLZ3,DTLZ,2,11,5006,0.0039961463775693,0.3468940426033374
IVFNSGAIII,DTLZ3,DTLZ,2,11,5007,0.0039892094052287,0.3468546935281052
IVFNSGAIII,DTLZ3,DTLZ,2,11,5008,0.0041237827566101,0.3461240924217804
IVFNSGAIII,DTLZ3,DTLZ,2,11,5009,0.0040668191578347,0.3463751278792941
IVFNSGAIII,DTLZ3,DTLZ,2,11,5010,0.0039729694847333,0.3470337917818633
IVFNSGAIII,DTLZ3,DTLZ,2,11,5011,0.0039720920722119,0.3470488851684558
IVFNSGAIII,DTLZ3,DTLZ,2,11,5012,0.003966914867522,0.3471629687942577
IVFNSGAIII,DTLZ3,DTLZ,2,11,5013,0.0039667466227846,0.3471649269203572
IVFNSGAIII,DTLZ3,DTLZ,2,11,5014,0.0039695061742116,0.347092917467642
IVFNSGAIII,DTLZ3,DTLZ,2,11,5015,0.004350975109959,0.3457581685242277
IVFNSGAIII,DTLZ3,DTLZ,2,11,5016,0.0042877685288408,0.3469115748953484
IVFNSGAIII,DTLZ3,DTLZ,2,11,5017,0.0039676885381158,0.3471349996976244
IVFNSGAIII,DTLZ3,DTLZ,2,11,5018,0.0040106564784535,0.3468210387185987
IVFNSGAIII,DTLZ3,DTLZ,2,11,5019,0.0039732663449993,0.3470294642574383
IVFNSGAIII,DTLZ3,DTLZ,2,11,5020,0.0047994689831585,0.3442080483267521
IVFNSGAIII,DTLZ3,DTLZ,2,11,5021,0.0042034882946088,0.3458216244657318
IVFNSGAIII,DTLZ3,DTLZ,2,11,5022,0.004965661033822,0.343990501444717
IVFNSGAIII,DTLZ3,DTLZ,2,11,5023,0.004625296724727,0.3446193221290061
IVFNSGAIII,DTLZ3,DTLZ,2,11,5024,0.0039981582455321,0.3467807383933335
IVFNSGAIII,DTLZ3,DTLZ,2,11,5025,0.0039700812041647,0.3470824561322509
IVFNSGAIII,DTLZ3,DTLZ,2,11,5026,0.0039662027944192,0.3471893059173307
IVFNSGAIII,DTLZ3,DTLZ,2,11,5027,0.0039770255971945,0.3469798983104646
IVFNSGAIII,DTLZ3,DTLZ,2,11,5028,0.0039705217500715,0.3470736219708836
IVFNSGAIII,DTLZ3,DTLZ,2,11,5029,0.0039659805684363,0.3472038774927335
IVFNSGAIII,DTLZ3,DTLZ,2,11,5030,0.0040848656843494,0.3468067578799807
IVFNSGAIII,DTLZ3,DTLZ,3,12,5001,0.0547166708560223,0.5549485238398424
IVFNSGAIII,DTLZ3,DTLZ,3,12,5002,0.0549921943041559,0.5522620581656534
IVFNSGAIII,DTLZ3,DTLZ,3,12,5003,0.054506783237951,0.5582549888747532
IVFNSGAIII,DTLZ3,DTLZ,3,12,5004,0.054513032180486,0.5580956528648786
IVFNSGAIII,DTLZ3,DTLZ,3,12,5005,0.0544785298258178,0.5590374537028285
IVFNSGAIII,DTLZ3,DTLZ,3,12,5006,0.0544663077511177,0.5595142229808858
IVFNSGAIII,DTLZ3,DTLZ,3,12,5007,0.0544656619175922,0.5595464697845227
IVFNSGAIII,DTLZ3,DTLZ,3,12,5008,0.0544872208510558,0.5587621521700628
IVFNSGAIII,DTLZ3,DTLZ,3,12,5009,0.0544826099103331,0.5589060485803635
IVFNSGAIII,DTLZ3,DTLZ,3,12,5010,0.0544754647178259,0.5591425564484385
IVFNSGAIII,DTLZ3,DTLZ,3,12,5011,0.0545979498912587,0.5565647269459706
IVFNSGAIII,DTLZ3,DTLZ,3,12,5012,0.0545456637556458,0.5574095793549848
IVFNSGAIII,DTLZ3,DTLZ,3,12,5013,0.0545162665207503,0.5581091636371989
IVFNSGAIII,DTLZ3,DTLZ,3,12,5014,0.0545715088704876,0.5569535263740442
IVFNSGAIII,DTLZ3,DTLZ,3,12,5015,0.054469936512899,0.5593566942716426
IVFNSGAIII,DTLZ3,DTLZ,3,12,5016,0.0551389266113957,0.5511134009894973
IVFNSGAIII,DTLZ3,DTLZ,3,12,5017,0.0544936542979243,0.5585794071298404
IVFNSGAIII,DTLZ3,DTLZ,3,12,5018,0.0547763769369256,0.5547718431212539
IVFNSGAIII,DTLZ3,DTLZ,3,12,5019,0.0544685114153234,0.5594236242870354
IVFNSGAIII,DTLZ3,DTLZ,3,12,5020,0.05448380208136,0.5588661076730925
IVFNSGAIII,DTLZ3,DTLZ,3,12,5021,0.0544649464912145,0.5595693104438849
IVFNSGAIII,DTLZ3,DTLZ,3,12,5022,0.0545288465503799,0.5577419499628824
IVFNSGAIII,DTLZ3,DTLZ,3,12,5023,0.0545277558904498,0.5577827025937122
IVFNSGAIII,DTLZ3,DTLZ,3,12,5024,0.054473683711764,0.559209972415375
IVFNSGAIII,DTLZ3,DTLZ,3,12,5025,0.0544968506689736,0.5584904759212286
IVFNSGAIII,DTLZ3,DTLZ,3,12,5026,0.0544906279125304,0.5586634782006761
IVFNSGAIII,DTLZ3,DTLZ,3,12,5027,0.0545774216003344,0.5569614780284062
IVFNSGAIII,DTLZ3,DTLZ,3,12,5028,0.0547130422102044,0.5549950347720369
IVFNSGAIII,DTLZ3,DTLZ,3,12,5029,0.0544926845243326,0.5586081982851012
IVFNSGAIII,DTLZ3,DTLZ,3,12,5030,0.0544856931618823,0.5588073468498093
IVFNSGAIII,DTLZ4,DTLZ,2,11,5001,0.0039658750908914,0.3472151243923022
IVFNSGAIII,DTLZ4,DTLZ,2,11,5002,0.0039658766679264,0.3472151441424114
IVFNSGAIII,DTLZ4,DTLZ,2,11,5003,0.0039658760755772,0.3472151677178943
IVFNSGAIII,DTLZ4,DTLZ,2,11,5004,0.7420913389734417,0.09090908988273
IVFNSGAIII,DTLZ4,DTLZ,2,11,5005,0.0039658819997328,0.3472151690580345
IVFNSGAIII,DTLZ4,DTLZ,2,11,5006,0.7420913394186608,0.0909090887919056
IVFNSGAIII,DTLZ4,DTLZ,2,11,5007,0.0039658749981086,0.3472151064406814
IVFNSGAIII,DTLZ4,DTLZ,2,11,5008,0.003965873730153,0.3472151612105172
IVFNSGAIII,DTLZ4,DTLZ,2,11,5009,0.0039658743440169,0.3472151628502725
IVFNSGAIII,DTLZ4,DTLZ,2,11,5010,0.0039660287804009,0.3472112646433668
IVFNSGAIII,DTLZ4,DTLZ,2,11,5011,0.7420913389179954,0.0909090900185758
IVFNSGAIII,DTLZ4,DTLZ,2,11,5012,0.0039658769722696,0.3472151590863259
IVFNSGAIII,DTLZ4,DTLZ,2,11,5013,0.0039658791551814,0.3472151474771983
IVFNSGAIII,DTLZ4,DTLZ,2,11,5014,0.0039658833657447,0.3472151276172464
IVFNSGAIII,DTLZ4,DTLZ,2,11,5015,0.0039658783799983,0.3472151743562655
IVFNSGAIII,DTLZ4,DTLZ,2,11,5016,0.0039658822000869,0.3472151222260927
IVFNSGAIII,DTLZ4,DTLZ,2,11,5017,0.0039731709101916,0.3471874506692396
IVFNSGAIII,DTLZ4,DTLZ,2,11,5018,0.0039661370127233,0.3472148613245598
IVFNSGAIII,DTLZ4,DTLZ,2,11,5019,0.0039658776353576,0.3472151576472979
IVFNSGAIII,DTLZ4,DTLZ,2,11,5020,0.0039658712344237,0.3472151159036775
IVFNSGAIII,DTLZ4,DTLZ,2,11,5021,0.0039658762271784,0.3472151595714058
IVFNSGAIII,DTLZ4,DTLZ,2,11,5022,0.0039658748647249,0.3472151280913438
IVFNSGAIII,DTLZ4,DTLZ,2,11,5023,0.0039658697472129,0.3472150602152538
IVFNSGAIII,DTLZ4,DTLZ,2,11,5024,0.0039658768229137,0.3472151289992735
IVFNSGAIII,DTLZ4,DTLZ,2,11,5025,0.0040541068366981,0.3470030898891448
IVFNSGAIII,DTLZ4,DTLZ,2,11,5026,0.003965879434234,0.3472151704629223
IVFNSGAIII,DTLZ4,DTLZ,2,11,5027,0.0039658798736895,0.3472151648047075
IVFNSGAIII,DTLZ4,DTLZ,2,11,5028,0.003965876776612,0.3472151689938148
IVFNSGAIII,DTLZ4,DTLZ,2,11,5029,0.0039658736877371,0.3472151174290111
IVFNSGAIII,DTLZ4,DTLZ,2,11,5030,0.0039658796274148,0.347215160821698
IVFNSGAIII,DTLZ4,DTLZ,3,12,5001,0.0544638882575686,0.5596139690668755
IVFNSGAIII,DTLZ4,DTLZ,3,12,5002,0.0545108077345987,0.5593186495211455
IVFNSGAIII,DTLZ4,DTLZ,3,12,5003,0.0544646010087014,0.5596130613259509
IVFNSGAIII,DTLZ4,DTLZ,3,12,5004,0.5418323864923928,0.3367804089510482
IVFNSGAIII,DTLZ4,DTLZ,3,12,5005,0.0544638102100708,0.5596178938775795
IVFNSGAIII,DTLZ4,DTLZ,3,12,5006,0.0544650387088213,0.5595561061723178
IVFNSGAIII,DTLZ4,DTLZ,3,12,5007,0.0544662651217214,0.5595668992812304
IVFNSGAIII,DTLZ4,DTLZ,3,12,5008,0.0544657966334378,0.5595814473098052
IVFNSGAIII,DTLZ4,DTLZ,3,12,5009,0.0544727639246969,0.5594240768622409
IVFNSGAIII,DTLZ4,DTLZ,3,12,5010,0.0544635634109847,0.5596174937757062
IVFNSGAIII,DTLZ4,DTLZ,3,12,5011,0.0544639702696436,0.5596164605453239
IVFNSGAIII,DTLZ4,DTLZ,3,12,5012,0.0544638027990554,0.5596139599509864
IVFNSGAIII,DTLZ4,DTLZ,3,12,5013,0.0544632979315271,0.5596091563397645
IVFNSGAIII,DTLZ4,DTLZ,3,12,5014,0.0544681766784575,0.5595677711530656
IVFNSGAIII,DTLZ4,DTLZ,3,12,5015,0.0544637210959888,0.5596155397769991
IVFNSGAIII,DTLZ4,DTLZ,3,12,5016,0.0544652660785911,0.5595572293522381
IVFNSGAIII,DTLZ4,DTLZ,3,12,5017,0.0544709826915021,0.5593866423715341
IVFNSGAIII,DTLZ4,DTLZ,3,12,5018,0.0544640229584863,0.5596159720440156
IVFNSGAIII,DTLZ4,DTLZ,3,12,5019,0.0544640933287174,0.5596081066806812
IVFNSGAIII,DTLZ4,DTLZ,3,12,5020,0.0544637582673343,0.5596065411839798
IVFNSGAIII,DTLZ4,DTLZ,3,12,5021,0.0544637599804361,0.5596179203444145
IVFNSGAIII,DTLZ4,DTLZ,3,12,5022,0.0544632881652986,0.5595924019930352
IVFNSGAIII,DTLZ4,DTLZ,3,12,5023,0.5415515372103321,0.3400301611230288
IVFNSGAIII,DTLZ4,DTLZ,3,12,5024,0.0544659356456833,0.5595871568808892
IVFNSGAIII,DTLZ4,DTLZ,3,12,5025,0.0544667799093077,0.5595382370205807
IVFNSGAIII,DTLZ4,DTLZ,3,12,5026,0.0544638508389249,0.5596163536627708
IVFNSGAIII,DTLZ4,DTLZ,3,12,5027,0.0544658131198796,0.5595235621055131
IVFNSGAIII,DTLZ4,DTLZ,3,12,5028,0.054471698468821,0.5595137131987118
IVFNSGAIII,DTLZ4,DTLZ,3,12,5029,0.054489328464765,0.5594029907768618
IVFNSGAIII,DTLZ4,DTLZ,3,12,5030,0.0544804813682947,0.5593746244840012
IVFNSGAIII,DTLZ5,DTLZ,2,11,5001,0.0039658749001444,0.347215165135479
IVFNSGAIII,DTLZ5,DTLZ,2,11,5002,0.0039658766975655,0.3472151534641208
IVFNSGAIII,DTLZ5,DTLZ,2,11,5003,0.0039658819776895,0.3472151595230206
IVFNSGAIII,DTLZ5,DTLZ,2,11,5004,0.0039658811928792,0.3472151439210043
IVFNSGAIII,DTLZ5,DTLZ,2,11,5005,0.0039658790592107,0.3472151604400117
IVFNSGAIII,DTLZ5,DTLZ,2,11,5006,0.0039658783146963,0.3472151639076415
IVFNSGAIII,DTLZ5,DTLZ,2,11,5007,0.0039658802220071,0.3472151502044238
IVFNSGAIII,DTLZ5,DTLZ,2,11,5008,0.003965874702012,0.3472151660945601
IVFNSGAIII,DTLZ5,DTLZ,2,11,5009,0.0039658811771266,0.3472151674633542
IVFNSGAIII,DTLZ5,DTLZ,2,11,5010,0.0039658765090098,0.3472151585851764
IVFNSGAIII,DTLZ5,DTLZ,2,11,5011,0.0039658719991611,0.347215169660317
IVFNSGAIII,DTLZ5,DTLZ,2,11,5012,0.0039658777224068,0.3472151708250515
IVFNSGAIII,DTLZ5,DTLZ,2,11,5013,0.0039658806957212,0.3472151631260347
IVFNSGAIII,DTLZ5,DTLZ,2,11,5014,0.0039658755051931,0.3472151637926036
IVFNSGAIII,DTLZ5,DTLZ,2,11,5015,0.0039658783560723,0.3472151725052181
IVFNSGAIII,DTLZ5,DTLZ,2,11,5016,0.0039658787186428,0.3472151622287724
IVFNSGAIII,DTLZ5,DTLZ,2,11,5017,0.0039658762548521,0.347215168135468
IVFNSGAIII,DTLZ5,DTLZ,2,11,5018,0.0039658804991035,0.3472151606663378
IVFNSGAIII,DTLZ5,DTLZ,2,11,5019,0.0039658753212225,0.3472151618546348
IVFNSGAIII,DTLZ5,DTLZ,2,11,5020,0.0039658837734728,0.3472151669488483
IVFNSGAIII,DTLZ5,DTLZ,2,11,5021,0.0039658744308085,0.3472151473842674
IVFNSGAIII,DTLZ5,DTLZ,2,11,5022,0.003965877906486,0.3472151522883852
IVFNSGAIII,DTLZ5,DTLZ,2,11,5023,0.0039658833734708,0.3472151621621801
IVFNSGAIII,DTLZ5,DTLZ,2,11,5024,0.003965879285184,0.3472151550482797
IVFNSGAIII,DTLZ5,DTLZ,2,11,5025,0.0039658762888505,0.3472151608218778
IVFNSGAIII,DTLZ5,DTLZ,2,11,5026,0.0039658777064878,0.3472151641727402
IVFNSGAIII,DTLZ5,DTLZ,2,11,5027,0.0039658804799746,0.347215168779691
IVFNSGAIII,DTLZ5,DTLZ,2,11,5028,0.0039658796101977,0.3472151658255369
IVFNSGAIII,DTLZ5,DTLZ,2,11,5029,0.0039658768280261,0.3472151630887121
IVFNSGAIII,DTLZ5,DTLZ,2,11,5030,0.0039658797161283,0.3472151589996817
IVFNSGAIII,DTLZ5,DTLZ,3,12,5001,0.0157095246736821,0.1924572676431477
IVFNSGAIII,DTLZ5,DTLZ,3,12,5002,0.0148133724777928,0.1927132140075302
IVFNSGAIII,DTLZ5,DTLZ,3,12,5003,0.0173178516335917,0.1908060321469568
IVFNSGAIII,DTLZ5,DTLZ,3,12,5004,0.0104779939471756,0.1950984371523156
IVFNSGAIII,DTLZ5,DTLZ,3,12,5005,0.0109471782942667,0.1944415427118004
IVFNSGAIII,DTLZ5,DTLZ,3,12,5006,0.0117228425876968,0.1942451264055676
IVFNSGAIII,DTLZ5,DTLZ,3,12,5007,0.0118475322381967,0.1937722671757143
IVFNSGAIII,DTLZ5,DTLZ,3,12,5008,0.0161514951833896,0.1928787325459621
IVFNSGAIII,DTLZ5,DTLZ,3,12,5009,0.0144325246029449,0.1921430312720407
IVFNSGAIII,DTLZ5,DTLZ,3,12,5010,0.0123526610084458,0.1935150531739908
IVFNSGAIII,DTLZ5,DTLZ,3,12,5011,0.0140521869184248,0.193563071991943
IVFNSGAIII,DTLZ5,DTLZ,3,12,5012,0.0155665105424499,0.1907076924377909
IVFNSGAIII,DTLZ5,DTLZ,3,12,5013,0.0174675423966742,0.1901421412960612
IVFNSGAIII,DTLZ5,DTLZ,3,12,5014,0.0138161898662372,0.192968530537428
IVFNSGAIII,DTLZ5,DTLZ,3,12,5015,0.0116253502389937,0.1950703597050293
IVFNSGAIII,DTLZ5,DTLZ,3,12,5016,0.012352298041648,0.1942906097748723
IVFNSGAIII,DTLZ5,DTLZ,3,12,5017,0.0096733060043564,0.1956881916458715
IVFNSGAIII,DTLZ5,DTLZ,3,12,5018,0.0144632655153982,0.1916678976425282
IVFNSGAIII,DTLZ5,DTLZ,3,12,5019,0.0138983156222245,0.1943010110048791
IVFNSGAIII,DTLZ5,DTLZ,3,12,5020,0.0115072705018105,0.1945155586931621
IVFNSGAIII,DTLZ5,DTLZ,3,12,5021,0.011169359938521,0.1948433900579255
IVFNSGAIII,DTLZ5,DTLZ,3,12,5022,0.014237297005267,0.1944755058889684
IVFNSGAIII,DTLZ5,DTLZ,3,12,5023,0.011280654011107,0.1948670289174604
IVFNSGAIII,DTLZ5,DTLZ,3,12,5024,0.0148739354961731,0.1917165448308732
IVFNSGAIII,DTLZ5,DTLZ,3,12,5025,0.0111977467325626,0.1945781815435786
IVFNSGAIII,DTLZ5,DTLZ,3,12,5026,0.0105233829955622,0.194616974277219
IVFNSGAIII,DTLZ5,DTLZ,3,12,5027,0.0120383016944589,0.1936893196549282
IVFNSGAIII,DTLZ5,DTLZ,3,12,5028,0.0133625538481866,0.1940993646154637
IVFNSGAIII,DTLZ5,DTLZ,3,12,5029,0.0150745160087604,0.1937678579677424
IVFNSGAIII,DTLZ5,DTLZ,3,12,5030,0.0116669900835822,0.1953883814430825
IVFNSGAIII,DTLZ6,DTLZ,2,11,5001,0.0039658706909741,0.3472151667401291
IVFNSGAIII,DTLZ6,DTLZ,2,11,5002,0.0039658682514009,0.347215086321042
IVFNSGAIII,DTLZ6,DTLZ,2,11,5003,0.0039658777295323,0.3472151619374827
IVFNSGAIII,DTLZ6,DTLZ,2,11,5004,0.0039658750032529,0.3472151667994211
IVFNSGAIII,DTLZ6,DTLZ,2,11,5005,0.0039658738806309,0.3472151642551326
IVFNSGAIII,DTLZ6,DTLZ,2,11,5006,0.0039658763769861,0.3472151646956453
IVFNSGAIII,DTLZ6,DTLZ,2,11,5007,0.0039658732355771,0.3472151705912983
IVFNSGAIII,DTLZ6,DTLZ,2,11,5008,0.003965874731405,0.3472151705153925
IVFNSGAIII,DTLZ6,DTLZ,2,11,5009,0.0039658717039768,0.3472151678809107
IVFNSGAIII,DTLZ6,DTLZ,2,11,5010,0.00396587393694,0.3472151593811467
IVFNSGAIII,DTLZ6,DTLZ,2,11,5011,0.0039658728623841,0.3472150987036603
IVFNSGAIII,DTLZ6,DTLZ,2,11,5012,0.0039658738576455,0.3472151645878193
IVFNSGAIII,DTLZ6,DTLZ,2,11,5013,0.0039658722210511,0.3472151377139596
IVFNSGAIII,DTLZ6,DTLZ,2,11,5014,0.0039658756350817,0.3472151665718841
IVFNSGAIII,DTLZ6,DTLZ,2,11,5015,0.003965873781737,0.3472151646746594
IVFNSGAIII,DTLZ6,DTLZ,2,11,5016,0.0039658771086754,0.3472151628677968
IVFNSGAIII,DTLZ6,DTLZ,2,11,5017,0.003965873369674,0.3472151685721261
IVFNSGAIII,DTLZ6,DTLZ,2,11,5018,0.0039658749310913,0.3472151751044001
IVFNSGAIII,DTLZ6,DTLZ,2,11,5019,0.0039658779553422,0.3472151594297279
IVFNSGAIII,DTLZ6,DTLZ,2,11,5020,0.0039658727193343,0.347215169935392
IVFNSGAIII,DTLZ6,DTLZ,2,11,5021,0.0039658713458491,0.3472150930016145
IVFNSGAIII,DTLZ6,DTLZ,2,11,5022,0.003965879144393,0.3472151726153396
IVFNSGAIII,DTLZ6,DTLZ,2,11,5023,0.0039658789156492,0.3472151756120601
IVFNSGAIII,DTLZ6,DTLZ,2,11,5024,0.003965869450619,0.3472150896704707
IVFNSGAIII,DTLZ6,DTLZ,2,11,5025,0.0039658752795325,0.3472151684946427
IVFNSGAIII,DTLZ6,DTLZ,2,11,5026,0.0039658751178471,0.3472151684842083
IVFNSGAIII,DTLZ6,DTLZ,2,11,5027,0.0039658763892074,0.3472151627764839
IVFNSGAIII,DTLZ6,DTLZ,2,11,5028,0.0039658791573574,0.3472151701413145
IVFNSGAIII,DTLZ6,DTLZ,2,11,5029,0.0039658649632122,0.3472150780246817
IVFNSGAIII,DTLZ6,DTLZ,2,11,5030,0.0039658738128154,0.3472151638197412
IVFNSGAIII,DTLZ6,DTLZ,3,12,5001,0.0176812344665557,0.1928268150531089
IVFNSGAIII,DTLZ6,DTLZ,3,12,5002,0.0191101740775739,0.190472488461157
IVFNSGAIII,DTLZ6,DTLZ,3,12,5003,0.0221600390853438,0.1896392686995129
IVFNSGAIII,DTLZ6,DTLZ,3,12,5004,0.0207495075051593,0.1912866189220285
IVFNSGAIII,DTLZ6,DTLZ,3,12,5005,0.0221364903937728,0.189866756390602
IVFNSGAIII,DTLZ6,DTLZ,3,12,5006,0.0224158807408367,0.1891730912400232
IVFNSGAIII,DTLZ6,DTLZ,3,12,5007,0.0179780637017562,0.1912031839499403
IVFNSGAIII,DTLZ6,DTLZ,3,12,5008,0.0189211244075681,0.1906382368161279
IVFNSGAIII,DTLZ6,DTLZ,3,12,5009,0.0176624573465394,0.1911614004752818
IVFNSGAIII,DTLZ6,DTLZ,3,12,5010,0.0192771549987242,0.1916908597165737
IVFNSGAIII,DTLZ6,DTLZ,3,12,5011,0.0206854096202694,0.1902721193579775
IVFNSGAIII,DTLZ6,DTLZ,3,12,5012,0.0234305462663413,0.189353795195089
IVFNSGAIII,DTLZ6,DTLZ,3,12,5013,0.0118520562124895,0.1949906288948414
IVFNSGAIII,DTLZ6,DTLZ,3,12,5014,0.0153066003577887,0.1924966145901409
IVFNSGAIII,DTLZ6,DTLZ,3,12,5015,0.0177101325169234,0.1922804585232224
IVFNSGAIII,DTLZ6,DTLZ,3,12,5016,0.0220607956810211,0.1884720156280727
IVFNSGAIII,DTLZ6,DTLZ,3,12,5017,0.0198910910806746,0.1896116270399283
IVFNSGAIII,DTLZ6,DTLZ,3,12,5018,0.0174491765486594,0.192757251091155
IVFNSGAIII,DTLZ6,DTLZ,3,12,5019,0.0154470550970402,0.1937732270415864
IVFNSGAIII,DTLZ6,DTLZ,3,12,5020,0.0228918954917312,0.1903950321501955
IVFNSGAIII,DTLZ6,DTLZ,3,12,5021,0.0208516463985299,0.1910401323069348
IVFNSGAIII,DTLZ6,DTLZ,3,12,5022,0.0172094225786142,0.1929161099271983
IVFNSGAIII,DTLZ6,DTLZ,3,12,5023,0.0142703212400292,0.1922915518624351
IVFNSGAIII,DTLZ6,DTLZ,3,12,5024,0.0219498212487651,0.1895101039814763
IVFNSGAIII,DTLZ6,DTLZ,3,12,5025,0.0179264281781788,0.1926409152606997
IVFNSGAIII,DTLZ6,DTLZ,3,12,5026,0.0158681310022303,0.1926483758439036
IVFNSGAIII,DTLZ6,DTLZ,3,12,5027,0.0183303145433426,0.1911816985522803
IVFNSGAIII,DTLZ6,DTLZ,3,12,5028,0.0179196338265154,0.1914955092976967
IVFNSGAIII,DTLZ6,DTLZ,3,12,5029,0.0216947013221572,0.1896266405775674
IVFNSGAIII,DTLZ6,DTLZ,3,12,5030,0.0210797098271696,0.1902395263031931
IVFNSGAIII,DTLZ7,DTLZ,2,21,5001,0.0050467882099808,0.2428180241297966
IVFNSGAIII,DTLZ7,DTLZ,2,21,5002,0.0050180237761125,0.2428272395693876
IVFNSGAIII,DTLZ7,DTLZ,2,21,5003,0.0050820238335111,0.2428069598418542
IVFNSGAIII,DTLZ7,DTLZ,2,21,5004,0.0049699349053653,0.2428387630964612
IVFNSGAIII,DTLZ7,DTLZ,2,21,5005,0.0050515239915304,0.2428190528681753
IVFNSGAIII,DTLZ7,DTLZ,2,21,5006,0.0051003396552901,0.2428033928398929
IVFNSGAIII,DTLZ7,DTLZ,2,21,5007,0.0051324951261817,0.2428004748370025
IVFNSGAIII,DTLZ7,DTLZ,2,21,5008,0.0050984544975453,0.2428106975295316
IVFNSGAIII,DTLZ7,DTLZ,2,21,5009,0.0051518935762536,0.2427960469465503
IVFNSGAIII,DTLZ7,DTLZ,2,21,5010,0.0050333217441734,0.2428202221115731
IVFNSGAIII,DTLZ7,DTLZ,2,21,5011,0.0051441403282881,0.2427986251922848
IVFNSGAIII,DTLZ7,DTLZ,2,21,5012,0.0050687072126662,0.2428154432568058
IVFNSGAIII,DTLZ7,DTLZ,2,21,5013,0.0050304933939703,0.2428228809685066
IVFNSGAIII,DTLZ7,DTLZ,2,21,5014,0.0051304163900524,0.2428015194039576
IVFNSGAIII,DTLZ7,DTLZ,2,21,5015,0.0050771145536034,0.2428109305871225
IVFNSGAIII,DTLZ7,DTLZ,2,21,5016,0.0051737317324433,0.2427923588353608
IVFNSGAIII,DTLZ7,DTLZ,2,21,5017,0.0050173947142368,0.2428256525919368
IVFNSGAIII,DTLZ7,DTLZ,2,21,5018,0.0051881347435491,0.2427879709625402
IVFNSGAIII,DTLZ7,DTLZ,2,21,5019,0.005073186413707,0.2428064002088165
IVFNSGAIII,DTLZ7,DTLZ,2,21,5020,0.0051300798783685,0.2428013557970106
IVFNSGAIII,DTLZ7,DTLZ,2,21,5021,0.0050864232294462,0.2428091770850933
IVFNSGAIII,DTLZ7,DTLZ,2,21,5022,0.0049793638325407,0.2428289219841471
IVFNSGAIII,DTLZ7,DTLZ,2,21,5023,0.005097813227709,0.2428085700473219
IVFNSGAIII,DTLZ7,DTLZ,2,21,5024,0.0050024117113903,0.2428268344095374
IVFNSGAIII,DTLZ7,DTLZ,2,21,5025,0.0050190547788947,0.2428147867030124
IVFNSGAIII,DTLZ7,DTLZ,2,21,5026,0.0050742999335151,0.2428128295055427
IVFNSGAIII,DTLZ7,DTLZ,2,21,5027,0.0049532047122949,0.2428343372270495
IVFNSGAIII,DTLZ7,DTLZ,2,21,5028,0.0049717687245313,0.2428350644626879
IVFNSGAIII,DTLZ7,DTLZ,2,21,5029,0.0049515820953258,0.2428408709747236
IVFNSGAIII,DTLZ7,DTLZ,2,21,5030,0.00508835457109,0.2428108611213847
IVFNSGAIII,DTLZ7,DTLZ,3,22,5001,0.0780850142774788,0.2683933876143068
IVFNSGAIII,DTLZ7,DTLZ,3,22,5002,0.0743293052857975,0.2671564768974744
IVFNSGAIII,DTLZ7,DTLZ,3,22,5003,0.0754612285461576,0.2715385220353257
IVFNSGAIII,DTLZ7,DTLZ,3,22,5004,0.0755060489540508,0.2682833532095433
IVFNSGAIII,DTLZ7,DTLZ,3,22,5005,0.0742132005183559,0.2687830967537293
IVFNSGAIII,DTLZ7,DTLZ,3,22,5006,0.075386758255246,0.2703366361060273
IVFNSGAIII,DTLZ7,DTLZ,3,22,5007,0.0742380382811242,0.2676237450650446
IVFNSGAIII,DTLZ7,DTLZ,3,22,5008,0.0768092817388339,0.2685255192793629
IVFNSGAIII,DTLZ7,DTLZ,3,22,5009,0.0724583254642332,0.270624817491972
IVFNSGAIII,DTLZ7,DTLZ,3,22,5010,0.075926169344022,0.2671065205903568
IVFNSGAIII,DTLZ7,DTLZ,3,22,5011,0.0728172343214151,0.2687718218836509
IVFNSGAIII,DTLZ7,DTLZ,3,22,5012,0.078676717074146,0.2675663194302329
IVFNSGAIII,DTLZ7,DTLZ,3,22,5013,0.080869478023998,0.2659542799445737
IVFNSGAIII,DTLZ7,DTLZ,3,22,5014,0.0778982037290919,0.2670656617551588
IVFNSGAIII,DTLZ7,DTLZ,3,22,5015,0.073384983977862,0.2687193061599338
IVFNSGAIII,DTLZ7,DTLZ,3,22,5016,0.0732228712468425,0.269908339960061
IVFNSGAIII,DTLZ7,DTLZ,3,22,5017,0.0754283633437165,0.2688474808047106
IVFNSGAIII,DTLZ7,DTLZ,3,22,5018,0.073488957198657,0.2685370633054323
IVFNSGAIII,DTLZ7,DTLZ,3,22,5019,0.0820726445167357,0.2661665745712816
IVFNSGAIII,DTLZ7,DTLZ,3,22,5020,0.0760140202947442,0.2699211385159047
IVFNSGAIII,DTLZ7,DTLZ,3,22,5021,0.0746888016804563,0.2693348269186328
IVFNSGAIII,DTLZ7,DTLZ,3,22,5022,0.073459151017555,0.2682926877781807
IVFNSGAIII,DTLZ7,DTLZ,3,22,5023,0.0765842754337567,0.2693463280035705
IVFNSGAIII,DTLZ7,DTLZ,3,22,5024,0.0765563119191799,0.2700901913385075
IVFNSGAIII,DTLZ7,DTLZ,3,22,5025,0.0833097640024723,0.2697337414510385
IVFNSGAIII,DTLZ7,DTLZ,3,22,5026,0.0776088651700323,0.2680089359115523
IVFNSGAIII,DTLZ7,DTLZ,3,22,5027,0.0796898875746658,0.2708147293108113
IVFNSGAIII,DTLZ7,DTLZ,3,22,5028,0.0745770120444697,0.2682082023358794
IVFNSGAIII,DTLZ7,DTLZ,3,22,5029,0.0783663088993637,0.2668747590085933
IVFNSGAIII,DTLZ7,DTLZ,3,22,5030,0.0818344863904526,0.2622855829065081
IVFNSGAIII,MaF1,MaF,2,11,5001,0.0035705773592152,0.5826020505268926
IVFNSGAIII,MaF1,MaF,2,11,5002,0.003570573507248,0.5826020526950424
IVFNSGAIII,MaF1,MaF,2,11,5003,0.003570571680901,0.5826020525653981
IVFNSGAIII,MaF1,MaF,2,11,5004,0.0035705750173596,0.5826020478619578
IVFNSGAIII,MaF1,MaF,2,11,5005,0.0035705763681879,0.5826020523785991
IVFNSGAIII,MaF1,MaF,2,11,5006,0.0035705739842314,0.5826020523614219
IVFNSGAIII,MaF1,MaF,2,11,5007,0.0035705723157051,0.5826020511498902
IVFNSGAIII,MaF1,MaF,2,11,5008,0.0035705724075608,0.5826020493730157
IVFNSGAIII,MaF1,MaF,2,11,5009,0.0035705762010221,0.5826020514372359
IVFNSGAIII,MaF1,MaF,2,11,5010,0.0035705710591001,0.5826020369841267
IVFNSGAIII,MaF1,MaF,2,11,5011,0.003570572297039,0.5826020528124785
IVFNSGAIII,MaF1,MaF,2,11,5012,0.00357057697516,0.5826020521178267
IVFNSGAIII,MaF1,MaF,2,11,5013,0.0035705671492975,0.5826020516785977
IVFNSGAIII,MaF1,MaF,2,11,5014,0.0035705737617594,0.5826020520863955
IVFNSGAIII,MaF1,MaF,2,11,5015,0.0035705762437193,0.5826020527832276
IVFNSGAIII,MaF1,MaF,2,11,5016,0.0035705729302664,0.5826020406769421
IVFNSGAIII,MaF1,MaF,2,11,5017,0.0035705689440541,0.5826020465240134
IVFNSGAIII,MaF1,MaF,2,11,5018,0.0035705747578319,0.5826020514254011
IVFNSGAIII,MaF1,MaF,2,11,5019,0.0035705766533248,0.5826020332318221
IVFNSGAIII,MaF1,MaF,2,11,5020,0.0035705702470381,0.5826020447493311
IVFNSGAIII,MaF1,MaF,2,11,5021,0.003570574230698,0.5826020526856359
IVFNSGAIII,MaF1,MaF,2,11,5022,0.0035705719485829,0.5826020467369393
IVFNSGAIII,MaF1,MaF,2,11,5023,0.0035705729052035,0.5826020487723262
IVFNSGAIII,MaF1,MaF,2,11,5024,0.0035705739911458,0.5826020503659852
IVFNSGAIII,MaF1,MaF,2,11,5025,0.003570573908039,0.5826020404993419
IVFNSGAIII,MaF1,MaF,2,11,5026,0.0035705748828158,0.5826020494540807
IVFNSGAIII,MaF1,MaF,2,11,5027,0.003570572205709,0.5826020485680694
IVFNSGAIII,MaF1,MaF,2,11,5028,0.0035705759707854,0.5826020482951528
IVFNSGAIII,MaF1,MaF,2,11,5029,0.0035705773849701,0.5826020517080469
IVFNSGAIII,MaF1,MaF,2,11,5030,0.0035705758742364,0.582602049609314
IVFNSGAIII,MaF1,MaF,3,12,5001,0.0627396402325207,0.2035629988596368
IVFNSGAIII,MaF1,MaF,3,12,5002,0.0605811029128148,0.2061356034815151
IVFNSGAIII,MaF1,MaF,3,12,5003,0.0622855459055614,0.2029340286153355
IVFNSGAIII,MaF1,MaF,3,12,5004,0.0620734351162522,0.2046151109018415
IVFNSGAIII,MaF1,MaF,3,12,5005,0.0601599852176135,0.2059565456391656
IVFNSGAIII,MaF1,MaF,3,12,5006,0.0592737786073136,0.2067232306412985
IVFNSGAIII,MaF1,MaF,3,12,5007,0.0610716697091071,0.205486078932272
IVFNSGAIII,MaF1,MaF,3,12,5008,0.0628683877252418,0.2031436226519899
IVFNSGAIII,MaF1,MaF,3,12,5009,0.0599045882690982,0.2059529644966314
IVFNSGAIII,MaF1,MaF,3,12,5010,0.0611413777191744,0.2052851643554545
IVFNSGAIII,MaF1,MaF,3,12,5011,0.0626633723519662,0.2037993725890725
IVFNSGAIII,MaF1,MaF,3,12,5012,0.0608610298935952,0.2055870662629101
IVFNSGAIII,MaF1,MaF,3,12,5013,0.0620585745254748,0.2033790210034703
IVFNSGAIII,MaF1,MaF,3,12,5014,0.0605116173904974,0.205666756216252
IVFNSGAIII,MaF1,MaF,3,12,5015,0.0614314188076469,0.205383113554118
IVFNSGAIII,MaF1,MaF,3,12,5016,0.0595810506650619,0.206289243522454
IVFNSGAIII,MaF1,MaF,3,12,5017,0.0623345264640941,0.2036796818745447
IVFNSGAIII,MaF1,MaF,3,12,5018,0.0613348872340964,0.2051341293271778
IVFNSGAIII,MaF1,MaF,3,12,5019,0.0570783007315088,0.20798734917024
IVFNSGAIII,MaF1,MaF,3,12,5020,0.0591814088920095,0.2066806950756054
IVFNSGAIII,MaF1,MaF,3,12,5021,0.0616476629409041,0.2044120747157936
IVFNSGAIII,MaF1,MaF,3,12,5022,0.0586463961861762,0.2068191087891981
IVFNSGAIII,MaF1,MaF,3,12,5023,0.0596352334957004,0.2058650561955212
IVFNSGAIII,MaF1,MaF,3,12,5024,0.0603812099831503,0.205685161655983
IVFNSGAIII,MaF1,MaF,3,12,5025,0.0616338102389091,0.2042393161123635
IVFNSGAIII,MaF1,MaF,3,12,5026,0.0637660867084097,0.2025796320652319
IVFNSGAIII,MaF1,MaF,3,12,5027,0.0582270048382164,0.2074147835025348
IVFNSGAIII,MaF1,MaF,3,12,5028,0.0596537393501477,0.2058922421327749
IVFNSGAIII,MaF1,MaF,3,12,5029,0.0634230029976161,0.2030349090967169
IVFNSGAIII,MaF1,MaF,3,12,5030,0.058567792874394,0.2067346129429188
IVFNSGAIII,MaF2,MaF,2,11,5001,0.0020062332422586,0.2075653955946701
IVFNSGAIII,MaF2,MaF,2,11,5002,0.0020062385221166,0.2075653597236053
IVFNSGAIII,MaF2,MaF,2,11,5003,0.002006240799378,0.207565275538496
IVFNSGAIII,MaF2,MaF,2,11,5004,0.0020062519913253,0.2075650451491442
IVFNSGAIII,MaF2,MaF,2,11,5005,0.0020062353065782,0.2075650603684077
IVFNSGAIII,MaF2,MaF,2,11,5006,0.0020062601099632,0.207564782930286
IVFNSGAIII,MaF2,MaF,2,11,5007,0.0020062409011511,0.2075653490624635
IVFNSGAIII,MaF2,MaF,2,11,5008,0.0020062819446541,0.2075649394939319
IVFNSGAIII,MaF2,MaF,2,11,5009,0.0020062436924274,0.2075651429656961
IVFNSGAIII,MaF2,MaF,2,11,5010,0.0020065218332161,0.2075639735137746
IVFNSGAIII,MaF2,MaF,2,11,5011,0.0020062317964391,0.2075656157852073
IVFNSGAIII,MaF2,MaF,2,11,5012,0.0020186796753138,0.2075100921359479
IVFNSGAIII,MaF2,MaF,2,11,5013,0.0020062388148349,0.2075651276858062
IVFNSGAIII,MaF2,MaF,2,11,5014,0.002006306833229,0.2075644729359133
IVFNSGAIII,MaF2,MaF,2,11,5015,0.002006289548796,0.2075644569562504
IVFNSGAIII,MaF2,MaF,2,11,5016,0.0020062849254645,0.2075645306337163
IVFNSGAIII,MaF2,MaF,2,11,5017,0.0020062757079329,0.2075638328493276
IVFNSGAIII,MaF2,MaF,2,11,5018,0.0020062423227943,0.2075652475339726
IVFNSGAIII,MaF2,MaF,2,11,5019,0.0020062447573856,0.2075650661485766
IVFNSGAIII,MaF2,MaF,2,11,5020,0.0020063272894897,0.2075643721280747
IVFNSGAIII,MaF2,MaF,2,11,5021,0.0020083963333092,0.2075486596506645
IVFNSGAIII,MaF2,MaF,2,11,5022,0.0020063205246489,0.2075644581620465
IVFNSGAIII,MaF2,MaF,2,11,5023,0.0020062336071668,0.207565482015867
IVFNSGAIII,MaF2,MaF,2,11,5024,0.0020064355085429,0.2075628841755471
IVFNSGAIII,MaF2,MaF,2,11,5025,0.0020062234103204,0.2075656500398294
IVFNSGAIII,MaF2,MaF,2,11,5026,0.0020062611145497,0.2075650380521471
IVFNSGAIII,MaF2,MaF,2,11,5027,0.0020062346629028,0.207565380960779
IVFNSGAIII,MaF2,MaF,2,11,5028,0.0020062615561775,0.2075649568064886
IVFNSGAIII,MaF2,MaF,2,11,5029,0.0020062986504474,0.2075646257569261
IVFNSGAIII,MaF2,MaF,2,11,5030,0.0020062411812818,0.207565299602049
IVFNSGAIII,MaF2,MaF,3,12,5001,0.0360205474680703,0.2383157857813854
IVFNSGAIII,MaF2,MaF,3,12,5002,0.0350186646725473,0.2387615362734551
IVFNSGAIII,MaF2,MaF,3,12,5003,0.0346575439645889,0.2377916488104144
IVFNSGAIII,MaF2,MaF,3,12,5004,0.0350917033895044,0.2381031376082173
IVFNSGAIII,MaF2,MaF,3,12,5005,0.0344171521770105,0.2401859024550003
IVFNSGAIII,MaF2,MaF,3,12,5006,0.0358574613492146,0.2373089769937949
IVFNSGAIII,MaF2,MaF,3,12,5007,0.0360701883024315,0.2396739676865426
IVFNSGAIII,MaF2,MaF,3,12,5008,0.0350170027751465,0.2393383246581783
IVFNSGAIII,MaF2,MaF,3,12,5009,0.0343790665214738,0.2370840111966763
IVFNSGAIII,MaF2,MaF,3,12,5010,0.0361580251263616,0.2372381402275501
IVFNSGAIII,MaF2,MaF,3,12,5011,0.0359285191381253,0.2369368956972097
IVFNSGAIII,MaF2,MaF,3,12,5012,0.0365156259961919,0.2384515156455003
IVFNSGAIII,MaF2,MaF,3,12,5013,0.035339717817826,0.2390634335646356
IVFNSGAIII,MaF2,MaF,3,12,5014,0.0365340045416394,0.2367748081132782
IVFNSGAIII,MaF2,MaF,3,12,5015,0.0374642711809264,0.2375373365225029
IVFNSGAIII,MaF2,MaF,3,12,5016,0.0361384092941729,0.2358119781213528
IVFNSGAIII,MaF2,MaF,3,12,5017,0.0357093449756282,0.237079801630376
IVFNSGAIII,MaF2,MaF,3,12,5018,0.035323051261981,0.2366496358022388
IVFNSGAIII,MaF2,MaF,3,12,5019,0.0371879627270442,0.237326633780558
IVFNSGAIII,MaF2,MaF,3,12,5020,0.0369639514970396,0.2365821674527693
IVFNSGAIII,MaF2,MaF,3,12,5021,0.0363794031027481,0.2385109076818655
IVFNSGAIII,MaF2,MaF,3,12,5022,0.0343218922740037,0.238189659657203
IVFNSGAIII,MaF2,MaF,3,12,5023,0.0366291033638379,0.2368423886913401
IVFNSGAIII,MaF2,MaF,3,12,5024,0.034915397942068,0.2389319620365789
IVFNSGAIII,MaF2,MaF,3,12,5025,0.0348471237410063,0.2382881187388574
IVFNSGAIII,MaF2,MaF,3,12,5026,0.0357014974985462,0.238073140064569
IVFNSGAIII,MaF2,MaF,3,12,5027,0.0372747720562981,0.2362434906108752
IVFNSGAIII,MaF2,MaF,3,12,5028,0.0377692357675782,0.2365269924534332
IVFNSGAIII,MaF2,MaF,3,12,5029,0.0361013119448364,0.2361458451621774
IVFNSGAIII,MaF2,MaF,3,12,5030,0.0366430517487858,0.2391295081329533
IVFNSGAIII,MaF3,MaF,2,11,5001,0.0059915300861248,0.7197914322660958
IVFNSGAIII,MaF3,MaF,2,11,5002,0.0062105923872142,0.7191956317527796
IVFNSGAIII,MaF3,MaF,2,11,5003,0.0062341315154296,0.7191195750090046
IVFNSGAIII,MaF3,MaF,2,11,5004,0.0059844322727175,0.7198761875157302
IVFNSGAIII,MaF3,MaF,2,11,5005,0.0067994710044979,0.7178928870394338
IVFNSGAIII,MaF3,MaF,2,11,5006,0.0060935611307437,0.719507452192511
IVFNSGAIII,MaF3,MaF,2,11,5007,0.0061590916240333,0.7193209296980554
IVFNSGAIII,MaF3,MaF,2,11,5008,0.0058929066029244,0.7202707390370238
IVFNSGAIII,MaF3,MaF,2,11,5009,0.0059825287474187,0.7198550158230168
IVFNSGAIII,MaF3,MaF,2,11,5010,0.0058901118413764,0.7202764699465003
IVFNSGAIII,MaF3,MaF,2,11,5011,0.0059364018371664,0.720027717780662
IVFNSGAIII,MaF3,MaF,2,11,5012,0.0062097397061036,0.7191829417624375
IVFNSGAIII,MaF3,MaF,2,11,5013,0.0065020991650456,0.7184814455565909
IVFNSGAIII,MaF3,MaF,2,11,5014,0.0059054120449312,0.720169044252554
IVFNSGAIII,MaF3,MaF,2,11,5015,0.0060387209286246,0.719672311749123
IVFNSGAIII,MaF3,MaF,2,11,5016,0.0059063690722211,0.7202097464077049
IVFNSGAIII,MaF3,MaF,2,11,5017,0.0059150636131417,0.720152241537658
IVFNSGAIII,MaF3,MaF,2,11,5018,0.0060060659735254,0.719906360822965
IVFNSGAIII,MaF3,MaF,2,11,5019,0.0062318304846802,0.7191376297341913
IVFNSGAIII,MaF3,MaF,2,11,5020,0.0058932475251544,0.720266260249597
IVFNSGAIII,MaF3,MaF,2,11,5021,0.00598151327315,0.719862777852497
IVFNSGAIII,MaF3,MaF,2,11,5022,0.0059178300225345,0.720134922918682
IVFNSGAIII,MaF3,MaF,2,11,5023,0.0064210391514638,0.7186854706597278
IVFNSGAIII,MaF3,MaF,2,11,5024,0.0058896863722254,0.7202873051514718
IVFNSGAIII,MaF3,MaF,2,11,5025,0.0059394911940663,0.7200331483382882
IVFNSGAIII,MaF3,MaF,2,11,5026,0.006044146176516,0.7196052222805713
IVFNSGAIII,MaF3,MaF,2,11,5027,0.006537327850113,0.7183982301691124
IVFNSGAIII,MaF3,MaF,2,11,5028,0.006198679586611,0.7191443843417394
IVFNSGAIII,MaF3,MaF,2,11,5029,0.0060896188460497,0.7195124342641797
IVFNSGAIII,MaF3,MaF,2,11,5030,0.0059669630890279,0.7199246496055324
IVFNSGAIII,MaF3,MaF,3,12,5001,0.0463152999564782,0.95813205207384
IVFNSGAIII,MaF3,MaF,3,12,5002,0.0463038366972766,0.9582188818602874
IVFNSGAIII,MaF3,MaF,3,12,5003,0.0464500570213319,0.9585108961461932
IVFNSGAIII,MaF3,MaF,3,12,5004,0.046455461629324,0.9581643364768764
IVFNSGAIII,MaF3,MaF,3,12,5005,0.0464220524192049,0.9581593376959344
IVFNSGAIII,MaF3,MaF,3,12,5006,0.0468141784601618,0.957518453181432
IVFNSGAIII,MaF3,MaF,3,12,5007,0.046234191322808,0.958009657750764
IVFNSGAIII,MaF3,MaF,3,12,5008,0.0467682976080409,0.957582102291854
IVFNSGAIII,MaF3,MaF,3,12,5009,0.0461422836426342,0.9581458035448
IVFNSGAIII,MaF3,MaF,3,12,5010,0.0465912542490851,0.9578544683404552
IVFNSGAIII,MaF3,MaF,3,12,5011,0.0458943315277836,0.9581136837647805
IVFNSGAIII,MaF3,MaF,3,12,5012,0.0462084087970716,0.9581379197644118
IVFNSGAIII,MaF3,MaF,3,12,5013,0.0462172025437313,0.9583159874058856
IVFNSGAIII,MaF3,MaF,3,12,5014,0.0467232259751497,0.9577308776482756
IVFNSGAIII,MaF3,MaF,3,12,5015,0.0462587574465971,0.9580015129925346
IVFNSGAIII,MaF3,MaF,3,12,5016,0.0461378372985491,0.9583959182554708
IVFNSGAIII,MaF3,MaF,3,12,5017,0.0461847309323323,0.9582019339766394
IVFNSGAIII,MaF3,MaF,3,12,5018,0.0464563609467626,0.9580843820478436
IVFNSGAIII,MaF3,MaF,3,12,5019,0.0466942067951267,0.9577197487831854
IVFNSGAIII,MaF3,MaF,3,12,5020,0.0464887306848019,0.9580588545301204
IVFNSGAIII,MaF3,MaF,3,12,5021,0.0464950629271965,0.9580072668531512
IVFNSGAIII,MaF3,MaF,3,12,5022,0.0461924817743674,0.9583961936733688
IVFNSGAIII,MaF3,MaF,3,12,5023,0.0460922954309088,0.95826872684363
IVFNSGAIII,MaF3,MaF,3,12,5024,0.0451551619023656,0.9589266532121448
IVFNSGAIII,MaF3,MaF,3,12,5025,0.0467526518918207,0.9574581551585346
IVFNSGAIII,MaF3,MaF,3,12,5026,0.0464282800302129,0.9577230235457908
IVFNSGAIII,MaF3,MaF,3,12,5027,0.0462696685441956,0.9581654480233134
IVFNSGAIII,MaF3,MaF,3,12,5028,0.046316161236077,0.9577851398860984
IVFNSGAIII,MaF3,MaF,3,12,5029,0.0464482427688002,0.9577932464266128
IVFNSGAIII,MaF3,MaF,3,12,5030,0.0461061642976822,0.9583169072947822
IVFNSGAIII,MaF4,MaF,2,11,5001,0.0349897950130384,0.8179819016512659
IVFNSGAIII,MaF4,MaF,2,11,5002,0.0350238001055466,0.8179225614903841
IVFNSGAIII,MaF4,MaF,2,11,5003,0.0348606235355334,0.8183479602711015
IVFNSGAIII,MaF4,MaF,2,11,5004,0.0350878141526428,0.8181796839282259
IVFNSGAIII,MaF4,MaF,2,11,5005,0.0347980072204699,0.8182444160284806
IVFNSGAIII,MaF4,MaF,2,11,5006,0.035339417211381,0.8175622684912351
IVFNSGAIII,MaF4,MaF,2,11,5007,0.0348212140950942,0.8183168916872212
IVFNSGAIII,MaF4,MaF,2,11,5008,0.0350216809193209,0.8182262858304643
IVFNSGAIII,MaF4,MaF,2,11,5009,0.0348041788685386,0.8182601232027188
IVFNSGAIII,MaF4,MaF,2,11,5010,0.0348216730042204,0.8182747018583919
IVFNSGAIII,MaF4,MaF,2,11,5011,0.0348494973778173,0.8183548863028224
IVFNSGAIII,MaF4,MaF,2,11,5012,0.0348797862603398,0.8182983305979433
IVFNSGAIII,MaF4,MaF,2,11,5013,0.0364291356159288,0.8163658263585475
IVFNSGAIII,MaF4,MaF,2,11,5014,0.0349955235937938,0.8182050196055056
IVFNSGAIII,MaF4,MaF,2,11,5015,0.0351355503890402,0.8179615713438783
IVFNSGAIII,MaF4,MaF,2,11,5016,0.0350530941627451,0.8181892901789418
IVFNSGAIII,MaF4,MaF,2,11,5017,0.0349043064452198,0.8181832426851147
IVFNSGAIII,MaF4,MaF,2,11,5018,0.0350064198193149,0.8181248764800844
IVFNSGAIII,MaF4,MaF,2,11,5019,0.0348705369405298,0.8182697530875562
IVFNSGAIII,MaF4,MaF,2,11,5020,0.0350939724529489,0.818308951516046
IVFNSGAIII,MaF4,MaF,2,11,5021,0.0348900734891994,0.8181532328080025
IVFNSGAIII,MaF4,MaF,2,11,5022,0.0350591207339522,0.8180078223478924
IVFNSGAIII,MaF4,MaF,2,11,5023,0.0349580632428401,0.8180733860695427
IVFNSGAIII,MaF4,MaF,2,11,5024,0.0348707213270694,0.8183449203244272
IVFNSGAIII,MaF4,MaF,2,11,5025,0.0348802641469513,0.818339968807514
IVFNSGAIII,MaF4,MaF,2,11,5026,0.0349982115523765,0.8181645473089457
IVFNSGAIII,MaF4,MaF,2,11,5027,0.0347990881716122,0.8183407725456966
IVFNSGAIII,MaF4,MaF,2,11,5028,0.0354332617203363,0.8174297905495488
IVFNSGAIII,MaF4,MaF,2,11,5029,0.0352615325233904,0.8178273815873046
IVFNSGAIII,MaF4,MaF,2,11,5030,0.0349849977742178,0.8179863711327848
IVFNSGAIII,MaF4,MaF,3,12,5001,0.3217664265015704,0.5138199131878426
IVFNSGAIII,MaF4,MaF,3,12,5002,0.319673464348296,0.5220998877554873
IVFNSGAIII,MaF4,MaF,3,12,5003,0.3349455882912284,0.5171694517066815
IVFNSGAIII,MaF4,MaF,3,12,5004,0.3428441934495665,0.5180531201908678
IVFNSGAIII,MaF4,MaF,3,12,5005,0.3577369008314711,0.5096137184198394
IVFNSGAIII,MaF4,MaF,3,12,5006,0.3475167898065402,0.5207448013357339
IVFNSGAIII,MaF4,MaF,3,12,5007,0.3373498686383768,0.5127663199483792
IVFNSGAIII,MaF4,MaF,3,12,5008,0.3179082605477349,0.5195937212647044
IVFNSGAIII,MaF4,MaF,3,12,5009,0.345199799633515,0.5192643408633671
IVFNSGAIII,MaF4,MaF,3,12,5010,0.3484538831735257,0.5150484904095833
IVFNSGAIII,MaF4,MaF,3,12,5011,0.3319139319102295,0.5183183129522038
IVFNSGAIII,MaF4,MaF,3,12,5012,0.3353555812453735,0.5219435260956192
IVFNSGAIII,MaF4,MaF,3,12,5013,0.3209248070999208,0.5178211376839683
IVFNSGAIII,MaF4,MaF,3,12,5014,0.3165373843740241,0.5198730123476286
IVFNSGAIII,MaF4,MaF,3,12,5015,0.3019280212082492,0.5233920892194356
IVFNSGAIII,MaF4,MaF,3,12,5016,0.3451763967587565,0.5201221344906006
IVFNSGAIII,MaF4,MaF,3,12,5017,0.3499127104178883,0.5205030780832509
IVFNSGAIII,MaF4,MaF,3,12,5018,0.362390285498579,0.517027885128131
IVFNSGAIII,MaF4,MaF,3,12,5019,0.3375864921290427,0.523537062974837
IVFNSGAIII,MaF4,MaF,3,12,5020,0.3269609200408928,0.5199931831452768
IVFNSGAIII,MaF4,MaF,3,12,5021,0.3106334089477046,0.5209691393451152
IVFNSGAIII,MaF4,MaF,3,12,5022,0.3234887304814746,0.5221616311692019
IVFNSGAIII,MaF4,MaF,3,12,5023,0.3513486746628538,0.5131673060835557
IVFNSGAIII,MaF4,MaF,3,12,5024,0.3651789717604699,0.5183937723263655
IVFNSGAIII,MaF4,MaF,3,12,5025,0.3455292632310818,0.5166379259355852
IVFNSGAIII,MaF4,MaF,3,12,5026,0.3343358737939929,0.5163696088688713
IVFNSGAIII,MaF4,MaF,3,12,5027,0.3611573524016489,0.5156303658805258
IVFNSGAIII,MaF4,MaF,3,12,5028,0.3226954319820095,0.5148432726387259
IVFNSGAIII,MaF4,MaF,3,12,5029,0.3539925566316956,0.5049219849451588
IVFNSGAIII,MaF4,MaF,3,12,5030,0.3495788505538513,0.5169911567424528
IVFNSGAIII,MaF5,MaF,2,11,5001,0.0122305038090609,0.3472151624616941
IVFNSGAIII,MaF5,MaF,2,11,5002,0.0122304876613407,0.3472151585789106
IVFNSGAIII,MaF5,MaF,2,11,5003,0.0122304775457143,0.3472151071587852
IVFNSGAIII,MaF5,MaF,2,11,5004,0.0122304897349421,0.3472151567108364
IVFNSGAIII,MaF5,MaF,2,11,5005,0.012230484226076,0.3472150853369788
IVFNSGAIII,MaF5,MaF,2,11,5006,0.012230483251417,0.3472151609829014
IVFNSGAIII,MaF5,MaF,2,11,5007,0.0122305065451707,0.3472151538787341
IVFNSGAIII,MaF5,MaF,2,11,5008,0.0122304832805581,0.3472150859379107
IVFNSGAIII,MaF5,MaF,2,11,5009,2.008377445688485,0.0909090859019359
IVFNSGAIII,MaF5,MaF,2,11,5010,0.0122304675745628,0.3472151174253833
IVFNSGAIII,MaF5,MaF,2,11,5011,0.0122304790915418,0.3472151510918271
IVFNSGAIII,MaF5,MaF,2,11,5012,2.0083774476786576,0.0909090850915604
IVFNSGAIII,MaF5,MaF,2,11,5013,0.0122304838309176,0.3472151291548222
IVFNSGAIII,MaF5,MaF,2,11,5014,0.0122304810649981,0.3472151565148392
IVFNSGAIII,MaF5,MaF,2,11,5015,0.012230486722612,0.3472151571641605
IVFNSGAIII,MaF5,MaF,2,11,5016,0.0122304873899171,0.3472151375382052
IVFNSGAIII,MaF5,MaF,2,11,5017,0.0122304849947324,0.3472151291811382
IVFNSGAIII,MaF5,MaF,2,11,5018,0.0122304869455397,0.3472151687278947
IVFNSGAIII,MaF5,MaF,2,11,5019,0.0122305027990907,0.347215011699175
IVFNSGAIII,MaF5,MaF,2,11,5020,2.008377440284812,0.0909090881022544
IVFNSGAIII,MaF5,MaF,2,11,5021,0.0122304882997288,0.3472151723469238
IVFNSGAIII,MaF5,MaF,2,11,5022,0.0122304950132586,0.3472151462574252
IVFNSGAIII,MaF5,MaF,2,11,5023,0.0122305009830897,0.3472151551223054
IVFNSGAIII,MaF5,MaF,2,11,5024,0.0122304988656113,0.3472149501925796
IVFNSGAIII,MaF5,MaF,2,11,5025,0.0122304900743214,0.347215169445128
IVFNSGAIII,MaF5,MaF,2,11,5026,0.0122304818604319,0.3472151643829593
IVFNSGAIII,MaF5,MaF,2,11,5027,0.0122304866331278,0.3472151625816081
IVFNSGAIII,MaF5,MaF,2,11,5028,0.0122304763590554,0.3472151208403725
IVFNSGAIII,MaF5,MaF,2,11,5029,0.0122304988268376,0.3472151387374078
IVFNSGAIII,MaF5,MaF,2,11,5030,0.012230490392471,0.3472151624160914
IVFNSGAIII,MaF5,MaF,3,12,5001,0.259899817354564,0.559471406447831
IVFNSGAIII,MaF5,MaF,3,12,5002,0.2597577521775295,0.559578249861221
IVFNSGAIII,MaF5,MaF,3,12,5003,2.0283103419153177,0.3368073742244982
IVFNSGAIII,MaF5,MaF,3,12,5004,0.2597489135459185,0.5596028614942407
IVFNSGAIII,MaF5,MaF,3,12,5005,0.2597488303968667,0.5596181663646462
IVFNSGAIII,MaF5,MaF,3,12,5006,0.2597511311125315,0.5595930934741178
IVFNSGAIII,MaF5,MaF,3,12,5007,0.2597469114264237,0.5596166640167909
IVFNSGAIII,MaF5,MaF,3,12,5008,0.2597562553484631,0.5596158525180439
IVFNSGAIII,MaF5,MaF,3,12,5009,1.501861543327823,0.3384968590324736
IVFNSGAIII,MaF5,MaF,3,12,5010,0.2597552960563442,0.5596175829406193
IVFNSGAIII,MaF5,MaF,3,12,5011,0.2597499616098012,0.5596173364717277
IVFNSGAIII,MaF5,MaF,3,12,5012,2.0249163468322853,0.3392854806604242
IVFNSGAIII,MaF5,MaF,3,12,5013,0.2597514398668103,0.5596172666270751
IVFNSGAIII,MaF5,MaF,3,12,5014,0.2597536320749061,0.5596176863827022
IVFNSGAIII,MaF5,MaF,3,12,5015,0.2598436189591817,0.5594019031752153
IVFNSGAIII,MaF5,MaF,3,12,5016,2.0247235658346963,0.3407658291965555
IVFNSGAIII,MaF5,MaF,3,12,5017,0.2600931077951842,0.5586570756349002
IVFNSGAIII,MaF5,MaF,3,12,5018,2.0245805079025714,0.341628458172632
IVFNSGAIII,MaF5,MaF,3,12,5019,0.2597510995326776,0.5596172083921548
IVFNSGAIII,MaF5,MaF,3,12,5020,0.2597451525974548,0.5596186039527575
IVFNSGAIII,MaF5,MaF,3,12,5021,4.888495694803899,0.0909090904557899
IVFNSGAIII,MaF5,MaF,3,12,5022,1.4999420826669063,0.3397321885144867
IVFNSGAIII,MaF5,MaF,3,12,5023,0.2597584272201115,0.5596094204357239
IVFNSGAIII,MaF5,MaF,3,12,5024,0.2597778067081467,0.559598166056166
IVFNSGAIII,MaF5,MaF,3,12,5025,2.0255095966434595,0.3407797318106705
IVFNSGAIII,MaF5,MaF,3,12,5026,0.2597505508561313,0.5596161124429444
IVFNSGAIII,MaF5,MaF,3,12,5027,0.2605820963448185,0.5594398619305043
IVFNSGAIII,MaF5,MaF,3,12,5028,0.2597511126775713,0.559610820881432
IVFNSGAIII,MaF5,MaF,3,12,5029,2.0274959403738304,0.3400834055910022
IVFNSGAIII,MaF5,MaF,3,12,5030,0.25975017061751,0.559617101276903
IVFNSGAIII,MaF6,MaF,2,11,5001,0.0039658785366819,0.3472143997011998
IVFNSGAIII,MaF6,MaF,2,11,5002,0.0039658806166992,0.3472151121469081
IVFNSGAIII,MaF6,MaF,2,11,5003,0.0039658818219311,0.3472151158247891
IVFNSGAIII,MaF6,MaF,2,11,5004,0.0039658795000331,0.3472149966439999
IVFNSGAIII,MaF6,MaF,2,11,5005,0.0039658796409906,0.3472151634161877
IVFNSGAIII,MaF6,MaF,2,11,5006,0.003965882788983,0.3472149023687189
IVFNSGAIII,MaF6,MaF,2,11,5007,0.0039658864937516,0.3472151626429515
IVFNSGAIII,MaF6,MaF,2,11,5008,0.0039658797199915,0.3472143024873535
IVFNSGAIII,MaF6,MaF,2,11,5009,0.0039658793954112,0.3472150139759739
IVFNSGAIII,MaF6,MaF,2,11,5010,0.0039658816494217,0.3472149804895233
IVFNSGAIII,MaF6,MaF,2,11,5011,0.0039658753984813,0.3472151013477276
IVFNSGAIII,MaF6,MaF,2,11,5012,0.0039658755800361,0.3472151384680261
IVFNSGAIII,MaF6,MaF,2,11,5013,0.0039658881906405,0.3472144758666111
IVFNSGAIII,MaF6,MaF,2,11,5014,0.0039658800511862,0.3472150897770809
IVFNSGAIII,MaF6,MaF,2,11,5015,0.0039658821752134,0.3472150879458857
IVFNSGAIII,MaF6,MaF,2,11,5016,0.0039658831980112,0.3472151103775524
IVFNSGAIII,MaF6,MaF,2,11,5017,0.0039658839060494,0.3472150499219009
IVFNSGAIII,MaF6,MaF,2,11,5018,0.0039658792340825,0.347215108107564
IVFNSGAIII,MaF6,MaF,2,11,5019,0.0039658775217214,0.347214985951243
IVFNSGAIII,MaF6,MaF,2,11,5020,0.0039658769993978,0.3472151563035179
IVFNSGAIII,MaF6,MaF,2,11,5021,0.0039658782263724,0.3472151125584917
IVFNSGAIII,MaF6,MaF,2,11,5022,0.0039658827146195,0.3472145787952802
IVFNSGAIII,MaF6,MaF,2,11,5023,0.0039658803683547,0.3472151660552408
IVFNSGAIII,MaF6,MaF,2,11,5024,0.0039658819346215,0.347215130909156
IVFNSGAIII,MaF6,MaF,2,11,5025,0.0039658811758489,0.3472146355990184
IVFNSGAIII,MaF6,MaF,2,11,5026,0.0039658817890958,0.3472148337482352
IVFNSGAIII,MaF6,MaF,2,11,5027,0.0039658847097452,0.3472150964544776
IVFNSGAIII,MaF6,MaF,2,11,5028,0.003965885378902,0.3472150804194771
IVFNSGAIII,MaF6,MaF,2,11,5029,0.0039658833353513,0.3472150897631493
IVFNSGAIII,MaF6,MaF,2,11,5030,0.0039658823611059,0.347215086924045
IVFNSGAIII,MaF6,MaF,3,12,5001,0.0188964101941496,0.1926520867284363
IVFNSGAIII,MaF6,MaF,3,12,5002,0.0170319688765077,0.1927645225163729
IVFNSGAIII,MaF6,MaF,3,12,5003,0.0137415818604576,0.1929559185289091
IVFNSGAIII,MaF6,MaF,3,12,5004,0.0166783297153108,0.1929835051333656
IVFNSGAIII,MaF6,MaF,3,12,5005,0.0161942590605582,0.1920974081553121
IVFNSGAIII,MaF6,MaF,3,12,5006,0.0146378378956891,0.1930138818605687
IVFNSGAIII,MaF6,MaF,3,12,5007,0.0168188121795726,0.190671549920064
IVFNSGAIII,MaF6,MaF,3,12,5008,0.0168403724867668,0.1931751370824609
IVFNSGAIII,MaF6,MaF,3,12,5009,0.0147152851571508,0.1921834836650382
IVFNSGAIII,MaF6,MaF,3,12,5010,0.0167726129264839,0.190263450502429
IVFNSGAIII,MaF6,MaF,3,12,5011,0.0146164937603645,0.193252814198077
IVFNSGAIII,MaF6,MaF,3,12,5012,0.0169087547292349,0.1924310318189049
IVFNSGAIII,MaF6,MaF,3,12,5013,0.0140862151767292,0.193863253423757
IVFNSGAIII,MaF6,MaF,3,12,5014,0.0163654584019316,0.1919750277602261
IVFNSGAIII,MaF6,MaF,3,12,5015,0.0145890926266802,0.1930355033929584
IVFNSGAIII,MaF6,MaF,3,12,5016,0.0127646894261159,0.1931579247396969
IVFNSGAIII,MaF6,MaF,3,12,5017,0.016081168403114,0.1925535176534508
IVFNSGAIII,MaF6,MaF,3,12,5018,0.0145232788450098,0.1943802943449534
IVFNSGAIII,MaF6,MaF,3,12,5019,0.0144244162247391,0.1926567803403426
IVFNSGAIII,MaF6,MaF,3,12,5020,0.0143425261922578,0.1941832924327236
IVFNSGAIII,MaF6,MaF,3,12,5021,0.0133826337192758,0.1932447547496295
IVFNSGAIII,MaF6,MaF,3,12,5022,0.0140707123079964,0.1931740014534124
IVFNSGAIII,MaF6,MaF,3,12,5023,0.0164840959138168,0.1920315311857996
IVFNSGAIII,MaF6,MaF,3,12,5024,0.0170038357176479,0.1921370042110501
IVFNSGAIII,MaF6,MaF,3,12,5025,0.0149919915102385,0.1929299353228919
IVFNSGAIII,MaF6,MaF,3,12,5026,0.0141726205131533,0.1927236972872998
IVFNSGAIII,MaF6,MaF,3,12,5027,0.0150930594241211,0.1914574123475427
IVFNSGAIII,MaF6,MaF,3,12,5028,0.0131276050803625,0.1938555246590766
IVFNSGAIII,MaF6,MaF,3,12,5029,0.0163409090225374,0.1921700236024987
IVFNSGAIII,MaF6,MaF,3,12,5030,0.0162881070531066,0.1921309091700667
IVFNSGAIII,MaF7,MaF,2,21,5001,0.0050159597513907,0.2428294393809432
IVFNSGAIII,MaF7,MaF,2,21,5002,0.0049770276219598,0.2428291417501482
IVFNSGAIII,MaF7,MaF,2,21,5003,0.004855150669898,0.242861971063036
IVFNSGAIII,MaF7,MaF,2,21,5004,0.0051161446775063,0.2427975376844227
IVFNSGAIII,MaF7,MaF,2,21,5005,0.004946732640703,0.2428416518940266
IVFNSGAIII,MaF7,MaF,2,21,5006,0.0051181094007864,0.2428011484265097
IVFNSGAIII,MaF7,MaF,2,21,5007,0.0050113014284256,0.242825612518549
IVFNSGAIII,MaF7,MaF,2,21,5008,0.0050382141495251,0.242817591428531
IVFNSGAIII,MaF7,MaF,2,21,5009,0.0050577826513184,0.2428114840482257
IVFNSGAIII,MaF7,MaF,2,21,5010,0.0050605198569969,0.2428177948609388
IVFNSGAIII,MaF7,MaF,2,21,5011,0.0051021742057753,0.2428033736351018
IVFNSGAIII,MaF7,MaF,2,21,5012,0.0049583711076139,0.2428329993251885
IVFNSGAIII,MaF7,MaF,2,21,5013,0.0051015649523618,0.2428060891209704
IVFNSGAIII,MaF7,MaF,2,21,5014,0.005043712966887,0.2428227257658316
IVFNSGAIII,MaF7,MaF,2,21,5015,0.0051074306973333,0.2428006424450683
IVFNSGAIII,MaF7,MaF,2,21,5016,0.0050905250653822,0.2428082386339089
IVFNSGAIII,MaF7,MaF,2,21,5017,0.0051220022183445,0.242805049409525
IVFNSGAIII,MaF7,MaF,2,21,5018,0.004950193068114,0.2428376545680039
IVFNSGAIII,MaF7,MaF,2,21,5019,0.0049667849758226,0.2428355241495704
IVFNSGAIII,MaF7,MaF,2,21,5020,0.0050018762955128,0.2428302413652045
IVFNSGAIII,MaF7,MaF,2,21,5021,0.0049773988655275,0.2428219318515421
IVFNSGAIII,MaF7,MaF,2,21,5022,0.0050017867738485,0.2428247178331251
IVFNSGAIII,MaF7,MaF,2,21,5023,0.0050649564254962,0.2428100024484396
IVFNSGAIII,MaF7,MaF,2,21,5024,0.0051593878791941,0.2427987680238806
IVFNSGAIII,MaF7,MaF,2,21,5025,0.0050429100325312,0.242815294674341
IVFNSGAIII,MaF7,MaF,2,21,5026,0.0048870330690224,0.2428541998854635
IVFNSGAIII,MaF7,MaF,2,21,5027,0.0050762114329887,0.2428050757002839
IVFNSGAIII,MaF7,MaF,2,21,5028,0.0049419000812908,0.2428371023745699
IVFNSGAIII,MaF7,MaF,2,21,5029,0.0051081356713799,0.2428067978491072
IVFNSGAIII,MaF7,MaF,2,21,5030,0.0050282866524402,0.2428184006194799
IVFNSGAIII,MaF7,MaF,3,22,5001,0.0709143681194156,0.2693692883997926
IVFNSGAIII,MaF7,MaF,3,22,5002,0.0722144756860235,0.2674095604923404
IVFNSGAIII,MaF7,MaF,3,22,5003,0.0727243214927048,0.2707378620748024
IVFNSGAIII,MaF7,MaF,3,22,5004,0.0783137058409824,0.2697293759490787
IVFNSGAIII,MaF7,MaF,3,22,5005,0.0775301811434875,0.2707180569441494
IVFNSGAIII,MaF7,MaF,3,22,5006,0.07941888040378,0.2672275351559656
IVFNSGAIII,MaF7,MaF,3,22,5007,0.0792193301908184,0.2697778329368884
IVFNSGAIII,MaF7,MaF,3,22,5008,0.0776317587041279,0.2681053876657787
IVFNSGAIII,MaF7,MaF,3,22,5009,0.0787672190573409,0.2679090994668746
IVFNSGAIII,MaF7,MaF,3,22,5010,0.0756105883301132,0.2693753954067771
IVFNSGAIII,MaF7,MaF,3,22,5011,0.0718789716424907,0.2686052173627123
IVFNSGAIII,MaF7,MaF,3,22,5012,0.0771677255314362,0.2648122608591783
IVFNSGAIII,MaF7,MaF,3,22,5013,0.0789762943062263,0.2702985155962785
IVFNSGAIII,MaF7,MaF,3,22,5014,0.0792468056733295,0.2643278990596244
IVFNSGAIII,MaF7,MaF,3,22,5015,0.0752479724140137,0.269024291407927
IVFNSGAIII,MaF7,MaF,3,22,5016,0.0751536367289079,0.2665076702274784
IVFNSGAIII,MaF7,MaF,3,22,5017,0.07054507656843,0.2704587347075048
IVFNSGAIII,MaF7,MaF,3,22,5018,0.0775599248709849,0.26952725183967
IVFNSGAIII,MaF7,MaF,3,22,5019,0.0784332777217882,0.2656221021366967
IVFNSGAIII,MaF7,MaF,3,22,5020,0.0727835164552768,0.2716556505448401
IVFNSGAIII,MaF7,MaF,3,22,5021,0.0754128738579518,0.2692092338243373
IVFNSGAIII,MaF7,MaF,3,22,5022,0.0754170555082102,0.2702969254027296
IVFNSGAIII,MaF7,MaF,3,22,5023,0.0770906634982575,0.2685638425012419
IVFNSGAIII,MaF7,MaF,3,22,5024,0.0827900327338,0.2669329214445592
IVFNSGAIII,MaF7,MaF,3,22,5025,0.0869026840301343,0.2655105260241127
IVFNSGAIII,MaF7,MaF,3,22,5026,0.0776528212711771,0.2676233703383496
IVFNSGAIII,MaF7,MaF,3,22,5027,0.072641024752979,0.2656306386423362
IVFNSGAIII,MaF7,MaF,3,22,5028,0.0709875185110387,0.2730076073945857
IVFNSGAIII,MaF7,MaF,3,22,5029,0.0770583410595961,0.2660781317624937
IVFNSGAIII,MaF7,MaF,3,22,5030,0.0769286432476972,0.2678301070253986
IVFNSGAIII,WFG1,WFG,2,11,5001,0.1097247590676987,0.6579826745381322
IVFNSGAIII,WFG1,WFG,2,11,5002,0.0677615310411876,0.6769121178537345
IVFNSGAIII,WFG1,WFG,2,11,5003,0.0703280334446003,0.6754085817240443
IVFNSGAIII,WFG1,WFG,2,11,5004,0.1046847247972653,0.6642908440290719
IVFNSGAIII,WFG1,WFG,2,11,5005,0.1051071717295325,0.6640375173500991
IVFNSGAIII,WFG1,WFG,2,11,5006,0.0851884108054543,0.6725495123502305
IVFNSGAIII,WFG1,WFG,2,11,5007,0.0833968842362493,0.6731140804968007
IVFNSGAIII,WFG1,WFG,2,11,5008,0.109473036556301,0.6582347479549471
IVFNSGAIII,WFG1,WFG,2,11,5009,0.0958001443522879,0.6691132886683525
IVFNSGAIII,WFG1,WFG,2,11,5010,0.0582799241063935,0.6788170377876079
IVFNSGAIII,WFG1,WFG,2,11,5011,0.1019340156345847,0.6661637156907808
IVFNSGAIII,WFG1,WFG,2,11,5012,0.1114715781817698,0.6547218501494606
IVFNSGAIII,WFG1,WFG,2,11,5013,0.1113355515821269,0.6548180945667729
IVFNSGAIII,WFG1,WFG,2,11,5014,0.1080717749496721,0.6605535223652189
IVFNSGAIII,WFG1,WFG,2,11,5015,0.1047175821569608,0.6643313096139465
IVFNSGAIII,WFG1,WFG,2,11,5016,0.0662845960929154,0.6771662894573831
IVFNSGAIII,WFG1,WFG,2,11,5017,0.0969773938382527,0.6686403591299105
IVFNSGAIII,WFG1,WFG,2,11,5018,0.0294878013385072,0.6846477325054413
IVFNSGAIII,WFG1,WFG,2,11,5019,0.1098530783662318,0.6578339558687536
IVFNSGAIII,WFG1,WFG,2,11,5020,0.095928747442823,0.6690734136895485
IVFNSGAIII,WFG1,WFG,2,11,5021,0.0917690518610704,0.6706026336914959
IVFNSGAIII,WFG1,WFG,2,11,5022,0.1024107167340175,0.6658477316939784
IVFNSGAIII,WFG1,WFG,2,11,5023,0.0959076202559229,0.6690782067202031
IVFNSGAIII,WFG1,WFG,2,11,5024,0.0670802378408269,0.6769377137410634
IVFNSGAIII,WFG1,WFG,2,11,5025,0.1049946063556472,0.6640722998218913
IVFNSGAIII,WFG1,WFG,2,11,5026,0.097525400602091,0.6683816666754515
IVFNSGAIII,WFG1,WFG,2,11,5027,0.0588915659774993,0.6787474014611012
IVFNSGAIII,WFG1,WFG,2,11,5028,0.1049829387957085,0.6642299899251716
IVFNSGAIII,WFG1,WFG,2,11,5029,0.0422191563633178,0.6786088092015046
IVFNSGAIII,WFG1,WFG,2,11,5030,0.1170146798130472,0.6476168911912805
IVFNSGAIII,WFG1,WFG,3,12,5001,0.1466744205421293,0.9437747973578636
IVFNSGAIII,WFG1,WFG,3,12,5002,0.1489393830292726,0.9428490817030436
IVFNSGAIII,WFG1,WFG,3,12,5003,0.1503548165484129,0.9421257648148662
IVFNSGAIII,WFG1,WFG,3,12,5004,0.1483728379490143,0.9433136851439472
IVFNSGAIII,WFG1,WFG,3,12,5005,0.1480769411965923,0.9425459035063916
IVFNSGAIII,WFG1,WFG,3,12,5006,0.1470047358597489,0.9434076905964296
IVFNSGAIII,WFG1,WFG,3,12,5007,0.1475954358194009,0.9433727632397856
IVFNSGAIII,WFG1,WFG,3,12,5008,0.1477027680566395,0.9437575991655852
IVFNSGAIII,WFG1,WFG,3,12,5009,0.1477225188196865,0.9436137800612632
IVFNSGAIII,WFG1,WFG,3,12,5010,0.1640851630696472,0.9398047713058651
IVFNSGAIII,WFG1,WFG,3,12,5011,0.1533921657662163,0.9420209019364704
IVFNSGAIII,WFG1,WFG,3,12,5012,0.147461948722248,0.94358330133246
IVFNSGAIII,WFG1,WFG,3,12,5013,0.1581107312096584,0.9418148037151272
IVFNSGAIII,WFG1,WFG,3,12,5014,0.1493508091132052,0.9417849684902668
IVFNSGAIII,WFG1,WFG,3,12,5015,0.1504876085854143,0.9421471884501968
IVFNSGAIII,WFG1,WFG,3,12,5016,0.1635372101204331,0.9413921239233368
IVFNSGAIII,WFG1,WFG,3,12,5017,0.1479982666877767,0.9424631529842076
IVFNSGAIII,WFG1,WFG,3,12,5018,0.1478588263136479,0.943385876351846
IVFNSGAIII,WFG1,WFG,3,12,5019,0.1469431432950227,0.9433689301154202
IVFNSGAIII,WFG1,WFG,3,12,5020,0.1478101708707919,0.943714216254151
IVFNSGAIII,WFG1,WFG,3,12,5021,0.1484402670053968,0.942980113902988
IVFNSGAIII,WFG1,WFG,3,12,5022,0.1495321497455209,0.9427412675112355
IVFNSGAIII,WFG1,WFG,3,12,5023,0.1486343002424931,0.9425456087787786
IVFNSGAIII,WFG1,WFG,3,12,5024,0.1465923152704901,0.943404298132012
IVFNSGAIII,WFG1,WFG,3,12,5025,0.1479381631344298,0.9436104366222005
IVFNSGAIII,WFG1,WFG,3,12,5026,0.1491484050634719,0.9422954555166096
IVFNSGAIII,WFG1,WFG,3,12,5027,0.1478062907289319,0.9430871859457544
IVFNSGAIII,WFG1,WFG,3,12,5028,0.1496920323781527,0.9419756391661204
IVFNSGAIII,WFG1,WFG,3,12,5029,0.1542706051850806,0.9418509554721184
IVFNSGAIII,WFG1,WFG,3,12,5030,0.1470971193893752,0.943789970747542
IVFNSGAIII,WFG2,WFG,2,11,5001,0.0147349418807662,0.6325690631141622
IVFNSGAIII,WFG2,WFG,2,11,5002,0.0138383294925584,0.6329251939502325
IVFNSGAIII,WFG2,WFG,2,11,5003,0.014487286759806,0.6327054291804224
IVFNSGAIII,WFG2,WFG,2,11,5004,0.0142470738670479,0.632515444673301
IVFNSGAIII,WFG2,WFG,2,11,5005,0.0133561010633816,0.6326628781260737
IVFNSGAIII,WFG2,WFG,2,11,5006,0.0136064675622839,0.6328224813278382
IVFNSGAIII,WFG2,WFG,2,11,5007,0.0143849172517563,0.6323612269619809
IVFNSGAIII,WFG2,WFG,2,11,5008,0.0138182248224588,0.6325125687380053
IVFNSGAIII,WFG2,WFG,2,11,5009,0.0138645870461437,0.6325938898298896
IVFNSGAIII,WFG2,WFG,2,11,5010,0.0141443114323073,0.6325406496797085
IVFNSGAIII,WFG2,WFG,2,11,5011,0.0134469489914052,0.6330358337956948
IVFNSGAIII,WFG2,WFG,2,11,5012,0.0135793648906129,0.6328040033681583
IVFNSGAIII,WFG2,WFG,2,11,5013,0.0144368260595938,0.6326041557616385
IVFNSGAIII,WFG2,WFG,2,11,5014,0.0139235805450941,0.6327477470832611
IVFNSGAIII,WFG2,WFG,2,11,5015,0.0139380457837136,0.6328665600000273
IVFNSGAIII,WFG2,WFG,2,11,5016,0.0138896585986999,0.6326895766182424
IVFNSGAIII,WFG2,WFG,2,11,5017,0.0135430704029084,0.6328245379437506
IVFNSGAIII,WFG2,WFG,2,11,5018,0.0142148658578535,0.6326166117992089
IVFNSGAIII,WFG2,WFG,2,11,5019,0.0133165006501944,0.6326881574188615
IVFNSGAIII,WFG2,WFG,2,11,5020,0.0143512726821709,0.6329384946718662
IVFNSGAIII,WFG2,WFG,2,11,5021,0.0135656228339432,0.6325961538151733
IVFNSGAIII,WFG2,WFG,2,11,5022,0.014605987991634,0.632498500717412
IVFNSGAIII,WFG2,WFG,2,11,5023,0.0135066596013047,0.6327767373027046
IVFNSGAIII,WFG2,WFG,2,11,5024,0.013434112669774,0.6328693773055893
IVFNSGAIII,WFG2,WFG,2,11,5025,0.0139743097894544,0.6326930323237749
IVFNSGAIII,WFG2,WFG,2,11,5026,0.0141670565890577,0.6324498259997164
IVFNSGAIII,WFG2,WFG,2,11,5027,0.0138876651993014,0.6323950957513906
IVFNSGAIII,WFG2,WFG,2,11,5028,0.0139418889097616,0.6326075781996168
IVFNSGAIII,WFG2,WFG,2,11,5029,0.0151339493115053,0.6323225434450084
IVFNSGAIII,WFG2,WFG,2,11,5030,0.0142608544652024,0.6329406763336751
IVFNSGAIII,WFG2,WFG,3,12,5001,0.1653426587218499,0.9312541320304328
IVFNSGAIII,WFG2,WFG,3,12,5002,0.1636377923570512,0.9299984296980466
IVFNSGAIII,WFG2,WFG,3,12,5003,0.1659688733429321,0.930326114448299
IVFNSGAIII,WFG2,WFG,3,12,5004,0.1644499238288085,0.9314048920881428
IVFNSGAIII,WFG2,WFG,3,12,5005,0.1642700763141665,0.9313182224927804
IVFNSGAIII,WFG2,WFG,3,12,5006,0.1646609493193909,0.9308662598595526
IVFNSGAIII,WFG2,WFG,3,12,5007,0.1645726202054996,0.9294877774142744
IVFNSGAIII,WFG2,WFG,3,12,5008,0.162098427857425,0.9325751443537926
IVFNSGAIII,WFG2,WFG,3,12,5009,0.1642184502094882,0.9310388440102376
IVFNSGAIII,WFG2,WFG,3,12,5010,0.1642994703148261,0.9309856784484614
IVFNSGAIII,WFG2,WFG,3,12,5011,0.1644213567273764,0.9309255178766096
IVFNSGAIII,WFG2,WFG,3,12,5012,0.1655133501607522,0.931633411114904
IVFNSGAIII,WFG2,WFG,3,12,5013,0.165074678823407,0.9310289146710726
IVFNSGAIII,WFG2,WFG,3,12,5014,0.1618057603642874,0.9313997240270976
IVFNSGAIII,WFG2,WFG,3,12,5015,0.1641224249906314,0.9317648808680732
IVFNSGAIII,WFG2,WFG,3,12,5016,0.1651678844794411,0.9318431075140235
IVFNSGAIII,WFG2,WFG,3,12,5017,0.1627805432387929,0.9317674789859308
IVFNSGAIII,WFG2,WFG,3,12,5018,0.1644577038736079,0.930656764973287
IVFNSGAIII,WFG2,WFG,3,12,5019,0.1648754914662647,0.931499929927622
IVFNSGAIII,WFG2,WFG,3,12,5020,0.1649985170881895,0.9320060131897324
IVFNSGAIII,WFG2,WFG,3,12,5021,0.1649667518168884,0.9311175690132232
IVFNSGAIII,WFG2,WFG,3,12,5022,0.164058794225014,0.9314394299544766
IVFNSGAIII,WFG2,WFG,3,12,5023,0.1652920998877365,0.9315480577146326
IVFNSGAIII,WFG2,WFG,3,12,5024,0.1640435791012061,0.93037664509706
IVFNSGAIII,WFG2,WFG,3,12,5025,0.1642265166983498,0.9313463878056168
IVFNSGAIII,WFG2,WFG,3,12,5026,0.1651100613764004,0.9296931806085472
IVFNSGAIII,WFG2,WFG,3,12,5027,0.1652915682638811,0.9305194194652716
IVFNSGAIII,WFG2,WFG,3,12,5028,0.164191545773048,0.9314267542460436
IVFNSGAIII,WFG2,WFG,3,12,5029,0.1661229881501817,0.9293501635497532
IVFNSGAIII,WFG2,WFG,3,12,5030,0.1645039405999843,0.9313300574843226
IVFNSGAIII,WFG3,WFG,2,11,5001,0.0112954233166638,0.5825306396182861
IVFNSGAIII,WFG3,WFG,2,11,5002,0.0112970964467915,0.5825054127080252
IVFNSGAIII,WFG3,WFG,2,11,5003,0.0113707256298034,0.5821558269271356
IVFNSGAIII,WFG3,WFG,2,11,5004,0.0113207440041207,0.5823513167984306
IVFNSGAIII,WFG3,WFG,2,11,5005,0.0113014145678036,0.5824677250158424
IVFNSGAIII,WFG3,WFG,2,11,5006,0.0113697026612988,0.5821553250588147
IVFNSGAIII,WFG3,WFG,2,11,5007,0.0113157789133407,0.582374784788791
IVFNSGAIII,WFG3,WFG,2,11,5008,0.0113460590165303,0.5822393770119761
IVFNSGAIII,WFG3,WFG,2,11,5009,0.0113061352404567,0.5824346204392762
IVFNSGAIII,WFG3,WFG,2,11,5010,0.0113182436189128,0.5823599515594289
IVFNSGAIII,WFG3,WFG,2,11,5011,0.0113520509229465,0.5822176992796827
IVFNSGAIII,WFG3,WFG,2,11,5012,0.0115526229757421,0.5817237569416475
IVFNSGAIII,WFG3,WFG,2,11,5013,0.0113238699491756,0.582337210092044
IVFNSGAIII,WFG3,WFG,2,11,5014,0.0112957987670053,0.582517109899286
IVFNSGAIII,WFG3,WFG,2,11,5015,0.0113571208105544,0.5821989897380189
IVFNSGAIII,WFG3,WFG,2,11,5016,0.0112994560300223,0.5824870954844881
IVFNSGAIII,WFG3,WFG,2,11,5017,0.0113310453643193,0.5823010577767063
IVFNSGAIII,WFG3,WFG,2,11,5018,0.0113411432084207,0.5822576554840531
IVFNSGAIII,WFG3,WFG,2,11,5019,0.0113101608531367,0.5824074028221832
IVFNSGAIII,WFG3,WFG,2,11,5020,0.0113457438495033,0.5822427086428559
IVFNSGAIII,WFG3,WFG,2,11,5021,0.0113133066773203,0.5823867767140586
IVFNSGAIII,WFG3,WFG,2,11,5022,0.0113344796924769,0.5822857034328438
IVFNSGAIII,WFG3,WFG,2,11,5023,0.0114557409401651,0.5819297776444265
IVFNSGAIII,WFG3,WFG,2,11,5024,0.011323179953013,0.5823364029366381
IVFNSGAIII,WFG3,WFG,2,11,5025,0.0113009457586378,0.5824756492447434
IVFNSGAIII,WFG3,WFG,2,11,5026,0.0113171225942016,0.5823760705501522
IVFNSGAIII,WFG3,WFG,2,11,5027,0.0113270750578173,0.5823234672808872
IVFNSGAIII,WFG3,WFG,2,11,5028,0.0113016369953707,0.5824657117587143
IVFNSGAIII,WFG3,WFG,2,11,5029,0.0113206912202134,0.5823489490455792
IVFNSGAIII,WFG3,WFG,2,11,5030,0.0112994995227588,0.582496800388106
IVFNSGAIII,WFG3,WFG,3,12,5001,0.0981631958964777,0.3913644773812989
IVFNSGAIII,WFG3,WFG,3,12,5002,0.0875971660104787,0.3875933559473253
IVFNSGAIII,WFG3,WFG,3,12,5003,0.1233181977336343,0.3764625577186462
IVFNSGAIII,WFG3,WFG,3,12,5004,0.1466997096854808,0.366684637389036
IVFNSGAIII,WFG3,WFG,3,12,5005,0.0950440803612232,0.3945653218207083
IVFNSGAIII,WFG3,WFG,3,12,5006,0.1035761426800611,0.3854032409686435
IVFNSGAIII,WFG3,WFG,3,12,5007,0.0836711283449289,0.3952160979147807
IVFNSGAIII,WFG3,WFG,3,12,5008,0.1088873061498454,0.3853820839474438
IVFNSGAIII,WFG3,WFG,3,12,5009,0.09079214919293,0.3908560150038925
IVFNSGAIII,WFG3,WFG,3,12,5010,0.1106848133715025,0.3872981663264569
IVFNSGAIII,WFG3,WFG,3,12,5011,0.1205169631762393,0.3816356130903056
IVFNSGAIII,WFG3,WFG,3,12,5012,0.1099422882151064,0.386761914596619
IVFNSGAIII,WFG3,WFG,3,12,5013,0.0898691510610828,0.394574836150504
IVFNSGAIII,WFG3,WFG,3,12,5014,0.0901990987569835,0.3905581992409521
IVFNSGAIII,WFG3,WFG,3,12,5015,0.1319863625658374,0.3728456050469316
IVFNSGAIII,WFG3,WFG,3,12,5016,0.1012732349595614,0.3874880534101415
IVFNSGAIII,WFG3,WFG,3,12,5017,0.0922775137224686,0.392178246219913
IVFNSGAIII,WFG3,WFG,3,12,5018,0.1218539256056044,0.3763562120182026
IVFNSGAIII,WFG3,WFG,3,12,5019,0.1202730061630731,0.3823849651961716
IVFNSGAIII,WFG3,WFG,3,12,5020,0.0846847194213273,0.3931652906591763
IVFNSGAIII,WFG3,WFG,3,12,5021,0.1189779827916992,0.3830754643850642
IVFNSGAIII,WFG3,WFG,3,12,5022,0.0926640654628933,0.3881055600346653
IVFNSGAIII,WFG3,WFG,3,12,5023,0.107810373142711,0.3851807180881876
IVFNSGAIII,WFG3,WFG,3,12,5024,0.0949274494996235,0.3918402410000469
IVFNSGAIII,WFG3,WFG,3,12,5025,0.1269213582090098,0.3761977553209965
IVFNSGAIII,WFG3,WFG,3,12,5026,0.1110928341060491,0.3885570939567609
IVFNSGAIII,WFG3,WFG,3,12,5027,0.1202315298374608,0.3856022418804372
IVFNSGAIII,WFG3,WFG,3,12,5028,0.1122317142002192,0.3812791547578062
IVFNSGAIII,WFG3,WFG,3,12,5029,0.1028280462521758,0.3858715823052765
IVFNSGAIII,WFG3,WFG,3,12,5030,0.088996365258384,0.3936810594717229
IVFNSGAIII,WFG4,WFG,2,11,5001,0.0122317643179315,0.3472148872212087
IVFNSGAIII,WFG4,WFG,2,11,5002,0.0122307853370937,0.3472086125215543
IVFNSGAIII,WFG4,WFG,2,11,5003,0.0122315418918619,0.3472130245701863
IVFNSGAIII,WFG4,WFG,2,11,5004,0.0122342066525883,0.3471622770845268
IVFNSGAIII,WFG4,WFG,2,11,5005,0.0122343825904029,0.347165083926238
IVFNSGAIII,WFG4,WFG,2,11,5006,0.0122320639673208,0.3472119152806805
IVFNSGAIII,WFG4,WFG,2,11,5007,0.0122321525025922,0.3472025706884586
IVFNSGAIII,WFG4,WFG,2,11,5008,0.0122363373558776,0.347121578173958
IVFNSGAIII,WFG4,WFG,2,11,5009,0.0122331633883995,0.3472115590931989
IVFNSGAIII,WFG4,WFG,2,11,5010,0.0122329222424439,0.3472120166339373
IVFNSGAIII,WFG4,WFG,2,11,5011,0.0122316239582073,0.347213052254447
IVFNSGAIII,WFG4,WFG,2,11,5012,0.0122345089968995,0.3471542998910248
IVFNSGAIII,WFG4,WFG,2,11,5013,0.012232165802072,0.3472139341598477
IVFNSGAIII,WFG4,WFG,2,11,5014,0.0122321987747521,0.3472148519417344
IVFNSGAIII,WFG4,WFG,2,11,5015,0.0122324155179477,0.347203929863921
IVFNSGAIII,WFG4,WFG,2,11,5016,0.0122327249222543,0.3471509969303635
IVFNSGAIII,WFG4,WFG,2,11,5017,0.0122351996964657,0.3471695313919555
IVFNSGAIII,WFG4,WFG,2,11,5018,0.0122314704357822,0.3472143462872296
IVFNSGAIII,WFG4,WFG,2,11,5019,0.0122335456895457,0.3471695864650339
IVFNSGAIII,WFG4,WFG,2,11,5020,0.0122311852882997,0.3472150547991351
IVFNSGAIII,WFG4,WFG,2,11,5021,0.0122525836148596,0.3471742543825404
IVFNSGAIII,WFG4,WFG,2,11,5022,0.0122333226595736,0.3472091021257411
IVFNSGAIII,WFG4,WFG,2,11,5023,0.0122325316978431,0.3472137565865665
IVFNSGAIII,WFG4,WFG,2,11,5024,0.0122355745823302,0.3471287018578481
IVFNSGAIII,WFG4,WFG,2,11,5025,0.0122332547605011,0.3471918020216693
IVFNSGAIII,WFG4,WFG,2,11,5026,0.0122321408290893,0.3472066612235897
IVFNSGAIII,WFG4,WFG,2,11,5027,0.012232081744732,0.3471983554340561
IVFNSGAIII,WFG4,WFG,2,11,5028,0.0122321870403947,0.3472114052893698
IVFNSGAIII,WFG4,WFG,2,11,5029,0.0122320308786433,0.3472079958780053
IVFNSGAIII,WFG4,WFG,2,11,5030,0.012235551238595,0.3471304911902456
IVFNSGAIII,WFG4,WFG,3,12,5001,0.2209201277319961,0.5588030758003834
IVFNSGAIII,WFG4,WFG,3,12,5002,0.2210377031883159,0.5583070113609166
IVFNSGAIII,WFG4,WFG,3,12,5003,0.2208650240497237,0.5587533655821673
IVFNSGAIII,WFG4,WFG,3,12,5004,0.2209562844060558,0.5588375940814319
IVFNSGAIII,WFG4,WFG,3,12,5005,0.2209936242564463,0.5589068462927835
IVFNSGAIII,WFG4,WFG,3,12,5006,0.2209090315432703,0.5590532142161404
IVFNSGAIII,WFG4,WFG,3,12,5007,0.2210205901922106,0.5589305324503531
IVFNSGAIII,WFG4,WFG,3,12,5008,0.2209560004047805,0.5588046693497981
IVFNSGAIII,WFG4,WFG,3,12,5009,0.2208994300829553,0.5590687693975075
IVFNSGAIII,WFG4,WFG,3,12,5010,0.2208876926991272,0.5589154186624804
IVFNSGAIII,WFG4,WFG,3,12,5011,0.2208661018131889,0.5588118291715257
IVFNSGAIII,WFG4,WFG,3,12,5012,0.2208435915445243,0.5589078314560789
IVFNSGAIII,WFG4,WFG,3,12,5013,0.2209382262978762,0.5590295761889086
IVFNSGAIII,WFG4,WFG,3,12,5014,0.2209310524867449,0.5589496791364169
IVFNSGAIII,WFG4,WFG,3,12,5015,0.2208831919508589,0.5588779914533554
IVFNSGAIII,WFG4,WFG,3,12,5016,0.2210706773861869,0.5591108781075926
IVFNSGAIII,WFG4,WFG,3,12,5017,0.2209517814168916,0.5589077892707859
IVFNSGAIII,WFG4,WFG,3,12,5018,0.2212712347426888,0.5584028096019559
IVFNSGAIII,WFG4,WFG,3,12,5019,0.2209638432474271,0.5590302355477083
IVFNSGAIII,WFG4,WFG,3,12,5020,0.2209974837544321,0.5589040328773254
IVFNSGAIII,WFG4,WFG,3,12,5021,0.2209389420388804,0.558942996950129
IVFNSGAIII,WFG4,WFG,3,12,5022,0.220849635987179,0.5588321049743032
IVFNSGAIII,WFG4,WFG,3,12,5023,0.2209143314774753,0.558980751251323
IVFNSGAIII,WFG4,WFG,3,12,5024,0.2209306757192444,0.5588214767852068
IVFNSGAIII,WFG4,WFG,3,12,5025,0.220882058917978,0.5588425875820925
IVFNSGAIII,WFG4,WFG,3,12,5026,0.2209180159324472,0.5586508961783768
IVFNSGAIII,WFG4,WFG,3,12,5027,0.2210064509929876,0.5590628634904606
IVFNSGAIII,WFG4,WFG,3,12,5028,0.2210284282350038,0.5587539873207547
IVFNSGAIII,WFG4,WFG,3,12,5029,0.2208825205634653,0.5590607006636032
IVFNSGAIII,WFG4,WFG,3,12,5030,0.2208792254598919,0.5588315085574668
IVFNSGAIII,WFG5,WFG,2,11,5001,0.0633753270818005,0.3133564020692583
IVFNSGAIII,WFG5,WFG,2,11,5002,0.0633696142656504,0.3133781749721501
IVFNSGAIII,WFG5,WFG,2,11,5003,0.0633740921624139,0.3133798682201045
IVFNSGAIII,WFG5,WFG,2,11,5004,0.0633721559942935,0.3133734985136126
IVFNSGAIII,WFG5,WFG,2,11,5005,0.0633688694338403,0.3133805087712218
IVFNSGAIII,WFG5,WFG,2,11,5006,0.0633704300163661,0.3133747882061503
IVFNSGAIII,WFG5,WFG,2,11,5007,0.0633706326343193,0.3133739309019329
IVFNSGAIII,WFG5,WFG,2,11,5008,0.0633697493047201,0.3133775097730507
IVFNSGAIII,WFG5,WFG,2,11,5009,0.0633691733360462,0.3133795285957792
IVFNSGAIII,WFG5,WFG,2,11,5010,0.0633721465427728,0.3133710489383007
IVFNSGAIII,WFG5,WFG,2,11,5011,0.0633716272548692,0.3133703295476092
IVFNSGAIII,WFG5,WFG,2,11,5012,0.063370949072473,0.3133770903805754
IVFNSGAIII,WFG5,WFG,2,11,5013,0.0633801453890272,0.3133441987460282
IVFNSGAIII,WFG5,WFG,2,11,5014,0.0633935689540898,0.3133232784559943
IVFNSGAIII,WFG5,WFG,2,11,5015,0.0633725989927369,0.3133667496512063
IVFNSGAIII,WFG5,WFG,2,11,5016,0.0633730558958731,0.3133648663481855
IVFNSGAIII,WFG5,WFG,2,11,5017,0.0633716093088684,0.3133711012268771
IVFNSGAIII,WFG5,WFG,2,11,5018,0.0633704929222322,0.3133746271675489
IVFNSGAIII,WFG5,WFG,2,11,5019,0.0633712484365203,0.3133725115877342
IVFNSGAIII,WFG5,WFG,2,11,5020,0.0575744193852958,0.3166216961869484
IVFNSGAIII,WFG5,WFG,2,11,5021,0.0633723743921232,0.3133727173186739
IVFNSGAIII,WFG5,WFG,2,11,5022,0.0633748609609079,0.3133593514930215
IVFNSGAIII,WFG5,WFG,2,11,5023,0.0633703586445507,0.3133762161553909
IVFNSGAIII,WFG5,WFG,2,11,5024,0.0633723975092915,0.3133698026824235
IVFNSGAIII,WFG5,WFG,2,11,5025,0.0633702198185797,0.3133803981146046
IVFNSGAIII,WFG5,WFG,2,11,5026,0.06337815547599,0.3133761456393253
IVFNSGAIII,WFG5,WFG,2,11,5027,0.0633684316642336,0.3133823270483764
IVFNSGAIII,WFG5,WFG,2,11,5028,0.0633713709471153,0.3133719197336938
IVFNSGAIII,WFG5,WFG,2,11,5029,0.0633706646126277,0.3133737637197826
IVFNSGAIII,WFG5,WFG,2,11,5030,0.063382608087378,0.3133684083410582
IVFNSGAIII,WFG5,WFG,3,12,5001,0.2298753103765365,0.5184296969840195
IVFNSGAIII,WFG5,WFG,3,12,5002,0.2299075091739262,0.5184539252842226
IVFNSGAIII,WFG5,WFG,3,12,5003,0.229867038670767,0.5184489394698307
IVFNSGAIII,WFG5,WFG,3,12,5004,0.2299374751870071,0.5183704683803788
IVFNSGAIII,WFG5,WFG,3,12,5005,0.2298845734578695,0.5184555982651269
IVFNSGAIII,WFG5,WFG,3,12,5006,0.2298634462757523,0.518437509179311
IVFNSGAIII,WFG5,WFG,3,12,5007,0.229884432675164,0.518439390892713
IVFNSGAIII,WFG5,WFG,3,12,5008,0.229877370052401,0.518432796466278
IVFNSGAIII,WFG5,WFG,3,12,5009,0.2298833984400156,0.5184353725937665
IVFNSGAIII,WFG5,WFG,3,12,5010,0.2299522250849472,0.5183867190989775
IVFNSGAIII,WFG5,WFG,3,12,5011,0.2298903078306043,0.5184355570539713
IVFNSGAIII,WFG5,WFG,3,12,5012,0.2298587115974965,0.5183924713286364
IVFNSGAIII,WFG5,WFG,3,12,5013,0.2298658054530656,0.5184350079656876
IVFNSGAIII,WFG5,WFG,3,12,5014,0.2298937801884296,0.5184476858385462
IVFNSGAIII,WFG5,WFG,3,12,5015,0.2299076858956576,0.5184068149804266
IVFNSGAIII,WFG5,WFG,3,12,5016,0.2298008462649103,0.5183862804408316
IVFNSGAIII,WFG5,WFG,3,12,5017,0.2298928244689112,0.5184395713223723
IVFNSGAIII,WFG5,WFG,3,12,5018,0.2298467798365372,0.5184312881876972
IVFNSGAIII,WFG5,WFG,3,12,5019,0.2298792310195863,0.5183712921280789
IVFNSGAIII,WFG5,WFG,3,12,5020,0.2298942064357247,0.5184368746350474
IVFNSGAIII,WFG5,WFG,3,12,5021,0.2298418422327423,0.5184458822679966
IVFNSGAIII,WFG5,WFG,3,12,5022,0.2298396420289649,0.5183746078862491
IVFNSGAIII,WFG5,WFG,3,12,5023,0.2298459331031542,0.518444283997697
IVFNSGAIII,WFG5,WFG,3,12,5024,0.2298821163066622,0.5183919267640114
IVFNSGAIII,WFG5,WFG,3,12,5025,0.2298992309271367,0.5184448142348228
IVFNSGAIII,WFG5,WFG,3,12,5026,0.2298621061344234,0.5184298453258566
IVFNSGAIII,WFG5,WFG,3,12,5027,0.229869398637245,0.518447203055143
IVFNSGAIII,WFG5,WFG,3,12,5028,0.2299423057597235,0.5184260918222169
IVFNSGAIII,WFG5,WFG,3,12,5029,0.229895683038162,0.5184519789460571
IVFNSGAIII,WFG5,WFG,3,12,5030,0.2299329624194271,0.5183453237337131
IVFNSGAIII,WFG6,WFG,2,11,5001,0.0743725412518507,0.30727436510443
IVFNSGAIII,WFG6,WFG,2,11,5002,0.0832297050606532,0.3023982093040587
IVFNSGAIII,WFG6,WFG,2,11,5003,0.0585619223410419,0.3160709042552153
IVFNSGAIII,WFG6,WFG,2,11,5004,0.0721109019324657,0.3085247328517111
IVFNSGAIII,WFG6,WFG,2,11,5005,0.0887062116316527,0.299398190576942
IVFNSGAIII,WFG6,WFG,2,11,5006,0.0699916732551713,0.309698658063558
IVFNSGAIII,WFG6,WFG,2,11,5007,0.0476433742384893,0.3222545097245601
IVFNSGAIII,WFG6,WFG,2,11,5008,0.0906563145271095,0.2983314880777459
IVFNSGAIII,WFG6,WFG,2,11,5009,0.0712511684844192,0.3090009582537964
IVFNSGAIII,WFG6,WFG,2,11,5010,0.0871589223636698,0.3002444381695279
IVFNSGAIII,WFG6,WFG,2,11,5011,0.0879048939349492,0.2998362861192399
IVFNSGAIII,WFG6,WFG,2,11,5012,0.1041331558565865,0.2909954436142468
IVFNSGAIII,WFG6,WFG,2,11,5013,0.1228288611937959,0.2808950623693501
IVFNSGAIII,WFG6,WFG,2,11,5014,0.047153978357258,0.3225348175160538
IVFNSGAIII,WFG6,WFG,2,11,5015,0.0882781332600163,0.2996318744787656
IVFNSGAIII,WFG6,WFG,2,11,5016,0.091230256960233,0.2980178017567439
IVFNSGAIII,WFG6,WFG,2,11,5017,0.0724977398619054,0.3083116689789402
IVFNSGAIII,WFG6,WFG,2,11,5018,0.0570446030690056,0.3169251905176474
IVFNSGAIII,WFG6,WFG,2,11,5019,0.0701891767622409,0.3095891196047025
IVFNSGAIII,WFG6,WFG,2,11,5020,0.0700063206747867,0.3096910927507123
IVFNSGAIII,WFG6,WFG,2,11,5021,0.0501926736561675,0.3208005320020137
IVFNSGAIII,WFG6,WFG,2,11,5022,0.0826408795181134,0.3027212818223735
IVFNSGAIII,WFG6,WFG,2,11,5023,0.0713552534257575,0.3089434604685521
IVFNSGAIII,WFG6,WFG,2,11,5024,0.0669668782420546,0.3113789536692098
IVFNSGAIII,WFG6,WFG,2,11,5025,0.1026077276366861,0.2918231999845263
IVFNSGAIII,WFG6,WFG,2,11,5026,0.0555242105327701,0.3177801056385608
IVFNSGAIII,WFG6,WFG,2,11,5027,0.078183912661732,0.3051720610861261
IVFNSGAIII,WFG6,WFG,2,11,5028,0.0686178500031362,0.3104609214476319
IVFNSGAIII,WFG6,WFG,2,11,5029,0.0619625546394787,0.3141670717230359
IVFNSGAIII,WFG6,WFG,2,11,5030,0.0617411713244398,0.3142915432775697
IVFNSGAIII,WFG6,WFG,3,12,5001,0.2426890925257337,0.4995158087845507
IVFNSGAIII,WFG6,WFG,3,12,5002,0.2318884620385376,0.5149472838304929
IVFNSGAIII,WFG6,WFG,3,12,5003,0.2340136952999752,0.5114762384103806
IVFNSGAIII,WFG6,WFG,3,12,5004,0.2359550903015578,0.5084746422340942
IVFNSGAIII,WFG6,WFG,3,12,5005,0.2294807947366415,0.5191908596461338
IVFNSGAIII,WFG6,WFG,3,12,5006,0.2349287568261199,0.510207214913313
IVFNSGAIII,WFG6,WFG,3,12,5007,0.2342762542919283,0.5110253103302397
IVFNSGAIII,WFG6,WFG,3,12,5008,0.230462135724383,0.517434835458698
IVFNSGAIII,WFG6,WFG,3,12,5009,0.2230859476844337,0.5350493839227897
IVFNSGAIII,WFG6,WFG,3,12,5010,0.234225437353884,0.5113695864553954
IVFNSGAIII,WFG6,WFG,3,12,5011,0.2253395652936739,0.5281570267397597
IVFNSGAIII,WFG6,WFG,3,12,5012,0.2285204313547913,0.5210681189959405
IVFNSGAIII,WFG6,WFG,3,12,5013,0.2377494154855332,0.5058199809052495
IVFNSGAIII,WFG6,WFG,3,12,5014,0.2440880254490631,0.4973042639410404
IVFNSGAIII,WFG6,WFG,3,12,5015,0.2284683038801481,0.5211615058186017
IVFNSGAIII,WFG6,WFG,3,12,5016,0.2268252901124959,0.5247491228898477
IVFNSGAIII,WFG6,WFG,3,12,5017,0.2223474677132514,0.5370432059214167
IVFNSGAIII,WFG6,WFG,3,12,5018,0.2230447821858611,0.5346844821389722
IVFNSGAIII,WFG6,WFG,3,12,5019,0.2321927092757944,0.514605519947231
IVFNSGAIII,WFG6,WFG,3,12,5020,0.2309011577517565,0.5168027540404325
IVFNSGAIII,WFG6,WFG,3,12,5021,0.2310477730101024,0.5163636788512437
IVFNSGAIII,WFG6,WFG,3,12,5022,0.2352375598643293,0.5097817280542001
IVFNSGAIII,WFG6,WFG,3,12,5023,0.2327857616726825,0.5135363677555644
IVFNSGAIII,WFG6,WFG,3,12,5024,0.2343899573830282,0.5109450550699488
IVFNSGAIII,WFG6,WFG,3,12,5025,0.2254271204404829,0.5279195697875118
IVFNSGAIII,WFG6,WFG,3,12,5026,0.2260392299148941,0.5264358136266976
IVFNSGAIII,WFG6,WFG,3,12,5027,0.2316804941233886,0.5154086211235647
IVFNSGAIII,WFG6,WFG,3,12,5028,0.2237314008530875,0.5325322121407657
IVFNSGAIII,WFG6,WFG,3,12,5029,0.2368515530384921,0.5071143394745414
IVFNSGAIII,WFG6,WFG,3,12,5030,0.2327920977168633,0.5134449000178732
IVFNSGAIII,WFG7,WFG,2,11,5001,0.0122331334292171,0.3471686274307795
IVFNSGAIII,WFG7,WFG,2,11,5002,0.0122339388943165,0.3471622946097087
IVFNSGAIII,WFG7,WFG,2,11,5003,0.0122375992137462,0.347139751943969
IVFNSGAIII,WFG7,WFG,2,11,5004,0.0122339692536027,0.3471659005908755
IVFNSGAIII,WFG7,WFG,2,11,5005,0.0122361712886757,0.3471500861882229
IVFNSGAIII,WFG7,WFG,2,11,5006,0.0122329959949844,0.347172599406476
IVFNSGAIII,WFG7,WFG,2,11,5007,0.0122357128020132,0.3471605146874368
IVFNSGAIII,WFG7,WFG,2,11,5008,0.0122333596831646,0.347176340035641
IVFNSGAIII,WFG7,WFG,2,11,5009,0.0122332355934088,0.3471749663149815
IVFNSGAIII,WFG7,WFG,2,11,5010,0.0122328043153414,0.3471878426421232
IVFNSGAIII,WFG7,WFG,2,11,5011,0.0122364159168675,0.3471482543001167
IVFNSGAIII,WFG7,WFG,2,11,5012,0.0122326463482195,0.3471823836711084
IVFNSGAIII,WFG7,WFG,2,11,5013,0.0122351322196133,0.3471604186864165
IVFNSGAIII,WFG7,WFG,2,11,5014,0.0122326592121615,0.3471852391753984
IVFNSGAIII,WFG7,WFG,2,11,5015,0.0122329352500856,0.3471874189363198
IVFNSGAIII,WFG7,WFG,2,11,5016,0.0122347327756967,0.3471666647570147
IVFNSGAIII,WFG7,WFG,2,11,5017,0.01223243392086,0.3471850421268491
IVFNSGAIII,WFG7,WFG,2,11,5018,0.0122329128447245,0.3471790614841584
IVFNSGAIII,WFG7,WFG,2,11,5019,0.0122329688899711,0.347170432873878
IVFNSGAIII,WFG7,WFG,2,11,5020,0.0122326438017559,0.3471812136432409
IVFNSGAIII,WFG7,WFG,2,11,5021,0.0122330164071242,0.3471726569013014
IVFNSGAIII,WFG7,WFG,2,11,5022,0.0122335666683169,0.3471757896344725
IVFNSGAIII,WFG7,WFG,2,11,5023,0.0122366438265035,0.3471390291235353
IVFNSGAIII,WFG7,WFG,2,11,5024,0.0122322214779483,0.347187440479031
IVFNSGAIII,WFG7,WFG,2,11,5025,0.0122344312195506,0.3471733014998227
IVFNSGAIII,WFG7,WFG,2,11,5026,0.0122343855731515,0.3471613317739667
IVFNSGAIII,WFG7,WFG,2,11,5027,0.0122325089475775,0.3471838559225428
IVFNSGAIII,WFG7,WFG,2,11,5028,0.0122336631749726,0.3471681086201886
IVFNSGAIII,WFG7,WFG,2,11,5029,0.0122353363091149,0.3471472526821906
IVFNSGAIII,WFG7,WFG,2,11,5030,0.0122342814544761,0.3471581717059875
IVFNSGAIII,WFG7,WFG,3,12,5001,0.221055937782889,0.558627391562155
IVFNSGAIII,WFG7,WFG,3,12,5002,0.2210407074635863,0.5587752430327352
IVFNSGAIII,WFG7,WFG,3,12,5003,0.2212240321225123,0.5582501780347702
IVFNSGAIII,WFG7,WFG,3,12,5004,0.2210059922381237,0.5586446522784118
IVFNSGAIII,WFG7,WFG,3,12,5005,0.2210577693629795,0.5586563721204084
IVFNSGAIII,WFG7,WFG,3,12,5006,0.2210769571148949,0.5584966836946134
IVFNSGAIII,WFG7,WFG,3,12,5007,0.221066220513316,0.5586660815451305
IVFNSGAIII,WFG7,WFG,3,12,5008,0.2210140009055256,0.5585081541715848
IVFNSGAIII,WFG7,WFG,3,12,5009,0.2211518875632012,0.5584657657699024
IVFNSGAIII,WFG7,WFG,3,12,5010,0.2210995780099906,0.5585775387888978
IVFNSGAIII,WFG7,WFG,3,12,5011,0.2210644878528315,0.5581431686954793
IVFNSGAIII,WFG7,WFG,3,12,5012,0.2211060365457115,0.5585605772773639
IVFNSGAIII,WFG7,WFG,3,12,5013,0.2210223907627805,0.5587181820337014
IVFNSGAIII,WFG7,WFG,3,12,5014,0.2210044926355062,0.5587048750542354
IVFNSGAIII,WFG7,WFG,3,12,5015,0.2211865441830172,0.558297728989107
IVFNSGAIII,WFG7,WFG,3,12,5016,0.2210372921106744,0.5584871500799663
IVFNSGAIII,WFG7,WFG,3,12,5017,0.2211844446711098,0.5584371615522136
IVFNSGAIII,WFG7,WFG,3,12,5018,0.2210770846037434,0.5585716823931969
IVFNSGAIII,WFG7,WFG,3,12,5019,0.2211182261574851,0.558282721346266
IVFNSGAIII,WFG7,WFG,3,12,5020,0.221120876152162,0.5586259712307283
IVFNSGAIII,WFG7,WFG,3,12,5021,0.221016967787051,0.5585195330816017
IVFNSGAIII,WFG7,WFG,3,12,5022,0.2211099002994238,0.5582181646085392
IVFNSGAIII,WFG7,WFG,3,12,5023,0.2209780253394206,0.5587718900579137
IVFNSGAIII,WFG7,WFG,3,12,5024,0.2211089420498787,0.5583999958101614
IVFNSGAIII,WFG7,WFG,3,12,5025,0.2210579251206472,0.5585605668363733
IVFNSGAIII,WFG7,WFG,3,12,5026,0.2210808751423237,0.5584843795686003
IVFNSGAIII,WFG7,WFG,3,12,5027,0.221067491327375,0.5587163075803735
IVFNSGAIII,WFG7,WFG,3,12,5028,0.2210731023023094,0.5586526139517525
IVFNSGAIII,WFG7,WFG,3,12,5029,0.2210779194309379,0.5583448996093501
IVFNSGAIII,WFG7,WFG,3,12,5030,0.2212379838742136,0.5580184318087827
IVFNSGAIII,WFG8,WFG,2,11,5001,0.1048601684318941,0.2910509709186891
IVFNSGAIII,WFG8,WFG,2,11,5002,0.1064461973129293,0.2903667109427867
IVFNSGAIII,WFG8,WFG,2,11,5003,0.1059754725874201,0.2905331936329627
IVFNSGAIII,WFG8,WFG,2,11,5004,0.1071870985564905,0.2899523600625696
IVFNSGAIII,WFG8,WFG,2,11,5005,0.1070151212825737,0.2900215966760852
IVFNSGAIII,WFG8,WFG,2,11,5006,0.1065511329389503,0.2902459270874237
IVFNSGAIII,WFG8,WFG,2,11,5007,0.1075713214111032,0.2897911450003223
IVFNSGAIII,WFG8,WFG,2,11,5008,0.1065474417357144,0.2902662089777295
IVFNSGAIII,WFG8,WFG,2,11,5009,0.1040917732665941,0.2915893395663834
IVFNSGAIII,WFG8,WFG,2,11,5010,0.1054460283696621,0.2909323453606134
IVFNSGAIII,WFG8,WFG,2,11,5011,0.1077181423496034,0.2898624369191308
IVFNSGAIII,WFG8,WFG,2,11,5012,0.105693703161798,0.2906863767289276
IVFNSGAIII,WFG8,WFG,2,11,5013,0.1067268476190592,0.290153025831206
IVFNSGAIII,WFG8,WFG,2,11,5014,0.1067739909340203,0.2901421383582602
IVFNSGAIII,WFG8,WFG,2,11,5015,0.1061726993956771,0.2905539314540535
IVFNSGAIII,WFG8,WFG,2,11,5016,0.1062784308511775,0.290431635422522
IVFNSGAIII,WFG8,WFG,2,11,5017,0.1055627715187276,0.2907000355452688
IVFNSGAIII,WFG8,WFG,2,11,5018,0.1062776296665699,0.2904293931925399
IVFNSGAIII,WFG8,WFG,2,11,5019,0.106552904582053,0.2902644174958818
IVFNSGAIII,WFG8,WFG,2,11,5020,0.1068464154064518,0.2901332334085787
IVFNSGAIII,WFG8,WFG,2,11,5021,0.1050751158893772,0.2909445463132892
IVFNSGAIII,WFG8,WFG,2,11,5022,0.1071548874063839,0.2899258909921389
IVFNSGAIII,WFG8,WFG,2,11,5023,0.1063288440844286,0.2903120827792275
IVFNSGAIII,WFG8,WFG,2,11,5024,0.1071507555881918,0.2899035255758358
IVFNSGAIII,WFG8,WFG,2,11,5025,0.1058632565043526,0.2906388244221058
IVFNSGAIII,WFG8,WFG,2,11,5026,0.1085424849251555,0.2893087412575628
IVFNSGAIII,WFG8,WFG,2,11,5027,0.1054727999201761,0.2907843786170044
IVFNSGAIII,WFG8,WFG,2,11,5028,0.1072999217320398,0.2898753966193448
IVFNSGAIII,WFG8,WFG,2,11,5029,0.1055064072877592,0.290788490476866
IVFNSGAIII,WFG8,WFG,2,11,5030,0.1059351478920408,0.2904989845041945
IVFNSGAIII,WFG8,WFG,3,12,5001,0.2761831677682145,0.4740401856692271
IVFNSGAIII,WFG8,WFG,3,12,5002,0.2830156403381685,0.4725512541680504
IVFNSGAIII,WFG8,WFG,3,12,5003,0.276567374959928,0.474550821516523
IVFNSGAIII,WFG8,WFG,3,12,5004,0.2753664626080098,0.4746253019673266
IVFNSGAIII,WFG8,WFG,3,12,5005,0.2785450157771627,0.4763829856408773
IVFNSGAIII,WFG8,WFG,3,12,5006,0.2774330579336634,0.4751134961057522
IVFNSGAIII,WFG8,WFG,3,12,5007,0.2765972326863053,0.4745807843377855
IVFNSGAIII,WFG8,WFG,3,12,5008,0.2782134805548144,0.4739250870615372
IVFNSGAIII,WFG8,WFG,3,12,5009,0.2797861169502779,0.4709699996695117
IVFNSGAIII,WFG8,WFG,3,12,5010,0.276295010839908,0.4750353091090456
IVFNSGAIII,WFG8,WFG,3,12,5011,0.2758656771743482,0.4749048935278493
IVFNSGAIII,WFG8,WFG,3,12,5012,0.2788553581392758,0.472932766281571
IVFNSGAIII,WFG8,WFG,3,12,5013,0.2795063643729716,0.4734837099565383
IVFNSGAIII,WFG8,WFG,3,12,5014,0.2790093150817614,0.4740206183582914
IVFNSGAIII,WFG8,WFG,3,12,5015,0.2819759193614385,0.4724714282449251
IVFNSGAIII,WFG8,WFG,3,12,5016,0.2811097523731694,0.4730580958802921
IVFNSGAIII,WFG8,WFG,3,12,5017,0.2794764203765572,0.4720433747372617
IVFNSGAIII,WFG8,WFG,3,12,5018,0.2792572835449171,0.4732649718942055
IVFNSGAIII,WFG8,WFG,3,12,5019,0.2790770126046697,0.4728122047555548
IVFNSGAIII,WFG8,WFG,3,12,5020,0.2779609258172052,0.4747775046890589
IVFNSGAIII,WFG8,WFG,3,12,5021,0.2792138694734553,0.472467269180276
IVFNSGAIII,WFG8,WFG,3,12,5022,0.2840997203599203,0.4733732678275191
IVFNSGAIII,WFG8,WFG,3,12,5023,0.276302199403016,0.4742901222664108
IVFNSGAIII,WFG8,WFG,3,12,5024,0.2759610814484655,0.4751704357744293
IVFNSGAIII,WFG8,WFG,3,12,5025,0.2792241900241951,0.4733931484019399
IVFNSGAIII,WFG8,WFG,3,12,5026,0.2787819945952296,0.4739118435064415
IVFNSGAIII,WFG8,WFG,3,12,5027,0.2730949771784674,0.4761056124978783
IVFNSGAIII,WFG8,WFG,3,12,5028,0.2835111642229628,0.4728856828435439
IVFNSGAIII,WFG8,WFG,3,12,5029,0.2859019575181434,0.4705817389830836
IVFNSGAIII,WFG8,WFG,3,12,5030,0.2805011556207535,0.4727397320793082
IVFNSGAIII,WFG9,WFG,2,11,5001,0.0149967562639996,0.3431355155803438
IVFNSGAIII,WFG9,WFG,2,11,5002,0.0145838855799895,0.3435296473830173
IVFNSGAIII,WFG9,WFG,2,11,5003,0.0165261335573546,0.3417850851235017
IVFNSGAIII,WFG9,WFG,2,11,5004,0.0145767096063461,0.3435151698240669
IVFNSGAIII,WFG9,WFG,2,11,5005,0.0175006483947154,0.3409908026914993
IVFNSGAIII,WFG9,WFG,2,11,5006,0.0148539490316994,0.3432408802278682
IVFNSGAIII,WFG9,WFG,2,11,5007,0.0146062843484718,0.3434469955786423
IVFNSGAIII,WFG9,WFG,2,11,5008,0.0147477814963402,0.3433532962436471
IVFNSGAIII,WFG9,WFG,2,11,5009,0.0168595148139308,0.341513329517081
IVFNSGAIII,WFG9,WFG,2,11,5010,0.0175619221202634,0.3409231170418794
IVFNSGAIII,WFG9,WFG,2,11,5011,0.0183274801792531,0.340362109941199
IVFNSGAIII,WFG9,WFG,2,11,5012,0.014808032885591,0.3439874109015769
IVFNSGAIII,WFG9,WFG,2,11,5013,0.0143636593686645,0.3437008477443111
IVFNSGAIII,WFG9,WFG,2,11,5014,0.0141156631586733,0.3440589195422385
IVFNSGAIII,WFG9,WFG,2,11,5015,0.0144409458754361,0.3436518975261897
IVFNSGAIII,WFG9,WFG,2,11,5016,0.0161852296695333,0.3420443984680918
IVFNSGAIII,WFG9,WFG,2,11,5017,0.0160837970277375,0.3421492077335765
IVFNSGAIII,WFG9,WFG,2,11,5018,0.0151934212225258,0.3429357004038144
IVFNSGAIII,WFG9,WFG,2,11,5019,0.0144382889954179,0.3436518956730727
IVFNSGAIII,WFG9,WFG,2,11,5020,0.0168577751027668,0.3415229484532662
IVFNSGAIII,WFG9,WFG,2,11,5021,0.0146342762439175,0.343445278185147
IVFNSGAIII,WFG9,WFG,2,11,5022,0.0147210281189695,0.3434081187837783
IVFNSGAIII,WFG9,WFG,2,11,5023,0.0136431464114801,0.3445222987317117
IVFNSGAIII,WFG9,WFG,2,11,5024,0.013449813806136,0.3447365187461764
IVFNSGAIII,WFG9,WFG,2,11,5025,0.0151450164241655,0.3429434638298713
IVFNSGAIII,WFG9,WFG,2,11,5026,0.0137033729066415,0.34443821125536
IVFNSGAIII,WFG9,WFG,2,11,5027,0.0152562176809661,0.3429045471625923
IVFNSGAIII,WFG9,WFG,2,11,5028,0.0141255687255049,0.3439722158357555
IVFNSGAIII,WFG9,WFG,2,11,5029,0.0141582443482616,0.3437481498326231
IVFNSGAIII,WFG9,WFG,2,11,5030,0.014604664645517,0.3435051937657951
IVFNSGAIII,WFG9,WFG,3,12,5001,0.2235716825238594,0.5333914119347773
IVFNSGAIII,WFG9,WFG,3,12,5002,0.2208624135710815,0.5403358875786193
IVFNSGAIII,WFG9,WFG,3,12,5003,0.2209487564232482,0.5401498335736162
IVFNSGAIII,WFG9,WFG,3,12,5004,0.2222444276165641,0.5388426582887894
IVFNSGAIII,WFG9,WFG,3,12,5005,0.2210469802868606,0.5388236932576603
IVFNSGAIII,WFG9,WFG,3,12,5006,0.2219986270050635,0.5384626422869565
IVFNSGAIII,WFG9,WFG,3,12,5007,0.2223062916736115,0.5381615473492215
IVFNSGAIII,WFG9,WFG,3,12,5008,0.221689788985098,0.5387599706640367
IVFNSGAIII,WFG9,WFG,3,12,5009,0.2213039153805728,0.5396724445649916
IVFNSGAIII,WFG9,WFG,3,12,5010,0.21975863339099,0.5400943151743313
IVFNSGAIII,WFG9,WFG,3,12,5011,0.2199247663310116,0.541937479092764
IVFNSGAIII,WFG9,WFG,3,12,5012,0.2209032134542085,0.5381219054507065
IVFNSGAIII,WFG9,WFG,3,12,5013,0.2211080546645835,0.5380626381561734
IVFNSGAIII,WFG9,WFG,3,12,5014,0.2208896476501883,0.5389610395768125
IVFNSGAIII,WFG9,WFG,3,12,5015,0.2207874255710631,0.5380350082812309
IVFNSGAIII,WFG9,WFG,3,12,5016,0.2211346891511688,0.535713007796492
IVFNSGAIII,WFG9,WFG,3,12,5017,0.2208115705228665,0.5406670035628461
IVFNSGAIII,WFG9,WFG,3,12,5018,0.2213641997029513,0.5398487701567543
IVFNSGAIII,WFG9,WFG,3,12,5019,0.2210399028040243,0.5396498436992291
IVFNSGAIII,WFG9,WFG,3,12,5020,0.2216786979358904,0.538035855222315
IVFNSGAIII,WFG9,WFG,3,12,5021,0.2200240231528334,0.5393503348491447
IVFNSGAIII,WFG9,WFG,3,12,5022,0.2220468524233037,0.5365019775301051
IVFNSGAIII,WFG9,WFG,3,12,5023,0.2211744966183898,0.5377552519722573
IVFNSGAIII,WFG9,WFG,3,12,5024,0.2219666489701387,0.5386734015451005
IVFNSGAIII,WFG9,WFG,3,12,5025,0.2206370477762037,0.5363657531107331
IVFNSGAIII,WFG9,WFG,3,12,5026,0.220654464252373,0.542968555566662
IVFNSGAIII,WFG9,WFG,3,12,5027,0.2220464617505354,0.5391827879175581
IVFNSGAIII,WFG9,WFG,3,12,5028,0.2214019055043138,0.5374507399207447
IVFNSGAIII,WFG9,WFG,3,12,5029,0.2198701373550403,0.5405179636809984
IVFNSGAIII,WFG9,WFG,3,12,5030,0.2209532848003733,0.5395985114374605
IVFNSGAIII,ZDT1,ZDT,2,30,5001,0.003887921903706,0.7203053103851497
IVFNSGAIII,ZDT1,ZDT,2,30,5002,0.003887926647631,0.7203052692736296
IVFNSGAIII,ZDT1,ZDT,2,30,5003,0.0038879836316408,0.7203051431560785
IVFNSGAIII,ZDT1,ZDT,2,30,5004,0.0038879643478676,0.7203049999397555
IVFNSGAIII,ZDT1,ZDT,2,30,5005,0.0038879971860473,0.7203051009629828
IVFNSGAIII,ZDT1,ZDT,2,30,5006,0.003887981170852,0.7203051891547855
IVFNSGAIII,ZDT1,ZDT,2,30,5007,0.0038879383139241,0.7203052711570542
IVFNSGAIII,ZDT1,ZDT,2,30,5008,0.0038879141096612,0.7203053464027542
IVFNSGAIII,ZDT1,ZDT,2,30,5009,0.0038879079840582,0.7203053767128921
IVFNSGAIII,ZDT1,ZDT,2,30,5010,0.0038879677001635,0.7203052218113701
IVFNSGAIII,ZDT1,ZDT,2,30,5011,0.0038879322985501,0.720305270129442
IVFNSGAIII,ZDT1,ZDT,2,30,5012,0.00388796379809,0.7203051923358705
IVFNSGAIII,ZDT1,ZDT,2,30,5013,0.0038879323320302,0.7203053341312983
IVFNSGAIII,ZDT1,ZDT,2,30,5014,0.0038878319319367,0.7203055921013521
IVFNSGAIII,ZDT1,ZDT,2,30,5015,0.0038879430897093,0.7203052688962865
IVFNSGAIII,ZDT1,ZDT,2,30,5016,0.0038879357760403,0.7203053029974013
IVFNSGAIII,ZDT1,ZDT,2,30,5017,0.0038879528652481,0.720305244056932
IVFNSGAIII,ZDT1,ZDT,2,30,5018,0.0038878870924564,0.7203052475661789
IVFNSGAIII,ZDT1,ZDT,2,30,5019,0.0038878886563463,0.7203054156845914
IVFNSGAIII,ZDT1,ZDT,2,30,5020,0.0041410048155613,0.7200030754697911
IVFNSGAIII,ZDT1,ZDT,2,30,5021,0.0038864339132917,0.7203091606313607
IVFNSGAIII,ZDT1,ZDT,2,30,5022,0.0038878227052056,0.7203056077443369
IVFNSGAIII,ZDT1,ZDT,2,30,5023,0.0038880057716213,0.7203050816970293
IVFNSGAIII,ZDT1,ZDT,2,30,5024,0.0038880191530202,0.7203050763710166
IVFNSGAIII,ZDT1,ZDT,2,30,5025,0.0038879836903142,0.7203050968362189
IVFNSGAIII,ZDT1,ZDT,2,30,5026,0.003886565279583,0.7203087630060299
IVFNSGAIII,ZDT1,ZDT,2,30,5027,0.0038879642892959,0.7203051219180643
IVFNSGAIII,ZDT1,ZDT,2,30,5028,0.0038880002225108,0.7203050932126945
IVFNSGAIII,ZDT1,ZDT,2,30,5029,0.0038878399892881,0.720305565130241
IVFNSGAIII,ZDT1,ZDT,2,30,5030,0.0038879203367606,0.7203053595164525
IVFNSGAIII,ZDT2,ZDT,2,30,5001,0.0038069563298718,0.4450337882489673
IVFNSGAIII,ZDT2,ZDT,2,30,5002,0.0038069543280448,0.4450337833493695
IVFNSGAIII,ZDT2,ZDT,2,30,5003,0.0038069581954531,0.4450337819906578
IVFNSGAIII,ZDT2,ZDT,2,30,5004,0.0038069582243287,0.4450337830042513
IVFNSGAIII,ZDT2,ZDT,2,30,5005,0.0038069629149384,0.4450337680733501
IVFNSGAIII,ZDT2,ZDT,2,30,5006,0.0038069704859781,0.445033778541351
IVFNSGAIII,ZDT2,ZDT,2,30,5007,0.0038069636695911,0.4450337850043292
IVFNSGAIII,ZDT2,ZDT,2,30,5008,0.0038069710387569,0.4450337726792537
IVFNSGAIII,ZDT2,ZDT,2,30,5009,0.0038069633987304,0.4450337805394982
IVFNSGAIII,ZDT2,ZDT,2,30,5010,0.0038069605638821,0.4450337860909778
IVFNSGAIII,ZDT2,ZDT,2,30,5011,0.0038069590828039,0.4450337890413704
IVFNSGAIII,ZDT2,ZDT,2,30,5012,0.0038069616649348,0.4450337814368301
IVFNSGAIII,ZDT2,ZDT,2,30,5013,0.0038069664189164,0.4450337784792419
IVFNSGAIII,ZDT2,ZDT,2,30,5014,0.003806969229745,0.4450337762928412
IVFNSGAIII,ZDT2,ZDT,2,30,5015,0.0038069695596642,0.4450337807864465
IVFNSGAIII,ZDT2,ZDT,2,30,5016,0.0038069599155024,0.4450337817436811
IVFNSGAIII,ZDT2,ZDT,2,30,5017,0.0038069600130672,0.4450337914337528
IVFNSGAIII,ZDT2,ZDT,2,30,5018,0.0038069649805213,0.4450337828086068
IVFNSGAIII,ZDT2,ZDT,2,30,5019,0.0038069647786054,0.4450337746819357
IVFNSGAIII,ZDT2,ZDT,2,30,5020,0.0038069608983432,0.4450337842039603
IVFNSGAIII,ZDT2,ZDT,2,30,5021,0.0038069556126066,0.4450337830100682
IVFNSGAIII,ZDT2,ZDT,2,30,5022,0.0038069668550071,0.4450337809892489
IVFNSGAIII,ZDT2,ZDT,2,30,5023,0.0038069653553449,0.4450337779516317
IVFNSGAIII,ZDT2,ZDT,2,30,5024,0.0038069623338717,0.4450337702787596
IVFNSGAIII,ZDT2,ZDT,2,30,5025,0.0038069685560777,0.4450334734721791
IVFNSGAIII,ZDT2,ZDT,2,30,5026,0.0038069622793723,0.4450337685067292
IVFNSGAIII,ZDT2,ZDT,2,30,5027,0.0038069572074251,0.445033783569438
IVFNSGAIII,ZDT2,ZDT,2,30,5028,0.0038069592820623,0.4450337861127089
IVFNSGAIII,ZDT2,ZDT,2,30,5029,0.0038069643051864,0.4450337812835091
IVFNSGAIII,ZDT2,ZDT,2,30,5030,0.0038069671424445,0.4450337824265867
IVFNSGAIII,ZDT3,ZDT,2,30,5001,0.0062970454669336,0.5987101100047002
IVFNSGAIII,ZDT3,ZDT,2,30,5002,0.0059764582390196,0.5988691199507495
IVFNSGAIII,ZDT3,ZDT,2,30,5003,0.0063315042087728,0.5986872479400284
IVFNSGAIII,ZDT3,ZDT,2,30,5004,0.0061433553960935,0.5987623372953416
IVFNSGAIII,ZDT3,ZDT,2,30,5005,0.0062122785521293,0.5987073908815171
IVFNSGAIII,ZDT3,ZDT,2,30,5006,0.0062346758903759,0.5987487711688664
IVFNSGAIII,ZDT3,ZDT,2,30,5007,0.0060221703313419,0.5990610564331041
IVFNSGAIII,ZDT3,ZDT,2,30,5008,0.005863590368058,0.5988536950767288
IVFNSGAIII,ZDT3,ZDT,2,30,5009,0.0059002949899839,0.5990830842364392
IVFNSGAIII,ZDT3,ZDT,2,30,5010,0.0060648268759163,0.5990767880803465
IVFNSGAIII,ZDT3,ZDT,2,30,5011,0.0057256020558534,0.5992213707234465
IVFNSGAIII,ZDT3,ZDT,2,30,5012,0.0060765038207202,0.5987635859557034
IVFNSGAIII,ZDT3,ZDT,2,30,5013,0.0060947488372735,0.5987741239170712
IVFNSGAIII,ZDT3,ZDT,2,30,5014,0.0059589634415649,0.5988380263131825
IVFNSGAIII,ZDT3,ZDT,2,30,5015,0.0059273624557837,0.598860686224873
IVFNSGAIII,ZDT3,ZDT,2,30,5016,0.0058162103551609,0.5989132504500855
IVFNSGAIII,ZDT3,ZDT,2,30,5017,0.0058324257832904,0.5993372406696964
IVFNSGAIII,ZDT3,ZDT,2,30,5018,0.0057794418530877,0.5989039103692438
IVFNSGAIII,ZDT3,ZDT,2,30,5019,0.0061029836426286,0.5988306019958473
IVFNSGAIII,ZDT3,ZDT,2,30,5020,0.0061008387459578,0.5987676973327609
IVFNSGAIII,ZDT3,ZDT,2,30,5021,0.0061526823070946,0.5987417115613821
IVFNSGAIII,ZDT3,ZDT,2,30,5022,0.0063761606844463,0.598679780935878
IVFNSGAIII,ZDT3,ZDT,2,30,5023,0.0058578971367308,0.5988152215971777
IVFNSGAIII,ZDT3,ZDT,2,30,5024,0.0063130426084927,0.5987385638674504
IVFNSGAIII,ZDT3,ZDT,2,30,5025,0.0063047132910047,0.5989341743973906
IVFNSGAIII,ZDT3,ZDT,2,30,5026,0.0062662763507767,0.5987134993105424
IVFNSGAIII,ZDT3,ZDT,2,30,5027,0.0060685138141543,0.5987401372852652
IVFNSGAIII,ZDT3,ZDT,2,30,5028,0.0061953111090663,0.5987209074626283
IVFNSGAIII,ZDT3,ZDT,2,30,5029,0.0062090406106248,0.5987323991898855
IVFNSGAIII,ZDT3,ZDT,2,30,5030,0.0060597220090244,0.5988191430962195
IVFNSGAIII,ZDT4,ZDT,2,10,5001,0.0038879276495974,0.7203049044080483
IVFNSGAIII,ZDT4,ZDT,2,10,5002,0.0039225519587,0.7198847766566348
IVFNSGAIII,ZDT4,ZDT,2,10,5003,0.003911029488653,0.7200098649779695
IVFNSGAIII,ZDT4,ZDT,2,10,5004,0.0038920177011252,0.7201695359089211
IVFNSGAIII,ZDT4,ZDT,2,10,5005,0.0038878877989599,0.720289564776414
IVFNSGAIII,ZDT4,ZDT,2,10,5006,0.0038878723663889,0.720284934620746
IVFNSGAIII,ZDT4,ZDT,2,10,5007,0.0038878775458004,0.7202905007789241
IVFNSGAIII,ZDT4,ZDT,2,10,5008,0.0038991857534507,0.7200758946863777
IVFNSGAIII,ZDT4,ZDT,2,10,5009,0.0038885138924265,0.7202511425262531
IVFNSGAIII,ZDT4,ZDT,2,10,5010,0.003892610571497,0.7202166972981072
IVFNSGAIII,ZDT4,ZDT,2,10,5011,0.0038879824904373,0.7202879202283086
IVFNSGAIII,ZDT4,ZDT,2,10,5012,0.0038924273312497,0.7201630848311249
IVFNSGAIII,ZDT4,ZDT,2,10,5013,0.0038958033618183,0.7201573518090045
IVFNSGAIII,ZDT4,ZDT,2,10,5014,0.003888098157434,0.7202714071590217
IVFNSGAIII,ZDT4,ZDT,2,10,5015,0.0039130009908247,0.7199530834722485
IVFNSGAIII,ZDT4,ZDT,2,10,5016,0.00388790246046,0.7202879055394642
IVFNSGAIII,ZDT4,ZDT,2,10,5017,0.0038885046373232,0.7202483185079481
IVFNSGAIII,ZDT4,ZDT,2,10,5018,0.0038981052673183,0.7201022467763771
IVFNSGAIII,ZDT4,ZDT,2,10,5019,0.0038880870785814,0.7202776387108402
IVFNSGAIII,ZDT4,ZDT,2,10,5020,0.0039910036814258,0.7195294479958653
IVFNSGAIII,ZDT4,ZDT,2,10,5021,0.0039129437935656,0.7199526332130888
IVFNSGAIII,ZDT4,ZDT,2,10,5022,0.003888344806256,0.7202586109859548
IVFNSGAIII,ZDT4,ZDT,2,10,5023,0.0038895603564469,0.7202585695709047
IVFNSGAIII,ZDT4,ZDT,2,10,5024,0.0038883071396258,0.720259809174561
IVFNSGAIII,ZDT4,ZDT,2,10,5025,0.0038892407340452,0.7202465969964157
IVFNSGAIII,ZDT4,ZDT,2,10,5026,0.0038888786640398,0.720239926708488
IVFNSGAIII,ZDT4,ZDT,2,10,5027,0.0038880386981066,0.7202748602542473
IVFNSGAIII,ZDT4,ZDT,2,10,5028,0.0039457191210346,0.7197789251741583
IVFNSGAIII,ZDT4,ZDT,2,10,5029,0.0038887762171782,0.7202422519874474
IVFNSGAIII,ZDT4,ZDT,2,10,5030,0.003888078806233,0.7202801954404571
IVFNSGAIII,ZDT6,ZDT,2,10,5001,0.0030012911481731,0.3889555289021892
IVFNSGAIII,ZDT6,ZDT,2,10,5002,0.0030012642972242,0.3889558372720083
IVFNSGAIII,ZDT6,ZDT,2,10,5003,0.0030012526429946,0.3889558064633157
IVFNSGAIII,ZDT6,ZDT,2,10,5004,0.003001251983127,0.3889557777092303
IVFNSGAIII,ZDT6,ZDT,2,10,5005,0.0030012793847551,0.3889557465694933
IVFNSGAIII,ZDT6,ZDT,2,10,5006,0.0030012548412643,0.3889558125553179
IVFNSGAIII,ZDT6,ZDT,2,10,5007,0.0030012927353918,0.3889558036014476
IVFNSGAIII,ZDT6,ZDT,2,10,5008,0.0030012302277409,0.3889558278803351
IVFNSGAIII,ZDT6,ZDT,2,10,5009,0.0030012607041113,0.3889558781864006
IVFNSGAIII,ZDT6,ZDT,2,10,5010,0.0030012656690601,0.388955843192325
IVFNSGAIII,ZDT6,ZDT,2,10,5011,0.0030012407875936,0.3889558643527108
IVFNSGAIII,ZDT6,ZDT,2,10,5012,0.0030012757422476,0.3889558522718339
IVFNSGAIII,ZDT6,ZDT,2,10,5013,0.0030012664421293,0.388955878244543
IVFNSGAIII,ZDT6,ZDT,2,10,5014,0.0030012569496071,0.3889558763508303
IVFNSGAIII,ZDT6,ZDT,2,10,5015,0.0030012406364977,0.3889558471353296
IVFNSGAIII,ZDT6,ZDT,2,10,5016,0.00300130633149,0.3889558175717093
IVFNSGAIII,ZDT6,ZDT,2,10,5017,0.003001267902512,0.3889558668120655
IVFNSGAIII,ZDT6,ZDT,2,10,5018,0.0030012799243115,0.388955449735039
IVFNSGAIII,ZDT6,ZDT,2,10,5019,0.0030012721826903,0.3889558546088808
IVFNSGAIII,ZDT6,ZDT,2,10,5020,0.0030013128887606,0.3889558283543065
IVFNSGAIII,ZDT6,ZDT,2,10,5021,0.0030012444296275,0.3889558689125224
IVFNSGAIII,ZDT6,ZDT,2,10,5022,0.0030012586031371,0.3889558620589231
IVFNSGAIII,ZDT6,ZDT,2,10,5023,0.0030012520972506,0.3889558715224386
IVFNSGAIII,ZDT6,ZDT,2,10,5024,0.0030012386886691,0.3889557300234297
IVFNSGAIII,ZDT6,ZDT,2,10,5025,0.0030012384974944,0.3889558529731308
IVFNSGAIII,ZDT6,ZDT,2,10,5026,0.0030012624281321,0.3889559059400278
IVFNSGAIII,ZDT6,ZDT,2,10,5027,0.003001273382593,0.3889557603826514
IVFNSGAIII,ZDT6,ZDT,2,10,5028,0.0030012625149149,0.3889555708047509
IVFNSGAIII,ZDT6,ZDT,2,10,5029,0.0030012597625818,0.3889557281716342
IVFNSGAIII,ZDT6,ZDT,2,10,5030,0.003001252118839,0.3889553929347221
IVFSPEA2,DTLZ1,DTLZ,2,6,3001,0.001815681974027,0.5825306601975129
IVFSPEA2,DTLZ1,DTLZ,2,6,3002,0.0018272394782139,0.5825051483867671
IVFSPEA2,DTLZ1,DTLZ,2,6,3003,0.0018383993535685,0.5824790752964273
IVFSPEA2,DTLZ1,DTLZ,2,6,3004,0.00181409892425,0.5825320794862794
IVFSPEA2,DTLZ1,DTLZ,2,6,3005,0.0018191847626029,0.5825239680463121
IVFSPEA2,DTLZ1,DTLZ,2,6,3006,0.001818593823166,0.5825244726814348
IVFSPEA2,DTLZ1,DTLZ,2,6,3007,0.0018196098620197,0.582523029850669
IVFSPEA2,DTLZ1,DTLZ,2,6,3008,0.0018235451052817,0.5825138192533665
IVFSPEA2,DTLZ1,DTLZ,2,6,3009,0.0018302800966218,0.5824962370473671
IVFSPEA2,DTLZ1,DTLZ,2,6,3010,0.0018279156495403,0.5825036012485199
IVFSPEA2,DTLZ1,DTLZ,2,6,3011,0.0018294641316066,0.5824963427002962
IVFSPEA2,DTLZ1,DTLZ,2,6,3012,0.0018286596493889,0.5825015569410965
IVFSPEA2,DTLZ1,DTLZ,2,6,3013,0.0018200092279574,0.5825179271103655
IVFSPEA2,DTLZ1,DTLZ,2,6,3014,0.0018221772941635,0.5825155216874924
IVFSPEA2,DTLZ1,DTLZ,2,6,3015,0.0018166603180274,0.582529921264982
IVFSPEA2,DTLZ1,DTLZ,2,6,3016,0.0018327012883165,0.5824923935701621
IVFSPEA2,DTLZ1,DTLZ,2,6,3017,0.0018223034852174,0.5825153221810826
IVFSPEA2,DTLZ1,DTLZ,2,6,3018,0.0018385768260394,0.5824781453249117
IVFSPEA2,DTLZ1,DTLZ,2,6,3019,0.0018149471972527,0.5825333422285307
IVFSPEA2,DTLZ1,DTLZ,2,6,3020,0.0018257912028962,0.5825046406743601
IVFSPEA2,DTLZ1,DTLZ,2,6,3021,0.0018312239255682,0.58249583166451
IVFSPEA2,DTLZ1,DTLZ,2,6,3022,0.0018252138759473,0.5825099074707059
IVFSPEA2,DTLZ1,DTLZ,2,6,3023,0.0018325032162174,0.5824907130143813
IVFSPEA2,DTLZ1,DTLZ,2,6,3024,0.0018257401220849,0.5824995308115613
IVFSPEA2,DTLZ1,DTLZ,2,6,3025,0.0018414124303835,0.5824720643707295
IVFSPEA2,DTLZ1,DTLZ,2,6,3026,0.0018275750377437,0.5824989506777747
IVFSPEA2,DTLZ1,DTLZ,2,6,3027,0.001828814395283,0.5824963630224582
IVFSPEA2,DTLZ1,DTLZ,2,6,3028,0.0018234288227708,0.5825139519671119
IVFSPEA2,DTLZ1,DTLZ,2,6,3029,0.0018241128959342,0.5825124967288124
IVFSPEA2,DTLZ1,DTLZ,2,6,3030,0.0018165532425234,0.5825281382972591
IVFSPEA2,DTLZ1,DTLZ,3,7,3001,0.0201510461730086,0.8426625373892953
IVFSPEA2,DTLZ1,DTLZ,3,7,3002,0.0199778265294687,0.8428330296437242
IVFSPEA2,DTLZ1,DTLZ,3,7,3003,0.0203940735843434,0.842465214938023
IVFSPEA2,DTLZ1,DTLZ,3,7,3004,0.0202281320299486,0.8426649726566529
IVFSPEA2,DTLZ1,DTLZ,3,7,3005,0.0198912917422152,0.8427745324389901
IVFSPEA2,DTLZ1,DTLZ,3,7,3006,0.0201229879734564,0.8427994916425403
IVFSPEA2,DTLZ1,DTLZ,3,7,3007,0.0201331639470481,0.8428242955899125
IVFSPEA2,DTLZ1,DTLZ,3,7,3008,0.0200588352949023,0.8422816959100694
IVFSPEA2,DTLZ1,DTLZ,3,7,3009,0.0200435010503969,0.842810515935188
IVFSPEA2,DTLZ1,DTLZ,3,7,3010,0.0199860036375894,0.842919547343668
IVFSPEA2,DTLZ1,DTLZ,3,7,3011,0.0200617734231106,0.8425886546882917
IVFSPEA2,DTLZ1,DTLZ,3,7,3012,0.0201103012796135,0.842703187418673
IVFSPEA2,DTLZ1,DTLZ,3,7,3013,0.0201851692397016,0.8428272337293453
IVFSPEA2,DTLZ1,DTLZ,3,7,3014,0.0201419299565033,0.8428679669549548
IVFSPEA2,DTLZ1,DTLZ,3,7,3015,0.0200487407385126,0.8427600817620352
IVFSPEA2,DTLZ1,DTLZ,3,7,3016,0.0198242771476773,0.8425218929296877
IVFSPEA2,DTLZ1,DTLZ,3,7,3017,0.0201880846750685,0.8427900203080869
IVFSPEA2,DTLZ1,DTLZ,3,7,3018,0.0200668264651789,0.8427699098767455
IVFSPEA2,DTLZ1,DTLZ,3,7,3019,0.02009019311464,0.8424235800219559
IVFSPEA2,DTLZ1,DTLZ,3,7,3020,0.0201877497924591,0.8427132041094256
IVFSPEA2,DTLZ1,DTLZ,3,7,3021,0.0201761007984988,0.8424055656735647
IVFSPEA2,DTLZ1,DTLZ,3,7,3022,0.0200369771769351,0.8428161342650768
IVFSPEA2,DTLZ1,DTLZ,3,7,3023,0.0199909040168245,0.8429807377540935
IVFSPEA2,DTLZ1,DTLZ,3,7,3024,0.0198502093647876,0.8426916761371589
IVFSPEA2,DTLZ1,DTLZ,3,7,3025,0.020048282883134,0.842657628104677
IVFSPEA2,DTLZ1,DTLZ,3,7,3026,0.0199458177526083,0.8429356247557553
IVFSPEA2,DTLZ1,DTLZ,3,7,3027,0.0201889588075609,0.8425557906127223
IVFSPEA2,DTLZ1,DTLZ,3,7,3028,0.0201147899136827,0.8423013666361813
IVFSPEA2,DTLZ1,DTLZ,3,7,3029,0.0201869298080631,0.8427775918952987
IVFSPEA2,DTLZ1,DTLZ,3,7,3030,0.0201131251797038,0.8427281589051245
IVFSPEA2,DTLZ2,DTLZ,2,11,3001,0.0041809031768696,0.347268993082991
IVFSPEA2,DTLZ2,DTLZ,2,11,3002,0.0040576568263651,0.3474376181270548
IVFSPEA2,DTLZ2,DTLZ,2,11,3003,0.0041395624947223,0.3473809943549948
IVFSPEA2,DTLZ2,DTLZ,2,11,3004,0.0040985722879224,0.347437861927431
IVFSPEA2,DTLZ2,DTLZ,2,11,3005,0.0041341033315947,0.3473850681869008
IVFSPEA2,DTLZ2,DTLZ,2,11,3006,0.0041274067259073,0.347442994010057
IVFSPEA2,DTLZ2,DTLZ,2,11,3007,0.0041198073927797,0.3473464212855745
IVFSPEA2,DTLZ2,DTLZ,2,11,3008,0.0041364223639658,0.3473139490316618
IVFSPEA2,DTLZ2,DTLZ,2,11,3009,0.0040875355453166,0.3473436089327077
IVFSPEA2,DTLZ2,DTLZ,2,11,3010,0.0041882828012509,0.3473627870110746
IVFSPEA2,DTLZ2,DTLZ,2,11,3011,0.0041218730624111,0.3473647559665572
IVFSPEA2,DTLZ2,DTLZ,2,11,3012,0.0041211390131229,0.3473574855440047
IVFSPEA2,DTLZ2,DTLZ,2,11,3013,0.0041520123257812,0.3474100533249907
IVFSPEA2,DTLZ2,DTLZ,2,11,3014,0.0040758100097597,0.3474187771047993
IVFSPEA2,DTLZ2,DTLZ,2,11,3015,0.0041011683030354,0.3473548591591748
IVFSPEA2,DTLZ2,DTLZ,2,11,3016,0.0042133983369772,0.3473413862251333
IVFSPEA2,DTLZ2,DTLZ,2,11,3017,0.0040908513672268,0.3474197757145502
IVFSPEA2,DTLZ2,DTLZ,2,11,3018,0.0040960253875484,0.3473067214594698
IVFSPEA2,DTLZ2,DTLZ,2,11,3019,0.0041668384920894,0.3473297106628807
IVFSPEA2,DTLZ2,DTLZ,2,11,3020,0.0040903158604692,0.3473967774153768
IVFSPEA2,DTLZ2,DTLZ,2,11,3021,0.0041622126165361,0.3473566015522773
IVFSPEA2,DTLZ2,DTLZ,2,11,3022,0.0041097360142369,0.3473908038790045
IVFSPEA2,DTLZ2,DTLZ,2,11,3023,0.0041717230132984,0.3473701854000858
IVFSPEA2,DTLZ2,DTLZ,2,11,3024,0.0040918456366878,0.3474128097392777
IVFSPEA2,DTLZ2,DTLZ,2,11,3025,0.0041220165489306,0.3472862467287216
IVFSPEA2,DTLZ2,DTLZ,2,11,3026,0.0040652313782638,0.3474844002415185
IVFSPEA2,DTLZ2,DTLZ,2,11,3027,0.0041117623971557,0.3473874195493614
IVFSPEA2,DTLZ2,DTLZ,2,11,3028,0.0040893604861092,0.3474356485254171
IVFSPEA2,DTLZ2,DTLZ,2,11,3029,0.0040812946871304,0.3473760433196438
IVFSPEA2,DTLZ2,DTLZ,2,11,3030,0.0041212102921859,0.3473593040105761
IVFSPEA2,DTLZ2,DTLZ,3,12,3001,0.0540748553127916,0.5583386914451409
IVFSPEA2,DTLZ2,DTLZ,3,12,3002,0.0535876875833556,0.5586236360585861
IVFSPEA2,DTLZ2,DTLZ,3,12,3003,0.0537102097090853,0.5572428144548169
IVFSPEA2,DTLZ2,DTLZ,3,12,3004,0.0530089219926128,0.5583493210252735
IVFSPEA2,DTLZ2,DTLZ,3,12,3005,0.0540541191599099,0.5557657727080214
IVFSPEA2,DTLZ2,DTLZ,3,12,3006,0.052935423393578,0.5591685775501892
IVFSPEA2,DTLZ2,DTLZ,3,12,3007,0.0540309155153362,0.5589725152579976
IVFSPEA2,DTLZ2,DTLZ,3,12,3008,0.0537407143773506,0.5578418925994093
IVFSPEA2,DTLZ2,DTLZ,3,12,3009,0.0539967317049506,0.5600691131399133
IVFSPEA2,DTLZ2,DTLZ,3,12,3010,0.0546765409356052,0.5576485595791332
IVFSPEA2,DTLZ2,DTLZ,3,12,3011,0.0532919398134583,0.5579592629689611
IVFSPEA2,DTLZ2,DTLZ,3,12,3012,0.0542467882119253,0.5573197754995932
IVFSPEA2,DTLZ2,DTLZ,3,12,3013,0.0533594435238932,0.5573588720356646
IVFSPEA2,DTLZ2,DTLZ,3,12,3014,0.0536875221273937,0.5576258438577758
IVFSPEA2,DTLZ2,DTLZ,3,12,3015,0.0539750258651922,0.5558260529817378
IVFSPEA2,DTLZ2,DTLZ,3,12,3016,0.0530270804710855,0.5579610091342411
IVFSPEA2,DTLZ2,DTLZ,3,12,3017,0.0543881197496933,0.5587927005305173
IVFSPEA2,DTLZ2,DTLZ,3,12,3018,0.0543895104492485,0.5553400616314996
IVFSPEA2,DTLZ2,DTLZ,3,12,3019,0.0540721078600778,0.5590110781004407
IVFSPEA2,DTLZ2,DTLZ,3,12,3020,0.0532417885508533,0.558751611115726
IVFSPEA2,DTLZ2,DTLZ,3,12,3021,0.0531347296922118,0.5577849904565676
IVFSPEA2,DTLZ2,DTLZ,3,12,3022,0.0542400652051678,0.5573497632704983
IVFSPEA2,DTLZ2,DTLZ,3,12,3023,0.0537537795276842,0.5586946785661193
IVFSPEA2,DTLZ2,DTLZ,3,12,3024,0.0542032039374021,0.5587827280944415
IVFSPEA2,DTLZ2,DTLZ,3,12,3025,0.0548575369281308,0.5592978788107037
IVFSPEA2,DTLZ2,DTLZ,3,12,3026,0.0538361925376621,0.5605289303617995
IVFSPEA2,DTLZ2,DTLZ,3,12,3027,0.0536057411224644,0.5584699615167121
IVFSPEA2,DTLZ2,DTLZ,3,12,3028,0.0540939009140677,0.5563959546608817
IVFSPEA2,DTLZ2,DTLZ,3,12,3029,0.0530273873150889,0.5590440185053919
IVFSPEA2,DTLZ2,DTLZ,3,12,3030,0.0536237716123379,0.558271481835524
IVFSPEA2,DTLZ3,DTLZ,2,11,3001,0.0040645539305008,0.3473587016261521
IVFSPEA2,DTLZ3,DTLZ,2,11,3002,0.0041534368740144,0.3470424411993574
IVFSPEA2,DTLZ3,DTLZ,2,11,3003,0.0040509480570043,0.3474827373041746
IVFSPEA2,DTLZ3,DTLZ,2,11,3004,0.0040233810650482,0.347456069154666
IVFSPEA2,DTLZ3,DTLZ,2,11,3005,0.0040378684710131,0.3476228306242671
IVFSPEA2,DTLZ3,DTLZ,2,11,3006,0.0040565546632309,0.3476318200947367
IVFSPEA2,DTLZ3,DTLZ,2,11,3007,0.0040800910903039,0.3473798847054293
IVFSPEA2,DTLZ3,DTLZ,2,11,3008,0.0041356813150038,0.34742944367204
IVFSPEA2,DTLZ3,DTLZ,2,11,3009,0.0040619374931327,0.3473949057255859
IVFSPEA2,DTLZ3,DTLZ,2,11,3010,0.0040919584425835,0.3475648065640969
IVFSPEA2,DTLZ3,DTLZ,2,11,3011,0.0040290838698003,0.3475624196511744
IVFSPEA2,DTLZ3,DTLZ,2,11,3012,0.0040755099326234,0.3476313647928871
IVFSPEA2,DTLZ3,DTLZ,2,11,3013,0.0041168515904198,0.3474113394864401
IVFSPEA2,DTLZ3,DTLZ,2,11,3014,0.0040760531230131,0.3475493055775765
IVFSPEA2,DTLZ3,DTLZ,2,11,3015,0.0040830684839439,0.3475115510457308
IVFSPEA2,DTLZ3,DTLZ,2,11,3016,0.0040669499480702,0.3476358119804421
IVFSPEA2,DTLZ3,DTLZ,2,11,3017,0.0040404759249707,0.3475418443776695
IVFSPEA2,DTLZ3,DTLZ,2,11,3018,0.004172387191815,0.3468052780973639
IVFSPEA2,DTLZ3,DTLZ,2,11,3019,0.0040335825632159,0.3475431012259362
IVFSPEA2,DTLZ3,DTLZ,2,11,3020,0.0040177728506847,0.3475390572744557
IVFSPEA2,DTLZ3,DTLZ,2,11,3021,0.0040225366222199,0.3475853986761171
IVFSPEA2,DTLZ3,DTLZ,2,11,3022,0.0040255561702708,0.3472319518534096
IVFSPEA2,DTLZ3,DTLZ,2,11,3023,0.0040357470338865,0.3474575198665741
IVFSPEA2,DTLZ3,DTLZ,2,11,3024,0.0040497557742727,0.347569184205984
IVFSPEA2,DTLZ3,DTLZ,2,11,3025,0.0040546727537839,0.3475019825413358
IVFSPEA2,DTLZ3,DTLZ,2,11,3026,0.0040194571777776,0.3475151456529899
IVFSPEA2,DTLZ3,DTLZ,2,11,3027,0.0040639934764319,0.3475109765286059
IVFSPEA2,DTLZ3,DTLZ,2,11,3028,0.0040672424669223,0.3475776566835656
IVFSPEA2,DTLZ3,DTLZ,2,11,3029,0.0040379453716551,0.3475975803311077
IVFSPEA2,DTLZ3,DTLZ,2,11,3030,0.0040124785639989,0.3475769999913727
IVFSPEA2,DTLZ3,DTLZ,3,12,3001,0.0529892308905922,0.56172306007339
IVFSPEA2,DTLZ3,DTLZ,3,12,3002,0.0537831093738096,0.5626001958574731
IVFSPEA2,DTLZ3,DTLZ,3,12,3003,0.0539323658412608,0.5615226003293274
IVFSPEA2,DTLZ3,DTLZ,3,12,3004,0.0532529226922351,0.5603742365741133
IVFSPEA2,DTLZ3,DTLZ,3,12,3005,0.0524271818093027,0.5610688857285038
IVFSPEA2,DTLZ3,DTLZ,3,12,3006,0.0533690978627229,0.5608953775336968
IVFSPEA2,DTLZ3,DTLZ,3,12,3007,0.0534831145729294,0.5614499117647622
IVFSPEA2,DTLZ3,DTLZ,3,12,3008,0.053460191421309,0.5615418798922872
IVFSPEA2,DTLZ3,DTLZ,3,12,3009,0.0527225042294104,0.5604817861732708
IVFSPEA2,DTLZ3,DTLZ,3,12,3010,0.0527404794041281,0.5620696284147453
IVFSPEA2,DTLZ3,DTLZ,3,12,3011,0.0525051686788748,0.560227017306663
IVFSPEA2,DTLZ3,DTLZ,3,12,3012,0.0545419959676289,0.5606612906735959
IVFSPEA2,DTLZ3,DTLZ,3,12,3013,0.0550100907568237,0.5601974498385489
IVFSPEA2,DTLZ3,DTLZ,3,12,3014,0.0529435453557663,0.5625537315060529
IVFSPEA2,DTLZ3,DTLZ,3,12,3015,0.0527588125873101,0.5621010063001687
IVFSPEA2,DTLZ3,DTLZ,3,12,3016,0.0526301400476977,0.5607395477011051
IVFSPEA2,DTLZ3,DTLZ,3,12,3017,0.0538795354834281,0.5613147566837613
IVFSPEA2,DTLZ3,DTLZ,3,12,3018,0.0530157819282486,0.5625783267955251
IVFSPEA2,DTLZ3,DTLZ,3,12,3019,0.0522438504395189,0.5613198784161305
IVFSPEA2,DTLZ3,DTLZ,3,12,3020,0.0533844571878509,0.5607359586591835
IVFSPEA2,DTLZ3,DTLZ,3,12,3021,0.0535950704394736,0.5615264562361085
IVFSPEA2,DTLZ3,DTLZ,3,12,3022,0.0525009128519172,0.5620400788643394
IVFSPEA2,DTLZ3,DTLZ,3,12,3023,0.0531054721286456,0.5619438431303041
IVFSPEA2,DTLZ3,DTLZ,3,12,3024,0.052323092438809,0.5615461610255952
IVFSPEA2,DTLZ3,DTLZ,3,12,3025,0.0533938991861195,0.5605782928182851
IVFSPEA2,DTLZ3,DTLZ,3,12,3026,0.0526814872709451,0.5612073116876962
IVFSPEA2,DTLZ3,DTLZ,3,12,3027,0.0525582863601699,0.5614795398224837
IVFSPEA2,DTLZ3,DTLZ,3,12,3028,0.0524667676583136,0.5611344044446923
IVFSPEA2,DTLZ3,DTLZ,3,12,3029,0.0541000877180181,0.5616398133524314
IVFSPEA2,DTLZ3,DTLZ,3,12,3030,0.053384519298729,0.5610392841205021
IVFSPEA2,DTLZ4,DTLZ,2,11,3001,0.0040898250773209,0.3474071378378685
IVFSPEA2,DTLZ4,DTLZ,2,11,3002,0.0040558846061471,0.3475037570005831
IVFSPEA2,DTLZ4,DTLZ,2,11,3003,0.0041057731454971,0.3475031174709093
IVFSPEA2,DTLZ4,DTLZ,2,11,3004,0.0041095098878478,0.3474590163087692
IVFSPEA2,DTLZ4,DTLZ,2,11,3005,0.0040620632073721,0.3474565180796858
IVFSPEA2,DTLZ4,DTLZ,2,11,3006,0.0040866446583732,0.3474226776603527
IVFSPEA2,DTLZ4,DTLZ,2,11,3007,0.004161751922837,0.347447378479239
IVFSPEA2,DTLZ4,DTLZ,2,11,3008,0.7420913385771939,0.0909090908535634
IVFSPEA2,DTLZ4,DTLZ,2,11,3009,0.004129532501944,0.3473754300990064
IVFSPEA2,DTLZ4,DTLZ,2,11,3010,0.0041215977925263,0.3474657777493463
IVFSPEA2,DTLZ4,DTLZ,2,11,3011,0.7420913385794473,0.0909090908480453
IVFSPEA2,DTLZ4,DTLZ,2,11,3012,0.0041443566215649,0.3475327960752015
IVFSPEA2,DTLZ4,DTLZ,2,11,3013,0.0041589904107523,0.3473924650457514
IVFSPEA2,DTLZ4,DTLZ,2,11,3014,0.004150672957377,0.34740526546781
IVFSPEA2,DTLZ4,DTLZ,2,11,3015,0.0041119462692944,0.3473432527403264
IVFSPEA2,DTLZ4,DTLZ,2,11,3016,0.0040481737048185,0.3474635558098666
IVFSPEA2,DTLZ4,DTLZ,2,11,3017,0.004111568058123,0.3473813790560945
IVFSPEA2,DTLZ4,DTLZ,2,11,3018,0.00405004827305,0.3474471268656762
IVFSPEA2,DTLZ4,DTLZ,2,11,3019,0.004072758711066,0.3475644942451715
IVFSPEA2,DTLZ4,DTLZ,2,11,3020,0.0041260673446836,0.3474114342884504
IVFSPEA2,DTLZ4,DTLZ,2,11,3021,0.0041032060662426,0.3474768274456227
IVFSPEA2,DTLZ4,DTLZ,2,11,3022,0.0041736266321062,0.3473826036735867
IVFSPEA2,DTLZ4,DTLZ,2,11,3023,0.0041271591007014,0.3473171826169907
IVFSPEA2,DTLZ4,DTLZ,2,11,3024,0.0040612412895835,0.3474845806563073
IVFSPEA2,DTLZ4,DTLZ,2,11,3025,0.0041076963900252,0.3475150681857147
IVFSPEA2,DTLZ4,DTLZ,2,11,3026,0.0041002836142307,0.3473423368345175
IVFSPEA2,DTLZ4,DTLZ,2,11,3027,0.0041350709149777,0.3473074555346838
IVFSPEA2,DTLZ4,DTLZ,2,11,3028,0.0041178135432742,0.3474643862493686
IVFSPEA2,DTLZ4,DTLZ,2,11,3029,0.742091338566429,0.0909090908799398
IVFSPEA2,DTLZ4,DTLZ,2,11,3030,0.0040623315141005,0.3473831842583945
IVFSPEA2,DTLZ4,DTLZ,3,12,3001,0.5408285824224212,0.3473496934563009
IVFSPEA2,DTLZ4,DTLZ,3,12,3002,0.5408319916785226,0.3472461531212066
IVFSPEA2,DTLZ4,DTLZ,3,12,3003,0.0531670842968898,0.5586590908955154
IVFSPEA2,DTLZ4,DTLZ,3,12,3004,0.0543016416709587,0.5573590408944268
IVFSPEA2,DTLZ4,DTLZ,3,12,3005,0.0541705684338798,0.5564429999733156
IVFSPEA2,DTLZ4,DTLZ,3,12,3006,0.5408258198699096,0.347414584848784
IVFSPEA2,DTLZ4,DTLZ,3,12,3007,0.540832459936702,0.3474500615309692
IVFSPEA2,DTLZ4,DTLZ,3,12,3008,0.0535143906779473,0.5570826673940669
IVFSPEA2,DTLZ4,DTLZ,3,12,3009,0.0545599971780569,0.5591858760230619
IVFSPEA2,DTLZ4,DTLZ,3,12,3010,0.5408453640102219,0.3472128882757262
IVFSPEA2,DTLZ4,DTLZ,3,12,3011,0.0532722120671829,0.5584221613731292
IVFSPEA2,DTLZ4,DTLZ,3,12,3012,0.5408262840022667,0.3474419843231378
IVFSPEA2,DTLZ4,DTLZ,3,12,3013,0.0544378556045507,0.5591184025683635
IVFSPEA2,DTLZ4,DTLZ,3,12,3014,0.5408243923925079,0.3473341155237646
IVFSPEA2,DTLZ4,DTLZ,3,12,3015,0.9459249259396216,0.0909090908497938
IVFSPEA2,DTLZ4,DTLZ,3,12,3016,0.5408297343855049,0.347467316981016
IVFSPEA2,DTLZ4,DTLZ,3,12,3017,0.5408374062847868,0.3474389500985612
IVFSPEA2,DTLZ4,DTLZ,3,12,3018,0.0530937330387269,0.5600772097574336
IVFSPEA2,DTLZ4,DTLZ,3,12,3019,0.0538316263759902,0.5577943467288333
IVFSPEA2,DTLZ4,DTLZ,3,12,3020,0.5408299193087858,0.3473645159593038
IVFSPEA2,DTLZ4,DTLZ,3,12,3021,0.0541712345552864,0.5579955463826733
IVFSPEA2,DTLZ4,DTLZ,3,12,3022,0.0532675993304653,0.5584383079128251
IVFSPEA2,DTLZ4,DTLZ,3,12,3023,0.0537953910965849,0.5587029370984737
IVFSPEA2,DTLZ4,DTLZ,3,12,3024,0.0541545617968274,0.556398607374596
IVFSPEA2,DTLZ4,DTLZ,3,12,3025,0.0551087297820712,0.5583676607994044
IVFSPEA2,DTLZ4,DTLZ,3,12,3026,0.5408284206537752,0.3473533422198478
IVFSPEA2,DTLZ4,DTLZ,3,12,3027,0.5408341225920095,0.3474326602954545
IVFSPEA2,DTLZ4,DTLZ,3,12,3028,0.5408314091239108,0.3474523021657345
IVFSPEA2,DTLZ4,DTLZ,3,12,3029,0.054109879860333,0.5569664607254031
IVFSPEA2,DTLZ4,DTLZ,3,12,3030,0.053967011405979,0.5581305627026198
IVFSPEA2,DTLZ5,DTLZ,2,11,3001,0.0041407766539453,0.347448654202987
IVFSPEA2,DTLZ5,DTLZ,2,11,3002,0.004121684303101,0.3474614631719409
IVFSPEA2,DTLZ5,DTLZ,2,11,3003,0.0041603749516975,0.347381823077211
IVFSPEA2,DTLZ5,DTLZ,2,11,3004,0.0041803482693788,0.3474221154238024
IVFSPEA2,DTLZ5,DTLZ,2,11,3005,0.0041355374805533,0.3473230154764837
IVFSPEA2,DTLZ5,DTLZ,2,11,3006,0.0041549403878924,0.3475728200729696
IVFSPEA2,DTLZ5,DTLZ,2,11,3007,0.0041617485005112,0.3472902950791215
IVFSPEA2,DTLZ5,DTLZ,2,11,3008,0.0040856236348366,0.3473855231038014
IVFSPEA2,DTLZ5,DTLZ,2,11,3009,0.0040994684203471,0.347395693082182
IVFSPEA2,DTLZ5,DTLZ,2,11,3010,0.0040628970603123,0.3473771048965335
IVFSPEA2,DTLZ5,DTLZ,2,11,3011,0.0040727248440761,0.3473798686438399
IVFSPEA2,DTLZ5,DTLZ,2,11,3012,0.0041497625241253,0.3474952492765667
IVFSPEA2,DTLZ5,DTLZ,2,11,3013,0.0041027137509782,0.3473904683930696
IVFSPEA2,DTLZ5,DTLZ,2,11,3014,0.0041555139203799,0.34742928772527
IVFSPEA2,DTLZ5,DTLZ,2,11,3015,0.0041143532635818,0.3474658258302026
IVFSPEA2,DTLZ5,DTLZ,2,11,3016,0.0040620887429227,0.347459237296689
IVFSPEA2,DTLZ5,DTLZ,2,11,3017,0.0041109848197393,0.3473629129217118
IVFSPEA2,DTLZ5,DTLZ,2,11,3018,0.0040987262416425,0.347485149186498
IVFSPEA2,DTLZ5,DTLZ,2,11,3019,0.0041155037438593,0.3473474834196473
IVFSPEA2,DTLZ5,DTLZ,2,11,3020,0.0041293949159003,0.3473733539466592
IVFSPEA2,DTLZ5,DTLZ,2,11,3021,0.0041246626437564,0.3474751812379874
IVFSPEA2,DTLZ5,DTLZ,2,11,3022,0.0040803330757875,0.347425907952359
IVFSPEA2,DTLZ5,DTLZ,2,11,3023,0.0041363935317871,0.3473466209290502
IVFSPEA2,DTLZ5,DTLZ,2,11,3024,0.0040902229438872,0.3473527435553837
IVFSPEA2,DTLZ5,DTLZ,2,11,3025,0.0041277399545211,0.3472779661291663
IVFSPEA2,DTLZ5,DTLZ,2,11,3026,0.0041445394752146,0.3473989268911074
IVFSPEA2,DTLZ5,DTLZ,2,11,3027,0.0041222228641882,0.3474694367419658
IVFSPEA2,DTLZ5,DTLZ,2,11,3028,0.0040847968342892,0.3475360176201886
IVFSPEA2,DTLZ5,DTLZ,2,11,3029,0.0040690069793321,0.3474307326893399
IVFSPEA2,DTLZ5,DTLZ,2,11,3030,0.004166962965755,0.3473981949624629
IVFSPEA2,DTLZ5,DTLZ,3,12,3001,0.0043015963869241,0.1998054275794402
IVFSPEA2,DTLZ5,DTLZ,3,12,3002,0.0044063110038535,0.1996344594487608
IVFSPEA2,DTLZ5,DTLZ,3,12,3003,0.004204871013601,0.1998616407359532
IVFSPEA2,DTLZ5,DTLZ,3,12,3004,0.0043452092923171,0.1997314790393441
IVFSPEA2,DTLZ5,DTLZ,3,12,3005,0.0043081631083148,0.1996640043476665
IVFSPEA2,DTLZ5,DTLZ,3,12,3006,0.004123755647671,0.1999078064305005
IVFSPEA2,DTLZ5,DTLZ,3,12,3007,0.0042214957660049,0.1997427717587878
IVFSPEA2,DTLZ5,DTLZ,3,12,3008,0.0043021616722791,0.1997702484583456
IVFSPEA2,DTLZ5,DTLZ,3,12,3009,0.0042099329059332,0.1999514598079252
IVFSPEA2,DTLZ5,DTLZ,3,12,3010,0.0042354824916895,0.1999111646044368
IVFSPEA2,DTLZ5,DTLZ,3,12,3011,0.0041765203140158,0.1998007891769003
IVFSPEA2,DTLZ5,DTLZ,3,12,3012,0.0043137006526871,0.1997881505851519
IVFSPEA2,DTLZ5,DTLZ,3,12,3013,0.0043986720099321,0.1996591761552009
IVFSPEA2,DTLZ5,DTLZ,3,12,3014,0.0043919922697688,0.1996449205650269
IVFSPEA2,DTLZ5,DTLZ,3,12,3015,0.0041105061286513,0.1998768176317528
IVFSPEA2,DTLZ5,DTLZ,3,12,3016,0.0041638464559896,0.1998894108244668
IVFSPEA2,DTLZ5,DTLZ,3,12,3017,0.0041730597761956,0.1998952417431854
IVFSPEA2,DTLZ5,DTLZ,3,12,3018,0.0043070247968526,0.1996283654388005
IVFSPEA2,DTLZ5,DTLZ,3,12,3019,0.0041869591481196,0.1998874362775636
IVFSPEA2,DTLZ5,DTLZ,3,12,3020,0.00456825656276,0.1994773439100355
IVFSPEA2,DTLZ5,DTLZ,3,12,3021,0.0041302214655439,0.1998237291866324
IVFSPEA2,DTLZ5,DTLZ,3,12,3022,0.0041956499671474,0.1997978171301796
IVFSPEA2,DTLZ5,DTLZ,3,12,3023,0.004242828967099,0.1997931771352181
IVFSPEA2,DTLZ5,DTLZ,3,12,3024,0.0044276276547059,0.199714150895781
IVFSPEA2,DTLZ5,DTLZ,3,12,3025,0.0042884554034802,0.1998612466380423
IVFSPEA2,DTLZ5,DTLZ,3,12,3026,0.0043450629773489,0.1998743454808915
IVFSPEA2,DTLZ5,DTLZ,3,12,3027,0.0041701024912605,0.1998484449360442
IVFSPEA2,DTLZ5,DTLZ,3,12,3028,0.0042973498352594,0.1997644265147709
IVFSPEA2,DTLZ5,DTLZ,3,12,3029,0.0043766785168537,0.1998183360297146
IVFSPEA2,DTLZ5,DTLZ,3,12,3030,0.0041181863564742,0.1998690683989573
IVFSPEA2,DTLZ6,DTLZ,2,11,3001,0.0040279669926231,0.3475616490756531
IVFSPEA2,DTLZ6,DTLZ,2,11,3002,0.00407665305805,0.3475696407099981
IVFSPEA2,DTLZ6,DTLZ,2,11,3003,0.0040300077021402,0.3475799676826517
IVFSPEA2,DTLZ6,DTLZ,2,11,3004,0.0040731759609297,0.3476055083903517
IVFSPEA2,DTLZ6,DTLZ,2,11,3005,0.0040543693923053,0.3474848651407441
IVFSPEA2,DTLZ6,DTLZ,2,11,3006,0.0040133004408556,0.347560229823407
IVFSPEA2,DTLZ6,DTLZ,2,11,3007,0.004049782828397,0.347583509475074
IVFSPEA2,DTLZ6,DTLZ,2,11,3008,0.0040826130638586,0.3476199285275295
IVFSPEA2,DTLZ6,DTLZ,2,11,3009,0.004028365092556,0.3475769758426457
IVFSPEA2,DTLZ6,DTLZ,2,11,3010,0.0040343370963075,0.347587987154524
IVFSPEA2,DTLZ6,DTLZ,2,11,3011,0.0040810774661473,0.347636239582946
IVFSPEA2,DTLZ6,DTLZ,2,11,3012,0.0040854520707137,0.3476106224380989
IVFSPEA2,DTLZ6,DTLZ,2,11,3013,0.004059920050817,0.3476011686086383
IVFSPEA2,DTLZ6,DTLZ,2,11,3014,0.004093794304938,0.3476397433094976
IVFSPEA2,DTLZ6,DTLZ,2,11,3015,0.0040552442212478,0.347614518978209
IVFSPEA2,DTLZ6,DTLZ,2,11,3016,0.0040315489940975,0.3475764909137142
IVFSPEA2,DTLZ6,DTLZ,2,11,3017,0.0040541956819918,0.3475396678056828
IVFSPEA2,DTLZ6,DTLZ,2,11,3018,0.0041098598995872,0.3476148796361892
IVFSPEA2,DTLZ6,DTLZ,2,11,3019,0.0040441374780331,0.347593926747236
IVFSPEA2,DTLZ6,DTLZ,2,11,3020,0.0040802769536864,0.3476062966456844
IVFSPEA2,DTLZ6,DTLZ,2,11,3021,0.0040302661882748,0.3476263808525338
IVFSPEA2,DTLZ6,DTLZ,2,11,3022,0.0040289490987563,0.3475075164255854
IVFSPEA2,DTLZ6,DTLZ,2,11,3023,0.0040450215198136,0.3476045359273573
IVFSPEA2,DTLZ6,DTLZ,2,11,3024,0.0040813731289126,0.3476170586868894
IVFSPEA2,DTLZ6,DTLZ,2,11,3025,0.0040493451978868,0.3475341303756717
IVFSPEA2,DTLZ6,DTLZ,2,11,3026,0.0040245047843856,0.3475653046612741
IVFSPEA2,DTLZ6,DTLZ,2,11,3027,0.004019800828438,0.3475715709069078
IVFSPEA2,DTLZ6,DTLZ,2,11,3028,0.0040685277229308,0.3475658414633444
IVFSPEA2,DTLZ6,DTLZ,2,11,3029,0.0040821243674009,0.3476182153636949
IVFSPEA2,DTLZ6,DTLZ,2,11,3030,0.0040635076729074,0.3475841759943069
IVFSPEA2,DTLZ6,DTLZ,3,12,3001,0.0040880013025421,0.2001039139371882
IVFSPEA2,DTLZ6,DTLZ,3,12,3002,0.0040357392660036,0.1999906082570997
IVFSPEA2,DTLZ6,DTLZ,3,12,3003,0.004061553386703,0.2001142531223341
IVFSPEA2,DTLZ6,DTLZ,3,12,3004,0.0040759436192981,0.2000472171311377
IVFSPEA2,DTLZ6,DTLZ,3,12,3005,0.0040081655529341,0.2000162012266312
IVFSPEA2,DTLZ6,DTLZ,3,12,3006,0.0040790096083162,0.2000690430529732
IVFSPEA2,DTLZ6,DTLZ,3,12,3007,0.0040523234381695,0.2000948811257156
IVFSPEA2,DTLZ6,DTLZ,3,12,3008,0.0040315767199182,0.2000937182358902
IVFSPEA2,DTLZ6,DTLZ,3,12,3009,0.0041036829039681,0.2001495384814873
IVFSPEA2,DTLZ6,DTLZ,3,12,3010,0.0041021356418995,0.2001413029104269
IVFSPEA2,DTLZ6,DTLZ,3,12,3011,0.0040560328543388,0.2001460149700897
IVFSPEA2,DTLZ6,DTLZ,3,12,3012,0.0041277817427235,0.2000504417552536
IVFSPEA2,DTLZ6,DTLZ,3,12,3013,0.0040434014167317,0.2000734448610973
IVFSPEA2,DTLZ6,DTLZ,3,12,3014,0.0040862834801913,0.2001165437427272
IVFSPEA2,DTLZ6,DTLZ,3,12,3015,0.0040868451591539,0.2000582444020901
IVFSPEA2,DTLZ6,DTLZ,3,12,3016,0.0040425298762947,0.200078769139367
IVFSPEA2,DTLZ6,DTLZ,3,12,3017,0.0040526047714601,0.2001037031636913
IVFSPEA2,DTLZ6,DTLZ,3,12,3018,0.0040684697009841,0.2001310398217743
IVFSPEA2,DTLZ6,DTLZ,3,12,3019,0.0040348584972608,0.200076643078409
IVFSPEA2,DTLZ6,DTLZ,3,12,3020,0.0040553438009272,0.2000115349674173
IVFSPEA2,DTLZ6,DTLZ,3,12,3021,0.0041458791848705,0.2000077970676873
IVFSPEA2,DTLZ6,DTLZ,3,12,3022,0.0040193525364939,0.2001187692929308
IVFSPEA2,DTLZ6,DTLZ,3,12,3023,0.0040662840233732,0.2000607635798653
IVFSPEA2,DTLZ6,DTLZ,3,12,3024,0.0040402028395417,0.1999306502201541
IVFSPEA2,DTLZ6,DTLZ,3,12,3025,0.004086890857475,0.2000723410709522
IVFSPEA2,DTLZ6,DTLZ,3,12,3026,0.0041065869439175,0.2001012704234879
IVFSPEA2,DTLZ6,DTLZ,3,12,3027,0.0040502016680112,0.2000554579417655
IVFSPEA2,DTLZ6,DTLZ,3,12,3028,0.0040228399804457,0.2000759613855656
IVFSPEA2,DTLZ6,DTLZ,3,12,3029,0.0040995934189553,0.2001466457494931
IVFSPEA2,DTLZ6,DTLZ,3,12,3030,0.0040306166711822,0.2000218570966914
IVFSPEA2,DTLZ7,DTLZ,2,21,3001,0.0046826215003192,0.2429180728218957
IVFSPEA2,DTLZ7,DTLZ,2,21,3002,0.0047443404327133,0.2429086962263978
IVFSPEA2,DTLZ7,DTLZ,2,21,3003,0.0047445916402405,0.242899728564545
IVFSPEA2,DTLZ7,DTLZ,2,21,3004,0.0047412014140402,0.2428956284623939
IVFSPEA2,DTLZ7,DTLZ,2,21,3005,0.004597690859013,0.2428948740089124
IVFSPEA2,DTLZ7,DTLZ,2,21,3006,0.0047249446218679,0.242910592085694
IVFSPEA2,DTLZ7,DTLZ,2,21,3007,0.0046378492457418,0.2429314590113689
IVFSPEA2,DTLZ7,DTLZ,2,21,3008,0.0047273813913074,0.242915143473643
IVFSPEA2,DTLZ7,DTLZ,2,21,3009,0.0046676332203946,0.2428828386050467
IVFSPEA2,DTLZ7,DTLZ,2,21,3010,0.0047081599832786,0.2428982821417014
IVFSPEA2,DTLZ7,DTLZ,2,21,3011,0.0046865941411098,0.2429267119815225
IVFSPEA2,DTLZ7,DTLZ,2,21,3012,0.0046672270859473,0.2429135079563122
IVFSPEA2,DTLZ7,DTLZ,2,21,3013,0.004773902168968,0.2428680735467122
IVFSPEA2,DTLZ7,DTLZ,2,21,3014,0.0046794802252239,0.2429105832571118
IVFSPEA2,DTLZ7,DTLZ,2,21,3015,0.0048402631805459,0.2428885307125657
IVFSPEA2,DTLZ7,DTLZ,2,21,3016,0.0048402387538325,0.2428902693100599
IVFSPEA2,DTLZ7,DTLZ,2,21,3017,0.0046783724042641,0.2429041091413711
IVFSPEA2,DTLZ7,DTLZ,2,21,3018,0.0046113594396695,0.2429207173913354
IVFSPEA2,DTLZ7,DTLZ,2,21,3019,0.0048072777935121,0.2428715724730736
IVFSPEA2,DTLZ7,DTLZ,2,21,3020,0.0049441982347135,0.2428856864063531
IVFSPEA2,DTLZ7,DTLZ,2,21,3021,0.0046400480904159,0.24291063845761
IVFSPEA2,DTLZ7,DTLZ,2,21,3022,0.0047623920897359,0.2428823196518172
IVFSPEA2,DTLZ7,DTLZ,2,21,3023,0.004644224107074,0.2429073077248465
IVFSPEA2,DTLZ7,DTLZ,2,21,3024,0.0046596223788939,0.2429163158388153
IVFSPEA2,DTLZ7,DTLZ,2,21,3025,0.0047609808201359,0.2428952101621108
IVFSPEA2,DTLZ7,DTLZ,2,21,3026,0.0046742120298641,0.2429088070170476
IVFSPEA2,DTLZ7,DTLZ,2,21,3027,0.0046400317309572,0.2429103826454504
IVFSPEA2,DTLZ7,DTLZ,2,21,3028,0.0047067951878998,0.2429102623070448
IVFSPEA2,DTLZ7,DTLZ,2,21,3029,0.0046130197205741,0.2429257833429316
IVFSPEA2,DTLZ7,DTLZ,2,21,3030,0.0048829192745446,0.2428849032361424
IVFSPEA2,DTLZ7,DTLZ,3,22,3001,0.0604541099687043,0.277388104866451
IVFSPEA2,DTLZ7,DTLZ,3,22,3002,0.0593760640861599,0.2770547767713761
IVFSPEA2,DTLZ7,DTLZ,3,22,3003,0.0606295774110036,0.2771242555687089
IVFSPEA2,DTLZ7,DTLZ,3,22,3004,0.0600303159112777,0.2772824170953975
IVFSPEA2,DTLZ7,DTLZ,3,22,3005,0.0597086918450999,0.2767660752491658
IVFSPEA2,DTLZ7,DTLZ,3,22,3006,0.0584599938259483,0.2781875205358734
IVFSPEA2,DTLZ7,DTLZ,3,22,3007,0.0594275281001163,0.2785296637899954
IVFSPEA2,DTLZ7,DTLZ,3,22,3008,0.0592362739288677,0.2778952670015998
IVFSPEA2,DTLZ7,DTLZ,3,22,3009,0.0588204998972127,0.2771917047525647
IVFSPEA2,DTLZ7,DTLZ,3,22,3010,0.0600714928380565,0.2779805702233005
IVFSPEA2,DTLZ7,DTLZ,3,22,3011,0.3449022474056594,0.2430026868908085
IVFSPEA2,DTLZ7,DTLZ,3,22,3012,0.0605205872916569,0.276937609676158
IVFSPEA2,DTLZ7,DTLZ,3,22,3013,0.0582785572026778,0.2781937102311322
IVFSPEA2,DTLZ7,DTLZ,3,22,3014,0.0602247867043313,0.2761962690554786
IVFSPEA2,DTLZ7,DTLZ,3,22,3015,0.0607432743252879,0.2768322509680594
IVFSPEA2,DTLZ7,DTLZ,3,22,3016,0.0591541770482288,0.2779744433120492
IVFSPEA2,DTLZ7,DTLZ,3,22,3017,0.0613452333764842,0.2777136930066976
IVFSPEA2,DTLZ7,DTLZ,3,22,3018,0.0592108275450905,0.2767016446134926
IVFSPEA2,DTLZ7,DTLZ,3,22,3019,0.0586231720038455,0.278664372260329
IVFSPEA2,DTLZ7,DTLZ,3,22,3020,0.0597758626253532,0.2773205758935818
IVFSPEA2,DTLZ7,DTLZ,3,22,3021,0.0585372491089589,0.2776078758033952
IVFSPEA2,DTLZ7,DTLZ,3,22,3022,0.0601595609668421,0.2776699796520741
IVFSPEA2,DTLZ7,DTLZ,3,22,3023,0.3465801761336267,0.2423208003999157
IVFSPEA2,DTLZ7,DTLZ,3,22,3024,0.0605491343708696,0.2778668139434104
IVFSPEA2,DTLZ7,DTLZ,3,22,3025,0.3475481375923299,0.2433594052795339
IVFSPEA2,DTLZ7,DTLZ,3,22,3026,0.0603374602883192,0.2778877658177957
IVFSPEA2,DTLZ7,DTLZ,3,22,3027,0.0596859575827493,0.2776653544902456
IVFSPEA2,DTLZ7,DTLZ,3,22,3028,0.0580413948530644,0.2785488306832015
IVFSPEA2,DTLZ7,DTLZ,3,22,3029,0.0607814175865516,0.2761247771099738
IVFSPEA2,DTLZ7,DTLZ,3,22,3030,0.0584476721133105,0.2790198111225682
IVFSPEA2,MaF1,MaF,2,11,3001,0.0036944403349313,0.582290341427067
IVFSPEA2,MaF1,MaF,2,11,3002,0.00373915278514,0.5821601584803247
IVFSPEA2,MaF1,MaF,2,11,3003,0.0036980054164744,0.582278653752343
IVFSPEA2,MaF1,MaF,2,11,3004,0.0037140636344111,0.5822755672182408
IVFSPEA2,MaF1,MaF,2,11,3005,0.0037492541936567,0.5822061687058742
IVFSPEA2,MaF1,MaF,2,11,3006,0.003799252254695,0.5821513676500232
IVFSPEA2,MaF1,MaF,2,11,3007,0.0037459313333645,0.5821863991911453
IVFSPEA2,MaF1,MaF,2,11,3008,0.0037266614603419,0.582249938915158
IVFSPEA2,MaF1,MaF,2,11,3009,0.0036818017727923,0.5823423853392093
IVFSPEA2,MaF1,MaF,2,11,3010,0.003770966570355,0.5821428138387628
IVFSPEA2,MaF1,MaF,2,11,3011,0.0037769986005623,0.5821481338404162
IVFSPEA2,MaF1,MaF,2,11,3012,0.0037572307707469,0.5821253748507274
IVFSPEA2,MaF1,MaF,2,11,3013,0.0037265224849248,0.5823349843546094
IVFSPEA2,MaF1,MaF,2,11,3014,0.0037096910097642,0.5823153510400592
IVFSPEA2,MaF1,MaF,2,11,3015,0.0037462139858367,0.5822312585065725
IVFSPEA2,MaF1,MaF,2,11,3016,0.0037010771123645,0.5823122003483976
IVFSPEA2,MaF1,MaF,2,11,3017,0.0038141174361346,0.5821698656547196
IVFSPEA2,MaF1,MaF,2,11,3018,0.0037599761291209,0.5821836337999602
IVFSPEA2,MaF1,MaF,2,11,3019,0.0037024342039988,0.582293882711989
IVFSPEA2,MaF1,MaF,2,11,3020,0.0037387004886133,0.5821851908528519
IVFSPEA2,MaF1,MaF,2,11,3021,0.0037153565435774,0.5822826556880196
IVFSPEA2,MaF1,MaF,2,11,3022,0.0037300092778078,0.5823024426673957
IVFSPEA2,MaF1,MaF,2,11,3023,0.0037343818407255,0.582294848453289
IVFSPEA2,MaF1,MaF,2,11,3024,0.003728071177715,0.5823101173090564
IVFSPEA2,MaF1,MaF,2,11,3025,0.0037234954513361,0.582279811034906
IVFSPEA2,MaF1,MaF,2,11,3026,0.0036944629765717,0.5823595673293289
IVFSPEA2,MaF1,MaF,2,11,3027,0.0037710114390489,0.5822307682310012
IVFSPEA2,MaF1,MaF,2,11,3028,0.0038082404646288,0.5821125770464286
IVFSPEA2,MaF1,MaF,2,11,3029,0.0037726460747238,0.5821482246860006
IVFSPEA2,MaF1,MaF,2,11,3030,0.0037339770833338,0.5822451450709818
IVFSPEA2,MaF1,MaF,3,12,3001,0.0409624381574801,0.2200512845224802
IVFSPEA2,MaF1,MaF,3,12,3002,0.041284385673765,0.2196826527362919
IVFSPEA2,MaF1,MaF,3,12,3003,0.0410132867844741,0.2216015243257839
IVFSPEA2,MaF1,MaF,3,12,3004,0.0415779246471926,0.2194173913278224
IVFSPEA2,MaF1,MaF,3,12,3005,0.0409462004568404,0.2210596797972857
IVFSPEA2,MaF1,MaF,3,12,3006,0.0413902198303442,0.2204114346592612
IVFSPEA2,MaF1,MaF,3,12,3007,0.0405966339459074,0.2202861539767739
IVFSPEA2,MaF1,MaF,3,12,3008,0.0415687185678746,0.2194297698357742
IVFSPEA2,MaF1,MaF,3,12,3009,0.0412756896583942,0.2196460974759272
IVFSPEA2,MaF1,MaF,3,12,3010,0.0403926966224869,0.2210432775044792
IVFSPEA2,MaF1,MaF,3,12,3011,0.0406814947561097,0.2200693311940687
IVFSPEA2,MaF1,MaF,3,12,3012,0.041016298348785,0.2201710588881118
IVFSPEA2,MaF1,MaF,3,12,3013,0.0412340810750141,0.2201343619089493
IVFSPEA2,MaF1,MaF,3,12,3014,0.0413436763812696,0.2197775147031513
IVFSPEA2,MaF1,MaF,3,12,3015,0.0414385496183732,0.2205252852548478
IVFSPEA2,MaF1,MaF,3,12,3016,0.0406980026371895,0.2193866468320041
IVFSPEA2,MaF1,MaF,3,12,3017,0.0409602900000147,0.2203831025709129
IVFSPEA2,MaF1,MaF,3,12,3018,0.040863289659198,0.2207267283234765
IVFSPEA2,MaF1,MaF,3,12,3019,0.0414278024414201,0.2194370833416851
IVFSPEA2,MaF1,MaF,3,12,3020,0.0409158408733374,0.2196257824893887
IVFSPEA2,MaF1,MaF,3,12,3021,0.0409722639499391,0.2212941700193535
IVFSPEA2,MaF1,MaF,3,12,3022,0.0407337267542543,0.2203599441283698
IVFSPEA2,MaF1,MaF,3,12,3023,0.0413322061930147,0.2207933909853605
IVFSPEA2,MaF1,MaF,3,12,3024,0.0411655941933203,0.21959034864407
IVFSPEA2,MaF1,MaF,3,12,3025,0.0408586322635841,0.2209709431383571
IVFSPEA2,MaF1,MaF,3,12,3026,0.0412297040867321,0.220632910016027
IVFSPEA2,MaF1,MaF,3,12,3027,0.0404786198819318,0.2206604336891704
IVFSPEA2,MaF1,MaF,3,12,3028,0.0410752109532855,0.2201392385613415
IVFSPEA2,MaF1,MaF,3,12,3029,0.0411293579471581,0.219738959065957
IVFSPEA2,MaF1,MaF,3,12,3030,0.0412385352559447,0.2203701182403747
IVFSPEA2,MaF2,MaF,2,11,3001,0.0021017393720716,0.2073976355319808
IVFSPEA2,MaF2,MaF,2,11,3002,0.0021092308664164,0.2073603962458608
IVFSPEA2,MaF2,MaF,2,11,3003,0.0021160443281509,0.2073822430616669
IVFSPEA2,MaF2,MaF,2,11,3004,0.0021066647137707,0.2073791073433941
IVFSPEA2,MaF2,MaF,2,11,3005,0.0020901769617692,0.2074248657020708
IVFSPEA2,MaF2,MaF,2,11,3006,0.0021251248050611,0.2073742133440748
IVFSPEA2,MaF2,MaF,2,11,3007,0.0020958261148098,0.2074051177296349
IVFSPEA2,MaF2,MaF,2,11,3008,0.0020801915470037,0.207434273228524
IVFSPEA2,MaF2,MaF,2,11,3009,0.0021279096692438,0.2073467114453484
IVFSPEA2,MaF2,MaF,2,11,3010,0.0021167046391837,0.2073671306127605
IVFSPEA2,MaF2,MaF,2,11,3011,0.0021001434087948,0.2074130851941917
IVFSPEA2,MaF2,MaF,2,11,3012,0.0021242479754088,0.2073792391488294
IVFSPEA2,MaF2,MaF,2,11,3013,0.0020818884816397,0.2074091627929201
IVFSPEA2,MaF2,MaF,2,11,3014,0.002113120651306,0.2073695685800829
IVFSPEA2,MaF2,MaF,2,11,3015,0.0020920300192394,0.2073987969170543
IVFSPEA2,MaF2,MaF,2,11,3016,0.0021089612640134,0.2073734536540287
IVFSPEA2,MaF2,MaF,2,11,3017,0.0021286159373951,0.2073346288063784
IVFSPEA2,MaF2,MaF,2,11,3018,0.0021279007590627,0.2073682854701445
IVFSPEA2,MaF2,MaF,2,11,3019,0.0021180822420657,0.2073607362196357
IVFSPEA2,MaF2,MaF,2,11,3020,0.0021070076822373,0.207369325886467
IVFSPEA2,MaF2,MaF,2,11,3021,0.002116182716026,0.2073567026044562
IVFSPEA2,MaF2,MaF,2,11,3022,0.0021562119150575,0.2073289574486597
IVFSPEA2,MaF2,MaF,2,11,3023,0.0021015067396614,0.2074158493804451
IVFSPEA2,MaF2,MaF,2,11,3024,0.0020691233708408,0.2074641246857001
IVFSPEA2,MaF2,MaF,2,11,3025,0.0021145113853546,0.2073752862762719
IVFSPEA2,MaF2,MaF,2,11,3026,0.0021294124789538,0.2073811519466516
IVFSPEA2,MaF2,MaF,2,11,3027,0.0021280903446621,0.207351323651135
IVFSPEA2,MaF2,MaF,2,11,3028,0.0021430874188521,0.2073256611342782
IVFSPEA2,MaF2,MaF,2,11,3029,0.0021038965080384,0.2074055852178536
IVFSPEA2,MaF2,MaF,2,11,3030,0.0021711924568166,0.2073006794532628
IVFSPEA2,MaF2,MaF,3,12,3001,0.0308936368518552,0.2423294956754142
IVFSPEA2,MaF2,MaF,3,12,3002,0.030088360268017,0.2425393095588339
IVFSPEA2,MaF2,MaF,3,12,3003,0.0311740984221953,0.2400305768683653
IVFSPEA2,MaF2,MaF,3,12,3004,0.0302128169149314,0.2407681302036139
IVFSPEA2,MaF2,MaF,3,12,3005,0.0299284691646002,0.2410914292063136
IVFSPEA2,MaF2,MaF,3,12,3006,0.0338463996580512,0.2357329008021187
IVFSPEA2,MaF2,MaF,3,12,3007,0.0306180886479421,0.2407223554248628
IVFSPEA2,MaF2,MaF,3,12,3008,0.0324721337912728,0.2391085136860653
IVFSPEA2,MaF2,MaF,3,12,3009,0.0330425155472892,0.2373366096224691
IVFSPEA2,MaF2,MaF,3,12,3010,0.0322766415582374,0.240421424545396
IVFSPEA2,MaF2,MaF,3,12,3011,0.0330432679863966,0.2386561075640477
IVFSPEA2,MaF2,MaF,3,12,3012,0.0313327224421015,0.2402851219382423
IVFSPEA2,MaF2,MaF,3,12,3013,0.0295230546783644,0.2409888889050399
IVFSPEA2,MaF2,MaF,3,12,3014,0.030584293246163,0.2400208050399106
IVFSPEA2,MaF2,MaF,3,12,3015,0.0299840147877668,0.2406912603926293
IVFSPEA2,MaF2,MaF,3,12,3016,0.0310463953954157,0.2399284744447636
IVFSPEA2,MaF2,MaF,3,12,3017,0.0305866537681844,0.2387301889293842
IVFSPEA2,MaF2,MaF,3,12,3018,0.0307578724739725,0.240969694874259
IVFSPEA2,MaF2,MaF,3,12,3019,0.0333032125725335,0.2389488176283726
IVFSPEA2,MaF2,MaF,3,12,3020,0.0309685895002353,0.2399969166066376
IVFSPEA2,MaF2,MaF,3,12,3021,0.0309482438836543,0.2418144252306633
IVFSPEA2,MaF2,MaF,3,12,3022,0.0313471196879634,0.2399827844881414
IVFSPEA2,MaF2,MaF,3,12,3023,0.0319885495637922,0.2399591273022471
IVFSPEA2,MaF2,MaF,3,12,3024,0.0311673414707351,0.2410736255650679
IVFSPEA2,MaF2,MaF,3,12,3025,0.0315109067125532,0.2417072989616007
IVFSPEA2,MaF2,MaF,3,12,3026,0.0301743725809678,0.2410229182133701
IVFSPEA2,MaF2,MaF,3,12,3027,0.0305743941276975,0.2419418883035798
IVFSPEA2,MaF2,MaF,3,12,3028,0.0317763641411466,0.2405322525180853
IVFSPEA2,MaF2,MaF,3,12,3029,0.0313833668296257,0.2401264206163405
IVFSPEA2,MaF2,MaF,3,12,3030,0.0297299059470467,0.2404275139614384
IVFSPEA2,MaF3,MaF,2,11,3001,0.0037252039767164,0.7204891119691292
IVFSPEA2,MaF3,MaF,2,11,3002,0.0037202287857016,0.7204701115476905
IVFSPEA2,MaF3,MaF,2,11,3003,0.0037434689536945,0.7205310834071093
IVFSPEA2,MaF3,MaF,2,11,3004,0.0038222529946329,0.7205337344245645
IVFSPEA2,MaF3,MaF,2,11,3005,0.0037612391226013,0.7205188864685287
IVFSPEA2,MaF3,MaF,2,11,3006,0.0037734911000842,0.7203419705478541
IVFSPEA2,MaF3,MaF,2,11,3007,0.0037163285311504,0.7206393192044458
IVFSPEA2,MaF3,MaF,2,11,3008,0.0037596072961931,0.7205833276332295
IVFSPEA2,MaF3,MaF,2,11,3009,0.0037888837869115,0.7205732155767828
IVFSPEA2,MaF3,MaF,2,11,3010,0.0038010668079824,0.7204882512755514
IVFSPEA2,MaF3,MaF,2,11,3011,0.0037808686410211,0.7202989426203256
IVFSPEA2,MaF3,MaF,2,11,3012,0.0037165482759863,0.7203369708632085
IVFSPEA2,MaF3,MaF,2,11,3013,0.0038544068533309,0.7204387420153556
IVFSPEA2,MaF3,MaF,2,11,3014,0.0037220547944667,0.72051143381166
IVFSPEA2,MaF3,MaF,2,11,3015,0.0037572069294157,0.7205896078257751
IVFSPEA2,MaF3,MaF,2,11,3016,0.0037641246886374,0.7206217625161756
IVFSPEA2,MaF3,MaF,2,11,3017,0.0039147256996196,0.7199621474455173
IVFSPEA2,MaF3,MaF,2,11,3018,0.0038065724105141,0.7204916546010793
IVFSPEA2,MaF3,MaF,2,11,3019,0.0037724216603984,0.720160892474485
IVFSPEA2,MaF3,MaF,2,11,3020,0.0038015780225458,0.7204674830713885
IVFSPEA2,MaF3,MaF,2,11,3021,0.0037003171706145,0.7205490947253687
IVFSPEA2,MaF3,MaF,2,11,3022,0.0037995157941407,0.7206216510325353
IVFSPEA2,MaF3,MaF,2,11,3023,0.0038452659595049,0.7199627297252966
IVFSPEA2,MaF3,MaF,2,11,3024,0.0036635346363351,0.7204064142531058
IVFSPEA2,MaF3,MaF,2,11,3025,0.0039084182277667,0.7200359128416294
IVFSPEA2,MaF3,MaF,2,11,3026,0.0037285782178095,0.7205375454091413
IVFSPEA2,MaF3,MaF,2,11,3027,0.0037374588404345,0.7203895842259972
IVFSPEA2,MaF3,MaF,2,11,3028,0.003736467721589,0.720424695755747
IVFSPEA2,MaF3,MaF,2,11,3029,0.0037367191908893,0.7202690178847818
IVFSPEA2,MaF3,MaF,2,11,3030,0.0038006780715452,0.7201194461189502
IVFSPEA2,MaF3,MaF,3,12,3001,0.0324469815925553,0.9633712831835348
IVFSPEA2,MaF3,MaF,3,12,3002,0.0328896474811269,0.9632700106554796
IVFSPEA2,MaF3,MaF,3,12,3003,0.0320201360086793,0.9634269780424696
IVFSPEA2,MaF3,MaF,3,12,3004,0.0324306080192703,0.963301734379089
IVFSPEA2,MaF3,MaF,3,12,3005,0.0327981971183519,0.9632008321185318
IVFSPEA2,MaF3,MaF,3,12,3006,0.0335434185437726,0.963095487740406
IVFSPEA2,MaF3,MaF,3,12,3007,0.0323466644855506,0.9634065887180778
IVFSPEA2,MaF3,MaF,3,12,3008,0.0326698183273176,0.9633885364317748
IVFSPEA2,MaF3,MaF,3,12,3009,0.0320308566295272,0.963258174915725
IVFSPEA2,MaF3,MaF,3,12,3010,0.0326042188852918,0.96329289227822
IVFSPEA2,MaF3,MaF,3,12,3011,0.0324509330250255,0.9632449041739352
IVFSPEA2,MaF3,MaF,3,12,3012,0.0330871599127907,0.9632819798954472
IVFSPEA2,MaF3,MaF,3,12,3013,0.0323628754391751,0.9633244486258484
IVFSPEA2,MaF3,MaF,3,12,3014,0.0320964848357715,0.9632141611991298
IVFSPEA2,MaF3,MaF,3,12,3015,0.0325726404021216,0.963346001918063
IVFSPEA2,MaF3,MaF,3,12,3016,0.0322082431365369,0.9631774178257748
IVFSPEA2,MaF3,MaF,3,12,3017,0.0322216157256896,0.9633060106756668
IVFSPEA2,MaF3,MaF,3,12,3018,0.0332014671265256,0.9630123443233456
IVFSPEA2,MaF3,MaF,3,12,3019,0.0321783163402514,0.96352450240215
IVFSPEA2,MaF3,MaF,3,12,3020,0.0328197792210485,0.9632170386758008
IVFSPEA2,MaF3,MaF,3,12,3021,0.0327619328506503,0.9630718768445772
IVFSPEA2,MaF3,MaF,3,12,3022,0.0322812122737293,0.9633753876780974
IVFSPEA2,MaF3,MaF,3,12,3023,0.0332671852484202,0.9630176435130628
IVFSPEA2,MaF3,MaF,3,12,3024,0.0324893447405708,0.9633502984165968
IVFSPEA2,MaF3,MaF,3,12,3025,0.0327162118848416,0.9630640402584114
IVFSPEA2,MaF3,MaF,3,12,3026,0.032670321847039,0.9630681574215636
IVFSPEA2,MaF3,MaF,3,12,3027,0.0327974519338391,0.963181287013147
IVFSPEA2,MaF3,MaF,3,12,3028,0.0317043423629827,0.9634887969748678
IVFSPEA2,MaF3,MaF,3,12,3029,0.0323233231067375,0.9633192857084912
IVFSPEA2,MaF3,MaF,3,12,3030,0.0326257812183117,0.963233307703102
IVFSPEA2,MaF4,MaF,2,11,3001,0.0128073101337904,0.8190116322994219
IVFSPEA2,MaF4,MaF,2,11,3002,0.0125518005463551,0.8191059406239036
IVFSPEA2,MaF4,MaF,2,11,3003,0.0126064964320595,0.8191765547292945
IVFSPEA2,MaF4,MaF,2,11,3004,0.012547290776316,0.8191373239695285
IVFSPEA2,MaF4,MaF,2,11,3005,0.0124557417022252,0.8189924297807133
IVFSPEA2,MaF4,MaF,2,11,3006,0.0123274522458293,0.819062117368863
IVFSPEA2,MaF4,MaF,2,11,3007,0.0124107441293394,0.8190813029783552
IVFSPEA2,MaF4,MaF,2,11,3008,0.0124705846096921,0.8192320720876233
IVFSPEA2,MaF4,MaF,2,11,3009,0.0124566975797158,0.8191756247002293
IVFSPEA2,MaF4,MaF,2,11,3010,0.0124416901746408,0.8191128183829425
IVFSPEA2,MaF4,MaF,2,11,3011,0.0124172589389836,0.8191547764830784
IVFSPEA2,MaF4,MaF,2,11,3012,0.0125379476937395,0.8190121868700547
IVFSPEA2,MaF4,MaF,2,11,3013,0.0127739006872098,0.8191120122533712
IVFSPEA2,MaF4,MaF,2,11,3014,0.0125828620763472,0.8190579815311398
IVFSPEA2,MaF4,MaF,2,11,3015,0.0124612617720594,0.8191529712455462
IVFSPEA2,MaF4,MaF,2,11,3016,0.012718691292037,0.8190713015760404
IVFSPEA2,MaF4,MaF,2,11,3017,0.0124665410349261,0.8190489062337757
IVFSPEA2,MaF4,MaF,2,11,3018,0.012445885448689,0.8191655148351313
IVFSPEA2,MaF4,MaF,2,11,3019,0.0125193790152812,0.8191181301160293
IVFSPEA2,MaF4,MaF,2,11,3020,0.0125610704831682,0.8192624041893589
IVFSPEA2,MaF4,MaF,2,11,3021,0.0126989016650034,0.8191028026953489
IVFSPEA2,MaF4,MaF,2,11,3022,0.0123280917892999,0.819168564158749
IVFSPEA2,MaF4,MaF,2,11,3023,0.0123396766137892,0.8190935862104114
IVFSPEA2,MaF4,MaF,2,11,3024,0.0123319614155476,0.8191571280477515
IVFSPEA2,MaF4,MaF,2,11,3025,0.0123760243048506,0.8191590163836862
IVFSPEA2,MaF4,MaF,2,11,3026,0.0123889819534858,0.8190721374262857
IVFSPEA2,MaF4,MaF,2,11,3027,0.012580658883782,0.8191601738265868
IVFSPEA2,MaF4,MaF,2,11,3028,0.0126674369009654,0.8191100244875997
IVFSPEA2,MaF4,MaF,2,11,3029,0.0124239056563108,0.8190989939177004
IVFSPEA2,MaF4,MaF,2,11,3030,0.0123286758137451,0.8191687760391969
IVFSPEA2,MaF4,MaF,3,12,3001,0.2400823836860209,0.5339618661880606
IVFSPEA2,MaF4,MaF,3,12,3002,0.2355637220369057,0.5337597928079115
IVFSPEA2,MaF4,MaF,3,12,3003,0.2412889907481186,0.5327307318657811
IVFSPEA2,MaF4,MaF,3,12,3004,0.2379414375312827,0.5323311269206776
IVFSPEA2,MaF4,MaF,3,12,3005,0.2373077232693244,0.5336049199397261
IVFSPEA2,MaF4,MaF,3,12,3006,0.2403704220843999,0.530721589892798
IVFSPEA2,MaF4,MaF,3,12,3007,0.239547888899017,0.5294604383903859
IVFSPEA2,MaF4,MaF,3,12,3008,0.2389853088850226,0.5337906540604971
IVFSPEA2,MaF4,MaF,3,12,3009,0.2399616875160474,0.5334999468223195
IVFSPEA2,MaF4,MaF,3,12,3010,0.248816895475336,0.5323621890806122
IVFSPEA2,MaF4,MaF,3,12,3011,0.243403745954382,0.5327917487195745
IVFSPEA2,MaF4,MaF,3,12,3012,0.2397476269034484,0.5330688926328271
IVFSPEA2,MaF4,MaF,3,12,3013,0.2335498851496893,0.5327980556412135
IVFSPEA2,MaF4,MaF,3,12,3014,0.240544986574871,0.5301693589818082
IVFSPEA2,MaF4,MaF,3,12,3015,0.2472324644187259,0.5323098706049916
IVFSPEA2,MaF4,MaF,3,12,3016,0.2353739445993817,0.5333787552776132
IVFSPEA2,MaF4,MaF,3,12,3017,0.2380265944757787,0.53246528969823
IVFSPEA2,MaF4,MaF,3,12,3018,0.2355377987059075,0.532866180153956
IVFSPEA2,MaF4,MaF,3,12,3019,0.2349214391933746,0.53329825252316
IVFSPEA2,MaF4,MaF,3,12,3020,0.2379240067397553,0.5329480015313287
IVFSPEA2,MaF4,MaF,3,12,3021,0.2392126590855915,0.5323792532602941
IVFSPEA2,MaF4,MaF,3,12,3022,0.2369378692792438,0.5341028003487319
IVFSPEA2,MaF4,MaF,3,12,3023,0.2362708532607776,0.534830133952486
IVFSPEA2,MaF4,MaF,3,12,3024,0.2443062500904277,0.5328634508219454
IVFSPEA2,MaF4,MaF,3,12,3025,0.2425514192811177,0.5316822983416408
IVFSPEA2,MaF4,MaF,3,12,3026,0.2359831347441743,0.5345941992716123
IVFSPEA2,MaF4,MaF,3,12,3027,0.238954347974013,0.5310789402333456
IVFSPEA2,MaF4,MaF,3,12,3028,0.2365488953098848,0.5336840934611603
IVFSPEA2,MaF4,MaF,3,12,3029,0.2399416427475514,0.5328152842371842
IVFSPEA2,MaF4,MaF,3,12,3030,0.2397015907890549,0.5323132053359734
IVFSPEA2,MaF5,MaF,2,11,3001,0.0125934839741115,0.347318211274761
IVFSPEA2,MaF5,MaF,2,11,3002,2.0083774335178086,0.0909090908577079
IVFSPEA2,MaF5,MaF,2,11,3003,2.00837743371065,0.090909090779184
IVFSPEA2,MaF5,MaF,2,11,3004,2.008377433455264,0.0909090908831742
IVFSPEA2,MaF5,MaF,2,11,3005,0.0127487936556471,0.3473240917375345
IVFSPEA2,MaF5,MaF,2,11,3006,0.0123432422238035,0.3473665712053414
IVFSPEA2,MaF5,MaF,2,11,3007,2.008377433540459,0.0909090908484839
IVFSPEA2,MaF5,MaF,2,11,3008,0.0126536541698206,0.3473441459975431
IVFSPEA2,MaF5,MaF,2,11,3009,0.0125114906156573,0.3473337076433959
IVFSPEA2,MaF5,MaF,2,11,3010,0.0125282057932973,0.3473652547852499
IVFSPEA2,MaF5,MaF,2,11,3011,0.0123484031001705,0.3473643605994315
IVFSPEA2,MaF5,MaF,2,11,3012,0.0126483538864052,0.3472383073240581
IVFSPEA2,MaF5,MaF,2,11,3013,0.0126483223627863,0.3474008950643937
IVFSPEA2,MaF5,MaF,2,11,3014,0.0125450208724559,0.3474304266177954
IVFSPEA2,MaF5,MaF,2,11,3015,0.0125914033947625,0.3472684213119012
IVFSPEA2,MaF5,MaF,2,11,3016,2.0083774336078064,0.0909090908210594
IVFSPEA2,MaF5,MaF,2,11,3017,0.0128502089073948,0.3472188677810309
IVFSPEA2,MaF5,MaF,2,11,3018,0.0125841545255985,0.3472953171823052
IVFSPEA2,MaF5,MaF,2,11,3019,0.0127525242485625,0.3473491418129621
IVFSPEA2,MaF5,MaF,2,11,3020,0.0123913335635807,0.3473360974643153
IVFSPEA2,MaF5,MaF,2,11,3021,2.008377433723353,0.0909090907740117
IVFSPEA2,MaF5,MaF,2,11,3022,0.0126939031314812,0.347202762639945
IVFSPEA2,MaF5,MaF,2,11,3023,0.0128429324293842,0.3472526171880228
IVFSPEA2,MaF5,MaF,2,11,3024,0.0127033611545187,0.3473651985295661
IVFSPEA2,MaF5,MaF,2,11,3025,0.012556297382622,0.3471705734159561
IVFSPEA2,MaF5,MaF,2,11,3026,0.0126523595676523,0.3474222789858254
IVFSPEA2,MaF5,MaF,2,11,3027,0.0124076508146493,0.3474046261371493
IVFSPEA2,MaF5,MaF,2,11,3028,0.0128033978181205,0.3472509358428445
IVFSPEA2,MaF5,MaF,2,11,3029,0.0128397568745529,0.347308651262047
IVFSPEA2,MaF5,MaF,2,11,3030,2.0083774338124307,0.090909090737739
IVFSPEA2,MaF5,MaF,3,12,3001,2.020741195792533,0.3469192272204229
IVFSPEA2,MaF5,MaF,3,12,3002,4.888495691962346,0.0909090908816689
IVFSPEA2,MaF5,MaF,3,12,3003,0.2414600294225455,0.5573284573020143
IVFSPEA2,MaF5,MaF,3,12,3004,0.2435508904294131,0.5569254912771239
IVFSPEA2,MaF5,MaF,3,12,3005,1.491474548429916,0.3471530582198864
IVFSPEA2,MaF5,MaF,3,12,3006,0.2404244700120954,0.5594128810669332
IVFSPEA2,MaF5,MaF,3,12,3007,1.4913065926607194,0.3474937085474728
IVFSPEA2,MaF5,MaF,3,12,3008,1.4914390961751554,0.3472986414947685
IVFSPEA2,MaF5,MaF,3,12,3009,0.245481817440743,0.558487574828699
IVFSPEA2,MaF5,MaF,3,12,3010,1.491478882480995,0.3471363551574785
IVFSPEA2,MaF5,MaF,3,12,3011,0.2435525395436071,0.5559734315675529
IVFSPEA2,MaF5,MaF,3,12,3012,0.2421927392437893,0.5562952618125023
IVFSPEA2,MaF5,MaF,3,12,3013,0.2478040691577787,0.5571519320809548
IVFSPEA2,MaF5,MaF,3,12,3014,2.0207291090725654,0.3469604546258317
IVFSPEA2,MaF5,MaF,3,12,3015,0.2392452348822087,0.5557734045916738
IVFSPEA2,MaF5,MaF,3,12,3016,0.2412932636759312,0.5577407044677973
IVFSPEA2,MaF5,MaF,3,12,3017,1.4915114876544284,0.3472468629274934
IVFSPEA2,MaF5,MaF,3,12,3018,2.020801428290373,0.3470055309165422
IVFSPEA2,MaF5,MaF,3,12,3019,2.0208325815418453,0.346952256908418
IVFSPEA2,MaF5,MaF,3,12,3020,0.240754696611268,0.5583305536478713
IVFSPEA2,MaF5,MaF,3,12,3021,0.2403849093443462,0.5576257453946983
IVFSPEA2,MaF5,MaF,3,12,3022,0.241737011553165,0.5593725430901453
IVFSPEA2,MaF5,MaF,3,12,3023,0.2474780156338912,0.553722337265256
IVFSPEA2,MaF5,MaF,3,12,3024,0.2443701172456474,0.5565995551759388
IVFSPEA2,MaF5,MaF,3,12,3025,0.2440731652947158,0.5588731139271772
IVFSPEA2,MaF5,MaF,3,12,3026,2.0208151551276385,0.346791894369042
IVFSPEA2,MaF5,MaF,3,12,3027,2.020911681236856,0.3468094134546871
IVFSPEA2,MaF5,MaF,3,12,3028,1.4914582473217222,0.347367715239597
IVFSPEA2,MaF5,MaF,3,12,3029,0.2429531670864504,0.5573227675234089
IVFSPEA2,MaF5,MaF,3,12,3030,0.2406376814039046,0.5565734761436706
IVFSPEA2,MaF6,MaF,2,11,3001,0.0040521498784014,0.3475138727793537
IVFSPEA2,MaF6,MaF,2,11,3002,0.0040444993061162,0.3475970234829495
IVFSPEA2,MaF6,MaF,2,11,3003,0.0040392450582298,0.3475476585183483
IVFSPEA2,MaF6,MaF,2,11,3004,0.0040547876605101,0.3475377644951987
IVFSPEA2,MaF6,MaF,2,11,3005,0.0040588927639271,0.3475994164809017
IVFSPEA2,MaF6,MaF,2,11,3006,0.0040322174986648,0.3474786327591157
IVFSPEA2,MaF6,MaF,2,11,3007,0.0040594229440979,0.3475743474055158
IVFSPEA2,MaF6,MaF,2,11,3008,0.0041204872310338,0.3474743790854819
IVFSPEA2,MaF6,MaF,2,11,3009,0.0040453445556326,0.3475968202935968
IVFSPEA2,MaF6,MaF,2,11,3010,0.0040360011688325,0.3475738938375172
IVFSPEA2,MaF6,MaF,2,11,3011,0.0040580545273037,0.3475211279008278
IVFSPEA2,MaF6,MaF,2,11,3012,0.0040666828292359,0.3475906091781036
IVFSPEA2,MaF6,MaF,2,11,3013,0.0040286264220656,0.3475649146508825
IVFSPEA2,MaF6,MaF,2,11,3014,0.0040695108679506,0.3475235506888447
IVFSPEA2,MaF6,MaF,2,11,3015,0.0040863134233702,0.3475597484070908
IVFSPEA2,MaF6,MaF,2,11,3016,0.0040067699312431,0.3475630183298718
IVFSPEA2,MaF6,MaF,2,11,3017,0.0040571920058586,0.3475124937197696
IVFSPEA2,MaF6,MaF,2,11,3018,0.0040365115535316,0.347538431101083
IVFSPEA2,MaF6,MaF,2,11,3019,0.0040223669222741,0.3475081392000779
IVFSPEA2,MaF6,MaF,2,11,3020,0.0040440360935695,0.3475122718170376
IVFSPEA2,MaF6,MaF,2,11,3021,0.004067485746273,0.3475406975229608
IVFSPEA2,MaF6,MaF,2,11,3022,0.0040305304313219,0.347539174753698
IVFSPEA2,MaF6,MaF,2,11,3023,0.0040560118457756,0.3473460053401218
IVFSPEA2,MaF6,MaF,2,11,3024,0.0040639556570407,0.3476058200780357
IVFSPEA2,MaF6,MaF,2,11,3025,0.0040249414499876,0.3475953045408171
IVFSPEA2,MaF6,MaF,2,11,3026,0.0040662870146731,0.3475572735432399
IVFSPEA2,MaF6,MaF,2,11,3027,0.0040972398025528,0.3476532041328924
IVFSPEA2,MaF6,MaF,2,11,3028,0.0040916254971342,0.3476226056381342
IVFSPEA2,MaF6,MaF,2,11,3029,0.0040079692907423,0.3475621263373998
IVFSPEA2,MaF6,MaF,2,11,3030,0.0040392874857261,0.3475856965203177
IVFSPEA2,MaF6,MaF,3,12,3001,0.0040572125245243,0.2001117274000927
IVFSPEA2,MaF6,MaF,3,12,3002,0.0040423781633782,0.2000767562233017
IVFSPEA2,MaF6,MaF,3,12,3003,0.0040787720037732,0.200036612446627
IVFSPEA2,MaF6,MaF,3,12,3004,0.0040626214810581,0.2001594209298581
IVFSPEA2,MaF6,MaF,3,12,3005,0.0041012721593116,0.2000027613582804
IVFSPEA2,MaF6,MaF,3,12,3006,0.0040183808583199,0.2001056566016895
IVFSPEA2,MaF6,MaF,3,12,3007,0.0040642322671273,0.1999778230134397
IVFSPEA2,MaF6,MaF,3,12,3008,0.0040505776707885,0.2000472706063929
IVFSPEA2,MaF6,MaF,3,12,3009,0.0040497769037435,0.2000047766719146
IVFSPEA2,MaF6,MaF,3,12,3010,0.0040763392318286,0.2000746325929676
IVFSPEA2,MaF6,MaF,3,12,3011,0.0040392886435712,0.2001012620222238
IVFSPEA2,MaF6,MaF,3,12,3012,0.0040457509362753,0.2000864664293371
IVFSPEA2,MaF6,MaF,3,12,3013,0.0040124024819899,0.200104490572664
IVFSPEA2,MaF6,MaF,3,12,3014,0.0040463984162156,0.2001082897822178
IVFSPEA2,MaF6,MaF,3,12,3015,0.0040706715234794,0.2000989811415472
IVFSPEA2,MaF6,MaF,3,12,3016,0.0040762492130512,0.2001148148630235
IVFSPEA2,MaF6,MaF,3,12,3017,0.0040198291240516,0.2001165140407088
IVFSPEA2,MaF6,MaF,3,12,3018,0.0040438997229058,0.1999528169252425
IVFSPEA2,MaF6,MaF,3,12,3019,0.0040819681176048,0.2000448747126754
IVFSPEA2,MaF6,MaF,3,12,3020,0.0040254789480212,0.2000254222018254
IVFSPEA2,MaF6,MaF,3,12,3021,0.0040172340899085,0.2000931310046098
IVFSPEA2,MaF6,MaF,3,12,3022,0.0040731188078832,0.2000725526790702
IVFSPEA2,MaF6,MaF,3,12,3023,0.004057183156385,0.2001532235374883
IVFSPEA2,MaF6,MaF,3,12,3024,0.0040760359216517,0.2000181991545267
IVFSPEA2,MaF6,MaF,3,12,3025,0.0040657725796413,0.2001125110749876
IVFSPEA2,MaF6,MaF,3,12,3026,0.0040155841500595,0.2001024937586483
IVFSPEA2,MaF6,MaF,3,12,3027,0.0040432295004631,0.2000301969700026
IVFSPEA2,MaF6,MaF,3,12,3028,0.004026339527022,0.2000061980341217
IVFSPEA2,MaF6,MaF,3,12,3029,0.0040522877904791,0.2001648109337216
IVFSPEA2,MaF6,MaF,3,12,3030,0.0041005784187642,0.2000410372846557
IVFSPEA2,MaF7,MaF,2,21,3001,0.004594436603268,0.2429401233163969
IVFSPEA2,MaF7,MaF,2,21,3002,0.0046713737926367,0.2429275212412644
IVFSPEA2,MaF7,MaF,2,21,3003,0.0048580778790975,0.242872549164834
IVFSPEA2,MaF7,MaF,2,21,3004,0.0047161504746307,0.2429141171994933
IVFSPEA2,MaF7,MaF,2,21,3005,0.0048169161558382,0.2428886565741719
IVFSPEA2,MaF7,MaF,2,21,3006,0.0046908117306233,0.2429205004470722
IVFSPEA2,MaF7,MaF,2,21,3007,0.004695751462998,0.2429083841074279
IVFSPEA2,MaF7,MaF,2,21,3008,0.0047353359909798,0.242877695485817
IVFSPEA2,MaF7,MaF,2,21,3009,0.0047123921351538,0.2429110184074993
IVFSPEA2,MaF7,MaF,2,21,3010,0.0047249528792799,0.2429210083378604
IVFSPEA2,MaF7,MaF,2,21,3011,0.0046025691317294,0.2429333726437551
IVFSPEA2,MaF7,MaF,2,21,3012,0.0047922907772204,0.242871720188222
IVFSPEA2,MaF7,MaF,2,21,3013,0.0048590305400835,0.2428426726274725
IVFSPEA2,MaF7,MaF,2,21,3014,0.0047848040716154,0.2428909974459131
IVFSPEA2,MaF7,MaF,2,21,3015,0.0048328135695927,0.2428692221591082
IVFSPEA2,MaF7,MaF,2,21,3016,0.0048923769684805,0.2428686864099919
IVFSPEA2,MaF7,MaF,2,21,3017,0.0047239372190842,0.2429073664143547
IVFSPEA2,MaF7,MaF,2,21,3018,0.0047312903350069,0.2429179560425672
IVFSPEA2,MaF7,MaF,2,21,3019,0.0046947088401537,0.2428980519201451
IVFSPEA2,MaF7,MaF,2,21,3020,0.0046912990012239,0.2429160727197449
IVFSPEA2,MaF7,MaF,2,21,3021,0.0046621365627333,0.2429174517222793
IVFSPEA2,MaF7,MaF,2,21,3022,0.0047610177955748,0.2429154672177073
IVFSPEA2,MaF7,MaF,2,21,3023,0.0045999021734311,0.2429349752461474
IVFSPEA2,MaF7,MaF,2,21,3024,0.0046366315433155,0.2429011641840464
IVFSPEA2,MaF7,MaF,2,21,3025,0.0046952674370651,0.2429121903586228
IVFSPEA2,MaF7,MaF,2,21,3026,0.0047136259462044,0.2429057750276883
IVFSPEA2,MaF7,MaF,2,21,3027,0.0047899147270992,0.2429003352527505
IVFSPEA2,MaF7,MaF,2,21,3028,0.0046686875362482,0.2429171114239795
IVFSPEA2,MaF7,MaF,2,21,3029,0.0048456249829525,0.2428773600783768
IVFSPEA2,MaF7,MaF,2,21,3030,0.0046630859678368,0.2429243530370247
IVFSPEA2,MaF7,MaF,3,22,3001,0.0592353958357795,0.2785077656982903
IVFSPEA2,MaF7,MaF,3,22,3002,0.0588077839513751,0.2786978451808918
IVFSPEA2,MaF7,MaF,3,22,3003,0.0604653037522368,0.2772490897981194
IVFSPEA2,MaF7,MaF,3,22,3004,0.0588963154087277,0.2780453416207198
IVFSPEA2,MaF7,MaF,3,22,3005,0.0606178284602221,0.2774091037767123
IVFSPEA2,MaF7,MaF,3,22,3006,0.0605300160589473,0.2764417388024452
IVFSPEA2,MaF7,MaF,3,22,3007,0.0589382525961587,0.2771017503594618
IVFSPEA2,MaF7,MaF,3,22,3008,0.058764311052383,0.2779166677384224
IVFSPEA2,MaF7,MaF,3,22,3009,0.0613857170685161,0.2775092929786324
IVFSPEA2,MaF7,MaF,3,22,3010,0.0599639665359362,0.2779516371106292
IVFSPEA2,MaF7,MaF,3,22,3011,0.061876976103246,0.2771301704743901
IVFSPEA2,MaF7,MaF,3,22,3012,0.060011797255113,0.2782740994949022
IVFSPEA2,MaF7,MaF,3,22,3013,0.0608207509585091,0.2758771047442916
IVFSPEA2,MaF7,MaF,3,22,3014,0.0596949036462716,0.2782034370039301
IVFSPEA2,MaF7,MaF,3,22,3015,0.0603073857363307,0.2763752354567461
IVFSPEA2,MaF7,MaF,3,22,3016,0.0591635961688716,0.27854103945532
IVFSPEA2,MaF7,MaF,3,22,3017,0.0597330330424268,0.2772174687415696
IVFSPEA2,MaF7,MaF,3,22,3018,0.0613872308908004,0.2762190313558041
IVFSPEA2,MaF7,MaF,3,22,3019,0.0585347806090949,0.2766103103598955
IVFSPEA2,MaF7,MaF,3,22,3020,0.0594773658268637,0.2770940448114257
IVFSPEA2,MaF7,MaF,3,22,3021,0.0585411668458812,0.2785634788823679
IVFSPEA2,MaF7,MaF,3,22,3022,0.061770180870789,0.2751126184156156
IVFSPEA2,MaF7,MaF,3,22,3023,0.0593783458081894,0.2779889500192343
IVFSPEA2,MaF7,MaF,3,22,3024,0.0606057741603417,0.2780236886028638
IVFSPEA2,MaF7,MaF,3,22,3025,0.0599137979078011,0.2768170951792345
IVFSPEA2,MaF7,MaF,3,22,3026,0.0583337042788454,0.2779753208355854
IVFSPEA2,MaF7,MaF,3,22,3027,0.0594179336100921,0.2777391312472658
IVFSPEA2,MaF7,MaF,3,22,3028,0.0593798534151174,0.278000135073383
IVFSPEA2,MaF7,MaF,3,22,3029,0.0578446600777499,0.2778291433549845
IVFSPEA2,MaF7,MaF,3,22,3030,0.0626306268112861,0.2766350546687485
IVFSPEA2,WFG1,WFG,2,11,3001,0.0365841843313993,0.6833729762068469
IVFSPEA2,WFG1,WFG,2,11,3002,0.0338025671222967,0.6839386290754779
IVFSPEA2,WFG1,WFG,2,11,3003,0.0306118543440155,0.6845989654967479
IVFSPEA2,WFG1,WFG,2,11,3004,0.0217500065480556,0.6872230704669734
IVFSPEA2,WFG1,WFG,2,11,3005,0.022087638449223,0.6870656130383349
IVFSPEA2,WFG1,WFG,2,11,3006,0.0223317376729883,0.6869450890011413
IVFSPEA2,WFG1,WFG,2,11,3007,0.0169441048067669,0.6926729068195822
IVFSPEA2,WFG1,WFG,2,11,3008,0.0189396010458044,0.688629066883864
IVFSPEA2,WFG1,WFG,2,11,3009,0.017601463564822,0.690203269186482
IVFSPEA2,WFG1,WFG,2,11,3010,0.0422650508214732,0.6822140778312509
IVFSPEA2,WFG1,WFG,2,11,3011,0.0180140872509172,0.6895216997739761
IVFSPEA2,WFG1,WFG,2,11,3012,0.0199752116860702,0.6879895802213366
IVFSPEA2,WFG1,WFG,2,11,3013,0.0234237097365827,0.6866032858046929
IVFSPEA2,WFG1,WFG,2,11,3014,0.0214055693890627,0.6873310549533725
IVFSPEA2,WFG1,WFG,2,11,3015,0.0490892480233677,0.6809131289760842
IVFSPEA2,WFG1,WFG,2,11,3016,0.0329179238926228,0.6841063699296811
IVFSPEA2,WFG1,WFG,2,11,3017,0.0187587896329188,0.6888007769530508
IVFSPEA2,WFG1,WFG,2,11,3018,0.0294932375394753,0.6849036668276948
IVFSPEA2,WFG1,WFG,2,11,3019,0.018560264145272,0.6889740200876373
IVFSPEA2,WFG1,WFG,2,11,3020,0.0416495204175469,0.6823268491732838
IVFSPEA2,WFG1,WFG,2,11,3021,0.0226795092062361,0.6868310380047268
IVFSPEA2,WFG1,WFG,2,11,3022,0.0199585658830886,0.6879913469176856
IVFSPEA2,WFG1,WFG,2,11,3023,0.0280670538611911,0.685243527121144
IVFSPEA2,WFG1,WFG,2,11,3024,0.0181177852542411,0.6894622262687096
IVFSPEA2,WFG1,WFG,2,11,3025,0.0183478818352402,0.6891491757465414
IVFSPEA2,WFG1,WFG,2,11,3026,0.0172518775364004,0.6913644242606239
IVFSPEA2,WFG1,WFG,2,11,3027,0.0230416065530396,0.6866970093182027
IVFSPEA2,WFG1,WFG,2,11,3028,0.0213776742345284,0.6873192884277972
IVFSPEA2,WFG1,WFG,2,11,3029,0.0183461975088933,0.6892224040299665
IVFSPEA2,WFG1,WFG,2,11,3030,0.0909893533218491,0.6710801464682918
IVFSPEA2,WFG1,WFG,3,12,3001,0.1526192121568912,0.944189183087556
IVFSPEA2,WFG1,WFG,3,12,3002,0.1497190212707662,0.9442231584815622
IVFSPEA2,WFG1,WFG,3,12,3003,0.1591302842248001,0.9431832339174108
IVFSPEA2,WFG1,WFG,3,12,3004,0.1503356890022707,0.9461774155357656
IVFSPEA2,WFG1,WFG,3,12,3005,0.1539156213842499,0.9452366944477864
IVFSPEA2,WFG1,WFG,3,12,3006,0.1607416586076653,0.9434022521220063
IVFSPEA2,WFG1,WFG,3,12,3007,0.1521080884077336,0.9468754968975353
IVFSPEA2,WFG1,WFG,3,12,3008,0.1508390143021602,0.9462797986484874
IVFSPEA2,WFG1,WFG,3,12,3009,0.1590238573866457,0.9433449345388434
IVFSPEA2,WFG1,WFG,3,12,3010,0.1539405270588461,0.9434289936738884
IVFSPEA2,WFG1,WFG,3,12,3011,0.15124122074164,0.9434517628616804
IVFSPEA2,WFG1,WFG,3,12,3012,0.1534618547533602,0.9446117178623764
IVFSPEA2,WFG1,WFG,3,12,3013,0.1523237687092042,0.9439037072311915
IVFSPEA2,WFG1,WFG,3,12,3014,0.156413856834122,0.9455268587000548
IVFSPEA2,WFG1,WFG,3,12,3015,0.1488057268823773,0.944855261950682
IVFSPEA2,WFG1,WFG,3,12,3016,0.1498460294368179,0.9452666748745512
IVFSPEA2,WFG1,WFG,3,12,3017,0.1551765049593063,0.9444707166469984
IVFSPEA2,WFG1,WFG,3,12,3018,0.1558471248203826,0.9436918503845364
IVFSPEA2,WFG1,WFG,3,12,3019,0.1503051269097644,0.9452368353280202
IVFSPEA2,WFG1,WFG,3,12,3020,0.1558929264403026,0.9451276699547674
IVFSPEA2,WFG1,WFG,3,12,3021,0.1521189069033638,0.9445598816442335
IVFSPEA2,WFG1,WFG,3,12,3022,0.1556183864473278,0.9433903703976776
IVFSPEA2,WFG1,WFG,3,12,3023,0.1485497405266714,0.9461778271746222
IVFSPEA2,WFG1,WFG,3,12,3024,0.1540062610865854,0.9444075775255067
IVFSPEA2,WFG1,WFG,3,12,3025,0.1554682575397529,0.9444447677124398
IVFSPEA2,WFG1,WFG,3,12,3026,0.1491508443935288,0.9470087780718398
IVFSPEA2,WFG1,WFG,3,12,3027,0.1538789375069877,0.945801353492028
IVFSPEA2,WFG1,WFG,3,12,3028,0.1548719514368817,0.9445211316080552
IVFSPEA2,WFG1,WFG,3,12,3029,0.1445621233385312,0.9474445633834488
IVFSPEA2,WFG1,WFG,3,12,3030,0.1568251824280858,0.9442978688397248
IVFSPEA2,WFG2,WFG,2,11,3001,0.0111308036520388,0.6331304240994946
IVFSPEA2,WFG2,WFG,2,11,3002,0.011295754555004,0.6327056988278225
IVFSPEA2,WFG2,WFG,2,11,3003,0.0117838468724101,0.6319030059203944
IVFSPEA2,WFG2,WFG,2,11,3004,0.0110723717608404,0.6328050066732046
IVFSPEA2,WFG2,WFG,2,11,3005,0.0115738656499602,0.631933184551702
IVFSPEA2,WFG2,WFG,2,11,3006,0.0112414481471866,0.633223732081193
IVFSPEA2,WFG2,WFG,2,11,3007,0.011137753493022,0.6330800475440892
IVFSPEA2,WFG2,WFG,2,11,3008,0.0112069997449102,0.6332711800619083
IVFSPEA2,WFG2,WFG,2,11,3009,0.0117471005475041,0.6315108718958629
IVFSPEA2,WFG2,WFG,2,11,3010,0.0113757251939704,0.6322058491982436
IVFSPEA2,WFG2,WFG,2,11,3011,0.0115275623624265,0.6317383658619606
IVFSPEA2,WFG2,WFG,2,11,3012,0.0121435017109288,0.631308270268099
IVFSPEA2,WFG2,WFG,2,11,3013,0.0109624837315777,0.6328453039194528
IVFSPEA2,WFG2,WFG,2,11,3014,0.0110056361735379,0.6331145607855196
IVFSPEA2,WFG2,WFG,2,11,3015,0.0109511557844383,0.6328738260123201
IVFSPEA2,WFG2,WFG,2,11,3016,0.0114536702831201,0.6319917868285816
IVFSPEA2,WFG2,WFG,2,11,3017,0.0111007836698259,0.6324662098424416
IVFSPEA2,WFG2,WFG,2,11,3018,0.0114494476841262,0.6327220443357646
IVFSPEA2,WFG2,WFG,2,11,3019,0.0117178211873343,0.631697632678203
IVFSPEA2,WFG2,WFG,2,11,3020,0.0117247192097039,0.6318043657695677
IVFSPEA2,WFG2,WFG,2,11,3021,0.0110499303078856,0.6335377061876584
IVFSPEA2,WFG2,WFG,2,11,3022,0.011802761567569,0.6317451446914378
IVFSPEA2,WFG2,WFG,2,11,3023,0.0113690690053199,0.6323925090624299
IVFSPEA2,WFG2,WFG,2,11,3024,0.0112410891630717,0.6329768925518406
IVFSPEA2,WFG2,WFG,2,11,3025,0.0109721152833159,0.6331510232091042
IVFSPEA2,WFG2,WFG,2,11,3026,0.0116801308260171,0.6320794571888149
IVFSPEA2,WFG2,WFG,2,11,3027,0.0115575596664321,0.632245193898181
IVFSPEA2,WFG2,WFG,2,11,3028,0.0112799074105714,0.6326032049056436
IVFSPEA2,WFG2,WFG,2,11,3029,0.0107539177190858,0.6331275029998669
IVFSPEA2,WFG2,WFG,2,11,3030,0.0117733427437025,0.6317488178487701
IVFSPEA2,WFG2,WFG,3,12,3001,0.1770982402072322,0.9278511923904716
IVFSPEA2,WFG2,WFG,3,12,3002,0.1752018147850634,0.9303544349667768
IVFSPEA2,WFG2,WFG,3,12,3003,0.1825041307189589,0.9286309596454368
IVFSPEA2,WFG2,WFG,3,12,3004,0.1860907838053682,0.9285547337660702
IVFSPEA2,WFG2,WFG,3,12,3005,0.1779050797812792,0.9309026625716552
IVFSPEA2,WFG2,WFG,3,12,3006,0.188693038705007,0.9289343785249428
IVFSPEA2,WFG2,WFG,3,12,3007,0.1759900328876731,0.9301845282826772
IVFSPEA2,WFG2,WFG,3,12,3008,0.1785990739557754,0.9298707457912914
IVFSPEA2,WFG2,WFG,3,12,3009,0.1868064494842933,0.9295325225207224
IVFSPEA2,WFG2,WFG,3,12,3010,0.1711431066708583,0.9297474392271704
IVFSPEA2,WFG2,WFG,3,12,3011,0.1781748280621501,0.9290021678857072
IVFSPEA2,WFG2,WFG,3,12,3012,0.1849405718636263,0.9267273425781032
IVFSPEA2,WFG2,WFG,3,12,3013,0.1847362416208002,0.9288508541399348
IVFSPEA2,WFG2,WFG,3,12,3014,0.1734535221709944,0.9280283233551286
IVFSPEA2,WFG2,WFG,3,12,3015,0.1814374918047193,0.9294074409091388
IVFSPEA2,WFG2,WFG,3,12,3016,0.1802370180767633,0.9288190690285658
IVFSPEA2,WFG2,WFG,3,12,3017,0.1919102604868611,0.9271148625830328
IVFSPEA2,WFG2,WFG,3,12,3018,0.1837633112408827,0.9277693924209096
IVFSPEA2,WFG2,WFG,3,12,3019,0.1871027655097282,0.9284522838857784
IVFSPEA2,WFG2,WFG,3,12,3020,0.1702969934862543,0.9285488042827196
IVFSPEA2,WFG2,WFG,3,12,3021,0.1898153595001337,0.92787482122481
IVFSPEA2,WFG2,WFG,3,12,3022,0.1835233821429659,0.9266393316234276
IVFSPEA2,WFG2,WFG,3,12,3023,0.1855562771352911,0.9280280291527984
IVFSPEA2,WFG2,WFG,3,12,3024,0.1826659189055788,0.9282172187990884
IVFSPEA2,WFG2,WFG,3,12,3025,0.1854766798470421,0.9279389034500486
IVFSPEA2,WFG2,WFG,3,12,3026,0.1759034546758419,0.9298990249342196
IVFSPEA2,WFG2,WFG,3,12,3027,0.1850327299518712,0.9253594297322064
IVFSPEA2,WFG2,WFG,3,12,3028,0.1816681428942619,0.9309055833900052
IVFSPEA2,WFG2,WFG,3,12,3029,0.1780622327352541,0.9300232327230304
IVFSPEA2,WFG2,WFG,3,12,3030,0.1838311227620173,0.930543761871355
IVFSPEA2,WFG3,WFG,2,11,3001,0.0118705005227659,0.5816520815739092
IVFSPEA2,WFG3,WFG,2,11,3002,0.0119829664033412,0.5812506224054859
IVFSPEA2,WFG3,WFG,2,11,3003,0.012124909355778,0.5814911647377423
IVFSPEA2,WFG3,WFG,2,11,3004,0.0119101557829932,0.5816185168425303
IVFSPEA2,WFG3,WFG,2,11,3005,0.0118916227304686,0.5815777262584348
IVFSPEA2,WFG3,WFG,2,11,3006,0.0127597143469402,0.5805113167219293
IVFSPEA2,WFG3,WFG,2,11,3007,0.0121518876982476,0.5811106873676859
IVFSPEA2,WFG3,WFG,2,11,3008,0.0122759443109357,0.5810201836683209
IVFSPEA2,WFG3,WFG,2,11,3009,0.0120261036932991,0.5813988958352172
IVFSPEA2,WFG3,WFG,2,11,3010,0.0129734178727427,0.5802073383722716
IVFSPEA2,WFG3,WFG,2,11,3011,0.0123914875539496,0.5809184322899754
IVFSPEA2,WFG3,WFG,2,11,3012,0.0123291966782906,0.5808605534802107
IVFSPEA2,WFG3,WFG,2,11,3013,0.0126644636054001,0.5805785572846457
IVFSPEA2,WFG3,WFG,2,11,3014,0.0119637677186759,0.5816926852539255
IVFSPEA2,WFG3,WFG,2,11,3015,0.0118648843373095,0.5819228538783753
IVFSPEA2,WFG3,WFG,2,11,3016,0.0120272683321628,0.5812173524379747
IVFSPEA2,WFG3,WFG,2,11,3017,0.0123393936351003,0.5809416724185075
IVFSPEA2,WFG3,WFG,2,11,3018,0.0126984824723217,0.5804182976055663
IVFSPEA2,WFG3,WFG,2,11,3019,0.0132909410518323,0.5797310793600088
IVFSPEA2,WFG3,WFG,2,11,3020,0.0124318780909122,0.5808898629616308
IVFSPEA2,WFG3,WFG,2,11,3021,0.0119904615281694,0.5815639096362832
IVFSPEA2,WFG3,WFG,2,11,3022,0.0124898853160026,0.5808472974561676
IVFSPEA2,WFG3,WFG,2,11,3023,0.0119040440829499,0.5817560055920232
IVFSPEA2,WFG3,WFG,2,11,3024,0.0123976399047564,0.5809380923177647
IVFSPEA2,WFG3,WFG,2,11,3025,0.0121053986848956,0.5814426981441448
IVFSPEA2,WFG3,WFG,2,11,3026,0.0120276693643536,0.5815120194163788
IVFSPEA2,WFG3,WFG,2,11,3027,0.0127709752303521,0.5803558403976642
IVFSPEA2,WFG3,WFG,2,11,3028,0.0121066827562142,0.5811842261349888
IVFSPEA2,WFG3,WFG,2,11,3029,0.0135645325686572,0.5795184779924121
IVFSPEA2,WFG3,WFG,2,11,3030,0.0119457458512407,0.5818632381981308
IVFSPEA2,WFG3,WFG,3,12,3001,0.0957759243090286,0.3915827414707805
IVFSPEA2,WFG3,WFG,3,12,3002,0.0751639089259982,0.4008436912713976
IVFSPEA2,WFG3,WFG,3,12,3003,0.0786393193620989,0.4000495674604398
IVFSPEA2,WFG3,WFG,3,12,3004,0.0854206070672565,0.3966395047773736
IVFSPEA2,WFG3,WFG,3,12,3005,0.0861764017459428,0.3958307418601832
IVFSPEA2,WFG3,WFG,3,12,3006,0.0853437709643931,0.3960102798802811
IVFSPEA2,WFG3,WFG,3,12,3007,0.0768538468389798,0.3991081738371248
IVFSPEA2,WFG3,WFG,3,12,3008,0.0909460181624347,0.3922536474962473
IVFSPEA2,WFG3,WFG,3,12,3009,0.0884166242391901,0.3965048200016905
IVFSPEA2,WFG3,WFG,3,12,3010,0.0860937330163879,0.397934698302989
IVFSPEA2,WFG3,WFG,3,12,3011,0.0826865635665102,0.3975059560336471
IVFSPEA2,WFG3,WFG,3,12,3012,0.0842230667692295,0.399221453586605
IVFSPEA2,WFG3,WFG,3,12,3013,0.0834572324223183,0.3992291641668468
IVFSPEA2,WFG3,WFG,3,12,3014,0.0846118262191659,0.3975019295985456
IVFSPEA2,WFG3,WFG,3,12,3015,0.0820032368897864,0.3970289271409157
IVFSPEA2,WFG3,WFG,3,12,3016,0.0969187254024391,0.3927372168026539
IVFSPEA2,WFG3,WFG,3,12,3017,0.0796079819872837,0.3986182720735806
IVFSPEA2,WFG3,WFG,3,12,3018,0.098028292211956,0.3938784594659569
IVFSPEA2,WFG3,WFG,3,12,3019,0.0845408027638784,0.394746982454378
IVFSPEA2,WFG3,WFG,3,12,3020,0.0842201004594408,0.3987051247941974
IVFSPEA2,WFG3,WFG,3,12,3021,0.0944155126755112,0.3896428534918332
IVFSPEA2,WFG3,WFG,3,12,3022,0.0912517612046071,0.3949214569304686
IVFSPEA2,WFG3,WFG,3,12,3023,0.1050149025221312,0.3859257575759802
IVFSPEA2,WFG3,WFG,3,12,3024,0.0926980679205866,0.3934644031483346
IVFSPEA2,WFG3,WFG,3,12,3025,0.0841951507368519,0.3975514025115296
IVFSPEA2,WFG3,WFG,3,12,3026,0.0915326783988413,0.394988487788577
IVFSPEA2,WFG3,WFG,3,12,3027,0.1099158960140712,0.3927873294731488
IVFSPEA2,WFG3,WFG,3,12,3028,0.0879563400281124,0.3957908217829799
IVFSPEA2,WFG3,WFG,3,12,3029,0.0860967355648035,0.3973306552118033
IVFSPEA2,WFG3,WFG,3,12,3030,0.0876024113270496,0.3949525341592035
IVFSPEA2,WFG4,WFG,2,11,3001,0.0127347271621341,0.3473475119866941
IVFSPEA2,WFG4,WFG,2,11,3002,0.0128110505455172,0.3471091842034846
IVFSPEA2,WFG4,WFG,2,11,3003,0.0128168000760077,0.3474352612681748
IVFSPEA2,WFG4,WFG,2,11,3004,0.0126039951130144,0.3473669055736111
IVFSPEA2,WFG4,WFG,2,11,3005,0.012705401594227,0.3472404363455899
IVFSPEA2,WFG4,WFG,2,11,3006,0.0126262355852693,0.3472836113142353
IVFSPEA2,WFG4,WFG,2,11,3007,0.0129780355914099,0.3470750565790142
IVFSPEA2,WFG4,WFG,2,11,3008,0.0124812642733252,0.3473573510710394
IVFSPEA2,WFG4,WFG,2,11,3009,0.0123422668232084,0.3474242366627449
IVFSPEA2,WFG4,WFG,2,11,3010,0.0127498624680676,0.3471801062146366
IVFSPEA2,WFG4,WFG,2,11,3011,0.0124657524676495,0.3473960209753976
IVFSPEA2,WFG4,WFG,2,11,3012,0.0126051971911952,0.3472978504795966
IVFSPEA2,WFG4,WFG,2,11,3013,0.0126600303517429,0.3472888531661594
IVFSPEA2,WFG4,WFG,2,11,3014,0.01252002005942,0.347462119340611
IVFSPEA2,WFG4,WFG,2,11,3015,0.0125215178005299,0.3473050636197062
IVFSPEA2,WFG4,WFG,2,11,3016,0.0124745779480623,0.347305717015703
IVFSPEA2,WFG4,WFG,2,11,3017,0.0124279344315541,0.3474223421998768
IVFSPEA2,WFG4,WFG,2,11,3018,0.0125447628580655,0.3473183770536473
IVFSPEA2,WFG4,WFG,2,11,3019,0.0125315083109529,0.3473479724820264
IVFSPEA2,WFG4,WFG,2,11,3020,0.0126048550229756,0.3471625136513537
IVFSPEA2,WFG4,WFG,2,11,3021,0.0126671610990352,0.3472604131807864
IVFSPEA2,WFG4,WFG,2,11,3022,0.0126261717486979,0.3472458148323731
IVFSPEA2,WFG4,WFG,2,11,3023,0.0126136371307242,0.3474352334676261
IVFSPEA2,WFG4,WFG,2,11,3024,0.0124430721155659,0.3473768890074059
IVFSPEA2,WFG4,WFG,2,11,3025,0.0127357035695243,0.3471451490394486
IVFSPEA2,WFG4,WFG,2,11,3026,0.012414522782689,0.3474044208673214
IVFSPEA2,WFG4,WFG,2,11,3027,0.0126094852737498,0.3472647133579673
IVFSPEA2,WFG4,WFG,2,11,3028,0.0125465662731798,0.3472537618076986
IVFSPEA2,WFG4,WFG,2,11,3029,0.0125141308733522,0.3473311263683504
IVFSPEA2,WFG4,WFG,2,11,3030,0.0125046171738096,0.3474816431193361
IVFSPEA2,WFG4,WFG,3,12,3001,0.2146572677795067,0.5522068977054355
IVFSPEA2,WFG4,WFG,3,12,3002,0.2124755398929222,0.552535327921421
IVFSPEA2,WFG4,WFG,3,12,3003,0.2116803707235096,0.5524963926679568
IVFSPEA2,WFG4,WFG,3,12,3004,0.2096961186115043,0.5553324522415916
IVFSPEA2,WFG4,WFG,3,12,3005,0.2071067404545479,0.552227616418636
IVFSPEA2,WFG4,WFG,3,12,3006,0.2156612965400742,0.5521620813832319
IVFSPEA2,WFG4,WFG,3,12,3007,0.2115354302661349,0.550924174544458
IVFSPEA2,WFG4,WFG,3,12,3008,0.2098411532389903,0.5520394284730045
IVFSPEA2,WFG4,WFG,3,12,3009,0.2141263178249519,0.5505867077560562
IVFSPEA2,WFG4,WFG,3,12,3010,0.2103526508872068,0.5515245746039074
IVFSPEA2,WFG4,WFG,3,12,3011,0.2124464100027622,0.5494062074786519
IVFSPEA2,WFG4,WFG,3,12,3012,0.211040472049922,0.5476230098617936
IVFSPEA2,WFG4,WFG,3,12,3013,0.2116596557983796,0.5486016642778003
IVFSPEA2,WFG4,WFG,3,12,3014,0.2109401717221508,0.5490204617960714
IVFSPEA2,WFG4,WFG,3,12,3015,0.2150734445299107,0.5503132787573414
IVFSPEA2,WFG4,WFG,3,12,3016,0.2175401557915852,0.5503151257723535
IVFSPEA2,WFG4,WFG,3,12,3017,0.2130996531383769,0.5490377274674272
IVFSPEA2,WFG4,WFG,3,12,3018,0.2142541871635962,0.5509976117687
IVFSPEA2,WFG4,WFG,3,12,3019,0.2118260454061119,0.5516559607613252
IVFSPEA2,WFG4,WFG,3,12,3020,0.2097566822734805,0.5535197675869308
IVFSPEA2,WFG4,WFG,3,12,3021,0.2121020413451299,0.5505223394651539
IVFSPEA2,WFG4,WFG,3,12,3022,0.2127893724178381,0.5497514995101527
IVFSPEA2,WFG4,WFG,3,12,3023,0.2122598691030738,0.5509540572978835
IVFSPEA2,WFG4,WFG,3,12,3024,0.2150796265718238,0.548982150347816
IVFSPEA2,WFG4,WFG,3,12,3025,0.2127367626180204,0.5548159338815277
IVFSPEA2,WFG4,WFG,3,12,3026,0.2108915699617921,0.5515549388965122
IVFSPEA2,WFG4,WFG,3,12,3027,0.2103302702044536,0.5523556438163887
IVFSPEA2,WFG4,WFG,3,12,3028,0.2146279629275929,0.5496802759934867
IVFSPEA2,WFG4,WFG,3,12,3029,0.2141248157623331,0.5538659415011582
IVFSPEA2,WFG4,WFG,3,12,3030,0.2112164530639479,0.5497912527402504
IVFSPEA2,WFG5,WFG,2,11,3001,0.0636409957924301,0.3135244730614343
IVFSPEA2,WFG5,WFG,2,11,3002,0.0634669769287572,0.3136021564960924
IVFSPEA2,WFG5,WFG,2,11,3003,0.0632863464698039,0.3136755486863735
IVFSPEA2,WFG5,WFG,2,11,3004,0.0635035348295779,0.31347436955326
IVFSPEA2,WFG5,WFG,2,11,3005,0.0634256410630076,0.313674284801905
IVFSPEA2,WFG5,WFG,2,11,3006,0.0632853125460871,0.3136953155538429
IVFSPEA2,WFG5,WFG,2,11,3007,0.0635092724809867,0.3135396672822764
IVFSPEA2,WFG5,WFG,2,11,3008,0.0634679375215666,0.3135320436587639
IVFSPEA2,WFG5,WFG,2,11,3009,0.0634054673451779,0.3136711492521544
IVFSPEA2,WFG5,WFG,2,11,3010,0.063696761780748,0.3134099119150639
IVFSPEA2,WFG5,WFG,2,11,3011,0.063399012082428,0.3135978403820709
IVFSPEA2,WFG5,WFG,2,11,3012,0.0635679106330807,0.3134926566880804
IVFSPEA2,WFG5,WFG,2,11,3013,0.0634492127055363,0.3135607452831316
IVFSPEA2,WFG5,WFG,2,11,3014,0.063417825266842,0.3135756244017514
IVFSPEA2,WFG5,WFG,2,11,3015,0.0633913791061666,0.3136431520029026
IVFSPEA2,WFG5,WFG,2,11,3016,0.0634381070345868,0.3136217976519224
IVFSPEA2,WFG5,WFG,2,11,3017,0.0633515257476691,0.313648305034042
IVFSPEA2,WFG5,WFG,2,11,3018,0.0634209635235281,0.3137192439055558
IVFSPEA2,WFG5,WFG,2,11,3019,0.0633938255671768,0.313743026091018
IVFSPEA2,WFG5,WFG,2,11,3020,0.0634445651795287,0.3136660686547974
IVFSPEA2,WFG5,WFG,2,11,3021,0.063427472244793,0.3136282370217867
IVFSPEA2,WFG5,WFG,2,11,3022,0.0636540777115156,0.3135111437791262
IVFSPEA2,WFG5,WFG,2,11,3023,0.0633827011125719,0.3135440387895986
IVFSPEA2,WFG5,WFG,2,11,3024,0.0635148440875943,0.3135920875736598
IVFSPEA2,WFG5,WFG,2,11,3025,0.063486247421056,0.3135053164606578
IVFSPEA2,WFG5,WFG,2,11,3026,0.063438777139235,0.3134062597478752
IVFSPEA2,WFG5,WFG,2,11,3027,0.0635296317140101,0.3134032355222706
IVFSPEA2,WFG5,WFG,2,11,3028,0.063387773882833,0.3137034754237437
IVFSPEA2,WFG5,WFG,2,11,3029,0.0635070810232157,0.3136222605798867
IVFSPEA2,WFG5,WFG,2,11,3030,0.0634770211808508,0.3134854727946765
IVFSPEA2,WFG5,WFG,3,12,3001,0.2202412117329526,0.5149764287571554
IVFSPEA2,WFG5,WFG,3,12,3002,0.2215605927714836,0.5156489860211965
IVFSPEA2,WFG5,WFG,3,12,3003,0.2188556061556408,0.5170213168064313
IVFSPEA2,WFG5,WFG,3,12,3004,0.2181836885590291,0.5178389282680442
IVFSPEA2,WFG5,WFG,3,12,3005,0.2217215115502173,0.5168376582095198
IVFSPEA2,WFG5,WFG,3,12,3006,0.2192643128640874,0.5161925963797144
IVFSPEA2,WFG5,WFG,3,12,3007,0.2211899348958934,0.5157754444425974
IVFSPEA2,WFG5,WFG,3,12,3008,0.2194808262572283,0.5177270199182751
IVFSPEA2,WFG5,WFG,3,12,3009,0.2201996425542193,0.5151993094420552
IVFSPEA2,WFG5,WFG,3,12,3010,0.2215134520877135,0.5168486211258005
IVFSPEA2,WFG5,WFG,3,12,3011,0.2198538043503419,0.5160596390803999
IVFSPEA2,WFG5,WFG,3,12,3012,0.2165227761079016,0.5172487358272746
IVFSPEA2,WFG5,WFG,3,12,3013,0.2187373709772529,0.517444643937532
IVFSPEA2,WFG5,WFG,3,12,3014,0.2204937954840594,0.5168503438147892
IVFSPEA2,WFG5,WFG,3,12,3015,0.2209466751673772,0.5171311780866488
IVFSPEA2,WFG5,WFG,3,12,3016,0.2211336623546901,0.5160339212667625
IVFSPEA2,WFG5,WFG,3,12,3017,0.2199503243838999,0.5174408649089081
IVFSPEA2,WFG5,WFG,3,12,3018,0.2204697971142576,0.5139187650666177
IVFSPEA2,WFG5,WFG,3,12,3019,0.2208074226874554,0.5173007636928143
IVFSPEA2,WFG5,WFG,3,12,3020,0.2211838231230642,0.5170175906624952
IVFSPEA2,WFG5,WFG,3,12,3021,0.2191049507353271,0.5188533427279857
IVFSPEA2,WFG5,WFG,3,12,3022,0.2238591581294787,0.5150602936732231
IVFSPEA2,WFG5,WFG,3,12,3023,0.2197270731620796,0.5162884729797219
IVFSPEA2,WFG5,WFG,3,12,3024,0.2178696503300791,0.5173627461015157
IVFSPEA2,WFG5,WFG,3,12,3025,0.2220327908008005,0.5162390313407211
IVFSPEA2,WFG5,WFG,3,12,3026,0.2208013662688809,0.5167348404241326
IVFSPEA2,WFG5,WFG,3,12,3027,0.2210146732812716,0.5149881268673379
IVFSPEA2,WFG5,WFG,3,12,3028,0.2239255695024883,0.5132651618663104
IVFSPEA2,WFG5,WFG,3,12,3029,0.2220351938237156,0.5164139288668972
IVFSPEA2,WFG5,WFG,3,12,3030,0.2217679360309739,0.517950026349896
IVFSPEA2,WFG6,WFG,2,11,3001,0.0681842957683071,0.3108816018825715
IVFSPEA2,WFG6,WFG,2,11,3002,0.0980417516230487,0.2944902790008702
IVFSPEA2,WFG6,WFG,2,11,3003,0.0826526700934532,0.3029954734092259
IVFSPEA2,WFG6,WFG,2,11,3004,0.0854885832215527,0.3014212706375163
IVFSPEA2,WFG6,WFG,2,11,3005,0.0583348955720247,0.3164935620587658
IVFSPEA2,WFG6,WFG,2,11,3006,0.1004881341006948,0.2932772048384184
IVFSPEA2,WFG6,WFG,2,11,3007,0.1058795893958288,0.2902255531620721
IVFSPEA2,WFG6,WFG,2,11,3008,0.1016691195805607,0.2924732153832023
IVFSPEA2,WFG6,WFG,2,11,3009,0.0992976173845694,0.2938825613122195
IVFSPEA2,WFG6,WFG,2,11,3010,0.0802494833226133,0.3043290460418688
IVFSPEA2,WFG6,WFG,2,11,3011,0.1095340929493381,0.2883114299265825
IVFSPEA2,WFG6,WFG,2,11,3012,0.1093055001397718,0.288439004156475
IVFSPEA2,WFG6,WFG,2,11,3013,0.0304395924876277,0.3327045146546532
IVFSPEA2,WFG6,WFG,2,11,3014,0.1347313192651133,0.2747584618713654
IVFSPEA2,WFG6,WFG,2,11,3015,0.1135325011642471,0.2861891313218886
IVFSPEA2,WFG6,WFG,2,11,3016,0.0862319059013942,0.3008805966950774
IVFSPEA2,WFG6,WFG,2,11,3017,0.0997754679677405,0.2936447947913752
IVFSPEA2,WFG6,WFG,2,11,3018,0.0352946335208784,0.3297003698954969
IVFSPEA2,WFG6,WFG,2,11,3019,0.1494109022422905,0.2669445030951323
IVFSPEA2,WFG6,WFG,2,11,3020,0.0889815685474642,0.2994712584912831
IVFSPEA2,WFG6,WFG,2,11,3021,0.1028613632131373,0.2919300670258367
IVFSPEA2,WFG6,WFG,2,11,3022,0.0633549773759518,0.3136258264137943
IVFSPEA2,WFG6,WFG,2,11,3023,0.0773780581559621,0.3058431259342682
IVFSPEA2,WFG6,WFG,2,11,3024,0.065811840903918,0.3122613918013508
IVFSPEA2,WFG6,WFG,2,11,3025,0.0598356745276298,0.3156542731707518
IVFSPEA2,WFG6,WFG,2,11,3026,0.0918659060900342,0.2979770401994084
IVFSPEA2,WFG6,WFG,2,11,3027,0.0262920161045547,0.3351646735009682
IVFSPEA2,WFG6,WFG,2,11,3028,0.0468358155819147,0.3228293957537101
IVFSPEA2,WFG6,WFG,2,11,3029,0.0634935254333112,0.3135559697373314
IVFSPEA2,WFG6,WFG,2,11,3030,0.0543138849239907,0.3187517952545189
IVFSPEA2,WFG6,WFG,3,12,3001,0.2390389409677296,0.4976382385302727
IVFSPEA2,WFG6,WFG,3,12,3002,0.2367620085807478,0.5015181735406181
IVFSPEA2,WFG6,WFG,3,12,3003,0.2403324630981385,0.4931306255995383
IVFSPEA2,WFG6,WFG,3,12,3004,0.2305862855545544,0.5127537955162808
IVFSPEA2,WFG6,WFG,3,12,3005,0.2212464965939445,0.5195524507611451
IVFSPEA2,WFG6,WFG,3,12,3006,0.236829276008906,0.4986503104698871
IVFSPEA2,WFG6,WFG,3,12,3007,0.2489950551504822,0.4864579975023977
IVFSPEA2,WFG6,WFG,3,12,3008,0.2607691914250952,0.4732934797437481
IVFSPEA2,WFG6,WFG,3,12,3009,0.2524219440316312,0.4831018751003251
IVFSPEA2,WFG6,WFG,3,12,3010,0.2662489402118764,0.4706008349496638
IVFSPEA2,WFG6,WFG,3,12,3011,0.2493453220468687,0.48595347281408
IVFSPEA2,WFG6,WFG,3,12,3012,0.2422086584559814,0.4915133628080316
IVFSPEA2,WFG6,WFG,3,12,3013,0.2792597861808358,0.4560768764839093
IVFSPEA2,WFG6,WFG,3,12,3014,0.2452181210353527,0.496253222381293
IVFSPEA2,WFG6,WFG,3,12,3015,0.231743552782867,0.5063422352636469
IVFSPEA2,WFG6,WFG,3,12,3016,0.2244622497846041,0.5135381961110179
IVFSPEA2,WFG6,WFG,3,12,3017,0.2294014983408901,0.5095078217338638
IVFSPEA2,WFG6,WFG,3,12,3018,0.2521326518225305,0.4811625976900232
IVFSPEA2,WFG6,WFG,3,12,3019,0.2248557301645491,0.511826523932886
IVFSPEA2,WFG6,WFG,3,12,3020,0.231274992615751,0.5039186108856542
IVFSPEA2,WFG6,WFG,3,12,3021,0.2158570872025492,0.5319482037836507
IVFSPEA2,WFG6,WFG,3,12,3022,0.2510599429872272,0.4810525135693979
IVFSPEA2,WFG6,WFG,3,12,3023,0.2361460479973071,0.5003787055499931
IVFSPEA2,WFG6,WFG,3,12,3024,0.2682460042462965,0.4689728380940265
IVFSPEA2,WFG6,WFG,3,12,3025,0.2229324398559423,0.5329477752300067
IVFSPEA2,WFG6,WFG,3,12,3026,0.2169267987840548,0.5254840068062646
IVFSPEA2,WFG6,WFG,3,12,3027,0.2603893803637784,0.4781966189716914
IVFSPEA2,WFG6,WFG,3,12,3028,0.2457669037124723,0.4858326383451511
IVFSPEA2,WFG6,WFG,3,12,3029,0.240549910525229,0.4932730240249059
IVFSPEA2,WFG6,WFG,3,12,3030,0.2400163256292258,0.4994328127423901
IVFSPEA2,WFG7,WFG,2,11,3001,0.0131900080617246,0.3468680673438111
IVFSPEA2,WFG7,WFG,2,11,3002,0.0133104258379202,0.3463528112623341
IVFSPEA2,WFG7,WFG,2,11,3003,0.0130656603754493,0.346983269958184
IVFSPEA2,WFG7,WFG,2,11,3004,0.0131195006394486,0.3468115417400916
IVFSPEA2,WFG7,WFG,2,11,3005,0.0132326502167134,0.3466912334059541
IVFSPEA2,WFG7,WFG,2,11,3006,0.0129905858271187,0.346719870446795
IVFSPEA2,WFG7,WFG,2,11,3007,0.0133678103090515,0.3465715455831714
IVFSPEA2,WFG7,WFG,2,11,3008,0.0131126976893555,0.3468840645045722
IVFSPEA2,WFG7,WFG,2,11,3009,0.013427973546311,0.3464645742864157
IVFSPEA2,WFG7,WFG,2,11,3010,0.0133353870669179,0.3466678747638555
IVFSPEA2,WFG7,WFG,2,11,3011,0.0133735617460028,0.3466607612834068
IVFSPEA2,WFG7,WFG,2,11,3012,0.0137952752957752,0.3463337874817155
IVFSPEA2,WFG7,WFG,2,11,3013,0.0131311443164355,0.346757479713022
IVFSPEA2,WFG7,WFG,2,11,3014,0.0131554714850975,0.3465767372739885
IVFSPEA2,WFG7,WFG,2,11,3015,0.0132951953682998,0.3466784070088741
IVFSPEA2,WFG7,WFG,2,11,3016,0.0134440622883889,0.3466445303981839
IVFSPEA2,WFG7,WFG,2,11,3017,0.0133854304518668,0.3464935907060193
IVFSPEA2,WFG7,WFG,2,11,3018,0.0132201719279857,0.3466356702926533
IVFSPEA2,WFG7,WFG,2,11,3019,0.0131559184694669,0.3463790689807836
IVFSPEA2,WFG7,WFG,2,11,3020,0.013169853746932,0.3466718045527855
IVFSPEA2,WFG7,WFG,2,11,3021,0.0131641603387063,0.3465960549907871
IVFSPEA2,WFG7,WFG,2,11,3022,0.013362228194608,0.3466545260240724
IVFSPEA2,WFG7,WFG,2,11,3023,0.013089273844036,0.3466106136606883
IVFSPEA2,WFG7,WFG,2,11,3024,0.0131172325846424,0.346922879493127
IVFSPEA2,WFG7,WFG,2,11,3025,0.012991358210091,0.3466860430335779
IVFSPEA2,WFG7,WFG,2,11,3026,0.013423426363424,0.3463680959955993
IVFSPEA2,WFG7,WFG,2,11,3027,0.0129041829895612,0.3470711375865895
IVFSPEA2,WFG7,WFG,2,11,3028,0.0136778122507228,0.3464675095934479
IVFSPEA2,WFG7,WFG,2,11,3029,0.0128703865758237,0.3468001546822067
IVFSPEA2,WFG7,WFG,2,11,3030,0.0131139769865705,0.3467848214193301
IVFSPEA2,WFG7,WFG,3,12,3001,0.2117653972994836,0.5506121794779388
IVFSPEA2,WFG7,WFG,3,12,3002,0.2156474012078356,0.548600700785783
IVFSPEA2,WFG7,WFG,3,12,3003,0.2131422513142418,0.5469897214047204
IVFSPEA2,WFG7,WFG,3,12,3004,0.2135843865216214,0.547821717737528
IVFSPEA2,WFG7,WFG,3,12,3005,0.2170122618828466,0.5498412028502077
IVFSPEA2,WFG7,WFG,3,12,3006,0.2107159043890098,0.5508922200385477
IVFSPEA2,WFG7,WFG,3,12,3007,0.2169634247131434,0.5500063838392684
IVFSPEA2,WFG7,WFG,3,12,3008,0.2183470490386661,0.5489975432521386
IVFSPEA2,WFG7,WFG,3,12,3009,0.2168519310248763,0.5503612552599785
IVFSPEA2,WFG7,WFG,3,12,3010,0.2114158785248883,0.5464619930188274
IVFSPEA2,WFG7,WFG,3,12,3011,0.2151593191926111,0.5455360206764045
IVFSPEA2,WFG7,WFG,3,12,3012,0.2165627554764528,0.5485982562548816
IVFSPEA2,WFG7,WFG,3,12,3013,0.2144033358090675,0.5482423877476149
IVFSPEA2,WFG7,WFG,3,12,3014,0.2136224628598067,0.5503149644826741
IVFSPEA2,WFG7,WFG,3,12,3015,0.2134435276533189,0.5489921068621652
IVFSPEA2,WFG7,WFG,3,12,3016,0.2119078118553781,0.5480190940930062
IVFSPEA2,WFG7,WFG,3,12,3017,0.2151730855313436,0.5501758412768266
IVFSPEA2,WFG7,WFG,3,12,3018,0.2163831341486035,0.5479701306280574
IVFSPEA2,WFG7,WFG,3,12,3019,0.2122519405046731,0.5475631316303328
IVFSPEA2,WFG7,WFG,3,12,3020,0.2121786217012775,0.5504306837356407
IVFSPEA2,WFG7,WFG,3,12,3021,0.2183648050954968,0.5496884171297199
IVFSPEA2,WFG7,WFG,3,12,3022,0.2100705433149762,0.5487857239300072
IVFSPEA2,WFG7,WFG,3,12,3023,0.2170115540282758,0.5467321503995742
IVFSPEA2,WFG7,WFG,3,12,3024,0.2153646003332701,0.5478996564490686
IVFSPEA2,WFG7,WFG,3,12,3025,0.2190049307984903,0.5505496049754094
IVFSPEA2,WFG7,WFG,3,12,3026,0.2173709988693883,0.5514951896625654
IVFSPEA2,WFG7,WFG,3,12,3027,0.2115751331621132,0.5509970809659493
IVFSPEA2,WFG7,WFG,3,12,3028,0.211884947642464,0.5493230188252334
IVFSPEA2,WFG7,WFG,3,12,3029,0.2119455443248423,0.5464323556665989
IVFSPEA2,WFG7,WFG,3,12,3030,0.2138117304373339,0.5493847853625804
IVFSPEA2,WFG8,WFG,2,11,3001,0.1063889714525785,0.290476825859876
IVFSPEA2,WFG8,WFG,2,11,3002,0.1100838148904968,0.2888139159681225
IVFSPEA2,WFG8,WFG,2,11,3003,0.1085392296565812,0.2895286548714316
IVFSPEA2,WFG8,WFG,2,11,3004,0.111496711221474,0.2886805053030536
IVFSPEA2,WFG8,WFG,2,11,3005,0.1074658065610612,0.289977129394161
IVFSPEA2,WFG8,WFG,2,11,3006,0.1113398642770402,0.2883195380495391
IVFSPEA2,WFG8,WFG,2,11,3007,0.1079373395475348,0.2897512496278638
IVFSPEA2,WFG8,WFG,2,11,3008,0.1088109398629434,0.289388440405152
IVFSPEA2,WFG8,WFG,2,11,3009,0.1043799207899025,0.2913667951191782
IVFSPEA2,WFG8,WFG,2,11,3010,0.1022094096264172,0.2928299631815831
IVFSPEA2,WFG8,WFG,2,11,3011,0.1060304843632505,0.2908686616536852
IVFSPEA2,WFG8,WFG,2,11,3012,0.1079502212152872,0.2896151184426616
IVFSPEA2,WFG8,WFG,2,11,3013,0.1055047263331301,0.2909189907075099
IVFSPEA2,WFG8,WFG,2,11,3014,0.1078672473076928,0.2897664582429502
IVFSPEA2,WFG8,WFG,2,11,3015,0.1073327254997328,0.2901866186860869
IVFSPEA2,WFG8,WFG,2,11,3016,0.1075873382246594,0.2898099349866372
IVFSPEA2,WFG8,WFG,2,11,3017,0.10746139008129,0.2900065186559076
IVFSPEA2,WFG8,WFG,2,11,3018,0.1055205204889446,0.2908687722426858
IVFSPEA2,WFG8,WFG,2,11,3019,0.1071285397634575,0.2908624121836228
IVFSPEA2,WFG8,WFG,2,11,3020,0.107817686243187,0.2896601953531508
IVFSPEA2,WFG8,WFG,2,11,3021,0.1074395132485848,0.2897905184277726
IVFSPEA2,WFG8,WFG,2,11,3022,0.1126804202132574,0.2879474811374827
IVFSPEA2,WFG8,WFG,2,11,3023,0.1051879489252838,0.2910810784169482
IVFSPEA2,WFG8,WFG,2,11,3024,0.1071543308937008,0.2902050293049129
IVFSPEA2,WFG8,WFG,2,11,3025,0.1053895851751018,0.2914291743911127
IVFSPEA2,WFG8,WFG,2,11,3026,0.1045562791422421,0.2914621421269143
IVFSPEA2,WFG8,WFG,2,11,3027,0.1109538462167762,0.2883814406486813
IVFSPEA2,WFG8,WFG,2,11,3028,0.1100625349761498,0.2888698304069694
IVFSPEA2,WFG8,WFG,2,11,3029,0.103421406753152,0.2920606931409769
IVFSPEA2,WFG8,WFG,2,11,3030,0.1020348841269003,0.2927170271467835
IVFSPEA2,WFG8,WFG,3,12,3001,0.2974716152413912,0.4577485300895393
IVFSPEA2,WFG8,WFG,3,12,3002,0.2936044967552598,0.4661901616189037
IVFSPEA2,WFG8,WFG,3,12,3003,0.2909179769814193,0.4622946260763517
IVFSPEA2,WFG8,WFG,3,12,3004,0.2939665823895284,0.4622439939007257
IVFSPEA2,WFG8,WFG,3,12,3005,0.2907413858949849,0.4645928815410856
IVFSPEA2,WFG8,WFG,3,12,3006,0.2890370080459144,0.4629918750186927
IVFSPEA2,WFG8,WFG,3,12,3007,0.2917902136864554,0.4582369746813661
IVFSPEA2,WFG8,WFG,3,12,3008,0.2826641474953767,0.4642107450295391
IVFSPEA2,WFG8,WFG,3,12,3009,0.2936298618677104,0.4623365676720121
IVFSPEA2,WFG8,WFG,3,12,3010,0.2956259063764324,0.4631303680512844
IVFSPEA2,WFG8,WFG,3,12,3011,0.2956432262133682,0.4590970128912143
IVFSPEA2,WFG8,WFG,3,12,3012,0.2838198962201045,0.4651124081208826
IVFSPEA2,WFG8,WFG,3,12,3013,0.2873259337965956,0.4640471673359617
IVFSPEA2,WFG8,WFG,3,12,3014,0.2968284236035521,0.4630381500655234
IVFSPEA2,WFG8,WFG,3,12,3015,0.302064629870976,0.4567133137785455
IVFSPEA2,WFG8,WFG,3,12,3016,0.2997203171253053,0.4628549531998527
IVFSPEA2,WFG8,WFG,3,12,3017,0.2898254449483597,0.4640778837927697
IVFSPEA2,WFG8,WFG,3,12,3018,0.2904598681903621,0.4616314862528399
IVFSPEA2,WFG8,WFG,3,12,3019,0.2935394388733296,0.4595743206352581
IVFSPEA2,WFG8,WFG,3,12,3020,0.3136692259457622,0.4498734392405945
IVFSPEA2,WFG8,WFG,3,12,3021,0.296646459980022,0.4594421595673503
IVFSPEA2,WFG8,WFG,3,12,3022,0.2872901140900522,0.4629094857688245
IVFSPEA2,WFG8,WFG,3,12,3023,0.2979586266079697,0.4621614384568693
IVFSPEA2,WFG8,WFG,3,12,3024,0.2960123421918039,0.4597597522446729
IVFSPEA2,WFG8,WFG,3,12,3025,0.2934481410769366,0.4636330128147057
IVFSPEA2,WFG8,WFG,3,12,3026,0.2926011459868147,0.4637060437737756
IVFSPEA2,WFG8,WFG,3,12,3027,0.2914071195618615,0.4629538474870207
IVFSPEA2,WFG8,WFG,3,12,3028,0.2864425745250443,0.4643749041448232
IVFSPEA2,WFG8,WFG,3,12,3029,0.2942586516717532,0.4611652648420302
IVFSPEA2,WFG8,WFG,3,12,3030,0.2902371942672003,0.4616866495930141
IVFSPEA2,WFG9,WFG,2,11,3001,0.0170416771653016,0.3418437887326565
IVFSPEA2,WFG9,WFG,2,11,3002,0.0155263152301028,0.3431791110027095
IVFSPEA2,WFG9,WFG,2,11,3003,0.0156653069620507,0.3429597331074544
IVFSPEA2,WFG9,WFG,2,11,3004,0.015767498300966,0.3428704024907897
IVFSPEA2,WFG9,WFG,2,11,3005,0.2256696238171317,0.2267426891287949
IVFSPEA2,WFG9,WFG,2,11,3006,0.0188440938824211,0.3402540558214377
IVFSPEA2,WFG9,WFG,2,11,3007,0.0178288148503323,0.3414092857031877
IVFSPEA2,WFG9,WFG,2,11,3008,0.0185388058026018,0.3406308086735516
IVFSPEA2,WFG9,WFG,2,11,3009,0.0183785441872938,0.340568747670801
IVFSPEA2,WFG9,WFG,2,11,3010,0.019305031473535,0.3399900280918055
IVFSPEA2,WFG9,WFG,2,11,3011,0.0223009904742603,0.3378550671880191
IVFSPEA2,WFG9,WFG,2,11,3012,0.0151458897358986,0.3433297892668464
IVFSPEA2,WFG9,WFG,2,11,3013,0.0150203582033257,0.3437907013412671
IVFSPEA2,WFG9,WFG,2,11,3014,0.2257513737025892,0.2266334520065538
IVFSPEA2,WFG9,WFG,2,11,3015,0.0167684642650366,0.3419229891801259
IVFSPEA2,WFG9,WFG,2,11,3016,0.0155029300185423,0.3430671750746479
IVFSPEA2,WFG9,WFG,2,11,3017,0.0181680322972453,0.3410312780120105
IVFSPEA2,WFG9,WFG,2,11,3018,0.0147034171761973,0.3440879506570273
IVFSPEA2,WFG9,WFG,2,11,3019,0.0135500155213934,0.3454529221135661
IVFSPEA2,WFG9,WFG,2,11,3020,0.0181828086126703,0.340958897835216
IVFSPEA2,WFG9,WFG,2,11,3021,0.0141397900452658,0.3446734470064246
IVFSPEA2,WFG9,WFG,2,11,3022,0.015156150692601,0.3436477506422144
IVFSPEA2,WFG9,WFG,2,11,3023,0.0194719296292289,0.3397500610258889
IVFSPEA2,WFG9,WFG,2,11,3024,0.0179804538457612,0.341025830465674
IVFSPEA2,WFG9,WFG,2,11,3025,0.0147168764543347,0.3441249683663051
IVFSPEA2,WFG9,WFG,2,11,3026,0.0167966137910252,0.3420554654557821
IVFSPEA2,WFG9,WFG,2,11,3027,0.0390030404608518,0.3276361152430472
IVFSPEA2,WFG9,WFG,2,11,3028,0.0432994419562856,0.3249705392376874
IVFSPEA2,WFG9,WFG,2,11,3029,0.0192434688172852,0.3402146798355127
IVFSPEA2,WFG9,WFG,2,11,3030,0.0167788734359595,0.342033346234474
IVFSPEA2,WFG9,WFG,3,12,3001,0.2094888611677072,0.5298468873437792
IVFSPEA2,WFG9,WFG,3,12,3002,0.2072051172337953,0.5411850599612086
IVFSPEA2,WFG9,WFG,3,12,3003,0.2101527876307812,0.5375104972492436
IVFSPEA2,WFG9,WFG,3,12,3004,0.2138755753621232,0.5286412457141676
IVFSPEA2,WFG9,WFG,3,12,3005,0.2080799271243114,0.5435626833948485
IVFSPEA2,WFG9,WFG,3,12,3006,0.2079875515541244,0.5346812391244412
IVFSPEA2,WFG9,WFG,3,12,3007,0.2101825520547466,0.534820980939191
IVFSPEA2,WFG9,WFG,3,12,3008,0.2054102294186648,0.5383684855463247
IVFSPEA2,WFG9,WFG,3,12,3009,0.2096005694879802,0.5341030856158813
IVFSPEA2,WFG9,WFG,3,12,3010,0.2112886819169109,0.5367316279435798
IVFSPEA2,WFG9,WFG,3,12,3011,0.2062689078442843,0.5420425441121145
IVFSPEA2,WFG9,WFG,3,12,3012,0.2080149458863641,0.5327451877189415
IVFSPEA2,WFG9,WFG,3,12,3013,0.209747975191624,0.54229451045604
IVFSPEA2,WFG9,WFG,3,12,3014,0.2151506061577668,0.5320696380457811
IVFSPEA2,WFG9,WFG,3,12,3015,0.2127087334122595,0.5336351672482466
IVFSPEA2,WFG9,WFG,3,12,3016,0.2111351434817527,0.5310308259165047
IVFSPEA2,WFG9,WFG,3,12,3017,0.2121110359182303,0.5363503908888142
IVFSPEA2,WFG9,WFG,3,12,3018,0.2084521346249293,0.5429111740310878
IVFSPEA2,WFG9,WFG,3,12,3019,0.2108280244441265,0.5295004053834618
IVFSPEA2,WFG9,WFG,3,12,3020,0.2211012611036348,0.5210194616811249
IVFSPEA2,WFG9,WFG,3,12,3021,0.2121925853997743,0.5285379917807781
IVFSPEA2,WFG9,WFG,3,12,3022,0.2101012966077745,0.5315671138826719
IVFSPEA2,WFG9,WFG,3,12,3023,0.2122855004105854,0.5352496163180797
IVFSPEA2,WFG9,WFG,3,12,3024,0.2053388857891951,0.539175747546094
IVFSPEA2,WFG9,WFG,3,12,3025,0.2155868620498228,0.5265613492601419
IVFSPEA2,WFG9,WFG,3,12,3026,0.2081912918590298,0.5456846389167043
IVFSPEA2,WFG9,WFG,3,12,3027,0.2081357564662876,0.5406490242725999
IVFSPEA2,WFG9,WFG,3,12,3028,0.342773167069713,0.4052515105437482
IVFSPEA2,WFG9,WFG,3,12,3029,0.211538233631259,0.5364687968874707
IVFSPEA2,WFG9,WFG,3,12,3030,0.2104687085733358,0.5417583234805977
IVFSPEA2,ZDT1,ZDT,2,30,3001,0.0038560469092873,0.7204496220126516
IVFSPEA2,ZDT1,ZDT,2,30,3002,0.0040255698658791,0.7202208786315767
IVFSPEA2,ZDT1,ZDT,2,30,3003,0.0038647346134301,0.7205137255053364
IVFSPEA2,ZDT1,ZDT,2,30,3004,0.003800662525084,0.7205252458541497
IVFSPEA2,ZDT1,ZDT,2,30,3005,0.003939653938654,0.7203402847253377
IVFSPEA2,ZDT1,ZDT,2,30,3006,0.0040237543749791,0.7202618365145571
IVFSPEA2,ZDT1,ZDT,2,30,3007,0.0039677603854179,0.7203207139213434
IVFSPEA2,ZDT1,ZDT,2,30,3008,0.0038082196378967,0.7204900301157684
IVFSPEA2,ZDT1,ZDT,2,30,3009,0.0039288924827146,0.7203206202655358
IVFSPEA2,ZDT1,ZDT,2,30,3010,0.0040045004548417,0.720218190698853
IVFSPEA2,ZDT1,ZDT,2,30,3011,0.0038298245339873,0.7204856765935359
IVFSPEA2,ZDT1,ZDT,2,30,3012,0.0039200234303597,0.7203788041328589
IVFSPEA2,ZDT1,ZDT,2,30,3013,0.00386969725581,0.7205363108313867
IVFSPEA2,ZDT1,ZDT,2,30,3014,0.0039201760377342,0.7203713393720136
IVFSPEA2,ZDT1,ZDT,2,30,3015,0.0039155291994233,0.7204142423878868
IVFSPEA2,ZDT1,ZDT,2,30,3016,0.003852163732537,0.720489537660575
IVFSPEA2,ZDT1,ZDT,2,30,3017,0.0040432569503606,0.7202370566876057
IVFSPEA2,ZDT1,ZDT,2,30,3018,0.0038793895745495,0.7203884860206654
IVFSPEA2,ZDT1,ZDT,2,30,3019,0.0037852481958883,0.7205641208315745
IVFSPEA2,ZDT1,ZDT,2,30,3020,0.0038275290915389,0.7204065145878361
IVFSPEA2,ZDT1,ZDT,2,30,3021,0.0039259409385131,0.7203495870519862
IVFSPEA2,ZDT1,ZDT,2,30,3022,0.0040003566208026,0.7203292616489607
IVFSPEA2,ZDT1,ZDT,2,30,3023,0.0038466504522419,0.7204311284446596
IVFSPEA2,ZDT1,ZDT,2,30,3024,0.0038953981243607,0.7204463816363728
IVFSPEA2,ZDT1,ZDT,2,30,3025,0.0039078814456858,0.7204333753721683
IVFSPEA2,ZDT1,ZDT,2,30,3026,0.0037817493610632,0.7205619248016305
IVFSPEA2,ZDT1,ZDT,2,30,3027,0.0038414536083107,0.7205713698803448
IVFSPEA2,ZDT1,ZDT,2,30,3028,0.0039177147661228,0.7203996853466657
IVFSPEA2,ZDT1,ZDT,2,30,3029,0.0038487170708248,0.7204877765881911
IVFSPEA2,ZDT1,ZDT,2,30,3030,0.0040078761761316,0.7204219530147645
IVFSPEA2,ZDT2,ZDT,2,30,3001,0.0038906259816308,0.4450693946301507
IVFSPEA2,ZDT2,ZDT,2,30,3002,0.0038920235697938,0.4449437406778636
IVFSPEA2,ZDT2,ZDT,2,30,3003,0.0038167582547792,0.4451157248522026
IVFSPEA2,ZDT2,ZDT,2,30,3004,0.0038850964096271,0.4449686987704512
IVFSPEA2,ZDT2,ZDT,2,30,3005,0.0039009129319007,0.4448198296879788
IVFSPEA2,ZDT2,ZDT,2,30,3006,0.0039191156281112,0.4450350949039215
IVFSPEA2,ZDT2,ZDT,2,30,3007,0.0038586878967162,0.4451103393526232
IVFSPEA2,ZDT2,ZDT,2,30,3008,0.0039112458280648,0.4449724041657775
IVFSPEA2,ZDT2,ZDT,2,30,3009,0.0037789870487534,0.4451298999536883
IVFSPEA2,ZDT2,ZDT,2,30,3010,0.00393823739483,0.4450683570267743
IVFSPEA2,ZDT2,ZDT,2,30,3011,0.0038596115130829,0.445026760140987
IVFSPEA2,ZDT2,ZDT,2,30,3012,0.0039100673891104,0.444978472647536
IVFSPEA2,ZDT2,ZDT,2,30,3013,0.003855744479165,0.445044835639098
IVFSPEA2,ZDT2,ZDT,2,30,3014,0.0039236275220382,0.4450846577258464
IVFSPEA2,ZDT2,ZDT,2,30,3015,0.0039040589118888,0.4448981119246681
IVFSPEA2,ZDT2,ZDT,2,30,3016,0.0039242888565132,0.4450038378670477
IVFSPEA2,ZDT2,ZDT,2,30,3017,0.0039091070600531,0.4449705046216867
IVFSPEA2,ZDT2,ZDT,2,30,3018,0.0038363587215778,0.4450718293877309
IVFSPEA2,ZDT2,ZDT,2,30,3019,0.0038440287561786,0.4451113553280169
IVFSPEA2,ZDT2,ZDT,2,30,3020,0.0038366677413368,0.4451144141143005
IVFSPEA2,ZDT2,ZDT,2,30,3021,0.0038953818966196,0.4450208547522779
IVFSPEA2,ZDT2,ZDT,2,30,3022,0.003776066940218,0.4450938563717652
IVFSPEA2,ZDT2,ZDT,2,30,3023,0.0038187407695469,0.4451470750810709
IVFSPEA2,ZDT2,ZDT,2,30,3024,0.0039393805207097,0.4449540691062671
IVFSPEA2,ZDT2,ZDT,2,30,3025,0.0039649089492246,0.4450598842424613
IVFSPEA2,ZDT2,ZDT,2,30,3026,0.0038782312766799,0.4451038976023588
IVFSPEA2,ZDT2,ZDT,2,30,3027,0.0038446042260669,0.4451059044149245
IVFSPEA2,ZDT2,ZDT,2,30,3028,0.0038844113722152,0.4449742245178474
IVFSPEA2,ZDT2,ZDT,2,30,3029,0.0038174909143062,0.445112588183211
IVFSPEA2,ZDT2,ZDT,2,30,3030,0.0039149942779318,0.4449604635178463
IVFSPEA2,ZDT3,ZDT,2,30,3001,0.0048555749818946,0.5996042865475827
IVFSPEA2,ZDT3,ZDT,2,30,3002,0.0048574451581081,0.5996794771428113
IVFSPEA2,ZDT3,ZDT,2,30,3003,0.0047889618131214,0.599708044967508
IVFSPEA2,ZDT3,ZDT,2,30,3004,0.0048486992185151,0.5996192847099401
IVFSPEA2,ZDT3,ZDT,2,30,3005,0.0047141044402818,0.5996819768340134
IVFSPEA2,ZDT3,ZDT,2,30,3006,0.0048832278302267,0.5996696464482557
IVFSPEA2,ZDT3,ZDT,2,30,3007,0.0047702579353429,0.5996897047609084
IVFSPEA2,ZDT3,ZDT,2,30,3008,0.0048437634458499,0.5996993320663054
IVFSPEA2,ZDT3,ZDT,2,30,3009,0.0046991646203222,0.5997494375176121
IVFSPEA2,ZDT3,ZDT,2,30,3010,0.0341118048062213,0.6883707254981841
IVFSPEA2,ZDT3,ZDT,2,30,3011,0.0049458252652616,0.5996325026903799
IVFSPEA2,ZDT3,ZDT,2,30,3012,0.0048557373663971,0.5996300958314369
IVFSPEA2,ZDT3,ZDT,2,30,3013,0.0050438872928876,0.5995903622778044
IVFSPEA2,ZDT3,ZDT,2,30,3014,0.0047795833432054,0.5996955175393817
IVFSPEA2,ZDT3,ZDT,2,30,3015,0.0047904761340692,0.5997336843497949
IVFSPEA2,ZDT3,ZDT,2,30,3016,0.0048873084156973,0.5996875060691687
IVFSPEA2,ZDT3,ZDT,2,30,3017,0.0047167758884645,0.5996953623431672
IVFSPEA2,ZDT3,ZDT,2,30,3018,0.0047757150710104,0.5997107084218659
IVFSPEA2,ZDT3,ZDT,2,30,3019,0.0048418923513141,0.5996553495917548
IVFSPEA2,ZDT3,ZDT,2,30,3020,0.0047093644146864,0.5996995964538506
IVFSPEA2,ZDT3,ZDT,2,30,3021,0.0047909714774056,0.5997155386028031
IVFSPEA2,ZDT3,ZDT,2,30,3022,0.0048417458033844,0.5996811826423023
IVFSPEA2,ZDT3,ZDT,2,30,3023,0.0048963567530486,0.5996455011258671
IVFSPEA2,ZDT3,ZDT,2,30,3024,0.0048406299420003,0.5996691252966967
IVFSPEA2,ZDT3,ZDT,2,30,3025,0.0049441500488789,0.5996331982734333
IVFSPEA2,ZDT3,ZDT,2,30,3026,0.0047688871042935,0.599672078716382
IVFSPEA2,ZDT3,ZDT,2,30,3027,0.0047237598149079,0.5997323537701907
IVFSPEA2,ZDT3,ZDT,2,30,3028,0.0048277974139814,0.5996675224957891
IVFSPEA2,ZDT3,ZDT,2,30,3029,0.0049549042334895,0.5995935187786319
IVFSPEA2,ZDT3,ZDT,2,30,3030,0.0049071598812116,0.5996857582324959
IVFSPEA2,ZDT4,ZDT,2,10,3001,0.0038696317932454,0.7205368701941385
IVFSPEA2,ZDT4,ZDT,2,10,3002,0.00376866815478,0.7206354617293128
IVFSPEA2,ZDT4,ZDT,2,10,3003,0.0037995963327264,0.720556910706179
IVFSPEA2,ZDT4,ZDT,2,10,3004,0.0038115633111314,0.7206093805702098
IVFSPEA2,ZDT4,ZDT,2,10,3005,0.0038121972176866,0.7206024042634577
IVFSPEA2,ZDT4,ZDT,2,10,3006,0.003822429900445,0.7205794728592659
IVFSPEA2,ZDT4,ZDT,2,10,3007,0.0037860554663991,0.7206125332173261
IVFSPEA2,ZDT4,ZDT,2,10,3008,0.003811341517745,0.7205840560266803
IVFSPEA2,ZDT4,ZDT,2,10,3009,0.0038190210738574,0.7205993061648801
IVFSPEA2,ZDT4,ZDT,2,10,3010,0.003772825890626,0.7206123231731599
IVFSPEA2,ZDT4,ZDT,2,10,3011,0.0037870605987907,0.7205976245235183
IVFSPEA2,ZDT4,ZDT,2,10,3012,0.0037713547600203,0.7205444549328377
IVFSPEA2,ZDT4,ZDT,2,10,3013,0.0037666961140938,0.720633597890291
IVFSPEA2,ZDT4,ZDT,2,10,3014,0.0037862659065576,0.7205921238517827
IVFSPEA2,ZDT4,ZDT,2,10,3015,0.0037752184914552,0.7205947281528143
IVFSPEA2,ZDT4,ZDT,2,10,3016,0.0038015258959711,0.7205884360047117
IVFSPEA2,ZDT4,ZDT,2,10,3017,0.0038700894107862,0.7205454183473661
IVFSPEA2,ZDT4,ZDT,2,10,3018,0.0038257407184714,0.7205975482068021
IVFSPEA2,ZDT4,ZDT,2,10,3019,0.0037862581923619,0.720606768238092
IVFSPEA2,ZDT4,ZDT,2,10,3020,0.0038285503347006,0.7205831062907938
IVFSPEA2,ZDT4,ZDT,2,10,3021,0.0038172542215182,0.7205782714438532
IVFSPEA2,ZDT4,ZDT,2,10,3022,0.0038454360558185,0.7205632101114953
IVFSPEA2,ZDT4,ZDT,2,10,3023,0.0038312439740184,0.7205850755278591
IVFSPEA2,ZDT4,ZDT,2,10,3024,0.0038216698667348,0.7205709238443512
IVFSPEA2,ZDT4,ZDT,2,10,3025,0.0037326648823527,0.7206400444562542
IVFSPEA2,ZDT4,ZDT,2,10,3026,0.0038007850773379,0.7206168073184526
IVFSPEA2,ZDT4,ZDT,2,10,3027,0.0038109371437656,0.720590720576513
IVFSPEA2,ZDT4,ZDT,2,10,3028,0.0038329517360714,0.7206109626198147
IVFSPEA2,ZDT4,ZDT,2,10,3029,0.0038066095406554,0.7205857252253118
IVFSPEA2,ZDT4,ZDT,2,10,3030,0.0038439804615265,0.720568046064793
IVFSPEA2,ZDT6,ZDT,2,10,3001,0.0030897679651292,0.3889180873110833
IVFSPEA2,ZDT6,ZDT,2,10,3002,0.003068347708418,0.3889354577117557
IVFSPEA2,ZDT6,ZDT,2,10,3003,0.0030681565011618,0.3889357151146141
IVFSPEA2,ZDT6,ZDT,2,10,3004,0.0030485831389322,0.3889400721269945
IVFSPEA2,ZDT6,ZDT,2,10,3005,0.0030793168223406,0.3889241017297217
IVFSPEA2,ZDT6,ZDT,2,10,3006,0.0030547068111091,0.3889479131353647
IVFSPEA2,ZDT6,ZDT,2,10,3007,0.0030529903074541,0.3889445740497758
IVFSPEA2,ZDT6,ZDT,2,10,3008,0.0030375320883874,0.3889377961206412
IVFSPEA2,ZDT6,ZDT,2,10,3009,0.0030578953531062,0.3889269946576481
IVFSPEA2,ZDT6,ZDT,2,10,3010,0.0031211962509965,0.3888870102256039
IVFSPEA2,ZDT6,ZDT,2,10,3011,0.0030424573324114,0.3889528451931048
IVFSPEA2,ZDT6,ZDT,2,10,3012,0.0030452568671732,0.3889402660033027
IVFSPEA2,ZDT6,ZDT,2,10,3013,0.0030327211738084,0.3889339798880949
IVFSPEA2,ZDT6,ZDT,2,10,3014,0.0030242497111615,0.3889546393796345
IVFSPEA2,ZDT6,ZDT,2,10,3015,0.0030471831185418,0.3889415746119577
IVFSPEA2,ZDT6,ZDT,2,10,3016,0.0030888157200251,0.3889125323544444
IVFSPEA2,ZDT6,ZDT,2,10,3017,0.0030552602036416,0.388927591190547
IVFSPEA2,ZDT6,ZDT,2,10,3018,0.0030683521769581,0.3889205101048154
IVFSPEA2,ZDT6,ZDT,2,10,3019,0.0030833834071527,0.3889291552508592
IVFSPEA2,ZDT6,ZDT,2,10,3020,0.0030790770953261,0.3889063339108245
IVFSPEA2,ZDT6,ZDT,2,10,3021,0.0030678677429439,0.388926899418349
IVFSPEA2,ZDT6,ZDT,2,10,3022,0.0031154366102779,0.388895449923884
IVFSPEA2,ZDT6,ZDT,2,10,3023,0.0030491946735851,0.3889315251821985
IVFSPEA2,ZDT6,ZDT,2,10,3024,0.0030752113015519,0.3889206884994349
IVFSPEA2,ZDT6,ZDT,2,10,3025,0.0030756854579137,0.3889180842122469
IVFSPEA2,ZDT6,ZDT,2,10,3026,0.0030867783775222,0.3889240434235949
IVFSPEA2,ZDT6,ZDT,2,10,3027,0.0030633743045327,0.3889365891650593
IVFSPEA2,ZDT6,ZDT,2,10,3028,0.0030593034390203,0.3889232885438209
IVFSPEA2,ZDT6,ZDT,2,10,3029,0.0030588180878433,0.3889312093542327
IVFSPEA2,ZDT6,ZDT,2,10,3030,0.0030612643212949,0.3889294475977606
NSGAII,DTLZ1,DTLZ,2,6,4001,0.0021486075840853,0.5816198960898834
NSGAII,DTLZ1,DTLZ,2,6,4002,0.0021645661513333,0.5816721385041774
NSGAII,DTLZ1,DTLZ,2,6,4003,0.002162396521523,0.5814389276097927
NSGAII,DTLZ1,DTLZ,2,6,4004,0.0022265815890237,0.5814452111545999
NSGAII,DTLZ1,DTLZ,2,6,4005,0.0022642577630309,0.5813822612954119
NSGAII,DTLZ1,DTLZ,2,6,4006,0.0022360106575788,0.5813709854611455
NSGAII,DTLZ1,DTLZ,2,6,4007,0.0022260467053442,0.5815255324856263
NSGAII,DTLZ1,DTLZ,2,6,4008,0.0021452990419938,0.5812639882566591
NSGAII,DTLZ1,DTLZ,2,6,4009,0.0021979682214853,0.5814080972975697
NSGAII,DTLZ1,DTLZ,2,6,4010,0.0022907145155814,0.5808911530930565
NSGAII,DTLZ1,DTLZ,2,6,4011,0.0021863837365702,0.5815806487267546
NSGAII,DTLZ1,DTLZ,2,6,4012,0.0023454049838684,0.5812931212873762
NSGAII,DTLZ1,DTLZ,2,6,4013,0.0021434451664316,0.5817577313048582
NSGAII,DTLZ1,DTLZ,2,6,4014,0.0022525372778768,0.5810316515204854
NSGAII,DTLZ1,DTLZ,2,6,4015,0.0023213810074071,0.581296996338938
NSGAII,DTLZ1,DTLZ,2,6,4016,0.0021466019437699,0.5817163883093963
NSGAII,DTLZ1,DTLZ,2,6,4017,0.0022215683445094,0.5814991819036124
NSGAII,DTLZ1,DTLZ,2,6,4018,0.0021892743495996,0.5815833074886874
NSGAII,DTLZ1,DTLZ,2,6,4019,0.0021700045920629,0.5815660785332384
NSGAII,DTLZ1,DTLZ,2,6,4020,0.0021659999665617,0.5815703861232007
NSGAII,DTLZ1,DTLZ,2,6,4021,0.0022702189333719,0.5814446574003138
NSGAII,DTLZ1,DTLZ,2,6,4022,0.0023111674959056,0.5813636277280285
NSGAII,DTLZ1,DTLZ,2,6,4023,0.0024286081419169,0.5808195638663818
NSGAII,DTLZ1,DTLZ,2,6,4024,0.0021810371369478,0.5815952399336279
NSGAII,DTLZ1,DTLZ,2,6,4025,0.0022640081533249,0.5814782812254196
NSGAII,DTLZ1,DTLZ,2,6,4026,0.0023428286356091,0.5812998807224076
NSGAII,DTLZ1,DTLZ,2,6,4027,0.0021991297939647,0.5812175067215057
NSGAII,DTLZ1,DTLZ,2,6,4028,0.0020990290180803,0.5815639366693852
NSGAII,DTLZ1,DTLZ,2,6,4029,0.0022376430925246,0.5813186000620156
NSGAII,DTLZ1,DTLZ,2,6,4030,0.002265919850503,0.5814693476627133
NSGAII,DTLZ1,DTLZ,3,7,4001,0.02943385847878,0.8229790153231696
NSGAII,DTLZ1,DTLZ,3,7,4002,0.027261100181536,0.8233620386839168
NSGAII,DTLZ1,DTLZ,3,7,4003,0.0252536284676109,0.8263484026530183
NSGAII,DTLZ1,DTLZ,3,7,4004,0.0270870573016987,0.8258110531821874
NSGAII,DTLZ1,DTLZ,3,7,4005,0.0255567074733209,0.8239711170843242
NSGAII,DTLZ1,DTLZ,3,7,4006,0.026146518573291,0.8243054886661844
NSGAII,DTLZ1,DTLZ,3,7,4007,0.0266862697954882,0.825838963509997
NSGAII,DTLZ1,DTLZ,3,7,4008,0.0259852515801912,0.8264387111163993
NSGAII,DTLZ1,DTLZ,3,7,4009,0.0279822495620568,0.8263587330753334
NSGAII,DTLZ1,DTLZ,3,7,4010,0.0262378446344865,0.8256761805095114
NSGAII,DTLZ1,DTLZ,3,7,4011,0.0265209955448675,0.8278934285823745
NSGAII,DTLZ1,DTLZ,3,7,4012,0.0278857556052513,0.8268480710106969
NSGAII,DTLZ1,DTLZ,3,7,4013,0.0265647235648841,0.8266543591157542
NSGAII,DTLZ1,DTLZ,3,7,4014,0.0259298721888526,0.8238470806683296
NSGAII,DTLZ1,DTLZ,3,7,4015,0.0251175539677911,0.8195858016207787
NSGAII,DTLZ1,DTLZ,3,7,4016,0.0281538789105725,0.8233446682828318
NSGAII,DTLZ1,DTLZ,3,7,4017,0.0274256825521297,0.8247979176195629
NSGAII,DTLZ1,DTLZ,3,7,4018,0.0261889865912558,0.8251622313123729
NSGAII,DTLZ1,DTLZ,3,7,4019,0.0250810988544294,0.8284632495591574
NSGAII,DTLZ1,DTLZ,3,7,4020,0.0274575003717376,0.8260090712002606
NSGAII,DTLZ1,DTLZ,3,7,4021,0.025121138616575,0.8275973995390836
NSGAII,DTLZ1,DTLZ,3,7,4022,0.0256205248006316,0.822938634206672
NSGAII,DTLZ1,DTLZ,3,7,4023,0.0254669313651129,0.8260036023002865
NSGAII,DTLZ1,DTLZ,3,7,4024,0.0251525822425598,0.8303909908135189
NSGAII,DTLZ1,DTLZ,3,7,4025,0.0281945050742985,0.8209593668671857
NSGAII,DTLZ1,DTLZ,3,7,4026,0.0280919505225572,0.8243962073450347
NSGAII,DTLZ1,DTLZ,3,7,4027,0.025841180106579,0.8285978001815859
NSGAII,DTLZ1,DTLZ,3,7,4028,0.0264875145259073,0.8249632041250624
NSGAII,DTLZ1,DTLZ,3,7,4029,0.0262818584367405,0.8288912340138438
NSGAII,DTLZ1,DTLZ,3,7,4030,0.025599032234209,0.8270168514917836
NSGAII,DTLZ2,DTLZ,2,11,4001,0.0049343082477435,0.3466524918208121
NSGAII,DTLZ2,DTLZ,2,11,4002,0.005310737518893,0.346432868489412
NSGAII,DTLZ2,DTLZ,2,11,4003,0.0050058668646344,0.3465148242720478
NSGAII,DTLZ2,DTLZ,2,11,4004,0.0052571147548698,0.3465682251101982
NSGAII,DTLZ2,DTLZ,2,11,4005,0.0049196251542551,0.346782708875792
NSGAII,DTLZ2,DTLZ,2,11,4006,0.0053181480748912,0.3464090922180852
NSGAII,DTLZ2,DTLZ,2,11,4007,0.0051698397416941,0.346468170896443
NSGAII,DTLZ2,DTLZ,2,11,4008,0.0049555972941558,0.3465494742411401
NSGAII,DTLZ2,DTLZ,2,11,4009,0.0055579404892586,0.3460792492749011
NSGAII,DTLZ2,DTLZ,2,11,4010,0.0049137987039886,0.346654282156269
NSGAII,DTLZ2,DTLZ,2,11,4011,0.0050903356250201,0.3467111513436075
NSGAII,DTLZ2,DTLZ,2,11,4012,0.0053649270085415,0.3462677366589348
NSGAII,DTLZ2,DTLZ,2,11,4013,0.0050593984856878,0.3466560045164136
NSGAII,DTLZ2,DTLZ,2,11,4014,0.00511804827382,0.3464759021883639
NSGAII,DTLZ2,DTLZ,2,11,4015,0.0056758208957917,0.3464798927390694
NSGAII,DTLZ2,DTLZ,2,11,4016,0.0052033138157731,0.3465601373610449
NSGAII,DTLZ2,DTLZ,2,11,4017,0.0053621990056196,0.3466308234412543
NSGAII,DTLZ2,DTLZ,2,11,4018,0.0049621654444188,0.3468025426807998
NSGAII,DTLZ2,DTLZ,2,11,4019,0.0048478058394534,0.3464881729468381
NSGAII,DTLZ2,DTLZ,2,11,4020,0.0052442531817209,0.3467295940867391
NSGAII,DTLZ2,DTLZ,2,11,4021,0.0051683354882665,0.3464831776557527
NSGAII,DTLZ2,DTLZ,2,11,4022,0.0054323570442053,0.3461600325507998
NSGAII,DTLZ2,DTLZ,2,11,4023,0.0051681188784648,0.346665817111383
NSGAII,DTLZ2,DTLZ,2,11,4024,0.0051771677110251,0.3462718963401535
NSGAII,DTLZ2,DTLZ,2,11,4025,0.0051300700793102,0.3463988274815386
NSGAII,DTLZ2,DTLZ,2,11,4026,0.0049876071611541,0.3464212862319165
NSGAII,DTLZ2,DTLZ,2,11,4027,0.0054633452175392,0.3457977099119971
NSGAII,DTLZ2,DTLZ,2,11,4028,0.0050327940489622,0.3466476726772489
NSGAII,DTLZ2,DTLZ,2,11,4029,0.0049262734041222,0.3465040763199279
NSGAII,DTLZ2,DTLZ,2,11,4030,0.0053083102105757,0.3466847343040165
NSGAII,DTLZ2,DTLZ,3,12,4001,0.0689041840471841,0.5281231582374559
NSGAII,DTLZ2,DTLZ,3,12,4002,0.0686866929082288,0.5327315096815197
NSGAII,DTLZ2,DTLZ,3,12,4003,0.067905605616245,0.5366511358418837
NSGAII,DTLZ2,DTLZ,3,12,4004,0.0749499080596039,0.5221286546878299
NSGAII,DTLZ2,DTLZ,3,12,4005,0.0749024251006438,0.5222636878548501
NSGAII,DTLZ2,DTLZ,3,12,4006,0.0667778778460871,0.535051850846958
NSGAII,DTLZ2,DTLZ,3,12,4007,0.0684925995528374,0.5378987781731865
NSGAII,DTLZ2,DTLZ,3,12,4008,0.0741697072979026,0.5261127556203599
NSGAII,DTLZ2,DTLZ,3,12,4009,0.0772580530724183,0.5262669176021428
NSGAII,DTLZ2,DTLZ,3,12,4010,0.0694249875674189,0.526755704492097
NSGAII,DTLZ2,DTLZ,3,12,4011,0.0685952889679899,0.5326458051303852
NSGAII,DTLZ2,DTLZ,3,12,4012,0.0770736484076574,0.5248714069171085
NSGAII,DTLZ2,DTLZ,3,12,4013,0.0721750947243115,0.5300996565229115
NSGAII,DTLZ2,DTLZ,3,12,4014,0.0682870932366236,0.5337847108411524
NSGAII,DTLZ2,DTLZ,3,12,4015,0.0705038231322723,0.5256173196711523
NSGAII,DTLZ2,DTLZ,3,12,4016,0.0698154975916745,0.5301314869722948
NSGAII,DTLZ2,DTLZ,3,12,4017,0.0706997777864122,0.5324136447466901
NSGAII,DTLZ2,DTLZ,3,12,4018,0.0705188500616214,0.5324636131113394
NSGAII,DTLZ2,DTLZ,3,12,4019,0.066274666277201,0.5329476552117541
NSGAII,DTLZ2,DTLZ,3,12,4020,0.0698026071229278,0.5350469078474438
NSGAII,DTLZ2,DTLZ,3,12,4021,0.0707186172017204,0.5245612883061284
NSGAII,DTLZ2,DTLZ,3,12,4022,0.0713635095422486,0.5292750662148197
NSGAII,DTLZ2,DTLZ,3,12,4023,0.0688270309613759,0.5276501672179414
NSGAII,DTLZ2,DTLZ,3,12,4024,0.07154500505737,0.5328598139807222
NSGAII,DTLZ2,DTLZ,3,12,4025,0.065186184365309,0.5392540080282187
NSGAII,DTLZ2,DTLZ,3,12,4026,0.0748987751452759,0.5328557983359371
NSGAII,DTLZ2,DTLZ,3,12,4027,0.0718794175377407,0.5322853542146773
NSGAII,DTLZ2,DTLZ,3,12,4028,0.0693192237757647,0.5366828389660612
NSGAII,DTLZ2,DTLZ,3,12,4029,0.0701818017227058,0.5295603555822636
NSGAII,DTLZ2,DTLZ,3,12,4030,0.0636435255990604,0.5378093563002921
NSGAII,DTLZ3,DTLZ,2,11,4001,0.0048586543857939,0.3459004046132431
NSGAII,DTLZ3,DTLZ,2,11,4002,0.0055221398731599,0.3451425951572134
NSGAII,DTLZ3,DTLZ,2,11,4003,0.005429868980858,0.3459733517443631
NSGAII,DTLZ3,DTLZ,2,11,4004,0.0059988773478382,0.3435800630455909
NSGAII,DTLZ3,DTLZ,2,11,4005,0.0053481339300706,0.3448811837319874
NSGAII,DTLZ3,DTLZ,2,11,4006,0.0061502750577845,0.3444668971948309
NSGAII,DTLZ3,DTLZ,2,11,4007,0.0052286153843476,0.345318303070465
NSGAII,DTLZ3,DTLZ,2,11,4008,0.0070662998125879,0.3408263346599652
NSGAII,DTLZ3,DTLZ,2,11,4009,0.0050124598389343,0.3467750285447533
NSGAII,DTLZ3,DTLZ,2,11,4010,0.0049074077786066,0.3464131129742936
NSGAII,DTLZ3,DTLZ,2,11,4011,0.0052459795674522,0.3457992987280356
NSGAII,DTLZ3,DTLZ,2,11,4012,0.0049678872437361,0.3467395543899053
NSGAII,DTLZ3,DTLZ,2,11,4013,0.0053492550071531,0.3457865108861374
NSGAII,DTLZ3,DTLZ,2,11,4014,0.0052698471292087,0.3454822530831591
NSGAII,DTLZ3,DTLZ,2,11,4015,0.0054260287076035,0.3461952968284944
NSGAII,DTLZ3,DTLZ,2,11,4016,0.0050479245842348,0.3459060071653295
NSGAII,DTLZ3,DTLZ,2,11,4017,0.0051937007840522,0.3466296935339616
NSGAII,DTLZ3,DTLZ,2,11,4018,0.0049352938292593,0.3461397767445224
NSGAII,DTLZ3,DTLZ,2,11,4019,0.0051858958387789,0.3464751650600413
NSGAII,DTLZ3,DTLZ,2,11,4020,0.0057878202227214,0.3442854929746909
NSGAII,DTLZ3,DTLZ,2,11,4021,0.0055934012360375,0.3444593158992997
NSGAII,DTLZ3,DTLZ,2,11,4022,0.0054565584225993,0.3451463668557209
NSGAII,DTLZ3,DTLZ,2,11,4023,0.0049388100947707,0.346510816138617
NSGAII,DTLZ3,DTLZ,2,11,4024,0.0052257109265703,0.3454677004553054
NSGAII,DTLZ3,DTLZ,2,11,4025,0.0051440195251076,0.3454245303005545
NSGAII,DTLZ3,DTLZ,2,11,4026,0.0050787354854236,0.3460140766713241
NSGAII,DTLZ3,DTLZ,2,11,4027,0.0054378183425747,0.3453393931918914
NSGAII,DTLZ3,DTLZ,2,11,4028,0.0050095634827228,0.346069609337628
NSGAII,DTLZ3,DTLZ,2,11,4029,0.0054529320053319,0.3443138318387513
NSGAII,DTLZ3,DTLZ,2,11,4030,0.0053668490365898,0.3455171172854233
NSGAII,DTLZ3,DTLZ,3,12,4001,0.0678714131468203,0.5258502104172944
NSGAII,DTLZ3,DTLZ,3,12,4002,0.0636696425664131,0.5314018320560219
NSGAII,DTLZ3,DTLZ,3,12,4003,0.0708468173825193,0.5371613364904451
NSGAII,DTLZ3,DTLZ,3,12,4004,0.0674545359562171,0.5428238665175873
NSGAII,DTLZ3,DTLZ,3,12,4005,0.068621606857912,0.536465196824548
NSGAII,DTLZ3,DTLZ,3,12,4006,0.0681528914288526,0.5213388706082038
NSGAII,DTLZ3,DTLZ,3,12,4007,0.0747005417035253,0.5235700414893165
NSGAII,DTLZ3,DTLZ,3,12,4008,0.0763117221035599,0.5296144915740714
NSGAII,DTLZ3,DTLZ,3,12,4009,0.0646918658685374,0.5368847883447313
NSGAII,DTLZ3,DTLZ,3,12,4010,0.0687571439570361,0.5382649315969443
NSGAII,DTLZ3,DTLZ,3,12,4011,0.0675402073045628,0.5394663029100835
NSGAII,DTLZ3,DTLZ,3,12,4012,0.0730760832443775,0.5355444640828761
NSGAII,DTLZ3,DTLZ,3,12,4013,0.070412060684679,0.5315150620365
NSGAII,DTLZ3,DTLZ,3,12,4014,0.0685020629231128,0.5350310020512705
NSGAII,DTLZ3,DTLZ,3,12,4015,0.0717805405253805,0.5216677337470135
NSGAII,DTLZ3,DTLZ,3,12,4016,0.0777835336811901,0.5110286964291662
NSGAII,DTLZ3,DTLZ,3,12,4017,0.0674387438790307,0.5359704204506516
NSGAII,DTLZ3,DTLZ,3,12,4018,0.0747998657217543,0.5201597494350327
NSGAII,DTLZ3,DTLZ,3,12,4019,0.0667268321207446,0.5313483429910566
NSGAII,DTLZ3,DTLZ,3,12,4020,0.0692612304046035,0.5377004694866687
NSGAII,DTLZ3,DTLZ,3,12,4021,0.0711137977857205,0.5260653163159386
NSGAII,DTLZ3,DTLZ,3,12,4022,0.0636171206913306,0.5344840666986252
NSGAII,DTLZ3,DTLZ,3,12,4023,0.0675914260527879,0.5353410723599995
NSGAII,DTLZ3,DTLZ,3,12,4024,0.0652775383532344,0.5353415827286927
NSGAII,DTLZ3,DTLZ,3,12,4025,0.0701060401368915,0.5261133684087298
NSGAII,DTLZ3,DTLZ,3,12,4026,0.0684561441528246,0.5244852420721537
NSGAII,DTLZ3,DTLZ,3,12,4027,0.0693810423333795,0.5320256711478004
NSGAII,DTLZ3,DTLZ,3,12,4028,0.0671412454164969,0.5289650770453578
NSGAII,DTLZ3,DTLZ,3,12,4029,0.0699615023187381,0.519191640427364
NSGAII,DTLZ3,DTLZ,3,12,4030,0.0720257254602275,0.5319836941885814
NSGAII,DTLZ4,DTLZ,2,11,4001,0.7420913393441743,0.0909090889744022
NSGAII,DTLZ4,DTLZ,2,11,4002,0.004919031577367,0.3466021881764761
NSGAII,DTLZ4,DTLZ,2,11,4003,0.0050979887768704,0.3467271821329402
NSGAII,DTLZ4,DTLZ,2,11,4004,0.0050335562680725,0.3466440469212938
NSGAII,DTLZ4,DTLZ,2,11,4005,0.7420913389498512,0.090909089940526
NSGAII,DTLZ4,DTLZ,2,11,4006,0.0050314605949345,0.3463108595608117
NSGAII,DTLZ4,DTLZ,2,11,4007,0.0052327830928871,0.3466554708439472
NSGAII,DTLZ4,DTLZ,2,11,4008,0.0050944078485313,0.3465820766785959
NSGAII,DTLZ4,DTLZ,2,11,4009,0.0049447042914675,0.3465928706573167
NSGAII,DTLZ4,DTLZ,2,11,4010,0.7420913389027537,0.0909090900559191
NSGAII,DTLZ4,DTLZ,2,11,4011,0.0052165237025728,0.346561023624823
NSGAII,DTLZ4,DTLZ,2,11,4012,0.0050459916747413,0.3464827467538794
NSGAII,DTLZ4,DTLZ,2,11,4013,0.0051469556570011,0.3464354566530525
NSGAII,DTLZ4,DTLZ,2,11,4014,0.7420913388511912,0.0909090901822488
NSGAII,DTLZ4,DTLZ,2,11,4015,0.742091339290427,0.0909090891060884
NSGAII,DTLZ4,DTLZ,2,11,4016,0.0049725787326532,0.3464975440931792
NSGAII,DTLZ4,DTLZ,2,11,4017,0.0050471844430709,0.3463931169792881
NSGAII,DTLZ4,DTLZ,2,11,4018,0.0051361479478226,0.3466201661177327
NSGAII,DTLZ4,DTLZ,2,11,4019,0.0050702743457172,0.346656738438797
NSGAII,DTLZ4,DTLZ,2,11,4020,0.0051739277109116,0.3466525291819194
NSGAII,DTLZ4,DTLZ,2,11,4021,0.005977583711244,0.3464998188357123
NSGAII,DTLZ4,DTLZ,2,11,4022,0.7420913400518407,0.0909090872405653
NSGAII,DTLZ4,DTLZ,2,11,4023,0.0049381948404046,0.3464844910216913
NSGAII,DTLZ4,DTLZ,2,11,4024,0.7420913415961811,0.0909090834568209
NSGAII,DTLZ4,DTLZ,2,11,4025,0.742091339690383,0.090909088126165
NSGAII,DTLZ4,DTLZ,2,11,4026,0.0051318717208136,0.3465462593933372
NSGAII,DTLZ4,DTLZ,2,11,4027,0.00473493013971,0.3469296732850136
NSGAII,DTLZ4,DTLZ,2,11,4028,0.0052464009229978,0.3464883200858316
NSGAII,DTLZ4,DTLZ,2,11,4029,0.0051227123855261,0.3460719437834126
NSGAII,DTLZ4,DTLZ,2,11,4030,0.0053225074639382,0.3467035081342338
NSGAII,DTLZ4,DTLZ,3,12,4001,0.0748684385893124,0.5243145016628021
NSGAII,DTLZ4,DTLZ,3,12,4002,0.0660615298122386,0.5395063765146525
NSGAII,DTLZ4,DTLZ,3,12,4003,0.065945468546463,0.5350069713532548
NSGAII,DTLZ4,DTLZ,3,12,4004,0.0686865563826159,0.5338939133322557
NSGAII,DTLZ4,DTLZ,3,12,4005,0.069136917412153,0.5404699964661073
NSGAII,DTLZ4,DTLZ,3,12,4006,0.0687045548101079,0.5381714525038666
NSGAII,DTLZ4,DTLZ,3,12,4007,0.945924926821356,0.0909090891549931
NSGAII,DTLZ4,DTLZ,3,12,4008,0.0643270062739268,0.5344974443664618
NSGAII,DTLZ4,DTLZ,3,12,4009,0.067035643138729,0.5353105823339971
NSGAII,DTLZ4,DTLZ,3,12,4010,0.0664618382405786,0.5348457359708733
NSGAII,DTLZ4,DTLZ,3,12,4011,0.0737897464773909,0.5329878424531499
NSGAII,DTLZ4,DTLZ,3,12,4012,0.0677873149758319,0.5372468937033547
NSGAII,DTLZ4,DTLZ,3,12,4013,0.0670825742878596,0.5381964052983621
NSGAII,DTLZ4,DTLZ,3,12,4014,0.0662414870971459,0.533911725700964
NSGAII,DTLZ4,DTLZ,3,12,4015,0.066032027438382,0.5386404079132519
NSGAII,DTLZ4,DTLZ,3,12,4016,0.0684457699306892,0.5375617655987639
NSGAII,DTLZ4,DTLZ,3,12,4017,0.0659309627411597,0.5355866751708398
NSGAII,DTLZ4,DTLZ,3,12,4018,0.0672720895535957,0.5374114661547118
NSGAII,DTLZ4,DTLZ,3,12,4019,0.067243173405653,0.5347291968185766
NSGAII,DTLZ4,DTLZ,3,12,4020,0.945924926223824,0.0909090903035257
NSGAII,DTLZ4,DTLZ,3,12,4021,0.0695235502020842,0.5294331666278456
NSGAII,DTLZ4,DTLZ,3,12,4022,0.0682826769091335,0.5371078397764446
NSGAII,DTLZ4,DTLZ,3,12,4023,0.0684767434928852,0.5339539595775127
NSGAII,DTLZ4,DTLZ,3,12,4024,0.0666806747421236,0.5390302480411493
NSGAII,DTLZ4,DTLZ,3,12,4025,0.0712401773824889,0.534607319663705
NSGAII,DTLZ4,DTLZ,3,12,4026,0.0744631134428358,0.5338035552144371
NSGAII,DTLZ4,DTLZ,3,12,4027,0.0689759601560792,0.5277352576306882
NSGAII,DTLZ4,DTLZ,3,12,4028,0.9459249268958794,0.0909090890117538
NSGAII,DTLZ4,DTLZ,3,12,4029,0.0633194213218009,0.543545495689394
NSGAII,DTLZ4,DTLZ,3,12,4030,0.0638165978523944,0.5383898639232407
NSGAII,DTLZ5,DTLZ,2,11,4001,0.0051977221636565,0.3466588679459216
NSGAII,DTLZ5,DTLZ,2,11,4002,0.0049753159572327,0.3467721584219949
NSGAII,DTLZ5,DTLZ,2,11,4003,0.0049380094944097,0.3464718141997585
NSGAII,DTLZ5,DTLZ,2,11,4004,0.0051547667793645,0.3468012622610427
NSGAII,DTLZ5,DTLZ,2,11,4005,0.0051416223970613,0.3461550949204759
NSGAII,DTLZ5,DTLZ,2,11,4006,0.0052604197212582,0.3464342203827454
NSGAII,DTLZ5,DTLZ,2,11,4007,0.0050387999576681,0.3467081854556443
NSGAII,DTLZ5,DTLZ,2,11,4008,0.0052590320662144,0.3463530921884035
NSGAII,DTLZ5,DTLZ,2,11,4009,0.0049619977749663,0.3466704052689907
NSGAII,DTLZ5,DTLZ,2,11,4010,0.0050219487425893,0.3465962434032621
NSGAII,DTLZ5,DTLZ,2,11,4011,0.0051612127211478,0.3465830730128927
NSGAII,DTLZ5,DTLZ,2,11,4012,0.00483132089094,0.3467263333825824
NSGAII,DTLZ5,DTLZ,2,11,4013,0.0053602237439353,0.3464950253083355
NSGAII,DTLZ5,DTLZ,2,11,4014,0.0051280924841811,0.3461575052797496
NSGAII,DTLZ5,DTLZ,2,11,4015,0.005285691116699,0.346462229633066
NSGAII,DTLZ5,DTLZ,2,11,4016,0.0048947185897273,0.3467319105770055
NSGAII,DTLZ5,DTLZ,2,11,4017,0.004924985052412,0.3467440140305416
NSGAII,DTLZ5,DTLZ,2,11,4018,0.0052909447888727,0.3464662863057207
NSGAII,DTLZ5,DTLZ,2,11,4019,0.0048988675437197,0.346838448804684
NSGAII,DTLZ5,DTLZ,2,11,4020,0.0053154172690747,0.3465376080150698
NSGAII,DTLZ5,DTLZ,2,11,4021,0.0049662843622877,0.3466541122821881
NSGAII,DTLZ5,DTLZ,2,11,4022,0.0050412413515173,0.3463335462369026
NSGAII,DTLZ5,DTLZ,2,11,4023,0.0052389548774387,0.3461440401736707
NSGAII,DTLZ5,DTLZ,2,11,4024,0.0051183018290955,0.3468361728543684
NSGAII,DTLZ5,DTLZ,2,11,4025,0.0052455823970138,0.3468490624548875
NSGAII,DTLZ5,DTLZ,2,11,4026,0.0051015058665655,0.3465891481873794
NSGAII,DTLZ5,DTLZ,2,11,4027,0.0049082681253483,0.3467948202037899
NSGAII,DTLZ5,DTLZ,2,11,4028,0.0050725214314434,0.3466878207806924
NSGAII,DTLZ5,DTLZ,2,11,4029,0.0052903872098399,0.3466909848246908
NSGAII,DTLZ5,DTLZ,2,11,4030,0.0052603626275404,0.346456278935537
NSGAII,DTLZ5,DTLZ,3,12,4001,0.0058288304595989,0.1992417251222732
NSGAII,DTLZ5,DTLZ,3,12,4002,0.0059349336261212,0.1990242543041352
NSGAII,DTLZ5,DTLZ,3,12,4003,0.0054014659324156,0.1989786411722802
NSGAII,DTLZ5,DTLZ,3,12,4004,0.0058719231887402,0.1990920173728731
NSGAII,DTLZ5,DTLZ,3,12,4005,0.0054715150762787,0.1991510466390372
NSGAII,DTLZ5,DTLZ,3,12,4006,0.0055440137539697,0.1986393264200801
NSGAII,DTLZ5,DTLZ,3,12,4007,0.0060706413539211,0.1992203571506104
NSGAII,DTLZ5,DTLZ,3,12,4008,0.0058160231982348,0.199247999942054
NSGAII,DTLZ5,DTLZ,3,12,4009,0.0057870686653416,0.1993110374917413
NSGAII,DTLZ5,DTLZ,3,12,4010,0.0058242422829221,0.1991342278049883
NSGAII,DTLZ5,DTLZ,3,12,4011,0.0053634245038814,0.1992440551618961
NSGAII,DTLZ5,DTLZ,3,12,4012,0.0057292085682459,0.1993718187818982
NSGAII,DTLZ5,DTLZ,3,12,4013,0.0057521087330881,0.199144740371576
NSGAII,DTLZ5,DTLZ,3,12,4014,0.0060721347652403,0.1989426638302193
NSGAII,DTLZ5,DTLZ,3,12,4015,0.006045872142393,0.1991995236845633
NSGAII,DTLZ5,DTLZ,3,12,4016,0.0059847983143198,0.1992091185590865
NSGAII,DTLZ5,DTLZ,3,12,4017,0.0051874986687476,0.1991023682909235
NSGAII,DTLZ5,DTLZ,3,12,4018,0.0054054591907074,0.19907959703267
NSGAII,DTLZ5,DTLZ,3,12,4019,0.0056032874958762,0.1992061135677809
NSGAII,DTLZ5,DTLZ,3,12,4020,0.0060645420899077,0.1990580933698576
NSGAII,DTLZ5,DTLZ,3,12,4021,0.0071026698737976,0.1991491595292432
NSGAII,DTLZ5,DTLZ,3,12,4022,0.0064717477423698,0.1986659468809962
NSGAII,DTLZ5,DTLZ,3,12,4023,0.005867231967969,0.1990548314671701
NSGAII,DTLZ5,DTLZ,3,12,4024,0.0066402888859082,0.1987563883281938
NSGAII,DTLZ5,DTLZ,3,12,4025,0.0062275046450525,0.1991260615025949
NSGAII,DTLZ5,DTLZ,3,12,4026,0.0061894842241009,0.1992649630343858
NSGAII,DTLZ5,DTLZ,3,12,4027,0.0057367314300237,0.1991659474840784
NSGAII,DTLZ5,DTLZ,3,12,4028,0.0055999664736121,0.1993062209385928
NSGAII,DTLZ5,DTLZ,3,12,4029,0.0060901399495002,0.1988511729182979
NSGAII,DTLZ5,DTLZ,3,12,4030,0.0057001599792057,0.1989327073525193
NSGAII,DTLZ6,DTLZ,2,11,4001,0.0055420589742104,0.3464756179317162
NSGAII,DTLZ6,DTLZ,2,11,4002,0.00574303616556,0.3462766668301016
NSGAII,DTLZ6,DTLZ,2,11,4003,0.005789429713052,0.3464344033280698
NSGAII,DTLZ6,DTLZ,2,11,4004,0.0057933075989193,0.3465986057271954
NSGAII,DTLZ6,DTLZ,2,11,4005,0.005737974968121,0.3462854982595855
NSGAII,DTLZ6,DTLZ,2,11,4006,0.0056399531988611,0.3466084431354136
NSGAII,DTLZ6,DTLZ,2,11,4007,0.0059775943769762,0.3462273491367593
NSGAII,DTLZ6,DTLZ,2,11,4008,0.0056502862566835,0.3464823499460179
NSGAII,DTLZ6,DTLZ,2,11,4009,0.0053819360518399,0.3465750774819874
NSGAII,DTLZ6,DTLZ,2,11,4010,0.0061129018636196,0.3463001468186622
NSGAII,DTLZ6,DTLZ,2,11,4011,0.0060304408034743,0.3460106897624412
NSGAII,DTLZ6,DTLZ,2,11,4012,0.0055658944385922,0.3464649720447687
NSGAII,DTLZ6,DTLZ,2,11,4013,0.0060561887288953,0.3464217866266854
NSGAII,DTLZ6,DTLZ,2,11,4014,0.0055912486171041,0.3463287590884784
NSGAII,DTLZ6,DTLZ,2,11,4015,0.0057959096759724,0.3464454961277571
NSGAII,DTLZ6,DTLZ,2,11,4016,0.0053358885689008,0.3468019184497889
NSGAII,DTLZ6,DTLZ,2,11,4017,0.0055165092255889,0.3466077460191182
NSGAII,DTLZ6,DTLZ,2,11,4018,0.0052326527293278,0.346802792436752
NSGAII,DTLZ6,DTLZ,2,11,4019,0.0052830774587454,0.3463967494723024
NSGAII,DTLZ6,DTLZ,2,11,4020,0.0055987174959727,0.3463447401068148
NSGAII,DTLZ6,DTLZ,2,11,4021,0.0063197260641355,0.3465718485114225
NSGAII,DTLZ6,DTLZ,2,11,4022,0.0056317064060364,0.3464720716471972
NSGAII,DTLZ6,DTLZ,2,11,4023,0.0052676150101553,0.346719631780657
NSGAII,DTLZ6,DTLZ,2,11,4024,0.0053243705110204,0.3464416436520631
NSGAII,DTLZ6,DTLZ,2,11,4025,0.0055821169792717,0.3463655705232047
NSGAII,DTLZ6,DTLZ,2,11,4026,0.0055479292069319,0.3462252467740601
NSGAII,DTLZ6,DTLZ,2,11,4027,0.0058310902288564,0.3460871508890212
NSGAII,DTLZ6,DTLZ,2,11,4028,0.0055982714453536,0.3463470710504562
NSGAII,DTLZ6,DTLZ,2,11,4029,0.0057622484512962,0.346101635655471
NSGAII,DTLZ6,DTLZ,2,11,4030,0.0058431028739673,0.3465840084862944
NSGAII,DTLZ6,DTLZ,3,12,4001,0.0056553133210182,0.1995514825336958
NSGAII,DTLZ6,DTLZ,3,12,4002,0.0060478602252477,0.1992651114387189
NSGAII,DTLZ6,DTLZ,3,12,4003,0.0058762014423653,0.1991660230152879
NSGAII,DTLZ6,DTLZ,3,12,4004,0.0060750464424503,0.1994104282916835
NSGAII,DTLZ6,DTLZ,3,12,4005,0.0057222538422686,0.199486222497794
NSGAII,DTLZ6,DTLZ,3,12,4006,0.0058813024195192,0.1993640706514129
NSGAII,DTLZ6,DTLZ,3,12,4007,0.0057249370682908,0.1995347930123574
NSGAII,DTLZ6,DTLZ,3,12,4008,0.0059905150957414,0.1994093674967887
NSGAII,DTLZ6,DTLZ,3,12,4009,0.0061820591797584,0.1997410061573493
NSGAII,DTLZ6,DTLZ,3,12,4010,0.0058123643774763,0.1995654509837167
NSGAII,DTLZ6,DTLZ,3,12,4011,0.0056167544677067,0.1995827372265864
NSGAII,DTLZ6,DTLZ,3,12,4012,0.0056901813184642,0.1994689644258404
NSGAII,DTLZ6,DTLZ,3,12,4013,0.0056797207104818,0.1992621867468555
NSGAII,DTLZ6,DTLZ,3,12,4014,0.0054405925141175,0.1996420564558801
NSGAII,DTLZ6,DTLZ,3,12,4015,0.0059435159025137,0.1992893124787585
NSGAII,DTLZ6,DTLZ,3,12,4016,0.0059844192291034,0.1993219996281149
NSGAII,DTLZ6,DTLZ,3,12,4017,0.0057374886592197,0.1995160972565955
NSGAII,DTLZ6,DTLZ,3,12,4018,0.0063080370398691,0.1989749135407621
NSGAII,DTLZ6,DTLZ,3,12,4019,0.0056832376792795,0.1992491050761723
NSGAII,DTLZ6,DTLZ,3,12,4020,0.0054890956309059,0.1995972711090796
NSGAII,DTLZ6,DTLZ,3,12,4021,0.0057305963084438,0.1994350817771774
NSGAII,DTLZ6,DTLZ,3,12,4022,0.0062708370565703,0.1991600808554153
NSGAII,DTLZ6,DTLZ,3,12,4023,0.0055792695191546,0.1993746198327927
NSGAII,DTLZ6,DTLZ,3,12,4024,0.0059749928976963,0.1993585407761979
NSGAII,DTLZ6,DTLZ,3,12,4025,0.0057594900977665,0.1996258267866835
NSGAII,DTLZ6,DTLZ,3,12,4026,0.0056994234699148,0.1993699275667808
NSGAII,DTLZ6,DTLZ,3,12,4027,0.0062636024946468,0.1993337034993144
NSGAII,DTLZ6,DTLZ,3,12,4028,0.0062589606273422,0.1992377700479336
NSGAII,DTLZ6,DTLZ,3,12,4029,0.0056922868025161,0.199377604576573
NSGAII,DTLZ6,DTLZ,3,12,4030,0.0061520120912531,0.1996279409647008
NSGAII,DTLZ7,DTLZ,2,21,4001,0.0052279602122332,0.2427567296520469
NSGAII,DTLZ7,DTLZ,2,21,4002,0.0052238606935415,0.2427542437523717
NSGAII,DTLZ7,DTLZ,2,21,4003,0.0053456367079145,0.2427442585589995
NSGAII,DTLZ7,DTLZ,2,21,4004,0.0053522307851529,0.2427131047910176
NSGAII,DTLZ7,DTLZ,2,21,4005,0.0054074312845923,0.2426530340901315
NSGAII,DTLZ7,DTLZ,2,21,4006,0.0054359741376777,0.2426944041564968
NSGAII,DTLZ7,DTLZ,2,21,4007,0.0054314407229243,0.2427176970769736
NSGAII,DTLZ7,DTLZ,2,21,4008,0.0054724026939921,0.2426806500987027
NSGAII,DTLZ7,DTLZ,2,21,4009,0.0055258449150474,0.2426534712884101
NSGAII,DTLZ7,DTLZ,2,21,4010,0.0053393059556492,0.2427200646287228
NSGAII,DTLZ7,DTLZ,2,21,4011,0.005259140466092,0.2427340766995434
NSGAII,DTLZ7,DTLZ,2,21,4012,0.0057456178138191,0.2426093006947582
NSGAII,DTLZ7,DTLZ,2,21,4013,0.005501529425614,0.2426456332388389
NSGAII,DTLZ7,DTLZ,2,21,4014,0.0054543099289771,0.2426895563153765
NSGAII,DTLZ7,DTLZ,2,21,4015,0.0050587827560718,0.2427941842493792
NSGAII,DTLZ7,DTLZ,2,21,4016,0.0054195091899427,0.2426935909885063
NSGAII,DTLZ7,DTLZ,2,21,4017,0.0052554247736554,0.2426724159598696
NSGAII,DTLZ7,DTLZ,2,21,4018,0.0054183699843543,0.2426726750264445
NSGAII,DTLZ7,DTLZ,2,21,4019,0.0051383041616043,0.2427298368592401
NSGAII,DTLZ7,DTLZ,2,21,4020,0.0055554255558989,0.2426770001122806
NSGAII,DTLZ7,DTLZ,2,21,4021,0.005498896971209,0.2426776808723969
NSGAII,DTLZ7,DTLZ,2,21,4022,0.0054714390462232,0.2426799008898792
NSGAII,DTLZ7,DTLZ,2,21,4023,0.0052313320050757,0.2427444733214723
NSGAII,DTLZ7,DTLZ,2,21,4024,0.005523856607082,0.2426746716050676
NSGAII,DTLZ7,DTLZ,2,21,4025,0.0053292834124117,0.2426922436957324
NSGAII,DTLZ7,DTLZ,2,21,4026,0.0052708925120138,0.2427435978446841
NSGAII,DTLZ7,DTLZ,2,21,4027,0.0058275876236979,0.2426273234841678
NSGAII,DTLZ7,DTLZ,2,21,4028,0.0052482373187296,0.2427181983879379
NSGAII,DTLZ7,DTLZ,2,21,4029,0.0050049213208442,0.2427582832649668
NSGAII,DTLZ7,DTLZ,2,21,4030,0.0054192329929338,0.2426988029638347
NSGAII,DTLZ7,DTLZ,3,22,4001,0.0793959498579068,0.2684976857901542
NSGAII,DTLZ7,DTLZ,3,22,4002,0.0715626327374007,0.2689023129405697
NSGAII,DTLZ7,DTLZ,3,22,4003,0.0848912819233186,0.2666303216246541
NSGAII,DTLZ7,DTLZ,3,22,4004,0.0812748842425014,0.2704235604485124
NSGAII,DTLZ7,DTLZ,3,22,4005,0.0693331852724725,0.2688449936136597
NSGAII,DTLZ7,DTLZ,3,22,4006,0.0745351991734706,0.2697784815102297
NSGAII,DTLZ7,DTLZ,3,22,4007,0.0752651909333729,0.2682381710888082
NSGAII,DTLZ7,DTLZ,3,22,4008,0.0694786199520021,0.2709583003423461
NSGAII,DTLZ7,DTLZ,3,22,4009,0.0766580719533778,0.2679883422265003
NSGAII,DTLZ7,DTLZ,3,22,4010,0.0739110586483448,0.2705691080624062
NSGAII,DTLZ7,DTLZ,3,22,4011,0.0746145736130841,0.2686838234200834
NSGAII,DTLZ7,DTLZ,3,22,4012,0.0734516962760524,0.2695611488943036
NSGAII,DTLZ7,DTLZ,3,22,4013,0.0795025406976239,0.2674666073079961
NSGAII,DTLZ7,DTLZ,3,22,4014,0.0750862017900347,0.2683252518371534
NSGAII,DTLZ7,DTLZ,3,22,4015,0.0749280330205717,0.2699105754387101
NSGAII,DTLZ7,DTLZ,3,22,4016,0.0749269900510278,0.2679394202238792
NSGAII,DTLZ7,DTLZ,3,22,4017,0.3577909579992495,0.2374604486729848
NSGAII,DTLZ7,DTLZ,3,22,4018,0.0745200263813667,0.2651043193206078
NSGAII,DTLZ7,DTLZ,3,22,4019,0.0874757832808183,0.2706467959993464
NSGAII,DTLZ7,DTLZ,3,22,4020,0.0747201357159504,0.2703083239899956
NSGAII,DTLZ7,DTLZ,3,22,4021,0.3529945517393773,0.2403239233316244
NSGAII,DTLZ7,DTLZ,3,22,4022,0.0804238104340593,0.2669166174187584
NSGAII,DTLZ7,DTLZ,3,22,4023,0.0726054928086508,0.2705991777064644
NSGAII,DTLZ7,DTLZ,3,22,4024,0.0731315416436024,0.2713512836454438
NSGAII,DTLZ7,DTLZ,3,22,4025,0.0806354375250939,0.2671142479529017
NSGAII,DTLZ7,DTLZ,3,22,4026,0.0848263862563644,0.2715077594513099
NSGAII,DTLZ7,DTLZ,3,22,4027,0.0809898102378288,0.2705513225280722
NSGAII,DTLZ7,DTLZ,3,22,4028,0.0770753517660878,0.2659963850909309
NSGAII,DTLZ7,DTLZ,3,22,4029,0.0917946195035736,0.2668008085484635
NSGAII,DTLZ7,DTLZ,3,22,4030,0.0704276866324996,0.2691220519944306
NSGAII,MaF1,MaF,2,11,4001,0.0046058015617405,0.5808725811893922
NSGAII,MaF1,MaF,2,11,4002,0.004386359805625,0.581306774204609
NSGAII,MaF1,MaF,2,11,4003,0.0044873377726936,0.5809371413173858
NSGAII,MaF1,MaF,2,11,4004,0.0044996200611505,0.5809786337642451
NSGAII,MaF1,MaF,2,11,4005,0.0044935085204679,0.5809440608003515
NSGAII,MaF1,MaF,2,11,4006,0.0046208500934978,0.5808033362191306
NSGAII,MaF1,MaF,2,11,4007,0.0044456361639159,0.5810571886729679
NSGAII,MaF1,MaF,2,11,4008,0.0046479471647099,0.5807532179383507
NSGAII,MaF1,MaF,2,11,4009,0.0047560261386498,0.5805390886171715
NSGAII,MaF1,MaF,2,11,4010,0.004566797276294,0.5809348120787258
NSGAII,MaF1,MaF,2,11,4011,0.0044507804297203,0.5811446586134276
NSGAII,MaF1,MaF,2,11,4012,0.0044757215379121,0.5811913196673391
NSGAII,MaF1,MaF,2,11,4013,0.0045708797152046,0.5809865632316068
NSGAII,MaF1,MaF,2,11,4014,0.0048668562680523,0.5804454926097133
NSGAII,MaF1,MaF,2,11,4015,0.0042890562256863,0.5813344346381375
NSGAII,MaF1,MaF,2,11,4016,0.0045985656136101,0.5809742397567461
NSGAII,MaF1,MaF,2,11,4017,0.0045144346727137,0.581082435271296
NSGAII,MaF1,MaF,2,11,4018,0.0050109805941792,0.5802656953847477
NSGAII,MaF1,MaF,2,11,4019,0.004680008018488,0.5806447188131519
NSGAII,MaF1,MaF,2,11,4020,0.0045708384989208,0.5808456402173203
NSGAII,MaF1,MaF,2,11,4021,0.0045071321299696,0.5809772939742683
NSGAII,MaF1,MaF,2,11,4022,0.0045378824177501,0.5809456234859243
NSGAII,MaF1,MaF,2,11,4023,0.004741199050042,0.5808767572474394
NSGAII,MaF1,MaF,2,11,4024,0.0045697561927379,0.5809491796985504
NSGAII,MaF1,MaF,2,11,4025,0.004649443590414,0.5808615248943826
NSGAII,MaF1,MaF,2,11,4026,0.0047767176909164,0.5805595263982853
NSGAII,MaF1,MaF,2,11,4027,0.0045238654512559,0.5810404010374592
NSGAII,MaF1,MaF,2,11,4028,0.0046128260933819,0.5806787333074399
NSGAII,MaF1,MaF,2,11,4029,0.004628673236296,0.5808415476855738
NSGAII,MaF1,MaF,2,11,4030,0.0043794009930417,0.581254940427484
NSGAII,MaF1,MaF,3,12,4001,0.0562995787178896,0.2034243818545619
NSGAII,MaF1,MaF,3,12,4002,0.0598241354177307,0.2015176478092865
NSGAII,MaF1,MaF,3,12,4003,0.0566804092695444,0.2038517380890319
NSGAII,MaF1,MaF,3,12,4004,0.054302181242066,0.2067062084742977
NSGAII,MaF1,MaF,3,12,4005,0.0588825074764216,0.2031911594331529
NSGAII,MaF1,MaF,3,12,4006,0.0583941413519797,0.2027856498072518
NSGAII,MaF1,MaF,3,12,4007,0.0577143908091801,0.2050296765290417
NSGAII,MaF1,MaF,3,12,4008,0.0581715970660904,0.2040087005012848
NSGAII,MaF1,MaF,3,12,4009,0.0550935066446769,0.2061769581411586
NSGAII,MaF1,MaF,3,12,4010,0.0551313497650092,0.206986000372682
NSGAII,MaF1,MaF,3,12,4011,0.0617215807339251,0.2031986313296473
NSGAII,MaF1,MaF,3,12,4012,0.0612868808516205,0.2011098841002828
NSGAII,MaF1,MaF,3,12,4013,0.0578876059884524,0.2036886815369203
NSGAII,MaF1,MaF,3,12,4014,0.0599945645070891,0.2014118745696276
NSGAII,MaF1,MaF,3,12,4015,0.0578145928053573,0.204436764562445
NSGAII,MaF1,MaF,3,12,4016,0.0564901383085015,0.2054543195987083
NSGAII,MaF1,MaF,3,12,4017,0.0582936079362976,0.2039853861931783
NSGAII,MaF1,MaF,3,12,4018,0.0554609436355459,0.2065430237344051
NSGAII,MaF1,MaF,3,12,4019,0.0560420822910779,0.2039382728551241
NSGAII,MaF1,MaF,3,12,4020,0.0535685725725438,0.2063821297124745
NSGAII,MaF1,MaF,3,12,4021,0.0539997316457567,0.2057311328787445
NSGAII,MaF1,MaF,3,12,4022,0.0541979976087876,0.2067753853017652
NSGAII,MaF1,MaF,3,12,4023,0.0582467644255853,0.2031597257043703
NSGAII,MaF1,MaF,3,12,4024,0.0550215345372967,0.2052789293376504
NSGAII,MaF1,MaF,3,12,4025,0.062814342923804,0.2017898450250502
NSGAII,MaF1,MaF,3,12,4026,0.0624188960092602,0.2021571385694788
NSGAII,MaF1,MaF,3,12,4027,0.0581985038739801,0.2032029362041401
NSGAII,MaF1,MaF,3,12,4028,0.0578900942813373,0.2049630800113501
NSGAII,MaF1,MaF,3,12,4029,0.0581194404172,0.2040287228419936
NSGAII,MaF1,MaF,3,12,4030,0.0578398968405578,0.2041812780237036
NSGAII,MaF2,MaF,2,11,4001,0.002569761523452,0.2069108678506442
NSGAII,MaF2,MaF,2,11,4002,0.0029184108330008,0.2065890539711801
NSGAII,MaF2,MaF,2,11,4003,0.0026581765599502,0.2068075718081128
NSGAII,MaF2,MaF,2,11,4004,0.002837666823759,0.2067375988584022
NSGAII,MaF2,MaF,2,11,4005,0.0028003337625313,0.2067769151315147
NSGAII,MaF2,MaF,2,11,4006,0.0027275442886508,0.2067555937420996
NSGAII,MaF2,MaF,2,11,4007,0.0027098398766971,0.2067637812984793
NSGAII,MaF2,MaF,2,11,4008,0.0027868850180535,0.2066928415073067
NSGAII,MaF2,MaF,2,11,4009,0.0026665453877583,0.2068621307385414
NSGAII,MaF2,MaF,2,11,4010,0.0028137311264478,0.2067262358621047
NSGAII,MaF2,MaF,2,11,4011,0.0027616907668776,0.2066610011242754
NSGAII,MaF2,MaF,2,11,4012,0.0028004544318825,0.2067797110202212
NSGAII,MaF2,MaF,2,11,4013,0.0027680601235712,0.2067859899954956
NSGAII,MaF2,MaF,2,11,4014,0.0029057868405808,0.2066170770693508
NSGAII,MaF2,MaF,2,11,4015,0.0028918259198492,0.2066825951850086
NSGAII,MaF2,MaF,2,11,4016,0.00268239690577,0.2067873024425771
NSGAII,MaF2,MaF,2,11,4017,0.0026870517249994,0.206842378343065
NSGAII,MaF2,MaF,2,11,4018,0.0027502330974457,0.2068075932677443
NSGAII,MaF2,MaF,2,11,4019,0.0026628743782464,0.2068549810040744
NSGAII,MaF2,MaF,2,11,4020,0.0028698950488963,0.2067042206924151
NSGAII,MaF2,MaF,2,11,4021,0.0027290460292268,0.2067833079199863
NSGAII,MaF2,MaF,2,11,4022,0.0026800500401903,0.2069188849034571
NSGAII,MaF2,MaF,2,11,4023,0.0029871048324612,0.2065773068375081
NSGAII,MaF2,MaF,2,11,4024,0.0027759492495551,0.2067689121826078
NSGAII,MaF2,MaF,2,11,4025,0.0029736073343341,0.2066282649400516
NSGAII,MaF2,MaF,2,11,4026,0.0025927680050448,0.2069174797847005
NSGAII,MaF2,MaF,2,11,4027,0.0028225547599125,0.2067175220073983
NSGAII,MaF2,MaF,2,11,4028,0.0028440747773275,0.2066500981851419
NSGAII,MaF2,MaF,2,11,4029,0.0029183940225341,0.2065661746574143
NSGAII,MaF2,MaF,2,11,4030,0.0027544730753806,0.2067852971051694
NSGAII,MaF2,MaF,3,12,4001,0.0437258072954304,0.2326158381217229
NSGAII,MaF2,MaF,3,12,4002,0.0535098587301088,0.2338485963293035
NSGAII,MaF2,MaF,3,12,4003,0.0475582379908113,0.2360515417169391
NSGAII,MaF2,MaF,3,12,4004,0.0482191390993369,0.235786312323446
NSGAII,MaF2,MaF,3,12,4005,0.0479642225396975,0.2338656174077521
NSGAII,MaF2,MaF,3,12,4006,0.0438061582936575,0.2358011915116593
NSGAII,MaF2,MaF,3,12,4007,0.0405950418179381,0.2341194660252621
NSGAII,MaF2,MaF,3,12,4008,0.0426791388948196,0.2367516918149819
NSGAII,MaF2,MaF,3,12,4009,0.0456903413415449,0.2366868482014276
NSGAII,MaF2,MaF,3,12,4010,0.0430004725219681,0.235264500523677
NSGAII,MaF2,MaF,3,12,4011,0.0461285559908603,0.2336822851174217
NSGAII,MaF2,MaF,3,12,4012,0.0444860400518473,0.2337365176253625
NSGAII,MaF2,MaF,3,12,4013,0.0446802902326341,0.2351122618191423
NSGAII,MaF2,MaF,3,12,4014,0.0509023864423377,0.2350609974332445
NSGAII,MaF2,MaF,3,12,4015,0.0424625107350217,0.2365192628754462
NSGAII,MaF2,MaF,3,12,4016,0.0467855288511609,0.2361329742090213
NSGAII,MaF2,MaF,3,12,4017,0.0488111124983315,0.2351431211669763
NSGAII,MaF2,MaF,3,12,4018,0.0479513888658124,0.23243620685014
NSGAII,MaF2,MaF,3,12,4019,0.0432643997754121,0.2352974620895981
NSGAII,MaF2,MaF,3,12,4020,0.0484312922329106,0.2340860767932993
NSGAII,MaF2,MaF,3,12,4021,0.0447935400222672,0.2310379748257415
NSGAII,MaF2,MaF,3,12,4022,0.0437178023184105,0.2351455192533585
NSGAII,MaF2,MaF,3,12,4023,0.0508056368922621,0.2347836941721928
NSGAII,MaF2,MaF,3,12,4024,0.0493295272121983,0.2322411376379857
NSGAII,MaF2,MaF,3,12,4025,0.0469412336247651,0.2344775931135388
NSGAII,MaF2,MaF,3,12,4026,0.049005980334414,0.2319662054219174
NSGAII,MaF2,MaF,3,12,4027,0.045268511972936,0.2342422817184329
NSGAII,MaF2,MaF,3,12,4028,0.0470630249457483,0.2341737078860405
NSGAII,MaF2,MaF,3,12,4029,0.0461456736822573,0.2368333313605696
NSGAII,MaF2,MaF,3,12,4030,0.0441294046665989,0.2354733106039706
NSGAII,MaF3,MaF,2,11,4001,0.0056523496268326,0.7167668346256159
NSGAII,MaF3,MaF,2,11,4002,0.0056507230288401,0.7168825688195537
NSGAII,MaF3,MaF,2,11,4003,0.005984705606471,0.7164373258805633
NSGAII,MaF3,MaF,2,11,4004,0.0055928519213074,0.7171019988730188
NSGAII,MaF3,MaF,2,11,4005,0.0077004125479229,0.7134682928423934
NSGAII,MaF3,MaF,2,11,4006,0.0047986648316803,0.7186298198270467
NSGAII,MaF3,MaF,2,11,4007,0.004380940708081,0.7195132390410715
NSGAII,MaF3,MaF,2,11,4008,0.0051879820978843,0.7181714025004641
NSGAII,MaF3,MaF,2,11,4009,0.004470414163598,0.7193389069399581
NSGAII,MaF3,MaF,2,11,4010,0.0050071630537005,0.7190676208823554
NSGAII,MaF3,MaF,2,11,4011,0.0044331321027668,0.7191657184860412
NSGAII,MaF3,MaF,2,11,4012,0.0059512595384499,0.7165505918176875
NSGAII,MaF3,MaF,2,11,4013,0.0053839874833392,0.7173042825742829
NSGAII,MaF3,MaF,2,11,4014,0.0057821567760882,0.716343994341429
NSGAII,MaF3,MaF,2,11,4015,0.0065885286051776,0.7146899855980767
NSGAII,MaF3,MaF,2,11,4016,0.0064562290769075,0.7153415054641866
NSGAII,MaF3,MaF,2,11,4017,0.0048273529202113,0.7185095592513765
NSGAII,MaF3,MaF,2,11,4018,0.0052247501159743,0.7174418672165301
NSGAII,MaF3,MaF,2,11,4019,0.0048656350918572,0.7180502734696275
NSGAII,MaF3,MaF,2,11,4020,0.004653845753458,0.7192816014366337
NSGAII,MaF3,MaF,2,11,4021,0.0046796758844754,0.7184780078896197
NSGAII,MaF3,MaF,2,11,4022,0.0047713879714262,0.7183885790177745
NSGAII,MaF3,MaF,2,11,4023,0.0062909271311079,0.7153717652786863
NSGAII,MaF3,MaF,2,11,4024,0.0047991265172111,0.718893185491202
NSGAII,MaF3,MaF,2,11,4025,0.0051718419535215,0.7177267166668189
NSGAII,MaF3,MaF,2,11,4026,0.0047407991431759,0.7195817840985197
NSGAII,MaF3,MaF,2,11,4027,0.0049514593023653,0.7187735801169356
NSGAII,MaF3,MaF,2,11,4028,0.0047164087044242,0.7185855908034259
NSGAII,MaF3,MaF,2,11,4029,0.005399583138564,0.7172971607977817
NSGAII,MaF3,MaF,2,11,4030,0.0055463398225505,0.7178812921685102
NSGAII,MaF3,MaF,3,12,4001,0.082501175711554,0.9317456128623592
NSGAII,MaF3,MaF,3,12,4002,0.0618657820862157,0.9448028777297314
NSGAII,MaF3,MaF,3,12,4003,0.0491834645309615,0.9497710637936853
NSGAII,MaF3,MaF,3,12,4004,0.0478924465046138,0.9518983895272376
NSGAII,MaF3,MaF,3,12,4005,0.0494420499155775,0.9538744423879344
NSGAII,MaF3,MaF,3,12,4006,0.0445001009000586,0.954577132146408
NSGAII,MaF3,MaF,3,12,4007,0.0592462048361586,0.950887449135714
NSGAII,MaF3,MaF,3,12,4008,0.060804680352006,0.9471888903670064
NSGAII,MaF3,MaF,3,12,4009,0.0440981164893215,0.9530733957143422
NSGAII,MaF3,MaF,3,12,4010,0.0470530060769495,0.950834336429072
NSGAII,MaF3,MaF,3,12,4011,0.0502063683201839,0.9523157129697194
NSGAII,MaF3,MaF,3,12,4012,0.0781564093288819,0.93213277461869
NSGAII,MaF3,MaF,3,12,4013,0.0550154714523799,0.9436118770853604
NSGAII,MaF3,MaF,3,12,4014,0.049148584764204,0.955048656632877
NSGAII,MaF3,MaF,3,12,4015,0.050934141864908,0.9499388853247704
NSGAII,MaF3,MaF,3,12,4016,0.0437334738727557,0.9558994370155032
NSGAII,MaF3,MaF,3,12,4017,0.0457907078560583,0.9548031923140692
NSGAII,MaF3,MaF,3,12,4018,0.0565893653077446,0.9515638980788512
NSGAII,MaF3,MaF,3,12,4019,0.050869733297666,0.9520353931244038
NSGAII,MaF3,MaF,3,12,4020,0.0520062073124765,0.9511803556532528
NSGAII,MaF3,MaF,3,12,4021,0.0597360611686111,0.9492272706420536
NSGAII,MaF3,MaF,3,12,4022,0.0429627317005437,0.9557514822739308
NSGAII,MaF3,MaF,3,12,4023,0.0492351054337036,0.9515856217746272
NSGAII,MaF3,MaF,3,12,4024,0.0651399994195857,0.9453366163182766
NSGAII,MaF3,MaF,3,12,4025,0.0605208561671736,0.9489507511302596
NSGAII,MaF3,MaF,3,12,4026,0.0598427205872116,0.9498355735020546
NSGAII,MaF3,MaF,3,12,4027,0.0501369490933907,0.9537458689868092
NSGAII,MaF3,MaF,3,12,4028,0.0740886771150721,0.9362672952665771
NSGAII,MaF3,MaF,3,12,4029,0.0480790252298333,0.951895180608644
NSGAII,MaF3,MaF,3,12,4030,0.0623033327077343,0.9465578733494192
NSGAII,MaF4,MaF,2,11,4001,0.0169655962066824,0.818491621137657
NSGAII,MaF4,MaF,2,11,4002,0.0157538255688895,0.8181907280704729
NSGAII,MaF4,MaF,2,11,4003,0.0164452282314096,0.8180861403475259
NSGAII,MaF4,MaF,2,11,4004,0.0152055927334874,0.8183022560297061
NSGAII,MaF4,MaF,2,11,4005,0.0155352361609573,0.8181020469499104
NSGAII,MaF4,MaF,2,11,4006,0.014641005509825,0.8187892476138625
NSGAII,MaF4,MaF,2,11,4007,0.0154572118078969,0.8181956952808995
NSGAII,MaF4,MaF,2,11,4008,0.0157107005008721,0.8178295511245351
NSGAII,MaF4,MaF,2,11,4009,0.0157654032200902,0.8177084436544124
NSGAII,MaF4,MaF,2,11,4010,0.0162549390388579,0.8184083202292026
NSGAII,MaF4,MaF,2,11,4011,0.0154718286916667,0.8174611182895651
NSGAII,MaF4,MaF,2,11,4012,0.0159449043516446,0.817915713394176
NSGAII,MaF4,MaF,2,11,4013,0.0158688322761277,0.8176673502080606
NSGAII,MaF4,MaF,2,11,4014,0.0166159970977883,0.8177245812468225
NSGAII,MaF4,MaF,2,11,4015,0.015644380759866,0.8177463093207183
NSGAII,MaF4,MaF,2,11,4016,0.0151155460934991,0.81830054233191
NSGAII,MaF4,MaF,2,11,4017,0.0157008222258269,0.8177221775340896
NSGAII,MaF4,MaF,2,11,4018,0.0154984233550481,0.8184812173744725
NSGAII,MaF4,MaF,2,11,4019,0.0150030487953284,0.8187548476113163
NSGAII,MaF4,MaF,2,11,4020,0.0170844072017855,0.8179166940364109
NSGAII,MaF4,MaF,2,11,4021,0.0156916690644092,0.8178331133385887
NSGAII,MaF4,MaF,2,11,4022,0.015446727626322,0.8183835094069447
NSGAII,MaF4,MaF,2,11,4023,0.0153467086685195,0.8184391767491377
NSGAII,MaF4,MaF,2,11,4024,0.0153565519251275,0.8187065672665603
NSGAII,MaF4,MaF,2,11,4025,0.0166032888547752,0.8177568319623355
NSGAII,MaF4,MaF,2,11,4026,0.0161266168281162,0.8177349591972669
NSGAII,MaF4,MaF,2,11,4027,0.015659142144327,0.8183919744815129
NSGAII,MaF4,MaF,2,11,4028,0.0152468783858163,0.8183499086703521
NSGAII,MaF4,MaF,2,11,4029,0.0152460087805779,0.8184708818022624
NSGAII,MaF4,MaF,2,11,4030,0.0156225228829256,0.818068963295811
NSGAII,MaF4,MaF,3,12,4001,0.2908413406603475,0.5148508946556108
NSGAII,MaF4,MaF,3,12,4002,0.3035608915644964,0.5222449527523613
NSGAII,MaF4,MaF,3,12,4003,0.3011455858618621,0.5226800010646652
NSGAII,MaF4,MaF,3,12,4004,0.3072065848665832,0.5185765479936543
NSGAII,MaF4,MaF,3,12,4005,0.2952171186476028,0.5204071326164207
NSGAII,MaF4,MaF,3,12,4006,0.2958105794948385,0.5230311794772929
NSGAII,MaF4,MaF,3,12,4007,0.3088580160242041,0.5241433470833873
NSGAII,MaF4,MaF,3,12,4008,0.3016498892469498,0.521900553558686
NSGAII,MaF4,MaF,3,12,4009,0.292859193826705,0.5249427211685689
NSGAII,MaF4,MaF,3,12,4010,0.2938742838570458,0.5211977433410248
NSGAII,MaF4,MaF,3,12,4011,0.2993664344455664,0.515384795134446
NSGAII,MaF4,MaF,3,12,4012,0.290227572233098,0.5249995937734286
NSGAII,MaF4,MaF,3,12,4013,0.3029888723625358,0.5258980341780563
NSGAII,MaF4,MaF,3,12,4014,0.2863126269767655,0.5213493716973968
NSGAII,MaF4,MaF,3,12,4015,0.3060448539945398,0.5184764409910799
NSGAII,MaF4,MaF,3,12,4016,0.2950334465330099,0.5261125905884518
NSGAII,MaF4,MaF,3,12,4017,0.3021622451194744,0.5217451487396597
NSGAII,MaF4,MaF,3,12,4018,0.3037477230471525,0.5238435082266645
NSGAII,MaF4,MaF,3,12,4019,0.3073861873950902,0.5205101468128358
NSGAII,MaF4,MaF,3,12,4020,0.295845668313964,0.5233029317928974
NSGAII,MaF4,MaF,3,12,4021,0.2962995562381834,0.5206030284598905
NSGAII,MaF4,MaF,3,12,4022,0.2902463723439228,0.5185068068151728
NSGAII,MaF4,MaF,3,12,4023,0.2910954436890058,0.5243728319491165
NSGAII,MaF4,MaF,3,12,4024,0.2844272877817928,0.5270791165909308
NSGAII,MaF4,MaF,3,12,4025,0.3041530306526051,0.5163656888730934
NSGAII,MaF4,MaF,3,12,4026,0.3090415242411543,0.518021128136805
NSGAII,MaF4,MaF,3,12,4027,0.2880394337352727,0.5253735011751404
NSGAII,MaF4,MaF,3,12,4028,0.2954996275924518,0.5189111639838598
NSGAII,MaF4,MaF,3,12,4029,0.2859533572327917,0.5284335224841182
NSGAII,MaF4,MaF,3,12,4030,0.3024896312481647,0.5186073309859426
NSGAII,MaF5,MaF,2,11,4001,0.0162153542369808,0.3465727005300631
NSGAII,MaF5,MaF,2,11,4002,0.0154637987875331,0.3465500908553717
NSGAII,MaF5,MaF,2,11,4003,2.008377438316852,0.0909090889035864
NSGAII,MaF5,MaF,2,11,4004,0.0155761146838011,0.3464067342913921
NSGAII,MaF5,MaF,2,11,4005,0.0156846819229558,0.3464393692870411
NSGAII,MaF5,MaF,2,11,4006,0.0150755156599016,0.3465801060601116
NSGAII,MaF5,MaF,2,11,4007,0.0158863559567071,0.3463398191656621
NSGAII,MaF5,MaF,2,11,4008,0.0153484214755702,0.3467316063355369
NSGAII,MaF5,MaF,2,11,4009,0.0154464615680387,0.346290218174077
NSGAII,MaF5,MaF,2,11,4010,0.0148600814612869,0.3465360129910369
NSGAII,MaF5,MaF,2,11,4011,0.0150729552125581,0.3463526970095608
NSGAII,MaF5,MaF,2,11,4012,2.008377435301372,0.090909090131459
NSGAII,MaF5,MaF,2,11,4013,0.0153131842140616,0.3465316519398336
NSGAII,MaF5,MaF,2,11,4014,0.015297204858767,0.3467320817641141
NSGAII,MaF5,MaF,2,11,4015,0.0147999905919089,0.346878413829956
NSGAII,MaF5,MaF,2,11,4016,0.015897652962444,0.3464295010906174
NSGAII,MaF5,MaF,2,11,4017,0.0150613469598898,0.3466429952214115
NSGAII,MaF5,MaF,2,11,4018,2.008377438556457,0.0909090888060215
NSGAII,MaF5,MaF,2,11,4019,0.0147003580479121,0.3466344283427304
NSGAII,MaF5,MaF,2,11,4020,0.0153439526583697,0.3465206473290222
NSGAII,MaF5,MaF,2,11,4021,2.008377443326572,0.0909090868636831
NSGAII,MaF5,MaF,2,11,4022,0.0157587502991467,0.3463059913345497
NSGAII,MaF5,MaF,2,11,4023,0.0147794827085106,0.3465029602639829
NSGAII,MaF5,MaF,2,11,4024,0.0159667998101189,0.3464430068679452
NSGAII,MaF5,MaF,2,11,4025,0.0170120552998328,0.3462873819439552
NSGAII,MaF5,MaF,2,11,4026,0.0156889908514,0.3465159709451267
NSGAII,MaF5,MaF,2,11,4027,2.008377436241564,0.0909090897486217
NSGAII,MaF5,MaF,2,11,4028,0.015042847880491,0.3464196602962488
NSGAII,MaF5,MaF,2,11,4029,2.0083774385979987,0.0909090887891074
NSGAII,MaF5,MaF,2,11,4030,0.0164489747076693,0.3462417175262434
NSGAII,MaF5,MaF,3,12,4001,0.3015218885444858,0.5261902031893
NSGAII,MaF5,MaF,3,12,4002,0.2965506473924686,0.5337552136365357
NSGAII,MaF5,MaF,3,12,4003,0.2926101778462825,0.5354458098625263
NSGAII,MaF5,MaF,3,12,4004,0.3143260862265053,0.5373512144085592
NSGAII,MaF5,MaF,3,12,4005,0.3095551337232833,0.5359965636835378
NSGAII,MaF5,MaF,3,12,4006,0.2980964552171846,0.534060741739836
NSGAII,MaF5,MaF,3,12,4007,0.2885092596216306,0.5354900411443069
NSGAII,MaF5,MaF,3,12,4008,0.296699990929859,0.5381810696338187
NSGAII,MaF5,MaF,3,12,4009,0.2846977836855986,0.533059234470042
NSGAII,MaF5,MaF,3,12,4010,0.2996270664212244,0.5269502300086547
NSGAII,MaF5,MaF,3,12,4011,0.3007107617776279,0.5304951324489886
NSGAII,MaF5,MaF,3,12,4012,0.3146624714912687,0.5285848257184866
NSGAII,MaF5,MaF,3,12,4013,0.3382974795540609,0.5301115389547757
NSGAII,MaF5,MaF,3,12,4014,0.2951634712709731,0.5349827358329411
NSGAII,MaF5,MaF,3,12,4015,0.2954508034115437,0.5360200558598172
NSGAII,MaF5,MaF,3,12,4016,0.3103281573323563,0.5342597697716446
NSGAII,MaF5,MaF,3,12,4017,0.3003482157555101,0.5394648622631466
NSGAII,MaF5,MaF,3,12,4018,0.2944676573421571,0.5328473792415054
NSGAII,MaF5,MaF,3,12,4019,0.2955845360006676,0.5343440638788548
NSGAII,MaF5,MaF,3,12,4020,0.3109547539984516,0.5297858294741227
NSGAII,MaF5,MaF,3,12,4021,0.2987752749119452,0.538676005331544
NSGAII,MaF5,MaF,3,12,4022,0.2971599691171521,0.5346181500073186
NSGAII,MaF5,MaF,3,12,4023,0.2832063958559995,0.5365898018777412
NSGAII,MaF5,MaF,3,12,4024,0.2863891329164836,0.5353860500733789
NSGAII,MaF5,MaF,3,12,4025,0.2882617532757666,0.5349773572359271
NSGAII,MaF5,MaF,3,12,4026,0.2933017440194189,0.5391585766799719
NSGAII,MaF5,MaF,3,12,4027,0.2948652726487932,0.5415795692308112
NSGAII,MaF5,MaF,3,12,4028,0.2889718779156915,0.538855038497063
NSGAII,MaF5,MaF,3,12,4029,0.2974200123036052,0.5346751413767116
NSGAII,MaF5,MaF,3,12,4030,0.3092425082761992,0.5277012197611856
NSGAII,MaF6,MaF,2,11,4001,0.0047134089878946,0.3471301155165843
NSGAII,MaF6,MaF,2,11,4002,0.004892466279258,0.3469599257104235
NSGAII,MaF6,MaF,2,11,4003,0.0047492378727584,0.3471657950288703
NSGAII,MaF6,MaF,2,11,4004,0.0052230697980339,0.3468418300714074
NSGAII,MaF6,MaF,2,11,4005,0.0050663096823668,0.3471625165046037
NSGAII,MaF6,MaF,2,11,4006,0.0050916780429517,0.3469008194911548
NSGAII,MaF6,MaF,2,11,4007,0.0048816328377678,0.3471073729580696
NSGAII,MaF6,MaF,2,11,4008,0.0048553329039433,0.3470588121461876
NSGAII,MaF6,MaF,2,11,4009,0.0049264625505006,0.3470859279944448
NSGAII,MaF6,MaF,2,11,4010,0.0049828842174706,0.3471587241259893
NSGAII,MaF6,MaF,2,11,4011,0.0051041497517589,0.3467664717454023
NSGAII,MaF6,MaF,2,11,4012,0.0053857100376514,0.3472057273132764
NSGAII,MaF6,MaF,2,11,4013,0.0052315735518398,0.3468111687857261
NSGAII,MaF6,MaF,2,11,4014,0.0048723239539772,0.3469253522248553
NSGAII,MaF6,MaF,2,11,4015,0.0048054035480712,0.3471778915847474
NSGAII,MaF6,MaF,2,11,4016,0.0050693834048434,0.3469842869902759
NSGAII,MaF6,MaF,2,11,4017,0.0050652116924272,0.3470483425825056
NSGAII,MaF6,MaF,2,11,4018,0.0049154287098419,0.3469732165902511
NSGAII,MaF6,MaF,2,11,4019,0.0052966014443068,0.3467159642123867
NSGAII,MaF6,MaF,2,11,4020,0.005137132108747,0.3472116170115511
NSGAII,MaF6,MaF,2,11,4021,0.0048981885169857,0.3472375890380433
NSGAII,MaF6,MaF,2,11,4022,0.0050934965630218,0.3470875708818537
NSGAII,MaF6,MaF,2,11,4023,0.0050267873826473,0.3470546234582135
NSGAII,MaF6,MaF,2,11,4024,0.0050316971869312,0.3468903163276458
NSGAII,MaF6,MaF,2,11,4025,0.0049943798666524,0.3468397211246168
NSGAII,MaF6,MaF,2,11,4026,0.0049613040878432,0.3471024997830667
NSGAII,MaF6,MaF,2,11,4027,0.0049459438832218,0.3469713787333692
NSGAII,MaF6,MaF,2,11,4028,0.005023589734493,0.3469618755473715
NSGAII,MaF6,MaF,2,11,4029,0.0050986153679313,0.3471112101929249
NSGAII,MaF6,MaF,2,11,4030,0.0050240444132772,0.3468469415776595
NSGAII,MaF6,MaF,3,12,4001,0.0055343295243203,0.1997892656494042
NSGAII,MaF6,MaF,3,12,4002,0.005389904882072,0.1997136621772753
NSGAII,MaF6,MaF,3,12,4003,0.0056149528597165,0.1998237940283028
NSGAII,MaF6,MaF,3,12,4004,0.0053866155945867,0.1997667232773738
NSGAII,MaF6,MaF,3,12,4005,0.0053117471113108,0.1998301921045416
NSGAII,MaF6,MaF,3,12,4006,0.0052026943875618,0.1996939565646603
NSGAII,MaF6,MaF,3,12,4007,0.005219552996085,0.1997660674754678
NSGAII,MaF6,MaF,3,12,4008,0.0051946318725514,0.199820815327517
NSGAII,MaF6,MaF,3,12,4009,0.004908608434905,0.1997299734249531
NSGAII,MaF6,MaF,3,12,4010,0.0058510095249529,0.19975130106342
NSGAII,MaF6,MaF,3,12,4011,0.0055379409667389,0.199686388428494
NSGAII,MaF6,MaF,3,12,4012,0.0052364128604009,0.1996229765983614
NSGAII,MaF6,MaF,3,12,4013,0.0054862184050706,0.1997273254737753
NSGAII,MaF6,MaF,3,12,4014,0.006126055571817,0.1997175443952219
NSGAII,MaF6,MaF,3,12,4015,0.0053287037945618,0.1998847155091962
NSGAII,MaF6,MaF,3,12,4016,0.0058185437861866,0.1996838938800882
NSGAII,MaF6,MaF,3,12,4017,0.0050583700617878,0.1997035419762619
NSGAII,MaF6,MaF,3,12,4018,0.0053287723908396,0.1998767403006738
NSGAII,MaF6,MaF,3,12,4019,0.0051015864311529,0.1998902586250839
NSGAII,MaF6,MaF,3,12,4020,0.0050971487094381,0.199744082372036
NSGAII,MaF6,MaF,3,12,4021,0.0055233270483234,0.1997459440394434
NSGAII,MaF6,MaF,3,12,4022,0.0049435758268043,0.1996899728012434
NSGAII,MaF6,MaF,3,12,4023,0.0051177351742925,0.1998521578665206
NSGAII,MaF6,MaF,3,12,4024,0.0051754253065374,0.1997947942832004
NSGAII,MaF6,MaF,3,12,4025,0.0053770142713848,0.1997833469493023
NSGAII,MaF6,MaF,3,12,4026,0.0052277732365262,0.1996333858977022
NSGAII,MaF6,MaF,3,12,4027,0.0053073070377421,0.1996799242956548
NSGAII,MaF6,MaF,3,12,4028,0.0054796269354643,0.1995382719457874
NSGAII,MaF6,MaF,3,12,4029,0.005371315091811,0.1994579737490722
NSGAII,MaF6,MaF,3,12,4030,0.0052900971660631,0.1998587539247449
NSGAII,MaF7,MaF,2,21,4001,0.0056665356085422,0.2426617771908798
NSGAII,MaF7,MaF,2,21,4002,0.0051417742878385,0.2427164672631443
NSGAII,MaF7,MaF,2,21,4003,0.0055561830182188,0.2426355597799552
NSGAII,MaF7,MaF,2,21,4004,0.0052036759833736,0.2427425563317418
NSGAII,MaF7,MaF,2,21,4005,0.0053199049561232,0.2427233111608222
NSGAII,MaF7,MaF,2,21,4006,0.0055431790336232,0.2426500701181239
NSGAII,MaF7,MaF,2,21,4007,0.0051175853558697,0.2427609269245882
NSGAII,MaF7,MaF,2,21,4008,0.0055556685187745,0.2426268296358582
NSGAII,MaF7,MaF,2,21,4009,0.0054324928997643,0.2426704869716457
NSGAII,MaF7,MaF,2,21,4010,0.0054784396387273,0.2426949945268367
NSGAII,MaF7,MaF,2,21,4011,0.0050909880689387,0.2427438162591408
NSGAII,MaF7,MaF,2,21,4012,0.0054491262671814,0.2426647652080396
NSGAII,MaF7,MaF,2,21,4013,0.0052676628810355,0.2427506064285351
NSGAII,MaF7,MaF,2,21,4014,0.0052920879633932,0.2427297961500147
NSGAII,MaF7,MaF,2,21,4015,0.0059932143237923,0.2425178667082871
NSGAII,MaF7,MaF,2,21,4016,0.0055891617602675,0.2426658324693025
NSGAII,MaF7,MaF,2,21,4017,0.0052875790211557,0.242765015215116
NSGAII,MaF7,MaF,2,21,4018,0.0055898466477226,0.2426238690210543
NSGAII,MaF7,MaF,2,21,4019,0.0053192236842896,0.2427370029506002
NSGAII,MaF7,MaF,2,21,4020,0.0051830886601422,0.2427552444941733
NSGAII,MaF7,MaF,2,21,4021,0.0053384294408464,0.2427300026232983
NSGAII,MaF7,MaF,2,21,4022,0.005127694656101,0.2427105166556299
NSGAII,MaF7,MaF,2,21,4023,0.0052638031430531,0.2427101519305283
NSGAII,MaF7,MaF,2,21,4024,0.0054246702055844,0.2426530621379254
NSGAII,MaF7,MaF,2,21,4025,0.0053317770304485,0.2426628354097746
NSGAII,MaF7,MaF,2,21,4026,0.0052307126430876,0.2426698082303945
NSGAII,MaF7,MaF,2,21,4027,0.0052901587883871,0.2427106422851007
NSGAII,MaF7,MaF,2,21,4028,0.0055587594346077,0.242649133391736
NSGAII,MaF7,MaF,2,21,4029,0.005516047394108,0.2427008723883008
NSGAII,MaF7,MaF,2,21,4030,0.0058384163468861,0.2425419639949209
NSGAII,MaF7,MaF,3,22,4001,0.0796680458674633,0.2680195238223526
NSGAII,MaF7,MaF,3,22,4002,0.0803786655442883,0.2669960692268354
NSGAII,MaF7,MaF,3,22,4003,0.0787059384590615,0.2673138585537302
NSGAII,MaF7,MaF,3,22,4004,0.0801826315475724,0.2702819218289517
NSGAII,MaF7,MaF,3,22,4005,0.0770993897411716,0.2678774414590926
NSGAII,MaF7,MaF,3,22,4006,0.0740465784672335,0.2707898010897869
NSGAII,MaF7,MaF,3,22,4007,0.0799942169563166,0.2666204066983956
NSGAII,MaF7,MaF,3,22,4008,0.0923648606864906,0.2655969410887537
NSGAII,MaF7,MaF,3,22,4009,0.0770246446502134,0.2702638381739026
NSGAII,MaF7,MaF,3,22,4010,0.0750762092217381,0.2677552924581921
NSGAII,MaF7,MaF,3,22,4011,0.0730740201830787,0.2658723070943358
NSGAII,MaF7,MaF,3,22,4012,0.074176136169681,0.2681534255593922
NSGAII,MaF7,MaF,3,22,4013,0.3486273874800696,0.2403369242812729
NSGAII,MaF7,MaF,3,22,4014,0.0780789535879318,0.2668512777877682
NSGAII,MaF7,MaF,3,22,4015,0.0719290104500554,0.2663888906532281
NSGAII,MaF7,MaF,3,22,4016,0.0879044776500027,0.2702481672967658
NSGAII,MaF7,MaF,3,22,4017,0.0797140398742968,0.2656226048868552
NSGAII,MaF7,MaF,3,22,4018,0.0775014930819647,0.2689720178649016
NSGAII,MaF7,MaF,3,22,4019,0.0732360761419152,0.2677770872532669
NSGAII,MaF7,MaF,3,22,4020,0.0751399679199193,0.2701883562182908
NSGAII,MaF7,MaF,3,22,4021,0.0803728743764136,0.2681425046661792
NSGAII,MaF7,MaF,3,22,4022,0.0755591160150374,0.2691961625525338
NSGAII,MaF7,MaF,3,22,4023,0.0767570048678628,0.2694669757586669
NSGAII,MaF7,MaF,3,22,4024,0.0783867733653485,0.26567454026812
NSGAII,MaF7,MaF,3,22,4025,0.0840790036812386,0.2674557491591985
NSGAII,MaF7,MaF,3,22,4026,0.081202983802967,0.2687537043695753
NSGAII,MaF7,MaF,3,22,4027,0.0759317452384262,0.2698482035646696
NSGAII,MaF7,MaF,3,22,4028,0.0713762525023166,0.2676438906872116
NSGAII,MaF7,MaF,3,22,4029,0.0832486263211926,0.2652474055863827
NSGAII,MaF7,MaF,3,22,4030,0.0827414564582966,0.2690132387249586
NSGAII,WFG1,WFG,2,11,4001,0.021491516760379,0.6930473095603505
NSGAII,WFG1,WFG,2,11,4002,0.0224549668499982,0.6923116134500368
NSGAII,WFG1,WFG,2,11,4003,0.0229476908219579,0.6889154711387263
NSGAII,WFG1,WFG,2,11,4004,0.0222706234960772,0.6913632338966285
NSGAII,WFG1,WFG,2,11,4005,0.0204341325978358,0.6934978102053603
NSGAII,WFG1,WFG,2,11,4006,0.0196934124811895,0.6937481082021546
NSGAII,WFG1,WFG,2,11,4007,0.0196464317381781,0.6940172653788146
NSGAII,WFG1,WFG,2,11,4008,0.0176597153339931,0.6946523272405803
NSGAII,WFG1,WFG,2,11,4009,0.0205135669695007,0.6931219332329174
NSGAII,WFG1,WFG,2,11,4010,0.0216542266945885,0.6909244920031048
NSGAII,WFG1,WFG,2,11,4011,0.0205018813199166,0.6923349692029162
NSGAII,WFG1,WFG,2,11,4012,0.0231311546033779,0.6917864309564524
NSGAII,WFG1,WFG,2,11,4013,0.0228279369628801,0.6890414796107975
NSGAII,WFG1,WFG,2,11,4014,0.0219467099053153,0.6900254784004076
NSGAII,WFG1,WFG,2,11,4015,0.0219234664413542,0.691261539812324
NSGAII,WFG1,WFG,2,11,4016,0.0237303094948428,0.6904459138776486
NSGAII,WFG1,WFG,2,11,4017,0.018622047687918,0.6945792182239977
NSGAII,WFG1,WFG,2,11,4018,0.0186213549602218,0.6942537133523782
NSGAII,WFG1,WFG,2,11,4019,0.0220958717257737,0.6925015754802384
NSGAII,WFG1,WFG,2,11,4020,0.0230087342038127,0.6890455764809759
NSGAII,WFG1,WFG,2,11,4021,0.019634999384668,0.6940912491753446
NSGAII,WFG1,WFG,2,11,4022,0.0209120548002137,0.6928725404837849
NSGAII,WFG1,WFG,2,11,4023,0.0198039167839742,0.6933706615607517
NSGAII,WFG1,WFG,2,11,4024,0.0183501939630209,0.6945162209814376
NSGAII,WFG1,WFG,2,11,4025,0.0186521339049539,0.694361180558441
NSGAII,WFG1,WFG,2,11,4026,0.0192598372677664,0.6940326614613098
NSGAII,WFG1,WFG,2,11,4027,0.01965219980485,0.6936013900497453
NSGAII,WFG1,WFG,2,11,4028,0.0222162940634995,0.6915124215312881
NSGAII,WFG1,WFG,2,11,4029,0.0203497063880031,0.6935774819945727
NSGAII,WFG1,WFG,2,11,4030,0.0195443112003869,0.6938751466907029
NSGAII,WFG1,WFG,3,12,4001,0.2387720732562605,0.9332924804943378
NSGAII,WFG1,WFG,3,12,4002,0.2173384760260523,0.930437165629429
NSGAII,WFG1,WFG,3,12,4003,0.2327622180082144,0.926758166892795
NSGAII,WFG1,WFG,3,12,4004,0.2268488459065676,0.9233655786376292
NSGAII,WFG1,WFG,3,12,4005,0.2070709753522089,0.927047161721421
NSGAII,WFG1,WFG,3,12,4006,0.2527438868268112,0.927234436494622
NSGAII,WFG1,WFG,3,12,4007,0.206710681883535,0.932293731044358
NSGAII,WFG1,WFG,3,12,4008,0.2423900597844689,0.9303380372446156
NSGAII,WFG1,WFG,3,12,4009,0.2131989486114204,0.9366378304912888
NSGAII,WFG1,WFG,3,12,4010,0.222091038804954,0.9309973763240336
NSGAII,WFG1,WFG,3,12,4011,0.2124632804520354,0.931830193671784
NSGAII,WFG1,WFG,3,12,4012,0.2144337345746617,0.9360604469069158
NSGAII,WFG1,WFG,3,12,4013,0.2343483162847357,0.9270300964649876
NSGAII,WFG1,WFG,3,12,4014,0.2241809150209052,0.9314714968414386
NSGAII,WFG1,WFG,3,12,4015,0.2500529077884889,0.9290361972823422
NSGAII,WFG1,WFG,3,12,4016,0.2341041791950883,0.9322372555528292
NSGAII,WFG1,WFG,3,12,4017,0.2204190289144492,0.93004553732647
NSGAII,WFG1,WFG,3,12,4018,0.2481386350083441,0.9304157196941604
NSGAII,WFG1,WFG,3,12,4019,0.2121987903543973,0.9339486502566487
NSGAII,WFG1,WFG,3,12,4020,0.2146597345176281,0.933742690154973
NSGAII,WFG1,WFG,3,12,4021,0.2386986109054532,0.9272328056306516
NSGAII,WFG1,WFG,3,12,4022,0.21293771603333,0.9255229125914888
NSGAII,WFG1,WFG,3,12,4023,0.2184022964605742,0.9312195112287468
NSGAII,WFG1,WFG,3,12,4024,0.2599009457658524,0.9189881903363374
NSGAII,WFG1,WFG,3,12,4025,0.2077445812616979,0.9293394573881124
NSGAII,WFG1,WFG,3,12,4026,0.2215971720012899,0.9307236300951096
NSGAII,WFG1,WFG,3,12,4027,0.2259455277072641,0.9325286745290164
NSGAII,WFG1,WFG,3,12,4028,0.2513479305700084,0.9274808307454429
NSGAII,WFG1,WFG,3,12,4029,0.2185485320252979,0.9291415713981972
NSGAII,WFG1,WFG,3,12,4030,0.2206788064503861,0.9290084020942816
NSGAII,WFG2,WFG,2,11,4001,0.0131692956956338,0.6324157113520483
NSGAII,WFG2,WFG,2,11,4002,0.0130401907341763,0.6328387130042106
NSGAII,WFG2,WFG,2,11,4003,0.0126054570317735,0.6328171943561117
NSGAII,WFG2,WFG,2,11,4004,0.0126919603299396,0.6332116963208918
NSGAII,WFG2,WFG,2,11,4005,0.0125950708460815,0.6329514460106632
NSGAII,WFG2,WFG,2,11,4006,0.0129282016767538,0.6329126921900552
NSGAII,WFG2,WFG,2,11,4007,0.0128236713983931,0.6332971528741286
NSGAII,WFG2,WFG,2,11,4008,0.0119302609397306,0.6335307070969151
NSGAII,WFG2,WFG,2,11,4009,0.0128623507743396,0.6323137253491165
NSGAII,WFG2,WFG,2,11,4010,0.0130319630301571,0.6330678625443252
NSGAII,WFG2,WFG,2,11,4011,0.0138123743059951,0.6327937521491344
NSGAII,WFG2,WFG,2,11,4012,0.0132745603097782,0.6326113957153177
NSGAII,WFG2,WFG,2,11,4013,0.0127236233615299,0.6326963797629197
NSGAII,WFG2,WFG,2,11,4014,0.012829170082222,0.6331639013830614
NSGAII,WFG2,WFG,2,11,4015,0.0133901710797414,0.6327855889625003
NSGAII,WFG2,WFG,2,11,4016,0.0126548000501474,0.6324032509186416
NSGAII,WFG2,WFG,2,11,4017,0.0122545095714909,0.6330671070303254
NSGAII,WFG2,WFG,2,11,4018,0.0132240670512231,0.6324539596249672
NSGAII,WFG2,WFG,2,11,4019,0.0125470564318936,0.6330228528287815
NSGAII,WFG2,WFG,2,11,4020,0.0131094725006269,0.6326211183285209
NSGAII,WFG2,WFG,2,11,4021,0.01313254144999,0.632868167518059
NSGAII,WFG2,WFG,2,11,4022,0.0127289751814468,0.6333859940340185
NSGAII,WFG2,WFG,2,11,4023,0.0132279479386549,0.6330124206490951
NSGAII,WFG2,WFG,2,11,4024,0.0131292216517863,0.6331589778447362
NSGAII,WFG2,WFG,2,11,4025,0.0132738198330796,0.6326995018057309
NSGAII,WFG2,WFG,2,11,4026,0.0122105959290426,0.6329640625196464
NSGAII,WFG2,WFG,2,11,4027,0.0139297276402245,0.6323534747451313
NSGAII,WFG2,WFG,2,11,4028,0.0131590940386709,0.6328260105675907
NSGAII,WFG2,WFG,2,11,4029,0.0123114330476622,0.6331462304886447
NSGAII,WFG2,WFG,2,11,4030,0.0126930049879453,0.6333133405415576
NSGAII,WFG2,WFG,3,12,4001,0.1987647827545931,0.9206718197955714
NSGAII,WFG2,WFG,3,12,4002,0.2174286773195437,0.9251781592269492
NSGAII,WFG2,WFG,3,12,4003,0.2151048646516505,0.9214911373601852
NSGAII,WFG2,WFG,3,12,4004,0.2330136014028881,0.921218211841505
NSGAII,WFG2,WFG,3,12,4005,0.2219367541762461,0.9215546736549516
NSGAII,WFG2,WFG,3,12,4006,0.2188133088433485,0.9189559441216032
NSGAII,WFG2,WFG,3,12,4007,0.2560379343779335,0.91638767372103
NSGAII,WFG2,WFG,3,12,4008,0.20468598904979,0.9243971498309854
NSGAII,WFG2,WFG,3,12,4009,0.2150455665685393,0.920287990725982
NSGAII,WFG2,WFG,3,12,4010,0.2100148510935938,0.9227037113946194
NSGAII,WFG2,WFG,3,12,4011,0.2210734624621313,0.9166927589401268
NSGAII,WFG2,WFG,3,12,4012,0.2100127109886249,0.9209119533721576
NSGAII,WFG2,WFG,3,12,4013,0.2284083167486564,0.9203568312319392
NSGAII,WFG2,WFG,3,12,4014,0.2198014514081999,0.9212359525485252
NSGAII,WFG2,WFG,3,12,4015,0.2251350719786784,0.918141548164714
NSGAII,WFG2,WFG,3,12,4016,0.2128565117218845,0.91833009520712
NSGAII,WFG2,WFG,3,12,4017,0.2180597496383516,0.9224545346779304
NSGAII,WFG2,WFG,3,12,4018,0.2344634144519254,0.921519064877935
NSGAII,WFG2,WFG,3,12,4019,0.2146733177040208,0.918944512988725
NSGAII,WFG2,WFG,3,12,4020,0.2239978153357789,0.9152991951265528
NSGAII,WFG2,WFG,3,12,4021,0.2108702772389137,0.913812437831522
NSGAII,WFG2,WFG,3,12,4022,0.2501992165927154,0.914496701583384
NSGAII,WFG2,WFG,3,12,4023,0.2045402976153837,0.9230919352024258
NSGAII,WFG2,WFG,3,12,4024,0.2153536452680891,0.9200815731411668
NSGAII,WFG2,WFG,3,12,4025,0.2345531511617949,0.9212862283511192
NSGAII,WFG2,WFG,3,12,4026,0.2855423241061558,0.9089943035073614
NSGAII,WFG2,WFG,3,12,4027,0.2199140661939588,0.9215304588254196
NSGAII,WFG2,WFG,3,12,4028,0.2174453864359224,0.919491561585118
NSGAII,WFG2,WFG,3,12,4029,0.2179652837097516,0.9230798187732672
NSGAII,WFG2,WFG,3,12,4030,0.226973839869425,0.9202411562541396
NSGAII,WFG3,WFG,2,11,4001,0.0146002526195327,0.5804909003008614
NSGAII,WFG3,WFG,2,11,4002,0.0144848749019401,0.580533426425875
NSGAII,WFG3,WFG,2,11,4003,0.0141442710796772,0.5805390877335157
NSGAII,WFG3,WFG,2,11,4004,0.0140075094092645,0.5807124023888677
NSGAII,WFG3,WFG,2,11,4005,0.0142437075048876,0.58069832344212
NSGAII,WFG3,WFG,2,11,4006,0.0151456787113898,0.5797006768771218
NSGAII,WFG3,WFG,2,11,4007,0.0144443259282826,0.5803952679089805
NSGAII,WFG3,WFG,2,11,4008,0.0144249745903673,0.5808098784292715
NSGAII,WFG3,WFG,2,11,4009,0.0134460331298493,0.5809814005342491
NSGAII,WFG3,WFG,2,11,4010,0.0146430292180707,0.5804710757532847
NSGAII,WFG3,WFG,2,11,4011,0.0143533621741178,0.5808685691023128
NSGAII,WFG3,WFG,2,11,4012,0.0145860715999168,0.5805403095380625
NSGAII,WFG3,WFG,2,11,4013,0.0146346624894241,0.579847851952497
NSGAII,WFG3,WFG,2,11,4014,0.0148865795799074,0.5802121794829008
NSGAII,WFG3,WFG,2,11,4015,0.0141215220761923,0.581109480943778
NSGAII,WFG3,WFG,2,11,4016,0.0139246888239332,0.58097826799574
NSGAII,WFG3,WFG,2,11,4017,0.0147728036462494,0.5803237987543054
NSGAII,WFG3,WFG,2,11,4018,0.014986973154313,0.5801751737097535
NSGAII,WFG3,WFG,2,11,4019,0.0154563099717809,0.5798250852505071
NSGAII,WFG3,WFG,2,11,4020,0.0153757536009403,0.5797881863641068
NSGAII,WFG3,WFG,2,11,4021,0.0135969313065224,0.5810968979366208
NSGAII,WFG3,WFG,2,11,4022,0.0144252505908683,0.5807321779803102
NSGAII,WFG3,WFG,2,11,4023,0.0143992156361814,0.580663757513045
NSGAII,WFG3,WFG,2,11,4024,0.0140143676064884,0.5807849458117121
NSGAII,WFG3,WFG,2,11,4025,0.0143261733580437,0.5806351286159909
NSGAII,WFG3,WFG,2,11,4026,0.0151090769577616,0.5799656899966132
NSGAII,WFG3,WFG,2,11,4027,0.014222171013906,0.5801624607655949
NSGAII,WFG3,WFG,2,11,4028,0.0144350247209139,0.5803627406471206
NSGAII,WFG3,WFG,2,11,4029,0.0156969594900335,0.5802230164105316
NSGAII,WFG3,WFG,2,11,4030,0.0145874237907869,0.5805423984406268
NSGAII,WFG3,WFG,3,12,4001,0.078516955396439,0.405400417567778
NSGAII,WFG3,WFG,3,12,4002,0.0840291363871297,0.4018341002924782
NSGAII,WFG3,WFG,3,12,4003,0.1002035049254619,0.3952274724154322
NSGAII,WFG3,WFG,3,12,4004,0.0725092353888416,0.4037360002995798
NSGAII,WFG3,WFG,3,12,4005,0.0911513912983507,0.4016018288355712
NSGAII,WFG3,WFG,3,12,4006,0.1015559283493712,0.4003199219263271
NSGAII,WFG3,WFG,3,12,4007,0.1318203476075155,0.3919277443177919
NSGAII,WFG3,WFG,3,12,4008,0.0779040449514381,0.4066774238661384
NSGAII,WFG3,WFG,3,12,4009,0.1055184197666108,0.3978608667902121
NSGAII,WFG3,WFG,3,12,4010,0.0791113006252866,0.4042749158592454
NSGAII,WFG3,WFG,3,12,4011,0.1032084406453263,0.3960086611149196
NSGAII,WFG3,WFG,3,12,4012,0.0851341585356068,0.4015036769624838
NSGAII,WFG3,WFG,3,12,4013,0.0969262613965218,0.3999792983788928
NSGAII,WFG3,WFG,3,12,4014,0.1010010380478647,0.3992892035696566
NSGAII,WFG3,WFG,3,12,4015,0.0832742838441855,0.4003350011223911
NSGAII,WFG3,WFG,3,12,4016,0.0976545424020648,0.398734781200501
NSGAII,WFG3,WFG,3,12,4017,0.0883053269533218,0.4053237761970298
NSGAII,WFG3,WFG,3,12,4018,0.122414827267015,0.3972219179984618
NSGAII,WFG3,WFG,3,12,4019,0.0941981997940249,0.4042600750957223
NSGAII,WFG3,WFG,3,12,4020,0.0949770938164111,0.3976970902828775
NSGAII,WFG3,WFG,3,12,4021,0.1003177694866199,0.3977678875119761
NSGAII,WFG3,WFG,3,12,4022,0.0834106315562667,0.404313470074681
NSGAII,WFG3,WFG,3,12,4023,0.1040219873750817,0.400840197917709
NSGAII,WFG3,WFG,3,12,4024,0.0683112739616955,0.4059167675266489
NSGAII,WFG3,WFG,3,12,4025,0.0703018996448362,0.4048614482180173
NSGAII,WFG3,WFG,3,12,4026,0.0891526122095381,0.4025187242800415
NSGAII,WFG3,WFG,3,12,4027,0.1194779388314224,0.3991005852427118
NSGAII,WFG3,WFG,3,12,4028,0.0932841853906306,0.4007799009589147
NSGAII,WFG3,WFG,3,12,4029,0.0844664633600774,0.4008620122170147
NSGAII,WFG3,WFG,3,12,4030,0.0850582801174472,0.4008375636487666
NSGAII,WFG4,WFG,2,11,4001,0.0158896304910162,0.3467188116446953
NSGAII,WFG4,WFG,2,11,4002,0.0150658461574807,0.3466678437527087
NSGAII,WFG4,WFG,2,11,4003,0.0157098704641412,0.3464606669919939
NSGAII,WFG4,WFG,2,11,4004,0.0150477600645058,0.3467579230709024
NSGAII,WFG4,WFG,2,11,4005,0.0150139541551705,0.3465019267190505
NSGAII,WFG4,WFG,2,11,4006,0.014926030881993,0.3466586586108863
NSGAII,WFG4,WFG,2,11,4007,0.0153739736793275,0.3462169409160971
NSGAII,WFG4,WFG,2,11,4008,0.0149782350838421,0.3463036933493209
NSGAII,WFG4,WFG,2,11,4009,0.0154542778179888,0.346260636154485
NSGAII,WFG4,WFG,2,11,4010,0.0154213336955941,0.3465141509828797
NSGAII,WFG4,WFG,2,11,4011,0.0146421523696733,0.3462698733548055
NSGAII,WFG4,WFG,2,11,4012,0.0153117457075843,0.3464931931340087
NSGAII,WFG4,WFG,2,11,4013,0.0149740621566612,0.3466479221738285
NSGAII,WFG4,WFG,2,11,4014,0.0142996342729788,0.3466592492717112
NSGAII,WFG4,WFG,2,11,4015,0.0163089550625374,0.3462105558624869
NSGAII,WFG4,WFG,2,11,4016,0.0162581009433775,0.3461090085832277
NSGAII,WFG4,WFG,2,11,4017,0.0150248122162521,0.3462179702712613
NSGAII,WFG4,WFG,2,11,4018,0.0153744321952668,0.3462113318788384
NSGAII,WFG4,WFG,2,11,4019,0.015929859237005,0.3466112755587345
NSGAII,WFG4,WFG,2,11,4020,0.0151060472364134,0.3465428392482008
NSGAII,WFG4,WFG,2,11,4021,0.0151541112320446,0.3466543875892256
NSGAII,WFG4,WFG,2,11,4022,0.016030164050678,0.3462491191985117
NSGAII,WFG4,WFG,2,11,4023,0.0159342470929174,0.3467238842181427
NSGAII,WFG4,WFG,2,11,4024,0.0148846929706894,0.3464985367920891
NSGAII,WFG4,WFG,2,11,4025,0.0149879449920603,0.3462541110660518
NSGAII,WFG4,WFG,2,11,4026,0.0156429291709635,0.3464367321268221
NSGAII,WFG4,WFG,2,11,4027,0.014663488706171,0.3466377504646387
NSGAII,WFG4,WFG,2,11,4028,0.0147193845546742,0.34654400237131
NSGAII,WFG4,WFG,2,11,4029,0.0153828956330359,0.3465594346833925
NSGAII,WFG4,WFG,2,11,4030,0.0155986462349807,0.3466443382302961
NSGAII,WFG4,WFG,3,12,4001,0.268176822175428,0.5245688783611018
NSGAII,WFG4,WFG,3,12,4002,0.2641948784226193,0.5267563797715388
NSGAII,WFG4,WFG,3,12,4003,0.2632885973775439,0.5258357407300096
NSGAII,WFG4,WFG,3,12,4004,0.2657134758924441,0.5273541561273712
NSGAII,WFG4,WFG,3,12,4005,0.2755957507746386,0.5233657335252643
NSGAII,WFG4,WFG,3,12,4006,0.2710145125484404,0.5153109162994883
NSGAII,WFG4,WFG,3,12,4007,0.2565626487002125,0.5213846104387894
NSGAII,WFG4,WFG,3,12,4008,0.2683546429876056,0.5178330535947472
NSGAII,WFG4,WFG,3,12,4009,0.2639431402027385,0.5252665633502842
NSGAII,WFG4,WFG,3,12,4010,0.2753805541662238,0.5314930548357591
NSGAII,WFG4,WFG,3,12,4011,0.2622400954137819,0.5284401612446915
NSGAII,WFG4,WFG,3,12,4012,0.2544774727464594,0.5252210193736102
NSGAII,WFG4,WFG,3,12,4013,0.2805030535783758,0.5169411202839698
NSGAII,WFG4,WFG,3,12,4014,0.2578923125252544,0.5218391076170443
NSGAII,WFG4,WFG,3,12,4015,0.2687205172781025,0.5204383910360029
NSGAII,WFG4,WFG,3,12,4016,0.2747376470957795,0.5221545598908262
NSGAII,WFG4,WFG,3,12,4017,0.2799621651628262,0.5189442484541685
NSGAII,WFG4,WFG,3,12,4018,0.2619345081387981,0.5242537935891061
NSGAII,WFG4,WFG,3,12,4019,0.2583921091090591,0.5282629260053917
NSGAII,WFG4,WFG,3,12,4020,0.262455914767735,0.5246548225984895
NSGAII,WFG4,WFG,3,12,4021,0.2822446276731205,0.5180096213136672
NSGAII,WFG4,WFG,3,12,4022,0.2618316960082688,0.5314127807241495
NSGAII,WFG4,WFG,3,12,4023,0.281871269557818,0.5195182046538123
NSGAII,WFG4,WFG,3,12,4024,0.264787410340307,0.5180179930507767
NSGAII,WFG4,WFG,3,12,4025,0.2596055917036718,0.5278819267287332
NSGAII,WFG4,WFG,3,12,4026,0.2696312627340013,0.5147177453685442
NSGAII,WFG4,WFG,3,12,4027,0.263373799088956,0.5243450711771329
NSGAII,WFG4,WFG,3,12,4028,0.2701172328409728,0.5197531583576833
NSGAII,WFG4,WFG,3,12,4029,0.2614026563905314,0.5242630444529278
NSGAII,WFG4,WFG,3,12,4030,0.2918135707934074,0.5211465038774832
NSGAII,WFG5,WFG,2,11,4001,0.0655631197502105,0.3129696143948842
NSGAII,WFG5,WFG,2,11,4002,0.0646803882990186,0.3130826914488418
NSGAII,WFG5,WFG,2,11,4003,0.0650105794266871,0.3128428118787209
NSGAII,WFG5,WFG,2,11,4004,0.0653449669201994,0.312740502321972
NSGAII,WFG5,WFG,2,11,4005,0.0655300391111607,0.3127629427600977
NSGAII,WFG5,WFG,2,11,4006,0.065936947868215,0.3127748868137298
NSGAII,WFG5,WFG,2,11,4007,0.0650142654168975,0.3131152183667246
NSGAII,WFG5,WFG,2,11,4008,0.0658758809615443,0.3128105865118672
NSGAII,WFG5,WFG,2,11,4009,0.0661243299208728,0.3127899364883056
NSGAII,WFG5,WFG,2,11,4010,0.0649261132836052,0.3128167289720563
NSGAII,WFG5,WFG,2,11,4011,0.0649549484878899,0.312980444883233
NSGAII,WFG5,WFG,2,11,4012,0.0651910645636087,0.3125782792196351
NSGAII,WFG5,WFG,2,11,4013,0.0651872007801593,0.3128833645574663
NSGAII,WFG5,WFG,2,11,4014,0.0649232690072487,0.3129489848208794
NSGAII,WFG5,WFG,2,11,4015,0.065629352749548,0.3126145102878262
NSGAII,WFG5,WFG,2,11,4016,0.0649106796793569,0.3127479192571903
NSGAII,WFG5,WFG,2,11,4017,0.0650210770557776,0.3128595314554613
NSGAII,WFG5,WFG,2,11,4018,0.0649080339421215,0.3130918423787601
NSGAII,WFG5,WFG,2,11,4019,0.0654657640002738,0.3128264675186989
NSGAII,WFG5,WFG,2,11,4020,0.0651432543222469,0.3125512492063436
NSGAII,WFG5,WFG,2,11,4021,0.066028020691829,0.312557281129699
NSGAII,WFG5,WFG,2,11,4022,0.0660460540528543,0.3125498963793776
NSGAII,WFG5,WFG,2,11,4023,0.0657875568336217,0.3126534960742912
NSGAII,WFG5,WFG,2,11,4024,0.0652032152066814,0.3127795657952513
NSGAII,WFG5,WFG,2,11,4025,0.0658102748844962,0.3127502698240511
NSGAII,WFG5,WFG,2,11,4026,0.0668226392356829,0.3128761183557308
NSGAII,WFG5,WFG,2,11,4027,0.06603898083741,0.3127141718306305
NSGAII,WFG5,WFG,2,11,4028,0.065571243814677,0.3130860199413767
NSGAII,WFG5,WFG,2,11,4029,0.0662106653840125,0.3126092248393933
NSGAII,WFG5,WFG,2,11,4030,0.0649056618228703,0.31286387333739
NSGAII,WFG5,WFG,3,12,4001,0.2859940828900793,0.4913664856794853
NSGAII,WFG5,WFG,3,12,4002,0.3102669781380964,0.4820232825262242
NSGAII,WFG5,WFG,3,12,4003,0.3007954831095595,0.4825354600840816
NSGAII,WFG5,WFG,3,12,4004,0.2821717872047082,0.4953137170582399
NSGAII,WFG5,WFG,3,12,4005,0.2677601504162141,0.4955661772215182
NSGAII,WFG5,WFG,3,12,4006,0.2835697385338368,0.4924384328174523
NSGAII,WFG5,WFG,3,12,4007,0.2894909618916966,0.4901848590597604
NSGAII,WFG5,WFG,3,12,4008,0.2771597339793479,0.4940206695660303
NSGAII,WFG5,WFG,3,12,4009,0.2718073282164128,0.4964857069322818
NSGAII,WFG5,WFG,3,12,4010,0.2945909019227369,0.4972244315819735
NSGAII,WFG5,WFG,3,12,4011,0.2866323956529714,0.49040168304775
NSGAII,WFG5,WFG,3,12,4012,0.281804664148988,0.4897843412496648
NSGAII,WFG5,WFG,3,12,4013,0.2961961280468128,0.4927133324495766
NSGAII,WFG5,WFG,3,12,4014,0.2915092894010733,0.4867358310253625
NSGAII,WFG5,WFG,3,12,4015,0.2805258246091179,0.4968825243947551
NSGAII,WFG5,WFG,3,12,4016,0.2590579099718142,0.5014047487240242
NSGAII,WFG5,WFG,3,12,4017,0.2719043991719054,0.4984176056536558
NSGAII,WFG5,WFG,3,12,4018,0.2883707930817226,0.4926728639174125
NSGAII,WFG5,WFG,3,12,4019,0.2893625336907858,0.4841644223042551
NSGAII,WFG5,WFG,3,12,4020,0.2739065606328748,0.4906560558093626
NSGAII,WFG5,WFG,3,12,4021,0.29637869098151,0.4899891104240842
NSGAII,WFG5,WFG,3,12,4022,0.2866196220420167,0.4878765910151283
NSGAII,WFG5,WFG,3,12,4023,0.2767907623704467,0.4894473930451543
NSGAII,WFG5,WFG,3,12,4024,0.277393649471099,0.498295426054016
NSGAII,WFG5,WFG,3,12,4025,0.2772868638329211,0.4897914126038254
NSGAII,WFG5,WFG,3,12,4026,0.2734032259490817,0.4941336203643481
NSGAII,WFG5,WFG,3,12,4027,0.278769271414442,0.4937782262723193
NSGAII,WFG5,WFG,3,12,4028,0.2812979538232144,0.4934704581895084
NSGAII,WFG5,WFG,3,12,4029,0.2783815763657274,0.4983756558263891
NSGAII,WFG5,WFG,3,12,4030,0.2675479883979923,0.4962663145562113
NSGAII,WFG6,WFG,2,11,4001,0.0608054884489413,0.3151935764601764
NSGAII,WFG6,WFG,2,11,4002,0.0942070638558793,0.296638884904169
NSGAII,WFG6,WFG,2,11,4003,0.060456480157601,0.3155215943521426
NSGAII,WFG6,WFG,2,11,4004,0.1015275773804299,0.2923992278371177
NSGAII,WFG6,WFG,2,11,4005,0.0953105063436115,0.2959672726026263
NSGAII,WFG6,WFG,2,11,4006,0.0928005859883216,0.2975945308131239
NSGAII,WFG6,WFG,2,11,4007,0.0991281445824478,0.2939450533426774
NSGAII,WFG6,WFG,2,11,4008,0.068863156048181,0.3106535658460364
NSGAII,WFG6,WFG,2,11,4009,0.0646073000729385,0.3131969141760049
NSGAII,WFG6,WFG,2,11,4010,0.0734131790047849,0.3082983389504987
NSGAII,WFG6,WFG,2,11,4011,0.0756973266375109,0.307017993320515
NSGAII,WFG6,WFG,2,11,4012,0.1136768940203247,0.2859856538200804
NSGAII,WFG6,WFG,2,11,4013,0.0593637815240807,0.3165103167013365
NSGAII,WFG6,WFG,2,11,4014,0.0865709517854459,0.3009022936030058
NSGAII,WFG6,WFG,2,11,4015,0.0872182378631359,0.3005862403765094
NSGAII,WFG6,WFG,2,11,4016,0.0736607158084327,0.3079801361956364
NSGAII,WFG6,WFG,2,11,4017,0.0925284472634183,0.297580220543628
NSGAII,WFG6,WFG,2,11,4018,0.0842926876499541,0.3021523901663997
NSGAII,WFG6,WFG,2,11,4019,0.0815839295842612,0.3035149284249394
NSGAII,WFG6,WFG,2,11,4020,0.1071894313408808,0.2893889127357782
NSGAII,WFG6,WFG,2,11,4021,0.0444217700618251,0.3246711355359937
NSGAII,WFG6,WFG,2,11,4022,0.1036378257795314,0.2916052902504131
NSGAII,WFG6,WFG,2,11,4023,0.0694941126022027,0.310342106777189
NSGAII,WFG6,WFG,2,11,4024,0.0844708547599542,0.3022268029506169
NSGAII,WFG6,WFG,2,11,4025,0.0997021239572848,0.2940525931912657
NSGAII,WFG6,WFG,2,11,4026,0.0975972053872537,0.2949400921800921
NSGAII,WFG6,WFG,2,11,4027,0.049642809477282,0.3215703040958375
NSGAII,WFG6,WFG,2,11,4028,0.1126506777764565,0.2866450808106748
NSGAII,WFG6,WFG,2,11,4029,0.0551867386365187,0.3185923921170021
NSGAII,WFG6,WFG,2,11,4030,0.092419240831816,0.2973957775991124
NSGAII,WFG6,WFG,3,12,4001,0.3161673074746185,0.4592300899942202
NSGAII,WFG6,WFG,3,12,4002,0.3009557646728972,0.4654072969332044
NSGAII,WFG6,WFG,3,12,4003,0.2967738457181196,0.4867529361137557
NSGAII,WFG6,WFG,3,12,4004,0.2858543884823555,0.4967704253066716
NSGAII,WFG6,WFG,3,12,4005,0.2939908763807854,0.4787195846579448
NSGAII,WFG6,WFG,3,12,4006,0.3177162140467279,0.4808002242613731
NSGAII,WFG6,WFG,3,12,4007,0.3169852071316943,0.4612800534432865
NSGAII,WFG6,WFG,3,12,4008,0.3327069030909743,0.4533525618467807
NSGAII,WFG6,WFG,3,12,4009,0.2850531688377115,0.4922076531750827
NSGAII,WFG6,WFG,3,12,4010,0.3136043209683568,0.4689198763868819
NSGAII,WFG6,WFG,3,12,4011,0.298265535287771,0.4707228124824384
NSGAII,WFG6,WFG,3,12,4012,0.2957425124008876,0.4766252682161735
NSGAII,WFG6,WFG,3,12,4013,0.2726485108407528,0.5056630956581923
NSGAII,WFG6,WFG,3,12,4014,0.3117670509565408,0.4795956471533462
NSGAII,WFG6,WFG,3,12,4015,0.3060469990621837,0.4759355644594495
NSGAII,WFG6,WFG,3,12,4016,0.3095205743964155,0.4682111207199876
NSGAII,WFG6,WFG,3,12,4017,0.2935623593830409,0.4743375498936031
NSGAII,WFG6,WFG,3,12,4018,0.2796833591578573,0.4829921256438302
NSGAII,WFG6,WFG,3,12,4019,0.3130003804089364,0.4650851058666153
NSGAII,WFG6,WFG,3,12,4020,0.2816800396790307,0.4888397404937643
NSGAII,WFG6,WFG,3,12,4021,0.2838757831948089,0.4893147296564089
NSGAII,WFG6,WFG,3,12,4022,0.290151108881574,0.4849381270573076
NSGAII,WFG6,WFG,3,12,4023,0.3041325663543601,0.4696112487356966
NSGAII,WFG6,WFG,3,12,4024,0.2956553221386295,0.4861989332852336
NSGAII,WFG6,WFG,3,12,4025,0.2933265478026472,0.4861550305543735
NSGAII,WFG6,WFG,3,12,4026,0.2738032875508869,0.4856671626685243
NSGAII,WFG6,WFG,3,12,4027,0.3301372919619837,0.4498936672323376
NSGAII,WFG6,WFG,3,12,4028,0.3052473099973644,0.4795347103808841
NSGAII,WFG6,WFG,3,12,4029,0.3255991619357307,0.4558891049979552
NSGAII,WFG6,WFG,3,12,4030,0.2949001385928826,0.4685808597555705
NSGAII,WFG7,WFG,2,11,4001,0.017294822150134,0.3455266953512975
NSGAII,WFG7,WFG,2,11,4002,0.0165094893653238,0.3453399730196151
NSGAII,WFG7,WFG,2,11,4003,0.0177153030441886,0.3452097678425168
NSGAII,WFG7,WFG,2,11,4004,0.0187704679919222,0.3444443004973123
NSGAII,WFG7,WFG,2,11,4005,0.0174617451895939,0.3451324318000467
NSGAII,WFG7,WFG,2,11,4006,0.0178726920704824,0.3450732450289713
NSGAII,WFG7,WFG,2,11,4007,0.0172201010301634,0.3454169510572022
NSGAII,WFG7,WFG,2,11,4008,0.0170737171272592,0.3454322181592113
NSGAII,WFG7,WFG,2,11,4009,0.0166218871210859,0.3449931937993403
NSGAII,WFG7,WFG,2,11,4010,0.0167619189581474,0.3455353489244503
NSGAII,WFG7,WFG,2,11,4011,0.0169808497655321,0.3446351615992445
NSGAII,WFG7,WFG,2,11,4012,0.0159794986247701,0.3454557821924034
NSGAII,WFG7,WFG,2,11,4013,0.0168518476370668,0.3451704273099797
NSGAII,WFG7,WFG,2,11,4014,0.0184925844022928,0.3442056499042897
NSGAII,WFG7,WFG,2,11,4015,0.0176935547265358,0.3452064691318829
NSGAII,WFG7,WFG,2,11,4016,0.0176777013166322,0.3451021741484661
NSGAII,WFG7,WFG,2,11,4017,0.0162834570917767,0.3453352176258206
NSGAII,WFG7,WFG,2,11,4018,0.0174689325483533,0.3452277608244727
NSGAII,WFG7,WFG,2,11,4019,0.0161906251470838,0.3453879792794384
NSGAII,WFG7,WFG,2,11,4020,0.0181123723399596,0.3452986496653048
NSGAII,WFG7,WFG,2,11,4021,0.0188147950850636,0.344587168065095
NSGAII,WFG7,WFG,2,11,4022,0.0174839235567481,0.3450033397650699
NSGAII,WFG7,WFG,2,11,4023,0.0163147382893968,0.3451522149848794
NSGAII,WFG7,WFG,2,11,4024,0.0167943797550152,0.3452226198871003
NSGAII,WFG7,WFG,2,11,4025,0.0172211597898394,0.3452991628936864
NSGAII,WFG7,WFG,2,11,4026,0.0181073192508366,0.3451999191662237
NSGAII,WFG7,WFG,2,11,4027,0.0177943389603997,0.3448638541333335
NSGAII,WFG7,WFG,2,11,4028,0.0176314638424213,0.3443139172844182
NSGAII,WFG7,WFG,2,11,4029,0.0172346259566903,0.3450751308549087
NSGAII,WFG7,WFG,2,11,4030,0.0164737565148077,0.3452964004904013
NSGAII,WFG7,WFG,3,12,4001,0.2750582014360322,0.520059715275715
NSGAII,WFG7,WFG,3,12,4002,0.3039571764939244,0.519899181956761
NSGAII,WFG7,WFG,3,12,4003,0.3038747413248915,0.5109076494050513
NSGAII,WFG7,WFG,3,12,4004,0.2676702466638023,0.5175680923472543
NSGAII,WFG7,WFG,3,12,4005,0.2870721241101679,0.5234436381642688
NSGAII,WFG7,WFG,3,12,4006,0.2745169751333959,0.5311311897367383
NSGAII,WFG7,WFG,3,12,4007,0.2739298968606957,0.5272763482393844
NSGAII,WFG7,WFG,3,12,4008,0.2971270684493398,0.5273239201361272
NSGAII,WFG7,WFG,3,12,4009,0.2750530729314424,0.5238937309037542
NSGAII,WFG7,WFG,3,12,4010,0.2914529899779168,0.515779995683421
NSGAII,WFG7,WFG,3,12,4011,0.2859633701284285,0.5138617112964876
NSGAII,WFG7,WFG,3,12,4012,0.2658325998639365,0.5236434411420262
NSGAII,WFG7,WFG,3,12,4013,0.2933698714710935,0.5104192303113
NSGAII,WFG7,WFG,3,12,4014,0.2940843914665106,0.5182276357739299
NSGAII,WFG7,WFG,3,12,4015,0.2904756568474682,0.5163202353401284
NSGAII,WFG7,WFG,3,12,4016,0.2694336104226049,0.5277533516352286
NSGAII,WFG7,WFG,3,12,4017,0.2658582485806827,0.5195866696586691
NSGAII,WFG7,WFG,3,12,4018,0.3065612462806111,0.5110738065873404
NSGAII,WFG7,WFG,3,12,4019,0.2731865741225905,0.5326114679350658
NSGAII,WFG7,WFG,3,12,4020,0.2637792504551482,0.5240025982547354
NSGAII,WFG7,WFG,3,12,4021,0.2675484856031643,0.5243661523696029
NSGAII,WFG7,WFG,3,12,4022,0.2781256475339269,0.523934548344695
NSGAII,WFG7,WFG,3,12,4023,0.2734815988804051,0.5276764761978163
NSGAII,WFG7,WFG,3,12,4024,0.3093868455873519,0.5227042196534573
NSGAII,WFG7,WFG,3,12,4025,0.2804012458446013,0.5163702931768845
NSGAII,WFG7,WFG,3,12,4026,0.2846934546224323,0.5161636918344686
NSGAII,WFG7,WFG,3,12,4027,0.2787058444849079,0.5178334214706468
NSGAII,WFG7,WFG,3,12,4028,0.2652427766896337,0.5226707938008843
NSGAII,WFG7,WFG,3,12,4029,0.2844710821800352,0.5203478417809662
NSGAII,WFG7,WFG,3,12,4030,0.2909559423246117,0.5185641713345838
NSGAII,WFG8,WFG,2,11,4001,0.1100802085357095,0.2883052931408687
NSGAII,WFG8,WFG,2,11,4002,0.109404468162139,0.2885428682579258
NSGAII,WFG8,WFG,2,11,4003,0.1072081761713813,0.2899307758571826
NSGAII,WFG8,WFG,2,11,4004,0.1073529066647292,0.2896705119485877
NSGAII,WFG8,WFG,2,11,4005,0.1103063596361617,0.2881182154856568
NSGAII,WFG8,WFG,2,11,4006,0.1114220710104431,0.2879014777719314
NSGAII,WFG8,WFG,2,11,4007,0.1098191463439297,0.288565617284624
NSGAII,WFG8,WFG,2,11,4008,0.109482029988988,0.2884890159761487
NSGAII,WFG8,WFG,2,11,4009,0.1028814006490127,0.2918986051928531
NSGAII,WFG8,WFG,2,11,4010,0.109303287779318,0.2888281970573864
NSGAII,WFG8,WFG,2,11,4011,0.1077707197633446,0.2894021384847888
NSGAII,WFG8,WFG,2,11,4012,0.1010771146756997,0.2931469487733881
NSGAII,WFG8,WFG,2,11,4013,0.107513267194781,0.289566458185754
NSGAII,WFG8,WFG,2,11,4014,0.1083343383729708,0.2897721650780315
NSGAII,WFG8,WFG,2,11,4015,0.1093661077754357,0.2889605698043669
NSGAII,WFG8,WFG,2,11,4016,0.1099343294495299,0.2881088406756152
NSGAII,WFG8,WFG,2,11,4017,0.1109830478463502,0.2897689960401945
NSGAII,WFG8,WFG,2,11,4018,0.103350518210496,0.2920127212454349
NSGAII,WFG8,WFG,2,11,4019,0.1104709242724421,0.2879530008648948
NSGAII,WFG8,WFG,2,11,4020,0.1068239781134607,0.290162104311444
NSGAII,WFG8,WFG,2,11,4021,0.1098565592354057,0.2884179444397393
NSGAII,WFG8,WFG,2,11,4022,0.1053910689622731,0.2907795858167181
NSGAII,WFG8,WFG,2,11,4023,0.1075774906196421,0.2894911532822988
NSGAII,WFG8,WFG,2,11,4024,0.1095315672055552,0.2888598045646315
NSGAII,WFG8,WFG,2,11,4025,0.1105954163627899,0.2880843059322562
NSGAII,WFG8,WFG,2,11,4026,0.110379983852204,0.2880706924171478
NSGAII,WFG8,WFG,2,11,4027,0.1101707461400767,0.2883744450438818
NSGAII,WFG8,WFG,2,11,4028,0.1104033467186298,0.288166177270855
NSGAII,WFG8,WFG,2,11,4029,0.1109266015803832,0.2878453190815905
NSGAII,WFG8,WFG,2,11,4030,0.1100896779017763,0.2883449487815041
NSGAII,WFG8,WFG,3,12,4001,0.3756875894374967,0.4418247008654988
NSGAII,WFG8,WFG,3,12,4002,0.386295515914507,0.4452564348156809
NSGAII,WFG8,WFG,3,12,4003,0.3473415741205958,0.4434717060048535
NSGAII,WFG8,WFG,3,12,4004,0.3822543499612886,0.4415674427468583
NSGAII,WFG8,WFG,3,12,4005,0.3609615516092065,0.4488077222526225
NSGAII,WFG8,WFG,3,12,4006,0.3735998281871285,0.4452847917656342
NSGAII,WFG8,WFG,3,12,4007,0.3733778943935288,0.4461775657358601
NSGAII,WFG8,WFG,3,12,4008,0.3588350214917276,0.4450186332137529
NSGAII,WFG8,WFG,3,12,4009,0.3898304369938298,0.440886598956914
NSGAII,WFG8,WFG,3,12,4010,0.3612925361725139,0.4444125440345117
NSGAII,WFG8,WFG,3,12,4011,0.3680905184675682,0.446718985764382
NSGAII,WFG8,WFG,3,12,4012,0.3875979447734144,0.4356372621436381
NSGAII,WFG8,WFG,3,12,4013,0.368752782165784,0.4399640630436049
NSGAII,WFG8,WFG,3,12,4014,0.3880455328513562,0.4417258485387217
NSGAII,WFG8,WFG,3,12,4015,0.3759174021684625,0.4403131411512768
NSGAII,WFG8,WFG,3,12,4016,0.3635664037826694,0.4452228363456207
NSGAII,WFG8,WFG,3,12,4017,0.3850675308427989,0.4400712923744914
NSGAII,WFG8,WFG,3,12,4018,0.3894426445461608,0.4391805874514343
NSGAII,WFG8,WFG,3,12,4019,0.3900482318291879,0.443082144764996
NSGAII,WFG8,WFG,3,12,4020,0.3600464129056853,0.4441591128657319
NSGAII,WFG8,WFG,3,12,4021,0.3889998247039109,0.4404356132748636
NSGAII,WFG8,WFG,3,12,4022,0.379642215993685,0.4356928882055824
NSGAII,WFG8,WFG,3,12,4023,0.3811949078812987,0.4425749315027974
NSGAII,WFG8,WFG,3,12,4024,0.3707014268538297,0.4443106943976764
NSGAII,WFG8,WFG,3,12,4025,0.365283326818914,0.4453748921259489
NSGAII,WFG8,WFG,3,12,4026,0.3652109276110715,0.4430346659549699
NSGAII,WFG8,WFG,3,12,4027,0.3736433093996655,0.4426953663029819
NSGAII,WFG8,WFG,3,12,4028,0.3637724380964015,0.4459906551802922
NSGAII,WFG8,WFG,3,12,4029,0.3758100435970031,0.4379100696643728
NSGAII,WFG8,WFG,3,12,4030,0.3862314061782172,0.4458635672025915
NSGAII,WFG9,WFG,2,11,4001,0.0172055302172848,0.343691182009488
NSGAII,WFG9,WFG,2,11,4002,0.0177687521879307,0.342895785613589
NSGAII,WFG9,WFG,2,11,4003,0.0168225268744633,0.3436442006502007
NSGAII,WFG9,WFG,2,11,4004,0.0198664080853753,0.341521187029994
NSGAII,WFG9,WFG,2,11,4005,0.0205677194782226,0.3411801526888851
NSGAII,WFG9,WFG,2,11,4006,0.0179996051934096,0.3424955171626437
NSGAII,WFG9,WFG,2,11,4007,0.0188953364518804,0.3421507565119875
NSGAII,WFG9,WFG,2,11,4008,0.0176897117388525,0.3432971507324156
NSGAII,WFG9,WFG,2,11,4009,0.0210214271796058,0.3407277094099274
NSGAII,WFG9,WFG,2,11,4010,0.0181949083593424,0.342634856056298
NSGAII,WFG9,WFG,2,11,4011,0.0201086892853214,0.3405684561698518
NSGAII,WFG9,WFG,2,11,4012,0.0170863151616505,0.3435358452165916
NSGAII,WFG9,WFG,2,11,4013,0.0171124259064866,0.3436974200947099
NSGAII,WFG9,WFG,2,11,4014,0.0306154041908844,0.3333554654270943
NSGAII,WFG9,WFG,2,11,4015,0.0185380907516011,0.343600836648995
NSGAII,WFG9,WFG,2,11,4016,0.0168261253986886,0.3444819384793841
NSGAII,WFG9,WFG,2,11,4017,0.0183908295854019,0.3421815698569898
NSGAII,WFG9,WFG,2,11,4018,0.0181266145384644,0.3428948308393391
NSGAII,WFG9,WFG,2,11,4019,0.0173420356504832,0.3431308803455178
NSGAII,WFG9,WFG,2,11,4020,0.0172178893055372,0.3438446460072354
NSGAII,WFG9,WFG,2,11,4021,0.0195738180748754,0.3416273935537945
NSGAII,WFG9,WFG,2,11,4022,0.0183150194516338,0.3422770597958873
NSGAII,WFG9,WFG,2,11,4023,0.0169889625683149,0.3435980548055923
NSGAII,WFG9,WFG,2,11,4024,0.0197948112052203,0.3429360325048635
NSGAII,WFG9,WFG,2,11,4025,0.0179507876719029,0.3432827318948106
NSGAII,WFG9,WFG,2,11,4026,0.0193460221553114,0.3440421628074307
NSGAII,WFG9,WFG,2,11,4027,0.0179837517783651,0.3429080424123005
NSGAII,WFG9,WFG,2,11,4028,0.0181806228427272,0.3434419515386163
NSGAII,WFG9,WFG,2,11,4029,0.0191157578791987,0.3414033292320317
NSGAII,WFG9,WFG,2,11,4030,0.0202622248170253,0.3427935077810137
NSGAII,WFG9,WFG,3,12,4001,0.2524065853225093,0.5155373509936186
NSGAII,WFG9,WFG,3,12,4002,0.2944380549512792,0.4977827629918048
NSGAII,WFG9,WFG,3,12,4003,0.2797405260973314,0.5005581234561114
NSGAII,WFG9,WFG,3,12,4004,0.274185055963084,0.5000032021890455
NSGAII,WFG9,WFG,3,12,4005,0.2674262164424327,0.5051075526615629
NSGAII,WFG9,WFG,3,12,4006,0.2620616013102929,0.5202372642956583
NSGAII,WFG9,WFG,3,12,4007,0.2759221038349561,0.5040839403675609
NSGAII,WFG9,WFG,3,12,4008,0.2866749678880213,0.4993773314222062
NSGAII,WFG9,WFG,3,12,4009,0.2698421369592868,0.494629851389066
NSGAII,WFG9,WFG,3,12,4010,0.2833919407242673,0.5039370440264207
NSGAII,WFG9,WFG,3,12,4011,0.2622484732329492,0.5046960045385288
NSGAII,WFG9,WFG,3,12,4012,0.2653675326940061,0.5015614094521477
NSGAII,WFG9,WFG,3,12,4013,0.2683889058280108,0.5055703085501249
NSGAII,WFG9,WFG,3,12,4014,0.2644665703946739,0.5029081114481241
NSGAII,WFG9,WFG,3,12,4015,0.2720954879661634,0.4996412199559223
NSGAII,WFG9,WFG,3,12,4016,0.2847569257493704,0.5123325168506071
NSGAII,WFG9,WFG,3,12,4017,0.2690247019355713,0.5047386997042442
NSGAII,WFG9,WFG,3,12,4018,0.2760789499492855,0.512206745620325
NSGAII,WFG9,WFG,3,12,4019,0.2790188272833444,0.4969759494485762
NSGAII,WFG9,WFG,3,12,4020,0.2648506863249211,0.516076419984168
NSGAII,WFG9,WFG,3,12,4021,0.3946947764817977,0.3813497816912894
NSGAII,WFG9,WFG,3,12,4022,0.2942764585085776,0.4978896868360789
NSGAII,WFG9,WFG,3,12,4023,0.2792050791189728,0.5002233947756399
NSGAII,WFG9,WFG,3,12,4024,0.2709818172738633,0.4998864133704469
NSGAII,WFG9,WFG,3,12,4025,0.251453182604734,0.5004303925736595
NSGAII,WFG9,WFG,3,12,4026,0.2799630784771292,0.4988761236480707
NSGAII,WFG9,WFG,3,12,4027,0.2637709676931398,0.5037654754320078
NSGAII,WFG9,WFG,3,12,4028,0.2680731918756676,0.5034634214383825
NSGAII,WFG9,WFG,3,12,4029,0.2956887574646485,0.4999739193819276
NSGAII,WFG9,WFG,3,12,4030,0.2852083539373454,0.4991330737432551
NSGAII,ZDT1,ZDT,2,30,4001,0.0045981972723455,0.7194907210589042
NSGAII,ZDT1,ZDT,2,30,4002,0.0049641600224378,0.7193186563107448
NSGAII,ZDT1,ZDT,2,30,4003,0.0047298413259819,0.7191876171761541
NSGAII,ZDT1,ZDT,2,30,4004,0.0045653986495792,0.719697729723941
NSGAII,ZDT1,ZDT,2,30,4005,0.0048305722238154,0.7191979745390169
NSGAII,ZDT1,ZDT,2,30,4006,0.0045210050638347,0.7197293142857444
NSGAII,ZDT1,ZDT,2,30,4007,0.0049312523593741,0.7188806893615185
NSGAII,ZDT1,ZDT,2,30,4008,0.0052463839894055,0.7189141627549778
NSGAII,ZDT1,ZDT,2,30,4009,0.0048850834949058,0.7189819340206716
NSGAII,ZDT1,ZDT,2,30,4010,0.00494818525086,0.7191530869357943
NSGAII,ZDT1,ZDT,2,30,4011,0.0050748753053717,0.7188799181061857
NSGAII,ZDT1,ZDT,2,30,4012,0.0048595466654993,0.7193031298093305
NSGAII,ZDT1,ZDT,2,30,4013,0.004530478200909,0.7195948014499489
NSGAII,ZDT1,ZDT,2,30,4014,0.0048647794312019,0.7190092478040258
NSGAII,ZDT1,ZDT,2,30,4015,0.0050195528399181,0.718913980351601
NSGAII,ZDT1,ZDT,2,30,4016,0.0045110322553987,0.7194703128338507
NSGAII,ZDT1,ZDT,2,30,4017,0.0046188743879269,0.7193941035105684
NSGAII,ZDT1,ZDT,2,30,4018,0.0047632856382215,0.7193184622492459
NSGAII,ZDT1,ZDT,2,30,4019,0.0048193981737477,0.7192741452730516
NSGAII,ZDT1,ZDT,2,30,4020,0.00474510696752,0.7191177734096861
NSGAII,ZDT1,ZDT,2,30,4021,0.0049955540352268,0.7189885411509404
NSGAII,ZDT1,ZDT,2,30,4022,0.0049762097713192,0.7191508987164398
NSGAII,ZDT1,ZDT,2,30,4023,0.0048635598997352,0.7190247313366613
NSGAII,ZDT1,ZDT,2,30,4024,0.0049409244771814,0.7192061206131768
NSGAII,ZDT1,ZDT,2,30,4025,0.0045381554052053,0.7194175491768144
NSGAII,ZDT1,ZDT,2,30,4026,0.00450583193113,0.7195688067179903
NSGAII,ZDT1,ZDT,2,30,4027,0.0048501355634118,0.7192024303938116
NSGAII,ZDT1,ZDT,2,30,4028,0.0049914247760968,0.7190562354417265
NSGAII,ZDT1,ZDT,2,30,4029,0.0049051463357491,0.7190504973936469
NSGAII,ZDT1,ZDT,2,30,4030,0.00508485660697,0.7186183414953843
NSGAII,ZDT2,ZDT,2,30,4001,0.0046010063477271,0.4441406344731964
NSGAII,ZDT2,ZDT,2,30,4002,0.0050400113495808,0.4437760931080559
NSGAII,ZDT2,ZDT,2,30,4003,0.0046912100896144,0.4439919445238385
NSGAII,ZDT2,ZDT,2,30,4004,0.0049071750091997,0.4438961856493838
NSGAII,ZDT2,ZDT,2,30,4005,0.0046701238862563,0.4442097219728527
NSGAII,ZDT2,ZDT,2,30,4006,0.0051052342002057,0.4437150071868871
NSGAII,ZDT2,ZDT,2,30,4007,0.0048991916902273,0.4439862909036403
NSGAII,ZDT2,ZDT,2,30,4008,0.005546529217792,0.4431453616860317
NSGAII,ZDT2,ZDT,2,30,4009,0.0049240131533181,0.4437108904326401
NSGAII,ZDT2,ZDT,2,30,4010,0.0048689612965804,0.4440600605787981
NSGAII,ZDT2,ZDT,2,30,4011,0.0048560117929052,0.4440214408230413
NSGAII,ZDT2,ZDT,2,30,4012,0.0051289684814366,0.4436216174502201
NSGAII,ZDT2,ZDT,2,30,4013,0.0048450955836875,0.4439124506953683
NSGAII,ZDT2,ZDT,2,30,4014,0.0049146839417987,0.4440945164534328
NSGAII,ZDT2,ZDT,2,30,4015,0.0048853702783661,0.4443622424142051
NSGAII,ZDT2,ZDT,2,30,4016,0.0049079030576044,0.4441790021960902
NSGAII,ZDT2,ZDT,2,30,4017,0.0049201239019561,0.4438850094014078
NSGAII,ZDT2,ZDT,2,30,4018,0.0046301783401264,0.4442024490422772
NSGAII,ZDT2,ZDT,2,30,4019,0.0049347746883101,0.4440207585104597
NSGAII,ZDT2,ZDT,2,30,4020,0.0048646116055482,0.4439611169346276
NSGAII,ZDT2,ZDT,2,30,4021,0.0047646080938611,0.4440080939842213
NSGAII,ZDT2,ZDT,2,30,4022,0.0048852146720241,0.4440587474763754
NSGAII,ZDT2,ZDT,2,30,4023,0.0047161774261803,0.4439447810060821
NSGAII,ZDT2,ZDT,2,30,4024,0.004832718638758,0.4439828412664681
NSGAII,ZDT2,ZDT,2,30,4025,0.0051427480464884,0.44364149577437
NSGAII,ZDT2,ZDT,2,30,4026,0.0050539013191963,0.443826606794474
NSGAII,ZDT2,ZDT,2,30,4027,0.0048393108575011,0.4439010229089406
NSGAII,ZDT2,ZDT,2,30,4028,0.0049773377105367,0.4440729305187346
NSGAII,ZDT2,ZDT,2,30,4029,0.0046665491717811,0.4443285043290457
NSGAII,ZDT2,ZDT,2,30,4030,0.0048032744238627,0.444216193451999
NSGAII,ZDT3,ZDT,2,30,4001,0.005544946559824,0.599295886338865
NSGAII,ZDT3,ZDT,2,30,4002,0.005510060265416,0.5994609352305837
NSGAII,ZDT3,ZDT,2,30,4003,0.0053612486089333,0.5994431788248492
NSGAII,ZDT3,ZDT,2,30,4004,0.0053345753882282,0.5994637876067496
NSGAII,ZDT3,ZDT,2,30,4005,0.0056580320019656,0.5993338573036133
NSGAII,ZDT3,ZDT,2,30,4006,0.0055347433177199,0.599414953358775
NSGAII,ZDT3,ZDT,2,30,4007,0.0053363063104898,0.5994756923199825
NSGAII,ZDT3,ZDT,2,30,4008,0.0050629532848492,0.5995448160627465
NSGAII,ZDT3,ZDT,2,30,4009,0.0054630842253811,0.599377305671052
NSGAII,ZDT3,ZDT,2,30,4010,0.0053906575057137,0.5993847920841879
NSGAII,ZDT3,ZDT,2,30,4011,0.0054713256055528,0.5993827859203446
NSGAII,ZDT3,ZDT,2,30,4012,0.0050618087778077,0.5995549877254042
NSGAII,ZDT3,ZDT,2,30,4013,0.005503990981925,0.5993676647346269
NSGAII,ZDT3,ZDT,2,30,4014,0.0051003880903081,0.5994506926133338
NSGAII,ZDT3,ZDT,2,30,4015,0.0056456699627164,0.599231099588534
NSGAII,ZDT3,ZDT,2,30,4016,0.0055259640028446,0.5993553554988169
NSGAII,ZDT3,ZDT,2,30,4017,0.0054173555056332,0.5993372730278793
NSGAII,ZDT3,ZDT,2,30,4018,0.0053715572990373,0.5994444186148311
NSGAII,ZDT3,ZDT,2,30,4019,0.0054562491715151,0.5994142382652423
NSGAII,ZDT3,ZDT,2,30,4020,0.0054924913902963,0.5993914985429509
NSGAII,ZDT3,ZDT,2,30,4021,0.0053582636787932,0.5994294296325585
NSGAII,ZDT3,ZDT,2,30,4022,0.0055965569841975,0.5994414831811558
NSGAII,ZDT3,ZDT,2,30,4023,0.00530955286079,0.599444175191387
NSGAII,ZDT3,ZDT,2,30,4024,0.0053874154982971,0.5994547997924154
NSGAII,ZDT3,ZDT,2,30,4025,0.0056324191452281,0.5993650978718182
NSGAII,ZDT3,ZDT,2,30,4026,0.0052694147246385,0.5994037474930106
NSGAII,ZDT3,ZDT,2,30,4027,0.0052780441323497,0.5993058192715534
NSGAII,ZDT3,ZDT,2,30,4028,0.0053953282861261,0.5994164575031725
NSGAII,ZDT3,ZDT,2,30,4029,0.0054737980452849,0.5992987958925988
NSGAII,ZDT3,ZDT,2,30,4030,0.0055964360652647,0.5992825567668542
NSGAII,ZDT4,ZDT,2,10,4001,0.0043197310323836,0.7199566851623274
NSGAII,ZDT4,ZDT,2,10,4002,0.0045531088243476,0.719552525962524
NSGAII,ZDT4,ZDT,2,10,4003,0.0046070594045795,0.7189154871364835
NSGAII,ZDT4,ZDT,2,10,4004,0.0044852142145364,0.7192143460613611
NSGAII,ZDT4,ZDT,2,10,4005,0.0043596304623129,0.719970563019654
NSGAII,ZDT4,ZDT,2,10,4006,0.0044184452070736,0.7193452807338845
NSGAII,ZDT4,ZDT,2,10,4007,0.004396597500962,0.7196850437792308
NSGAII,ZDT4,ZDT,2,10,4008,0.0044882467666164,0.7196434555510112
NSGAII,ZDT4,ZDT,2,10,4009,0.0046483699985415,0.7195910961302183
NSGAII,ZDT4,ZDT,2,10,4010,0.0042551288830865,0.71984128385177
NSGAII,ZDT4,ZDT,2,10,4011,0.0045307675757232,0.7194711776086239
NSGAII,ZDT4,ZDT,2,10,4012,0.0045872042488621,0.719670092802425
NSGAII,ZDT4,ZDT,2,10,4013,0.0045484385339599,0.7197285949562607
NSGAII,ZDT4,ZDT,2,10,4014,0.004786833686553,0.7193329774248297
NSGAII,ZDT4,ZDT,2,10,4015,0.0047644501867817,0.7194514555688887
NSGAII,ZDT4,ZDT,2,10,4016,0.0045278697199827,0.7196943494507642
NSGAII,ZDT4,ZDT,2,10,4017,0.0043754785005217,0.7196528513849546
NSGAII,ZDT4,ZDT,2,10,4018,0.0048314532937448,0.7189888576118301
NSGAII,ZDT4,ZDT,2,10,4019,0.0042153416631602,0.720106780267129
NSGAII,ZDT4,ZDT,2,10,4020,0.0045227394615663,0.7195758158657221
NSGAII,ZDT4,ZDT,2,10,4021,0.0044797291912368,0.7197500256222081
NSGAII,ZDT4,ZDT,2,10,4022,0.0044493318719922,0.7197043407367534
NSGAII,ZDT4,ZDT,2,10,4023,0.0044335077131473,0.7197557312411379
NSGAII,ZDT4,ZDT,2,10,4024,0.0047663929999122,0.7191816477976681
NSGAII,ZDT4,ZDT,2,10,4025,0.004638232883222,0.7195373942068497
NSGAII,ZDT4,ZDT,2,10,4026,0.004635685870072,0.7191448797963603
NSGAII,ZDT4,ZDT,2,10,4027,0.0045038579984707,0.7196261518518121
NSGAII,ZDT4,ZDT,2,10,4028,0.0043102721373368,0.719924739420142
NSGAII,ZDT4,ZDT,2,10,4029,0.0044520546117692,0.719868583125983
NSGAII,ZDT4,ZDT,2,10,4030,0.0046237539656847,0.7195419522681199
NSGAII,ZDT6,ZDT,2,10,4001,0.0036624368108722,0.3883239952196708
NSGAII,ZDT6,ZDT,2,10,4002,0.0034715869709319,0.3885304532439758
NSGAII,ZDT6,ZDT,2,10,4003,0.0035668663970886,0.3884173280500974
NSGAII,ZDT6,ZDT,2,10,4004,0.0036827640184786,0.3882799466337215
NSGAII,ZDT6,ZDT,2,10,4005,0.0035881057682421,0.3883780944890065
NSGAII,ZDT6,ZDT,2,10,4006,0.0034796349341313,0.3884907875402573
NSGAII,ZDT6,ZDT,2,10,4007,0.0036236320094492,0.3883788367422757
NSGAII,ZDT6,ZDT,2,10,4008,0.0036335343126483,0.3883641452404706
NSGAII,ZDT6,ZDT,2,10,4009,0.0035450931352876,0.3884690976837661
NSGAII,ZDT6,ZDT,2,10,4010,0.0035246767636366,0.3884350156005615
NSGAII,ZDT6,ZDT,2,10,4011,0.0035791920837915,0.3884048265882155
NSGAII,ZDT6,ZDT,2,10,4012,0.0037348890301488,0.3882812106427962
NSGAII,ZDT6,ZDT,2,10,4013,0.003567158468777,0.3884605149915022
NSGAII,ZDT6,ZDT,2,10,4014,0.0036174488670066,0.3883139105094637
NSGAII,ZDT6,ZDT,2,10,4015,0.0037665779032487,0.3882246072017691
NSGAII,ZDT6,ZDT,2,10,4016,0.0035731419094319,0.3883794232363343
NSGAII,ZDT6,ZDT,2,10,4017,0.0037117759688391,0.3883008405082658
NSGAII,ZDT6,ZDT,2,10,4018,0.0036996939523096,0.388284917834149
NSGAII,ZDT6,ZDT,2,10,4019,0.0036543144743512,0.3883861639725385
NSGAII,ZDT6,ZDT,2,10,4020,0.0035538630373115,0.388412751241544
NSGAII,ZDT6,ZDT,2,10,4021,0.0038799171779905,0.3881819368432327
NSGAII,ZDT6,ZDT,2,10,4022,0.0036029490912239,0.3883931626863715
NSGAII,ZDT6,ZDT,2,10,4023,0.0037209634339619,0.3882454536463824
NSGAII,ZDT6,ZDT,2,10,4024,0.0037496680835822,0.388227044073101
NSGAII,ZDT6,ZDT,2,10,4025,0.0036331598531036,0.3883765053843213
NSGAII,ZDT6,ZDT,2,10,4026,0.003549398767383,0.3884313940062198
NSGAII,ZDT6,ZDT,2,10,4027,0.0036705886298774,0.3883466405130131
NSGAII,ZDT6,ZDT,2,10,4028,0.003574128513531,0.3884437050213837
NSGAII,ZDT6,ZDT,2,10,4029,0.0035748428020744,0.3884179685385294
NSGAII,ZDT6,ZDT,2,10,4030,0.0037961646712265,0.388150628020402
NSGAIII,DTLZ1,DTLZ,2,6,5001,0.0017891879504758,0.5824500012448526
NSGAIII,DTLZ1,DTLZ,2,6,5002,0.0017877859242497,0.5824905380129648
NSGAIII,DTLZ1,DTLZ,2,6,5003,0.0017856337230094,0.5825781027691297
NSGAIII,DTLZ1,DTLZ,2,6,5004,0.0017853970988171,0.5826024256033056
NSGAIII,DTLZ1,DTLZ,2,6,5005,0.0017883715876154,0.582475413921813
NSGAIII,DTLZ1,DTLZ,2,6,5006,0.0017859841200356,0.5825567717690884
NSGAIII,DTLZ1,DTLZ,2,6,5007,0.0017898970030492,0.5824595710431879
NSGAIII,DTLZ1,DTLZ,2,6,5008,0.0017854325145285,0.5826022947433951
NSGAIII,DTLZ1,DTLZ,2,6,5009,0.0018156471365408,0.5820715506498877
NSGAIII,DTLZ1,DTLZ,2,6,5010,0.0017910983152314,0.5824570868253165
NSGAIII,DTLZ1,DTLZ,2,6,5011,0.0017856173287653,0.5825788805813557
NSGAIII,DTLZ1,DTLZ,2,6,5012,0.0017892660442665,0.5824578581970612
NSGAIII,DTLZ1,DTLZ,2,6,5013,0.0017854063969539,0.5826022805621988
NSGAIII,DTLZ1,DTLZ,2,6,5014,0.0017866332360574,0.5825272933079801
NSGAIII,DTLZ1,DTLZ,2,6,5015,0.0017856408716032,0.5825875373692582
NSGAIII,DTLZ1,DTLZ,2,6,5016,0.0017863126286368,0.5825409330171385
NSGAIII,DTLZ1,DTLZ,2,6,5017,0.0017855931514808,0.5825828909704307
NSGAIII,DTLZ1,DTLZ,2,6,5018,0.0017857900277492,0.5825680317593835
NSGAIII,DTLZ1,DTLZ,2,6,5019,0.0017964367709837,0.5823108835757587
NSGAIII,DTLZ1,DTLZ,2,6,5020,0.0017859035062623,0.5825601267985272
NSGAIII,DTLZ1,DTLZ,2,6,5021,0.0017880529124972,0.582479914231341
NSGAIII,DTLZ1,DTLZ,2,6,5022,0.0017856883049094,0.5825728130479583
NSGAIII,DTLZ1,DTLZ,2,6,5023,0.0017853934255725,0.5826009649255918
NSGAIII,DTLZ1,DTLZ,2,6,5024,0.0017858906964317,0.5825635846978725
NSGAIII,DTLZ1,DTLZ,2,6,5025,0.0017854628643439,0.5825995049908425
NSGAIII,DTLZ1,DTLZ,2,6,5026,0.0017874309559883,0.5824995441922642
NSGAIII,DTLZ1,DTLZ,2,6,5027,0.0017860842861342,0.5825511889526562
NSGAIII,DTLZ1,DTLZ,2,6,5028,0.0017879947603802,0.582481805885755
NSGAIII,DTLZ1,DTLZ,2,6,5029,0.0017854622271201,0.5825950300726098
NSGAIII,DTLZ1,DTLZ,2,6,5030,0.0017987225224005,0.5822761563428964
NSGAIII,DTLZ1,DTLZ,3,7,5001,0.0205598140942493,0.8416809416558433
NSGAIII,DTLZ1,DTLZ,3,7,5002,0.0206397188185549,0.8407023270373132
NSGAIII,DTLZ1,DTLZ,3,7,5003,0.0205570020243572,0.8417153008141679
NSGAIII,DTLZ1,DTLZ,3,7,5004,0.0205580251832832,0.8417133025630075
NSGAIII,DTLZ1,DTLZ,3,7,5005,0.0205640722506878,0.8416231899319015
NSGAIII,DTLZ1,DTLZ,3,7,5006,0.0205576469618018,0.8417037586376399
NSGAIII,DTLZ1,DTLZ,3,7,5007,0.0205697292068824,0.8415453790776566
NSGAIII,DTLZ1,DTLZ,3,7,5008,0.0205565439669968,0.8417368641442896
NSGAIII,DTLZ1,DTLZ,3,7,5009,0.0205563692424247,0.8417313701306239
NSGAIII,DTLZ1,DTLZ,3,7,5010,0.0205684758178619,0.841560100455074
NSGAIII,DTLZ1,DTLZ,3,7,5011,0.0205623333261808,0.8416502263603395
NSGAIII,DTLZ1,DTLZ,3,7,5012,0.0205573687549614,0.8417234095260565
NSGAIII,DTLZ1,DTLZ,3,7,5013,0.0205571733807577,0.8417170434231424
NSGAIII,DTLZ1,DTLZ,3,7,5014,0.0205678875720621,0.8415630100083837
NSGAIII,DTLZ1,DTLZ,3,7,5015,0.0205568398704628,0.8417300125427079
NSGAIII,DTLZ1,DTLZ,3,7,5016,0.0205608970934425,0.8416709657919275
NSGAIII,DTLZ1,DTLZ,3,7,5017,0.0205730888747885,0.8415041065493266
NSGAIII,DTLZ1,DTLZ,3,7,5018,0.0205843490341058,0.8413469707898772
NSGAIII,DTLZ1,DTLZ,3,7,5019,0.0205588206687563,0.8416952094426625
NSGAIII,DTLZ1,DTLZ,3,7,5020,0.0205771527288474,0.841425654493248
NSGAIII,DTLZ1,DTLZ,3,7,5021,0.0205565285567606,0.8417323705462835
NSGAIII,DTLZ1,DTLZ,3,7,5022,0.0205928428670551,0.8412419498882723
NSGAIII,DTLZ1,DTLZ,3,7,5023,0.020568349103362,0.8415513121442647
NSGAIII,DTLZ1,DTLZ,3,7,5024,0.0205936558394543,0.8411888638399817
NSGAIII,DTLZ1,DTLZ,3,7,5025,0.0205659357737924,0.8415989101227802
NSGAIII,DTLZ1,DTLZ,3,7,5026,0.020584899960935,0.8413405269980391
NSGAIII,DTLZ1,DTLZ,3,7,5027,0.0205591222265798,0.841689236728376
NSGAIII,DTLZ1,DTLZ,3,7,5028,0.0205653253584089,0.8416086414904053
NSGAIII,DTLZ1,DTLZ,3,7,5029,0.0205605211101685,0.8416727728501795
NSGAIII,DTLZ1,DTLZ,3,7,5030,0.0205575058172483,0.8417208144640711
NSGAIII,DTLZ2,DTLZ,2,11,5001,0.0039660169234754,0.3472151361581502
NSGAIII,DTLZ2,DTLZ,2,11,5002,0.0041010590838243,0.3469966683376398
NSGAIII,DTLZ2,DTLZ,2,11,5003,0.0039660200623092,0.3472151561838985
NSGAIII,DTLZ2,DTLZ,2,11,5004,0.0039660358695544,0.3472144802415808
NSGAIII,DTLZ2,DTLZ,2,11,5005,0.0039660353774733,0.347215125541594
NSGAIII,DTLZ2,DTLZ,2,11,5006,0.0039660454190097,0.3472151332534749
NSGAIII,DTLZ2,DTLZ,2,11,5007,0.0039660536237913,0.3472149816948799
NSGAIII,DTLZ2,DTLZ,2,11,5008,0.0039660489961908,0.3472150964580643
NSGAIII,DTLZ2,DTLZ,2,11,5009,0.003966072859914,0.347215123808473
NSGAIII,DTLZ2,DTLZ,2,11,5010,0.0039660372106008,0.347215186008629
NSGAIII,DTLZ2,DTLZ,2,11,5011,0.0039660925392391,0.3472150666368956
NSGAIII,DTLZ2,DTLZ,2,11,5012,0.0039660333057287,0.3472151487977182
NSGAIII,DTLZ2,DTLZ,2,11,5013,0.0039660065735272,0.347215172796615
NSGAIII,DTLZ2,DTLZ,2,11,5014,0.0039661855293243,0.3472151204816099
NSGAIII,DTLZ2,DTLZ,2,11,5015,0.0039669242352191,0.3472083787089435
NSGAIII,DTLZ2,DTLZ,2,11,5016,0.0039660223848367,0.3472151279959447
NSGAIII,DTLZ2,DTLZ,2,11,5017,0.0039660521104253,0.3472150590885235
NSGAIII,DTLZ2,DTLZ,2,11,5018,0.0039660264024744,0.347215145923453
NSGAIII,DTLZ2,DTLZ,2,11,5019,0.0039660381469412,0.3472151574361681
NSGAIII,DTLZ2,DTLZ,2,11,5020,0.0039660774619243,0.3472149850581393
NSGAIII,DTLZ2,DTLZ,2,11,5021,0.003966028343608,0.3472151063302441
NSGAIII,DTLZ2,DTLZ,2,11,5022,0.0039660274286734,0.3472151520392575
NSGAIII,DTLZ2,DTLZ,2,11,5023,0.0039660223859464,0.347215141183235
NSGAIII,DTLZ2,DTLZ,2,11,5024,0.0039660071113243,0.3472151040529044
NSGAIII,DTLZ2,DTLZ,2,11,5025,0.003966025068036,0.347215048947838
NSGAIII,DTLZ2,DTLZ,2,11,5026,0.0039660610626604,0.3472149278312958
NSGAIII,DTLZ2,DTLZ,2,11,5027,0.0039660495404659,0.3472151244044721
NSGAIII,DTLZ2,DTLZ,2,11,5028,0.0039660345754199,0.3472151372006449
NSGAIII,DTLZ2,DTLZ,2,11,5029,0.0039660438204968,0.3472147444830963
NSGAIII,DTLZ2,DTLZ,2,11,5030,0.0039660842760438,0.3472151078922364
NSGAIII,DTLZ2,DTLZ,3,12,5001,0.0544648309509751,0.5596141359555276
NSGAIII,DTLZ2,DTLZ,3,12,5002,0.0544687039189562,0.5596157604807839
NSGAIII,DTLZ2,DTLZ,3,12,5003,0.0544646792359088,0.5596156469430413
NSGAIII,DTLZ2,DTLZ,3,12,5004,0.0544643248402254,0.5596118032107396
NSGAIII,DTLZ2,DTLZ,3,12,5005,0.054463893771523,0.5596191539311397
NSGAIII,DTLZ2,DTLZ,3,12,5006,0.0544646673602645,0.5596152435830961
NSGAIII,DTLZ2,DTLZ,3,12,5007,0.0544645785891638,0.5596176736457019
NSGAIII,DTLZ2,DTLZ,3,12,5008,0.0544644115330906,0.5596164389419342
NSGAIII,DTLZ2,DTLZ,3,12,5009,0.0544663243066632,0.5595970683780895
NSGAIII,DTLZ2,DTLZ,3,12,5010,0.0544631605076653,0.5596165711349953
NSGAIII,DTLZ2,DTLZ,3,12,5011,0.0544646204144599,0.5596161100344943
NSGAIII,DTLZ2,DTLZ,3,12,5012,0.0544639171816845,0.5596149564914218
NSGAIII,DTLZ2,DTLZ,3,12,5013,0.0544633344304038,0.5596208342394657
NSGAIII,DTLZ2,DTLZ,3,12,5014,0.0544642226873052,0.5596150102297199
NSGAIII,DTLZ2,DTLZ,3,12,5015,0.0544638292479496,0.5596172868468507
NSGAIII,DTLZ2,DTLZ,3,12,5016,0.054465308053022,0.5596184535837581
NSGAIII,DTLZ2,DTLZ,3,12,5017,0.0544641664892147,0.5596161850097003
NSGAIII,DTLZ2,DTLZ,3,12,5018,0.054463595894587,0.5596187577461513
NSGAIII,DTLZ2,DTLZ,3,12,5019,0.0544638628493482,0.5596167643629372
NSGAIII,DTLZ2,DTLZ,3,12,5020,0.0544647875755402,0.5596132247003305
NSGAIII,DTLZ2,DTLZ,3,12,5021,0.0544647781492259,0.559608128771063
NSGAIII,DTLZ2,DTLZ,3,12,5022,0.0544639645861369,0.5596188001967601
NSGAIII,DTLZ2,DTLZ,3,12,5023,0.05446319489702,0.5596170660378899
NSGAIII,DTLZ2,DTLZ,3,12,5024,0.0544642033373162,0.559619637677016
NSGAIII,DTLZ2,DTLZ,3,12,5025,0.0544640248132558,0.5596127143764572
NSGAIII,DTLZ2,DTLZ,3,12,5026,0.054463612135899,0.5596175877990559
NSGAIII,DTLZ2,DTLZ,3,12,5027,0.0544637238547899,0.5596187849658316
NSGAIII,DTLZ2,DTLZ,3,12,5028,0.0544640978611998,0.5596186915703516
NSGAIII,DTLZ2,DTLZ,3,12,5029,0.0544641343098649,0.5596141849769833
NSGAIII,DTLZ2,DTLZ,3,12,5030,0.0544640463355399,0.5596148078811995
NSGAIII,DTLZ3,DTLZ,2,11,5001,0.0040539187267558,0.3464537176657596
NSGAIII,DTLZ3,DTLZ,2,11,5002,0.004979330588969,0.3438125223332226
NSGAIII,DTLZ3,DTLZ,2,11,5003,0.0044687220119494,0.3455988745684464
NSGAIII,DTLZ3,DTLZ,2,11,5004,0.0050539351664621,0.3436525371861966
NSGAIII,DTLZ3,DTLZ,2,11,5005,0.0042903657796993,0.3455541028154086
NSGAIII,DTLZ3,DTLZ,2,11,5006,0.0040773444202357,0.3463297428407426
NSGAIII,DTLZ3,DTLZ,2,11,5007,0.0040711580929772,0.3464123481976355
NSGAIII,DTLZ3,DTLZ,2,11,5008,0.0039798458472172,0.3469521349315553
NSGAIII,DTLZ3,DTLZ,2,11,5009,0.0041325602294091,0.3460869812783603
NSGAIII,DTLZ3,DTLZ,2,11,5010,0.0039984864206544,0.3467914644665166
NSGAIII,DTLZ3,DTLZ,2,11,5011,0.0048593065945734,0.3441032104730604
NSGAIII,DTLZ3,DTLZ,2,11,5012,0.0042628018834398,0.3456795979400149
NSGAIII,DTLZ3,DTLZ,2,11,5013,0.0039903888652763,0.3468766687275892
NSGAIII,DTLZ3,DTLZ,2,11,5014,0.0045053827155731,0.3449289539126938
NSGAIII,DTLZ3,DTLZ,2,11,5015,0.00398702088722,0.3468777208617031
NSGAIII,DTLZ3,DTLZ,2,11,5016,0.0045775391437351,0.3451149052725413
NSGAIII,DTLZ3,DTLZ,2,11,5017,0.0041235011089494,0.346124884664775
NSGAIII,DTLZ3,DTLZ,2,11,5018,0.0044633546426304,0.345035936349568
NSGAIII,DTLZ3,DTLZ,2,11,5019,0.0040674379728387,0.3463743247022054
NSGAIII,DTLZ3,DTLZ,2,11,5020,0.0040408221115884,0.3465124832596225
NSGAIII,DTLZ3,DTLZ,2,11,5021,0.0047195670540521,0.3457377346727447
NSGAIII,DTLZ3,DTLZ,2,11,5022,0.0040094710400936,0.3469699274974795
NSGAIII,DTLZ3,DTLZ,2,11,5023,0.004276409715721,0.3457459697932135
NSGAIII,DTLZ3,DTLZ,2,11,5024,0.0057603635940081,0.3422774932495345
NSGAIII,DTLZ3,DTLZ,2,11,5025,0.0048931965364368,0.3440134806490344
NSGAIII,DTLZ3,DTLZ,2,11,5026,0.0046561587136185,0.3446534306827231
NSGAIII,DTLZ3,DTLZ,2,11,5027,0.0045889928962157,0.3447141579656079
NSGAIII,DTLZ3,DTLZ,2,11,5028,0.0041802633102882,0.345906303042849
NSGAIII,DTLZ3,DTLZ,2,11,5029,0.0041122630210098,0.346357950490413
NSGAIII,DTLZ3,DTLZ,2,11,5030,0.0040415912276434,0.3465203082018161
NSGAIII,DTLZ3,DTLZ,3,12,5001,0.0545919402968961,0.556711716640621
NSGAIII,DTLZ3,DTLZ,3,12,5002,0.0545287879704727,0.5577517901877265
NSGAIII,DTLZ3,DTLZ,3,12,5003,0.0545399774108,0.5579698470709731
NSGAIII,DTLZ3,DTLZ,3,12,5004,0.0546021796995502,0.5564773564019905
NSGAIII,DTLZ3,DTLZ,3,12,5005,0.054671615084107,0.555512319813146
NSGAIII,DTLZ3,DTLZ,3,12,5006,0.054947530363125,0.5526795096777278
NSGAIII,DTLZ3,DTLZ,3,12,5007,0.0545620918194086,0.5572514408444158
NSGAIII,DTLZ3,DTLZ,3,12,5008,0.0549910831558067,0.5523166587283281
NSGAIII,DTLZ3,DTLZ,3,12,5009,0.054511393431643,0.5581421959521664
NSGAIII,DTLZ3,DTLZ,3,12,5010,0.0544756360651345,0.5591125346956071
NSGAIII,DTLZ3,DTLZ,3,12,5011,0.0548317455565975,0.5539166763420871
NSGAIII,DTLZ3,DTLZ,3,12,5012,0.0550080930832115,0.552141678647339
NSGAIII,DTLZ3,DTLZ,3,12,5013,0.0545097841992175,0.5580869139433811
NSGAIII,DTLZ3,DTLZ,3,12,5014,0.0547977539303607,0.5545412252948975
NSGAIII,DTLZ3,DTLZ,3,12,5015,0.0544730567085613,0.5591862177250787
NSGAIII,DTLZ3,DTLZ,3,12,5016,0.0546547942281178,0.5557128721215003
NSGAIII,DTLZ3,DTLZ,3,12,5017,0.0544692057521956,0.5593841275263494
NSGAIII,DTLZ3,DTLZ,3,12,5018,0.0548191564959816,0.5538584791585788
NSGAIII,DTLZ3,DTLZ,3,12,5019,0.054538255274253,0.5575601532425912
NSGAIII,DTLZ3,DTLZ,3,12,5020,0.0546105925618906,0.5564048636880286
NSGAIII,DTLZ3,DTLZ,3,12,5021,0.0548170319320926,0.553891626426378
NSGAIII,DTLZ3,DTLZ,3,12,5022,0.0546776818667516,0.5556028504509949
NSGAIII,DTLZ3,DTLZ,3,12,5023,0.0545563476241904,0.5575414452396042
NSGAIII,DTLZ3,DTLZ,3,12,5024,0.0544656005716966,0.55954693090845
NSGAIII,DTLZ3,DTLZ,3,12,5025,0.0559329189846618,0.5462062312312211
NSGAIII,DTLZ3,DTLZ,3,12,5026,0.0546157781404936,0.5562935639147062
NSGAIII,DTLZ3,DTLZ,3,12,5027,0.0547742950991538,0.5543254685944199
NSGAIII,DTLZ3,DTLZ,3,12,5028,0.0544796284297514,0.5589725777185353
NSGAIII,DTLZ3,DTLZ,3,12,5029,0.054558992103735,0.5572830952216568
NSGAIII,DTLZ3,DTLZ,3,12,5030,0.0557700177422714,0.5471347486344612
NSGAIII,DTLZ4,DTLZ,2,11,5001,0.003966255642405,0.3472151008031652
NSGAIII,DTLZ4,DTLZ,2,11,5002,0.0039660835756028,0.347215130022848
NSGAIII,DTLZ4,DTLZ,2,11,5003,0.0039663720744712,0.3472150214127899
NSGAIII,DTLZ4,DTLZ,2,11,5004,0.0039660078150964,0.3472151174914266
NSGAIII,DTLZ4,DTLZ,2,11,5005,0.0039660539962982,0.3472151577006708
NSGAIII,DTLZ4,DTLZ,2,11,5006,0.0039662298769446,0.3472120522399904
NSGAIII,DTLZ4,DTLZ,2,11,5007,0.003966022775543,0.3472150766658451
NSGAIII,DTLZ4,DTLZ,2,11,5008,0.0039675934090903,0.3472040990071069
NSGAIII,DTLZ4,DTLZ,2,11,5009,0.7420913394268067,0.0909090887719504
NSGAIII,DTLZ4,DTLZ,2,11,5010,0.0039660958284596,0.3472150786184771
NSGAIII,DTLZ4,DTLZ,2,11,5011,0.003966830990678,0.3472140167942288
NSGAIII,DTLZ4,DTLZ,2,11,5012,0.0039671698457995,0.3472075815536019
NSGAIII,DTLZ4,DTLZ,2,11,5013,0.0039660887402003,0.347215094059562
NSGAIII,DTLZ4,DTLZ,2,11,5014,0.0039660529519202,0.3472147918505427
NSGAIII,DTLZ4,DTLZ,2,11,5015,0.7420913392366192,0.0909090892379195
NSGAIII,DTLZ4,DTLZ,2,11,5016,0.0039660139347151,0.3472150369427109
NSGAIII,DTLZ4,DTLZ,2,11,5017,0.003972832255078,0.3471869947661464
NSGAIII,DTLZ4,DTLZ,2,11,5018,0.0039660250823035,0.3472151041185781
NSGAIII,DTLZ4,DTLZ,2,11,5019,0.0041140108350553,0.3469539684136404
NSGAIII,DTLZ4,DTLZ,2,11,5020,0.0039660431850558,0.3472150908299293
NSGAIII,DTLZ4,DTLZ,2,11,5021,0.0039661990624641,0.3472150569116614
NSGAIII,DTLZ4,DTLZ,2,11,5022,0.0039700982548247,0.3472112874531842
NSGAIII,DTLZ4,DTLZ,2,11,5023,0.0039665115456104,0.3472134294094419
NSGAIII,DTLZ4,DTLZ,2,11,5024,0.0039678050528841,0.3472130413647313
NSGAIII,DTLZ4,DTLZ,2,11,5025,0.0039660400098053,0.3472151458177328
NSGAIII,DTLZ4,DTLZ,2,11,5026,0.0041964057834872,0.3468312924217448
NSGAIII,DTLZ4,DTLZ,2,11,5027,0.0039660998290816,0.3472151195484139
NSGAIII,DTLZ4,DTLZ,2,11,5028,0.0039660845855203,0.3472151593804994
NSGAIII,DTLZ4,DTLZ,2,11,5029,0.0039660458139026,0.3472151248309372
NSGAIII,DTLZ4,DTLZ,2,11,5030,0.0039660271295106,0.3472150691331628
NSGAIII,DTLZ4,DTLZ,3,12,5001,0.0544767578806851,0.5595125759949355
NSGAIII,DTLZ4,DTLZ,3,12,5002,0.9459249263912474,0.0909090899817161
NSGAIII,DTLZ4,DTLZ,3,12,5003,0.0544653206941879,0.5595940672647703
NSGAIII,DTLZ4,DTLZ,3,12,5004,0.0544646316426312,0.5596136112085204
NSGAIII,DTLZ4,DTLZ,3,12,5005,0.5414300371190602,0.3403125017161241
NSGAIII,DTLZ4,DTLZ,3,12,5006,0.5412954666631844,0.3417648649577438
NSGAIII,DTLZ4,DTLZ,3,12,5007,0.5418327543200933,0.3382919262150405
NSGAIII,DTLZ4,DTLZ,3,12,5008,0.0544647539933192,0.5595960631124282
NSGAIII,DTLZ4,DTLZ,3,12,5009,0.0544699644233651,0.5595947549124581
NSGAIII,DTLZ4,DTLZ,3,12,5010,0.054467463235728,0.5595780065047395
NSGAIII,DTLZ4,DTLZ,3,12,5011,0.0544669405288143,0.559598128932455
NSGAIII,DTLZ4,DTLZ,3,12,5012,0.5419066978879773,0.3390456143875082
NSGAIII,DTLZ4,DTLZ,3,12,5013,0.0544818885766915,0.5595226075733724
NSGAIII,DTLZ4,DTLZ,3,12,5014,0.0545968482267022,0.5588019500751835
NSGAIII,DTLZ4,DTLZ,3,12,5015,0.0544638868922942,0.5596127307804196
NSGAIII,DTLZ4,DTLZ,3,12,5016,0.0544664080533664,0.5596053515435843
NSGAIII,DTLZ4,DTLZ,3,12,5017,0.0544652534654519,0.5596235802707935
NSGAIII,DTLZ4,DTLZ,3,12,5018,0.0544640915542039,0.5596202160763697
NSGAIII,DTLZ4,DTLZ,3,12,5019,0.0544657631853059,0.5595655276549585
NSGAIII,DTLZ4,DTLZ,3,12,5020,0.054480456652728,0.5595663832038154
NSGAIII,DTLZ4,DTLZ,3,12,5021,0.54144993645881,0.3400266069852246
NSGAIII,DTLZ4,DTLZ,3,12,5022,0.0545524124579674,0.5590716474366471
NSGAIII,DTLZ4,DTLZ,3,12,5023,0.0544627692190117,0.5596163018554328
NSGAIII,DTLZ4,DTLZ,3,12,5024,0.0544827974967952,0.5595126595684442
NSGAIII,DTLZ4,DTLZ,3,12,5025,0.0544696434009817,0.5594790019432738
NSGAIII,DTLZ4,DTLZ,3,12,5026,0.5412919082725729,0.3414549154875565
NSGAIII,DTLZ4,DTLZ,3,12,5027,0.5416227923389685,0.3393393075991708
NSGAIII,DTLZ4,DTLZ,3,12,5028,0.0544641657899959,0.5596089914622207
NSGAIII,DTLZ4,DTLZ,3,12,5029,0.0544632745807128,0.5596208294932036
NSGAIII,DTLZ4,DTLZ,3,12,5030,0.0544724705458447,0.5594691915346475
NSGAIII,DTLZ5,DTLZ,2,11,5001,0.0039660639350541,0.3472151108289446
NSGAIII,DTLZ5,DTLZ,2,11,5002,0.0039660966714127,0.3472151045117083
NSGAIII,DTLZ5,DTLZ,2,11,5003,0.0039660188583743,0.3472151328024725
NSGAIII,DTLZ5,DTLZ,2,11,5004,0.0039660239946732,0.3472145826155579
NSGAIII,DTLZ5,DTLZ,2,11,5005,0.0039660562467047,0.3472148973349328
NSGAIII,DTLZ5,DTLZ,2,11,5006,0.0039660222387347,0.3472151601840254
NSGAIII,DTLZ5,DTLZ,2,11,5007,0.0039662770848119,0.3472113663094208
NSGAIII,DTLZ5,DTLZ,2,11,5008,0.0039660319718067,0.3472150520464596
NSGAIII,DTLZ5,DTLZ,2,11,5009,0.0039660261977636,0.3472151092649583
NSGAIII,DTLZ5,DTLZ,2,11,5010,0.0039660168220445,0.3472151471001006
NSGAIII,DTLZ5,DTLZ,2,11,5011,0.00396608134681,0.3472150407861603
NSGAIII,DTLZ5,DTLZ,2,11,5012,0.0039660519427475,0.347215199085046
NSGAIII,DTLZ5,DTLZ,2,11,5013,0.0039660434540468,0.3472150737670608
NSGAIII,DTLZ5,DTLZ,2,11,5014,0.0039660107503,0.3472151254914642
NSGAIII,DTLZ5,DTLZ,2,11,5015,0.0039660385143703,0.3472151594611534
NSGAIII,DTLZ5,DTLZ,2,11,5016,0.0039661118630264,0.3472150636162389
NSGAIII,DTLZ5,DTLZ,2,11,5017,0.0039660254213795,0.3472151017154381
NSGAIII,DTLZ5,DTLZ,2,11,5018,0.0039660542787076,0.3472150880856023
NSGAIII,DTLZ5,DTLZ,2,11,5019,0.0039660257130423,0.3472151341355233
NSGAIII,DTLZ5,DTLZ,2,11,5020,0.003966017949801,0.3472151376940232
NSGAIII,DTLZ5,DTLZ,2,11,5021,0.0039660653089761,0.3472151345439579
NSGAIII,DTLZ5,DTLZ,2,11,5022,0.0039660539761609,0.3472151300505546
NSGAIII,DTLZ5,DTLZ,2,11,5023,0.0039660149467976,0.3472151321272422
NSGAIII,DTLZ5,DTLZ,2,11,5024,0.0039660343928181,0.347214942829419
NSGAIII,DTLZ5,DTLZ,2,11,5025,0.0039660163736075,0.3472150808683852
NSGAIII,DTLZ5,DTLZ,2,11,5026,0.003966043289318,0.3472151160805963
NSGAIII,DTLZ5,DTLZ,2,11,5027,0.0039660167602899,0.3472151153825567
NSGAIII,DTLZ5,DTLZ,2,11,5028,0.0039660479851883,0.3472149423256699
NSGAIII,DTLZ5,DTLZ,2,11,5029,0.0039660372819877,0.3472148718153967
NSGAIII,DTLZ5,DTLZ,2,11,5030,0.0039660319536826,0.3472151174555066
NSGAIII,DTLZ5,DTLZ,3,12,5001,0.013408971506972,0.1942835341537033
NSGAIII,DTLZ5,DTLZ,3,12,5002,0.0130610453445077,0.194363187900856
NSGAIII,DTLZ5,DTLZ,3,12,5003,0.0114993881635492,0.1947114834144892
NSGAIII,DTLZ5,DTLZ,3,12,5004,0.0117843815367004,0.1948583003604342
NSGAIII,DTLZ5,DTLZ,3,12,5005,0.0118776876757755,0.1937590992930463
NSGAIII,DTLZ5,DTLZ,3,12,5006,0.012503854977651,0.1939621590595181
NSGAIII,DTLZ5,DTLZ,3,12,5007,0.0113659711267454,0.1955785227334955
NSGAIII,DTLZ5,DTLZ,3,12,5008,0.014779711019567,0.1916006341902432
NSGAIII,DTLZ5,DTLZ,3,12,5009,0.0150339267978269,0.1923070795603182
NSGAIII,DTLZ5,DTLZ,3,12,5010,0.0100327894148433,0.1952784981396375
NSGAIII,DTLZ5,DTLZ,3,12,5011,0.0118981944471687,0.1934596433975658
NSGAIII,DTLZ5,DTLZ,3,12,5012,0.011942718572755,0.1937898134098373
NSGAIII,DTLZ5,DTLZ,3,12,5013,0.0125517344046576,0.1933805023775152
NSGAIII,DTLZ5,DTLZ,3,12,5014,0.0158229576765821,0.1916281654961109
NSGAIII,DTLZ5,DTLZ,3,12,5015,0.013404952527702,0.1936946757276638
NSGAIII,DTLZ5,DTLZ,3,12,5016,0.0118888509397586,0.1937493823547342
NSGAIII,DTLZ5,DTLZ,3,12,5017,0.0132857186970811,0.1936369872900378
NSGAIII,DTLZ5,DTLZ,3,12,5018,0.0121630062832905,0.1950529437467338
NSGAIII,DTLZ5,DTLZ,3,12,5019,0.0089261521042026,0.1950220724296499
NSGAIII,DTLZ5,DTLZ,3,12,5020,0.0135020749057731,0.1928515733357372
NSGAIII,DTLZ5,DTLZ,3,12,5021,0.0126685756353226,0.1933215927858178
NSGAIII,DTLZ5,DTLZ,3,12,5022,0.010923779227565,0.1960592803154559
NSGAIII,DTLZ5,DTLZ,3,12,5023,0.0144110670727395,0.191989417309039
NSGAIII,DTLZ5,DTLZ,3,12,5024,0.0114278607592535,0.1952020133150495
NSGAIII,DTLZ5,DTLZ,3,12,5025,0.0130862491160525,0.1944100661212294
NSGAIII,DTLZ5,DTLZ,3,12,5026,0.0120194765743028,0.1942155959838504
NSGAIII,DTLZ5,DTLZ,3,12,5027,0.0141796077170196,0.1912158422180024
NSGAIII,DTLZ5,DTLZ,3,12,5028,0.0132622920410316,0.1931912195105618
NSGAIII,DTLZ5,DTLZ,3,12,5029,0.0127089487766907,0.1930088354967934
NSGAIII,DTLZ5,DTLZ,3,12,5030,0.0182408906878738,0.1913279879299348
NSGAIII,DTLZ6,DTLZ,2,11,5001,0.0039659650684221,0.3472151511916426
NSGAIII,DTLZ6,DTLZ,2,11,5002,0.0039659670014262,0.3472151719445429
NSGAIII,DTLZ6,DTLZ,2,11,5003,0.0039659703554372,0.3472151443824509
NSGAIII,DTLZ6,DTLZ,2,11,5004,0.0039659852347785,0.347215171951328
NSGAIII,DTLZ6,DTLZ,2,11,5005,0.003965967365904,0.3472151760025153
NSGAIII,DTLZ6,DTLZ,2,11,5006,0.0039659712712466,0.3472151553469781
NSGAIII,DTLZ6,DTLZ,2,11,5007,0.0039659798578443,0.3472151635947397
NSGAIII,DTLZ6,DTLZ,2,11,5008,0.0039659668665569,0.347215137984795
NSGAIII,DTLZ6,DTLZ,2,11,5009,0.003965961184074,0.3472151579939775
NSGAIII,DTLZ6,DTLZ,2,11,5010,0.0039659803731619,0.3472151742293156
NSGAIII,DTLZ6,DTLZ,2,11,5011,0.0039659827620299,0.3472151578812262
NSGAIII,DTLZ6,DTLZ,2,11,5012,0.0039659775741729,0.3472151693433816
NSGAIII,DTLZ6,DTLZ,2,11,5013,0.0039659810384534,0.3472151679067637
NSGAIII,DTLZ6,DTLZ,2,11,5014,0.0039659923785803,0.3472151416538298
NSGAIII,DTLZ6,DTLZ,2,11,5015,0.0039660058118735,0.347215149804577
NSGAIII,DTLZ6,DTLZ,2,11,5016,0.0039659773243501,0.3472151830363646
NSGAIII,DTLZ6,DTLZ,2,11,5017,0.0039659660867841,0.3472151594031125
NSGAIII,DTLZ6,DTLZ,2,11,5018,0.0039659906619022,0.3472151304352307
NSGAIII,DTLZ6,DTLZ,2,11,5019,0.0039659565086941,0.3472151664066653
NSGAIII,DTLZ6,DTLZ,2,11,5020,0.0039659589805206,0.3472151691093961
NSGAIII,DTLZ6,DTLZ,2,11,5021,0.0039659507507864,0.3472151798879415
NSGAIII,DTLZ6,DTLZ,2,11,5022,0.0039659826619191,0.3472151455707056
NSGAIII,DTLZ6,DTLZ,2,11,5023,0.0039659642870635,0.3472151509166114
NSGAIII,DTLZ6,DTLZ,2,11,5024,0.0039659679676281,0.347215136357167
NSGAIII,DTLZ6,DTLZ,2,11,5025,0.003965985329571,0.3472151786393592
NSGAIII,DTLZ6,DTLZ,2,11,5026,0.0039659534356729,0.3472149809923243
NSGAIII,DTLZ6,DTLZ,2,11,5027,0.003965966659635,0.3472151635707843
NSGAIII,DTLZ6,DTLZ,2,11,5028,0.0039659650973118,0.3472150565891684
NSGAIII,DTLZ6,DTLZ,2,11,5029,0.0039659740984113,0.3472151576189748
NSGAIII,DTLZ6,DTLZ,2,11,5030,0.0039659734677456,0.3472151070059009
NSGAIII,DTLZ6,DTLZ,3,12,5001,0.0150011902763061,0.1932331463426063
NSGAIII,DTLZ6,DTLZ,3,12,5002,0.0193805606050447,0.1907612454417665
NSGAIII,DTLZ6,DTLZ,3,12,5003,0.0192612449049122,0.1893242069852546
NSGAIII,DTLZ6,DTLZ,3,12,5004,0.0126710324379365,0.1937901926068179
NSGAIII,DTLZ6,DTLZ,3,12,5005,0.0184417578253849,0.1902201218174498
NSGAIII,DTLZ6,DTLZ,3,12,5006,0.0207208544076126,0.1914027110072423
NSGAIII,DTLZ6,DTLZ,3,12,5007,0.0195743997534464,0.1917805980287756
NSGAIII,DTLZ6,DTLZ,3,12,5008,0.0199393249986938,0.1913454065270982
NSGAIII,DTLZ6,DTLZ,3,12,5009,0.0208207026527425,0.1891838217162321
NSGAIII,DTLZ6,DTLZ,3,12,5010,0.0202363315469411,0.1893260266084245
NSGAIII,DTLZ6,DTLZ,3,12,5011,0.0157884053724605,0.1929112267521855
NSGAIII,DTLZ6,DTLZ,3,12,5012,0.0196219936494621,0.1926488816436735
NSGAIII,DTLZ6,DTLZ,3,12,5013,0.0182523915658226,0.1924867588158233
NSGAIII,DTLZ6,DTLZ,3,12,5014,0.0203326361481997,0.191645788110638
NSGAIII,DTLZ6,DTLZ,3,12,5015,0.0175691056578051,0.1912397647208188
NSGAIII,DTLZ6,DTLZ,3,12,5016,0.0120123698428002,0.1945253551608555
NSGAIII,DTLZ6,DTLZ,3,12,5017,0.0183476778490845,0.1917510032635682
NSGAIII,DTLZ6,DTLZ,3,12,5018,0.0200219485048277,0.1905458750054126
NSGAIII,DTLZ6,DTLZ,3,12,5019,0.023364327479569,0.1903176122900474
NSGAIII,DTLZ6,DTLZ,3,12,5020,0.0219549938250358,0.1881778091191452
NSGAIII,DTLZ6,DTLZ,3,12,5021,0.0177634113105992,0.1916376767116394
NSGAIII,DTLZ6,DTLZ,3,12,5022,0.0227610432976589,0.1872297123102707
NSGAIII,DTLZ6,DTLZ,3,12,5023,0.0210943818193985,0.1909103618418308
NSGAIII,DTLZ6,DTLZ,3,12,5024,0.0209588876536134,0.1880917047462976
NSGAIII,DTLZ6,DTLZ,3,12,5025,0.019004836919744,0.1911758353215927
NSGAIII,DTLZ6,DTLZ,3,12,5026,0.0188629460742062,0.1901931921227112
NSGAIII,DTLZ6,DTLZ,3,12,5027,0.0213455636063739,0.1909654528190386
NSGAIII,DTLZ6,DTLZ,3,12,5028,0.0185535243857689,0.1901778051202251
NSGAIII,DTLZ6,DTLZ,3,12,5029,0.017771503501286,0.1919492961732717
NSGAIII,DTLZ6,DTLZ,3,12,5030,0.0208175047147057,0.1921286106023017
NSGAIII,DTLZ7,DTLZ,2,21,5001,0.0051702418535268,0.2427897856134484
NSGAIII,DTLZ7,DTLZ,2,21,5002,0.0050756042037277,0.2428064727237835
NSGAIII,DTLZ7,DTLZ,2,21,5003,0.005014904086526,0.2428220694255685
NSGAIII,DTLZ7,DTLZ,2,21,5004,0.0050739927228447,0.2428105422735114
NSGAIII,DTLZ7,DTLZ,2,21,5005,0.0050853817304759,0.2428148938030053
NSGAIII,DTLZ7,DTLZ,2,21,5006,0.0051799650176084,0.242793017228055
NSGAIII,DTLZ7,DTLZ,2,21,5007,0.0051779487327565,0.2427944578944354
NSGAIII,DTLZ7,DTLZ,2,21,5008,0.0050947956117577,0.2428072362307829
NSGAIII,DTLZ7,DTLZ,2,21,5009,0.0051176900156065,0.2428070362021282
NSGAIII,DTLZ7,DTLZ,2,21,5010,0.0050634896734489,0.2428141907740558
NSGAIII,DTLZ7,DTLZ,2,21,5011,0.0051919896376912,0.2427815821580102
NSGAIII,DTLZ7,DTLZ,2,21,5012,0.0050758324863535,0.2428120113264539
NSGAIII,DTLZ7,DTLZ,2,21,5013,0.0052252390443824,0.2427762122592787
NSGAIII,DTLZ7,DTLZ,2,21,5014,0.0051775338557734,0.2427902974685499
NSGAIII,DTLZ7,DTLZ,2,21,5015,0.0050867994904136,0.2428063531531507
NSGAIII,DTLZ7,DTLZ,2,21,5016,0.0052209642019749,0.2427845624671614
NSGAIII,DTLZ7,DTLZ,2,21,5017,0.0051465416875323,0.2427916625723524
NSGAIII,DTLZ7,DTLZ,2,21,5018,0.0049577335018598,0.2428404611641214
NSGAIII,DTLZ7,DTLZ,2,21,5019,0.0050230722462707,0.2428199478797439
NSGAIII,DTLZ7,DTLZ,2,21,5020,0.0050728153041915,0.2428147287017269
NSGAIII,DTLZ7,DTLZ,2,21,5021,0.0051239837250644,0.2428036518145478
NSGAIII,DTLZ7,DTLZ,2,21,5022,0.0051008002661863,0.2428060659077189
NSGAIII,DTLZ7,DTLZ,2,21,5023,0.0051738177128512,0.2427870859298057
NSGAIII,DTLZ7,DTLZ,2,21,5024,0.0051564341108477,0.2427998387141818
NSGAIII,DTLZ7,DTLZ,2,21,5025,0.0049282482264172,0.2428468542444084
NSGAIII,DTLZ7,DTLZ,2,21,5026,0.0050136941687302,0.2428206835855022
NSGAIII,DTLZ7,DTLZ,2,21,5027,0.00521740875311,0.242782157350947
NSGAIII,DTLZ7,DTLZ,2,21,5028,0.0051325531426585,0.2428020331452146
NSGAIII,DTLZ7,DTLZ,2,21,5029,0.0050381419814776,0.2428140686310982
NSGAIII,DTLZ7,DTLZ,2,21,5030,0.0050977863662877,0.2428031634700617
NSGAIII,DTLZ7,DTLZ,3,22,5001,0.0753755844888315,0.2665347962764783
NSGAIII,DTLZ7,DTLZ,3,22,5002,0.0735498955879456,0.2713597525735443
NSGAIII,DTLZ7,DTLZ,3,22,5003,0.0761617096907907,0.2731681940596254
NSGAIII,DTLZ7,DTLZ,3,22,5004,0.0780862147452782,0.2688698204234482
NSGAIII,DTLZ7,DTLZ,3,22,5005,0.0796563141488549,0.2697652502569267
NSGAIII,DTLZ7,DTLZ,3,22,5006,0.0844117184119378,0.2647053369310586
NSGAIII,DTLZ7,DTLZ,3,22,5007,0.0782193573358047,0.2662826458398553
NSGAIII,DTLZ7,DTLZ,3,22,5008,0.0751921706244259,0.2687506721815893
NSGAIII,DTLZ7,DTLZ,3,22,5009,0.0728813181426531,0.2704918577581888
NSGAIII,DTLZ7,DTLZ,3,22,5010,0.3846034187767029,0.2334778992280174
NSGAIII,DTLZ7,DTLZ,3,22,5011,0.0758724209052328,0.2694363030727521
NSGAIII,DTLZ7,DTLZ,3,22,5012,0.0820036382238375,0.2661457185034554
NSGAIII,DTLZ7,DTLZ,3,22,5013,0.0803864020881709,0.2660783978247809
NSGAIII,DTLZ7,DTLZ,3,22,5014,0.0766854539761717,0.2703284329192642
NSGAIII,DTLZ7,DTLZ,3,22,5015,0.0785424263046336,0.2675241608105877
NSGAIII,DTLZ7,DTLZ,3,22,5016,0.0741015343234072,0.2701591870342464
NSGAIII,DTLZ7,DTLZ,3,22,5017,0.0696375845204714,0.2712563688981984
NSGAIII,DTLZ7,DTLZ,3,22,5018,0.0765288539746518,0.2681524827211677
NSGAIII,DTLZ7,DTLZ,3,22,5019,0.0783693431750295,0.2678850982408517
NSGAIII,DTLZ7,DTLZ,3,22,5020,0.0796233126413611,0.2694219501024139
NSGAIII,DTLZ7,DTLZ,3,22,5021,0.0799988525639849,0.2656119246168879
NSGAIII,DTLZ7,DTLZ,3,22,5022,0.0746635334540821,0.2685115274548146
NSGAIII,DTLZ7,DTLZ,3,22,5023,0.0742775762383258,0.2698728105264859
NSGAIII,DTLZ7,DTLZ,3,22,5024,0.4122948503200887,0.2210610258260894
NSGAIII,DTLZ7,DTLZ,3,22,5025,0.0786529728378011,0.2681016913190595
NSGAIII,DTLZ7,DTLZ,3,22,5026,0.0785206128846081,0.266693476193782
NSGAIII,DTLZ7,DTLZ,3,22,5027,0.0745710033279297,0.2705439970620837
NSGAIII,DTLZ7,DTLZ,3,22,5028,0.0733765872877848,0.2680874955207251
NSGAIII,DTLZ7,DTLZ,3,22,5029,0.0732518075965286,0.2707348992449485
NSGAIII,DTLZ7,DTLZ,3,22,5030,0.0869516468432122,0.2704546871887872
NSGAIII,MaF1,MaF,2,11,5001,0.0035707085277441,0.582602035494712
NSGAIII,MaF1,MaF,2,11,5002,0.0035707115157473,0.5826020292181533
NSGAIII,MaF1,MaF,2,11,5003,0.0035707167281395,0.5826020294039813
NSGAIII,MaF1,MaF,2,11,5004,0.0035706889422325,0.5826018888456928
NSGAIII,MaF1,MaF,2,11,5005,0.0035707081645043,0.582602020700997
NSGAIII,MaF1,MaF,2,11,5006,0.0035706767896599,0.5826020344738944
NSGAIII,MaF1,MaF,2,11,5007,0.0035707673907469,0.5826001152227231
NSGAIII,MaF1,MaF,2,11,5008,0.0035708187232626,0.582601933510601
NSGAIII,MaF1,MaF,2,11,5009,0.0035707048775249,0.5826020298397274
NSGAIII,MaF1,MaF,2,11,5010,0.0035706800233504,0.5826020323932595
NSGAIII,MaF1,MaF,2,11,5011,0.0035706701683977,0.5826020371052931
NSGAIII,MaF1,MaF,2,11,5012,0.0035707011216101,0.5826020330195213
NSGAIII,MaF1,MaF,2,11,5013,0.0035708815395277,0.5825992997719756
NSGAIII,MaF1,MaF,2,11,5014,0.0035706748357325,0.5826020324652774
NSGAIII,MaF1,MaF,2,11,5015,0.0035707263743479,0.5826014355566425
NSGAIII,MaF1,MaF,2,11,5016,0.0035707267561856,0.5826007889928119
NSGAIII,MaF1,MaF,2,11,5017,0.003570677077285,0.5826020344657676
NSGAIII,MaF1,MaF,2,11,5018,0.0035707440361738,0.5826019719377237
NSGAIII,MaF1,MaF,2,11,5019,0.0035706933148445,0.5826020383001598
NSGAIII,MaF1,MaF,2,11,5020,0.0035706913142724,0.5826020358593005
NSGAIII,MaF1,MaF,2,11,5021,0.0035706975128822,0.582602032090773
NSGAIII,MaF1,MaF,2,11,5022,0.0035707106865736,0.5826020280465075
NSGAIII,MaF1,MaF,2,11,5023,0.0035707154742057,0.5826020267613083
NSGAIII,MaF1,MaF,2,11,5024,0.0035707135076294,0.5826019683567537
NSGAIII,MaF1,MaF,2,11,5025,0.0035707187663131,0.5826020252255084
NSGAIII,MaF1,MaF,2,11,5026,0.0035707430347048,0.5826008461716259
NSGAIII,MaF1,MaF,2,11,5027,0.0035707007016786,0.5826020275088515
NSGAIII,MaF1,MaF,2,11,5028,0.0035706933871154,0.5826020286493653
NSGAIII,MaF1,MaF,2,11,5029,0.0035707117463562,0.5826020322127996
NSGAIII,MaF1,MaF,2,11,5030,0.003570689876452,0.5826020347818328
NSGAIII,MaF1,MaF,3,12,5001,0.0624432091416899,0.2043379741254242
NSGAIII,MaF1,MaF,3,12,5002,0.0610506819059869,0.2054989456052179
NSGAIII,MaF1,MaF,3,12,5003,0.0600838571519923,0.2061646682158796
NSGAIII,MaF1,MaF,3,12,5004,0.0638150431380568,0.2026754853592909
NSGAIII,MaF1,MaF,3,12,5005,0.0589847762376305,0.2070512650009226
NSGAIII,MaF1,MaF,3,12,5006,0.0581859301726162,0.2073554592480676
NSGAIII,MaF1,MaF,3,12,5007,0.059590370381265,0.2064797052094092
NSGAIII,MaF1,MaF,3,12,5008,0.0583094560319205,0.2076223550826318
NSGAIII,MaF1,MaF,3,12,5009,0.0637067476227391,0.2021853623815397
NSGAIII,MaF1,MaF,3,12,5010,0.0587642917267568,0.206635557520332
NSGAIII,MaF1,MaF,3,12,5011,0.0611521892521934,0.2040084229111286
NSGAIII,MaF1,MaF,3,12,5012,0.0616261222076785,0.2044784793363398
NSGAIII,MaF1,MaF,3,12,5013,0.0593088264564392,0.206451219419511
NSGAIII,MaF1,MaF,3,12,5014,0.0594617315689365,0.206313446791677
NSGAIII,MaF1,MaF,3,12,5015,0.0635641692468366,0.2031314553063323
NSGAIII,MaF1,MaF,3,12,5016,0.0567528976017597,0.2081408438740947
NSGAIII,MaF1,MaF,3,12,5017,0.0585641160238058,0.2070665561237761
NSGAIII,MaF1,MaF,3,12,5018,0.060180745475045,0.2061151541930764
NSGAIII,MaF1,MaF,3,12,5019,0.0559623330394627,0.2086340233503425
NSGAIII,MaF1,MaF,3,12,5020,0.061132322196416,0.2044705849272095
NSGAIII,MaF1,MaF,3,12,5021,0.0592019820349441,0.2061181291614086
NSGAIII,MaF1,MaF,3,12,5022,0.0577955534654479,0.2060494607891977
NSGAIII,MaF1,MaF,3,12,5023,0.0611390971875412,0.2046218482309984
NSGAIII,MaF1,MaF,3,12,5024,0.061361559927439,0.2047414838091102
NSGAIII,MaF1,MaF,3,12,5025,0.0550391006878454,0.2093372384665412
NSGAIII,MaF1,MaF,3,12,5026,0.0607416431940935,0.2053961454576179
NSGAIII,MaF1,MaF,3,12,5027,0.061503608409613,0.2046736877826442
NSGAIII,MaF1,MaF,3,12,5028,0.062312762156739,0.2046768480572807
NSGAIII,MaF1,MaF,3,12,5029,0.0595295670098253,0.2061193710555444
NSGAIII,MaF1,MaF,3,12,5030,0.0590361861110223,0.2063713362270613
NSGAIII,MaF2,MaF,2,11,5001,0.0020072271346005,0.20755915145508
NSGAIII,MaF2,MaF,2,11,5002,0.0020066472232445,0.2075607734912637
NSGAIII,MaF2,MaF,2,11,5003,0.0020081843061033,0.207558289959322
NSGAIII,MaF2,MaF,2,11,5004,0.0020067068056254,0.2075605379721461
NSGAIII,MaF2,MaF,2,11,5005,0.0020064928639459,0.2075607153345178
NSGAIII,MaF2,MaF,2,11,5006,0.002006415104077,0.2075620015536279
NSGAIII,MaF2,MaF,2,11,5007,0.0020068996828354,0.2075585563587607
NSGAIII,MaF2,MaF,2,11,5008,0.0020065217801651,0.2075595375861571
NSGAIII,MaF2,MaF,2,11,5009,0.0020076433573003,0.2075549734238642
NSGAIII,MaF2,MaF,2,11,5010,0.0020068205876717,0.2075593509574693
NSGAIII,MaF2,MaF,2,11,5011,0.0020073509972482,0.2075539252265894
NSGAIII,MaF2,MaF,2,11,5012,0.0020064776360884,0.2075616070395299
NSGAIII,MaF2,MaF,2,11,5013,0.0020066050827617,0.2075602997122152
NSGAIII,MaF2,MaF,2,11,5014,0.0020071698216841,0.2075583780285555
NSGAIII,MaF2,MaF,2,11,5015,0.0020174631917475,0.2075193955921365
NSGAIII,MaF2,MaF,2,11,5016,0.0020064855245299,0.2075610442102277
NSGAIII,MaF2,MaF,2,11,5017,0.0020081458621116,0.2075464027174146
NSGAIII,MaF2,MaF,2,11,5018,0.0020064655556308,0.207560934174641
NSGAIII,MaF2,MaF,2,11,5019,0.0020071972708899,0.2075588362548699
NSGAIII,MaF2,MaF,2,11,5020,0.0020082734802735,0.2075567282907098
NSGAIII,MaF2,MaF,2,11,5021,0.0020064334517198,0.2075615956300188
NSGAIII,MaF2,MaF,2,11,5022,0.0020109116838239,0.207549770193728
NSGAIII,MaF2,MaF,2,11,5023,0.0020074111987392,0.2075566966630687
NSGAIII,MaF2,MaF,2,11,5024,0.0020092086498393,0.2075458236121626
NSGAIII,MaF2,MaF,2,11,5025,0.0020102374844733,0.2075547737332098
NSGAIII,MaF2,MaF,2,11,5026,0.0020064014126267,0.2075631326372484
NSGAIII,MaF2,MaF,2,11,5027,0.0020065517476747,0.2075601738398028
NSGAIII,MaF2,MaF,2,11,5028,0.0020079441961374,0.2075573334303365
NSGAIII,MaF2,MaF,2,11,5029,0.0020063974622645,0.2075623053835474
NSGAIII,MaF2,MaF,2,11,5030,0.0020065515767398,0.2075603515237783
NSGAIII,MaF2,MaF,3,12,5001,0.0359627142156372,0.2388532891910747
NSGAIII,MaF2,MaF,3,12,5002,0.036083858248629,0.2395651266543139
NSGAIII,MaF2,MaF,3,12,5003,0.0349123390706934,0.2374364335142502
NSGAIII,MaF2,MaF,3,12,5004,0.0368762888034292,0.2381338434429316
NSGAIII,MaF2,MaF,3,12,5005,0.0356594513959744,0.2378828997565945
NSGAIII,MaF2,MaF,3,12,5006,0.0360324190607552,0.2377829208520203
NSGAIII,MaF2,MaF,3,12,5007,0.0349656856228466,0.2396709820304666
NSGAIII,MaF2,MaF,3,12,5008,0.0360718792212867,0.238665192877015
NSGAIII,MaF2,MaF,3,12,5009,0.0354738022140001,0.2382602414824571
NSGAIII,MaF2,MaF,3,12,5010,0.0359706385288732,0.2385781971113912
NSGAIII,MaF2,MaF,3,12,5011,0.0362699042884962,0.2377476624711163
NSGAIII,MaF2,MaF,3,12,5012,0.0352695494358404,0.2383781770341398
NSGAIII,MaF2,MaF,3,12,5013,0.035457107539413,0.2364897189024377
NSGAIII,MaF2,MaF,3,12,5014,0.0359177580455277,0.2368595923433219
NSGAIII,MaF2,MaF,3,12,5015,0.0388249874661166,0.2353006275844166
NSGAIII,MaF2,MaF,3,12,5016,0.0345114841531705,0.2391147218277942
NSGAIII,MaF2,MaF,3,12,5017,0.0359924921091714,0.2385085941648393
NSGAIII,MaF2,MaF,3,12,5018,0.0361792260499655,0.2357782361756422
NSGAIII,MaF2,MaF,3,12,5019,0.0352124855781659,0.2371536232216543
NSGAIII,MaF2,MaF,3,12,5020,0.0358036617999679,0.2360319028436294
NSGAIII,MaF2,MaF,3,12,5021,0.0358873034255465,0.2361737523308807
NSGAIII,MaF2,MaF,3,12,5022,0.0384468300181935,0.2352363765323749
NSGAIII,MaF2,MaF,3,12,5023,0.0348083836956119,0.2371783423211612
NSGAIII,MaF2,MaF,3,12,5024,0.036172215512199,0.2362607677846284
NSGAIII,MaF2,MaF,3,12,5025,0.0360102853230104,0.238524476261857
NSGAIII,MaF2,MaF,3,12,5026,0.0362748819709385,0.23797927546275
NSGAIII,MaF2,MaF,3,12,5027,0.0367240222557754,0.2383159844274644
NSGAIII,MaF2,MaF,3,12,5028,0.0354509825360302,0.2395724228305297
NSGAIII,MaF2,MaF,3,12,5029,0.0370895019124064,0.2371748363545197
NSGAIII,MaF2,MaF,3,12,5030,0.03664164454362,0.2370137515055878
NSGAIII,MaF3,MaF,2,11,5001,0.0083733991969835,0.715032490743542
NSGAIII,MaF3,MaF,2,11,5002,0.0060408683659929,0.7197030161530975
NSGAIII,MaF3,MaF,2,11,5003,0.0071999406036476,0.717122902089148
NSGAIII,MaF3,MaF,2,11,5004,0.0063652805826438,0.7188059012014457
NSGAIII,MaF3,MaF,2,11,5005,0.0059848256469835,0.7199603558054254
NSGAIII,MaF3,MaF,2,11,5006,0.0060541194301979,0.7196063916085259
NSGAIII,MaF3,MaF,2,11,5007,0.0059320825975143,0.7200593905299298
NSGAIII,MaF3,MaF,2,11,5008,0.0067675033176328,0.7179447013297331
NSGAIII,MaF3,MaF,2,11,5009,0.0062184631667903,0.7191536354496507
NSGAIII,MaF3,MaF,2,11,5010,0.0066802592664912,0.7180936020276214
NSGAIII,MaF3,MaF,2,11,5011,0.0071263584667372,0.7172608428550576
NSGAIII,MaF3,MaF,2,11,5012,0.0065523754527199,0.718402951385755
NSGAIII,MaF3,MaF,2,11,5013,0.0072614024392578,0.7169850679555662
NSGAIII,MaF3,MaF,2,11,5014,0.0062191690759446,0.7191497154876648
NSGAIII,MaF3,MaF,2,11,5015,0.0082493981301478,0.7152747961706278
NSGAIII,MaF3,MaF,2,11,5016,0.0064405211666467,0.7186395912993998
NSGAIII,MaF3,MaF,2,11,5017,0.0081005521604486,0.7155378582849523
NSGAIII,MaF3,MaF,2,11,5018,0.0063207692704568,0.7188999608128547
NSGAIII,MaF3,MaF,2,11,5019,0.0070351665542917,0.7174268792605571
NSGAIII,MaF3,MaF,2,11,5020,0.0059607718123494,0.7199661389091188
NSGAIII,MaF3,MaF,2,11,5021,0.0072718966076233,0.7169899308377843
NSGAIII,MaF3,MaF,2,11,5022,0.0062672447941513,0.7190700131605
NSGAIII,MaF3,MaF,2,11,5023,0.0064796102728551,0.7185235264773835
NSGAIII,MaF3,MaF,2,11,5024,0.0065785824921459,0.7183192243167682
NSGAIII,MaF3,MaF,2,11,5025,0.0065284354841546,0.7184411937172485
NSGAIII,MaF3,MaF,2,11,5026,0.0061510186280395,0.7192461730543573
NSGAIII,MaF3,MaF,2,11,5027,0.0070948507818111,0.7173250093156305
NSGAIII,MaF3,MaF,2,11,5028,0.0065360958371824,0.7184226435807591
NSGAIII,MaF3,MaF,2,11,5029,0.0063132588693628,0.7189348886311651
NSGAIII,MaF3,MaF,2,11,5030,0.0075137925469603,0.7165586700261893
NSGAIII,MaF3,MaF,3,12,5001,0.0474826128215594,0.956673689350018
NSGAIII,MaF3,MaF,3,12,5002,0.0468451938228157,0.9575747580798012
NSGAIII,MaF3,MaF,3,12,5003,0.0471828250904162,0.9571025489393482
NSGAIII,MaF3,MaF,3,12,5004,0.0464518353185818,0.9577636160375244
NSGAIII,MaF3,MaF,3,12,5005,0.0464964483904218,0.958094742916504
NSGAIII,MaF3,MaF,3,12,5006,0.0465050066821517,0.9577413768246648
NSGAIII,MaF3,MaF,3,12,5007,0.0477566650970618,0.9564029731144468
NSGAIII,MaF3,MaF,3,12,5008,0.0462309808636349,0.9582473491772746
NSGAIII,MaF3,MaF,3,12,5009,0.047082404914658,0.9572259906115804
NSGAIII,MaF3,MaF,3,12,5010,0.0463699156210327,0.9580848423754867
NSGAIII,MaF3,MaF,3,12,5011,0.0466828108171284,0.9575665990718736
NSGAIII,MaF3,MaF,3,12,5012,0.0471258241914077,0.9571558709846818
NSGAIII,MaF3,MaF,3,12,5013,0.0467298401915233,0.9577149982827032
NSGAIII,MaF3,MaF,3,12,5014,0.0481628280992232,0.955513657341859
NSGAIII,MaF3,MaF,3,12,5015,0.0466735413759884,0.9575979169363352
NSGAIII,MaF3,MaF,3,12,5016,0.0466940830804627,0.9575570391407198
NSGAIII,MaF3,MaF,3,12,5017,0.0462639227064238,0.9582453667382148
NSGAIII,MaF3,MaF,3,12,5018,0.0473685644723794,0.9566959505262778
NSGAIII,MaF3,MaF,3,12,5019,0.0474327158496059,0.9573553843613326
NSGAIII,MaF3,MaF,3,12,5020,0.0472333686082183,0.9570159506692724
NSGAIII,MaF3,MaF,3,12,5021,0.0470758362312526,0.9573488689212104
NSGAIII,MaF3,MaF,3,12,5022,0.0464476334933043,0.9580091572289976
NSGAIII,MaF3,MaF,3,12,5023,0.046126313547316,0.9577534706811618
NSGAIII,MaF3,MaF,3,12,5024,0.0472820164075496,0.9569879779256945
NSGAIII,MaF3,MaF,3,12,5025,0.0485005224530194,0.9547881374114202
NSGAIII,MaF3,MaF,3,12,5026,0.0466188820126614,0.9585319781291544
NSGAIII,MaF3,MaF,3,12,5027,0.0465418594441777,0.9576511456994644
NSGAIII,MaF3,MaF,3,12,5028,0.0480669301024617,0.9553043748150076
NSGAIII,MaF3,MaF,3,12,5029,0.0489148145471451,0.9550477141691176
NSGAIII,MaF3,MaF,3,12,5030,0.0482855642473043,0.9554849021368106
NSGAIII,MaF4,MaF,2,11,5001,0.0349704966086744,0.8181332048843979
NSGAIII,MaF4,MaF,2,11,5002,0.0360584221446944,0.8175744752429691
NSGAIII,MaF4,MaF,2,11,5003,0.0349208581660602,0.8181929384990881
NSGAIII,MaF4,MaF,2,11,5004,0.0465177294302276,0.8168218415137255
NSGAIII,MaF4,MaF,2,11,5005,0.0349180614653852,0.8180624176532936
NSGAIII,MaF4,MaF,2,11,5006,0.035317750761439,0.8176989685393646
NSGAIII,MaF4,MaF,2,11,5007,0.0342295038001698,0.8180915444773738
NSGAIII,MaF4,MaF,2,11,5008,0.0350570617611015,0.8178791655673342
NSGAIII,MaF4,MaF,2,11,5009,0.0350509147588663,0.8180129695463239
NSGAIII,MaF4,MaF,2,11,5010,0.0351085180361991,0.8178789292295083
NSGAIII,MaF4,MaF,2,11,5011,0.0353269142534007,0.8177443746007067
NSGAIII,MaF4,MaF,2,11,5012,0.03548091148605,0.8172971754659352
NSGAIII,MaF4,MaF,2,11,5013,0.0349237751190869,0.8180892679796687
NSGAIII,MaF4,MaF,2,11,5014,0.0351465789793813,0.8177054554791396
NSGAIII,MaF4,MaF,2,11,5015,0.0349043873947667,0.818129611337624
NSGAIII,MaF4,MaF,2,11,5016,0.035010816594554,0.8180025534174057
NSGAIII,MaF4,MaF,2,11,5017,0.0353546609091347,0.8177035702377216
NSGAIII,MaF4,MaF,2,11,5018,0.0354306085333084,0.8178181411521243
NSGAIII,MaF4,MaF,2,11,5019,0.0355692682824586,0.8178494900922393
NSGAIII,MaF4,MaF,2,11,5020,0.0322265093983665,0.8177805605559182
NSGAIII,MaF4,MaF,2,11,5021,0.0349475085169182,0.8180530435298398
NSGAIII,MaF4,MaF,2,11,5022,0.0351902110301057,0.8177892467383318
NSGAIII,MaF4,MaF,2,11,5023,0.0359824205843387,0.8168492889467087
NSGAIII,MaF4,MaF,2,11,5024,0.0349451005675744,0.8181041807506102
NSGAIII,MaF4,MaF,2,11,5025,0.0352216933341944,0.818000522028308
NSGAIII,MaF4,MaF,2,11,5026,0.0354641358928803,0.8175407546596937
NSGAIII,MaF4,MaF,2,11,5027,0.0355866554613488,0.8176584661573644
NSGAIII,MaF4,MaF,2,11,5028,0.0348590134871265,0.8183017278120656
NSGAIII,MaF4,MaF,2,11,5029,0.047555236783302,0.8157676692341057
NSGAIII,MaF4,MaF,2,11,5030,0.0351960556532728,0.8175234079075431
NSGAIII,MaF4,MaF,3,12,5001,0.3141073674958496,0.5188724620985017
NSGAIII,MaF4,MaF,3,12,5002,0.3394948638207377,0.5162540135972405
NSGAIII,MaF4,MaF,3,12,5003,0.3221128538790795,0.514893409883921
NSGAIII,MaF4,MaF,3,12,5004,0.3887560539453607,0.5026528428759737
NSGAIII,MaF4,MaF,3,12,5005,0.3223993053918297,0.5179806774773742
NSGAIII,MaF4,MaF,3,12,5006,0.32610985822892,0.5131514176187888
NSGAIII,MaF4,MaF,3,12,5007,0.3582387034098143,0.5115339989318659
NSGAIII,MaF4,MaF,3,12,5008,0.3341553160327487,0.5058228893076127
NSGAIII,MaF4,MaF,3,12,5009,0.3541404538815164,0.5109039331483045
NSGAIII,MaF4,MaF,3,12,5010,0.3596510365973426,0.5062413312473467
NSGAIII,MaF4,MaF,3,12,5011,0.3118584242027718,0.5142892718966711
NSGAIII,MaF4,MaF,3,12,5012,0.3311355677128171,0.5148451539692362
NSGAIII,MaF4,MaF,3,12,5013,0.3679430670229496,0.5169981701500624
NSGAIII,MaF4,MaF,3,12,5014,0.3303032956447044,0.521607657793416
NSGAIII,MaF4,MaF,3,12,5015,0.3643525896032709,0.510992482085834
NSGAIII,MaF4,MaF,3,12,5016,0.3565660957886562,0.5201808312676995
NSGAIII,MaF4,MaF,3,12,5017,0.3451347549056989,0.5187787315264903
NSGAIII,MaF4,MaF,3,12,5018,0.3211811522552489,0.5195435270059122
NSGAIII,MaF4,MaF,3,12,5019,0.3197892510732144,0.5135221058429557
NSGAIII,MaF4,MaF,3,12,5020,0.3423483281937027,0.5176163680525471
NSGAIII,MaF4,MaF,3,12,5021,0.3308976790332791,0.5125984164308091
NSGAIII,MaF4,MaF,3,12,5022,0.3399541838018754,0.5102988010669431
NSGAIII,MaF4,MaF,3,12,5023,0.3279573954817841,0.5214642987483109
NSGAIII,MaF4,MaF,3,12,5024,0.3661643943902321,0.5098307808132063
NSGAIII,MaF4,MaF,3,12,5025,0.3595398402468916,0.5145319146861361
NSGAIII,MaF4,MaF,3,12,5026,0.3230060153200922,0.5118205421553673
NSGAIII,MaF4,MaF,3,12,5027,0.3619855624068788,0.5129971552324515
NSGAIII,MaF4,MaF,3,12,5028,0.3563339853607294,0.513603902531435
NSGAIII,MaF4,MaF,3,12,5029,0.339714693077822,0.5161550910591507
NSGAIII,MaF4,MaF,3,12,5030,0.3231168224282087,0.5164735472980685
NSGAIII,MaF5,MaF,2,11,5001,0.0122309209049287,0.3472151340260282
NSGAIII,MaF5,MaF,2,11,5002,0.0122309289649985,0.3472148264632721
NSGAIII,MaF5,MaF,2,11,5003,0.0122311188130196,0.3472150314352663
NSGAIII,MaF5,MaF,2,11,5004,0.0122315875156489,0.3472127737224978
NSGAIII,MaF5,MaF,2,11,5005,0.0122310050185296,0.3472151544662471
NSGAIII,MaF5,MaF,2,11,5006,2.008377437167497,0.0909090893715922
NSGAIII,MaF5,MaF,2,11,5007,2.0083774425535696,0.090909087178441
NSGAIII,MaF5,MaF,2,11,5008,0.0122310032156578,0.347215117069257
NSGAIII,MaF5,MaF,2,11,5009,0.0122309606285693,0.3472150754528253
NSGAIII,MaF5,MaF,2,11,5010,0.0122310320566858,0.3472151311065992
NSGAIII,MaF5,MaF,2,11,5011,0.0122310406279093,0.3472151317761298
NSGAIII,MaF5,MaF,2,11,5012,0.012239499015752,0.3471958792758628
NSGAIII,MaF5,MaF,2,11,5013,0.0122521719976237,0.3471885586912399
NSGAIII,MaF5,MaF,2,11,5014,0.0122332626173692,0.3472151142968223
NSGAIII,MaF5,MaF,2,11,5015,2.008377438582116,0.0909090887955731
NSGAIII,MaF5,MaF,2,11,5016,2.008377442557532,0.090909087176826
NSGAIII,MaF5,MaF,2,11,5017,0.0122310341508815,0.3472151624491386
NSGAIII,MaF5,MaF,2,11,5018,0.0122337407153165,0.3472140691177922
NSGAIII,MaF5,MaF,2,11,5019,0.0122309893653747,0.3472151125937343
NSGAIII,MaF5,MaF,2,11,5020,0.0122309865997825,0.347214770648228
NSGAIII,MaF5,MaF,2,11,5021,0.0122309802957622,0.347214612871447
NSGAIII,MaF5,MaF,2,11,5022,0.0122431733852667,0.3472137854895372
NSGAIII,MaF5,MaF,2,11,5023,0.0122310192606677,0.3472150660361507
NSGAIII,MaF5,MaF,2,11,5024,0.0122309111842631,0.3472151385875389
NSGAIII,MaF5,MaF,2,11,5025,0.0122310054502857,0.3472151461902761
NSGAIII,MaF5,MaF,2,11,5026,0.012230987274687,0.3472150818118791
NSGAIII,MaF5,MaF,2,11,5027,0.0122310017545895,0.3472151334683704
NSGAIII,MaF5,MaF,2,11,5028,0.0122310587531875,0.3472150621814688
NSGAIII,MaF5,MaF,2,11,5029,0.012230980851668,0.3472150938469111
NSGAIII,MaF5,MaF,2,11,5030,0.0122309463105769,0.3472150311422939
NSGAIII,MaF5,MaF,3,12,5001,0.2598356679802481,0.5595209296426753
NSGAIII,MaF5,MaF,3,12,5002,0.2597790802630759,0.5596000012667512
NSGAIII,MaF5,MaF,3,12,5003,0.2598779797202597,0.5594053634723916
NSGAIII,MaF5,MaF,3,12,5004,0.2597454162303061,0.5596181625500536
NSGAIII,MaF5,MaF,3,12,5005,0.2597489861772012,0.5596173578561826
NSGAIII,MaF5,MaF,3,12,5006,2.024110279868938,0.3414565899253777
NSGAIII,MaF5,MaF,3,12,5007,1.5032379091578272,0.3380206685028938
NSGAIII,MaF5,MaF,3,12,5008,0.2597479033456766,0.5596144452253673
NSGAIII,MaF5,MaF,3,12,5009,0.2597471038466786,0.5596164853836061
NSGAIII,MaF5,MaF,3,12,5010,0.2598484601914332,0.5595844078627846
NSGAIII,MaF5,MaF,3,12,5011,0.2597697541923826,0.5596189528640642
NSGAIII,MaF5,MaF,3,12,5012,0.2598100807091829,0.5596074515924937
NSGAIII,MaF5,MaF,3,12,5013,0.2597534126945883,0.5596151435630198
NSGAIII,MaF5,MaF,3,12,5014,0.2597442284492413,0.5596123989504977
NSGAIII,MaF5,MaF,3,12,5015,0.2600774134712102,0.5593453845596573
NSGAIII,MaF5,MaF,3,12,5016,0.259751005375593,0.5596170853343949
NSGAIII,MaF5,MaF,3,12,5017,1.500999844122805,0.3397743890287161
NSGAIII,MaF5,MaF,3,12,5018,0.2597554195828255,0.5596128756572526
NSGAIII,MaF5,MaF,3,12,5019,0.2597513337250853,0.5596172033132836
NSGAIII,MaF5,MaF,3,12,5020,0.2597515278106179,0.5596202516916506
NSGAIII,MaF5,MaF,3,12,5021,2.0237645504280555,0.3411443406668693
NSGAIII,MaF5,MaF,3,12,5022,0.2599476200175975,0.5593466713750141
NSGAIII,MaF5,MaF,3,12,5023,0.2597604736396617,0.5595840834821577
NSGAIII,MaF5,MaF,3,12,5024,0.2597510918616315,0.5596185862373056
NSGAIII,MaF5,MaF,3,12,5025,0.259757543500431,0.5596135704118261
NSGAIII,MaF5,MaF,3,12,5026,0.259913142755493,0.5595298510847937
NSGAIII,MaF5,MaF,3,12,5027,0.2597430066132931,0.5596204214545425
NSGAIII,MaF5,MaF,3,12,5028,0.2598497609526021,0.5594239226026431
NSGAIII,MaF5,MaF,3,12,5029,0.2600495949584576,0.5592170080944094
NSGAIII,MaF5,MaF,3,12,5030,2.0239419837916826,0.3418561081625984
NSGAIII,MaF6,MaF,2,11,5001,0.0039660741794497,0.3472150435493329
NSGAIII,MaF6,MaF,2,11,5002,0.003966108413378,0.3472150879083261
NSGAIII,MaF6,MaF,2,11,5003,0.0039660809392221,0.347213256924448
NSGAIII,MaF6,MaF,2,11,5004,0.0039661230767625,0.3472141100791767
NSGAIII,MaF6,MaF,2,11,5005,0.0039660376457246,0.3472147717984036
NSGAIII,MaF6,MaF,2,11,5006,0.0039660919989333,0.3472148070882674
NSGAIII,MaF6,MaF,2,11,5007,0.0039660932482733,0.3472149805908939
NSGAIII,MaF6,MaF,2,11,5008,0.0039660700420035,0.3472147659902692
NSGAIII,MaF6,MaF,2,11,5009,0.0039660814199395,0.347213431906327
NSGAIII,MaF6,MaF,2,11,5010,0.0039661123124298,0.3472140185719256
NSGAIII,MaF6,MaF,2,11,5011,0.0039660780123996,0.3472134896642831
NSGAIII,MaF6,MaF,2,11,5012,0.0039661004185999,0.3472135738753392
NSGAIII,MaF6,MaF,2,11,5013,0.0039660552433511,0.3472146617153439
NSGAIII,MaF6,MaF,2,11,5014,0.003966079157731,0.3472144435898193
NSGAIII,MaF6,MaF,2,11,5015,0.003966071491844,0.3472146391425587
NSGAIII,MaF6,MaF,2,11,5016,0.0039660946949882,0.347213182090973
NSGAIII,MaF6,MaF,2,11,5017,0.0039661367751435,0.3472147324419066
NSGAIII,MaF6,MaF,2,11,5018,0.0039661137490588,0.3472149068431092
NSGAIII,MaF6,MaF,2,11,5019,0.0039660640046001,0.3472137235551401
NSGAIII,MaF6,MaF,2,11,5020,0.0039661107396529,0.3472135318505033
NSGAIII,MaF6,MaF,2,11,5021,0.0039660538678014,0.3472145214849673
NSGAIII,MaF6,MaF,2,11,5022,0.0039661374758987,0.3472144721617356
NSGAIII,MaF6,MaF,2,11,5023,0.0039682993045514,0.3472134828674159
NSGAIII,MaF6,MaF,2,11,5024,0.0039660498238875,0.347214843004632
NSGAIII,MaF6,MaF,2,11,5025,0.0039660614695794,0.3472151490392993
NSGAIII,MaF6,MaF,2,11,5026,0.0039660700420116,0.3472147687331817
NSGAIII,MaF6,MaF,2,11,5027,0.0039660870201491,0.347214048590754
NSGAIII,MaF6,MaF,2,11,5028,0.0039660552954009,0.3472137321711923
NSGAIII,MaF6,MaF,2,11,5029,0.0039660460442971,0.3472140501837681
NSGAIII,MaF6,MaF,2,11,5030,0.0039661099130342,0.3472112623621277
NSGAIII,MaF6,MaF,3,12,5001,0.0135652684416249,0.1926500062347088
NSGAIII,MaF6,MaF,3,12,5002,0.0165349944530731,0.1919818708419704
NSGAIII,MaF6,MaF,3,12,5003,0.0144600283123041,0.1923736626186859
NSGAIII,MaF6,MaF,3,12,5004,0.0174325407707969,0.1920275634719809
NSGAIII,MaF6,MaF,3,12,5005,0.0160036402566925,0.1925506443016085
NSGAIII,MaF6,MaF,3,12,5006,0.0134508378923095,0.193319762421296
NSGAIII,MaF6,MaF,3,12,5007,0.0160319455941787,0.1932537221569274
NSGAIII,MaF6,MaF,3,12,5008,0.0169356667519962,0.1909967771440937
NSGAIII,MaF6,MaF,3,12,5009,0.0159945256773442,0.1920261454022365
NSGAIII,MaF6,MaF,3,12,5010,0.0152829749579457,0.1917801984090428
NSGAIII,MaF6,MaF,3,12,5011,0.0159208383752423,0.1916986412446901
NSGAIII,MaF6,MaF,3,12,5012,0.0156011188128816,0.1931386715956437
NSGAIII,MaF6,MaF,3,12,5013,0.0148311339152068,0.193004450741648
NSGAIII,MaF6,MaF,3,12,5014,0.0169655871942735,0.1925953551416168
NSGAIII,MaF6,MaF,3,12,5015,0.0151250672022369,0.1923055301613065
NSGAIII,MaF6,MaF,3,12,5016,0.0146292057982485,0.1937149792422745
NSGAIII,MaF6,MaF,3,12,5017,0.0155254574651478,0.1928637725264383
NSGAIII,MaF6,MaF,3,12,5018,0.0159605093156241,0.1914729488182025
NSGAIII,MaF6,MaF,3,12,5019,0.0168397074870213,0.1917826305282901
NSGAIII,MaF6,MaF,3,12,5020,0.0123138655698865,0.1945020010464661
NSGAIII,MaF6,MaF,3,12,5021,0.0144519147726418,0.1942480462269597
NSGAIII,MaF6,MaF,3,12,5022,0.0145336612019381,0.1933160400229059
NSGAIII,MaF6,MaF,3,12,5023,0.0142425319829665,0.1942754109844907
NSGAIII,MaF6,MaF,3,12,5024,0.0158489359893812,0.189512502849318
NSGAIII,MaF6,MaF,3,12,5025,0.0124182406345788,0.193172652399424
NSGAIII,MaF6,MaF,3,12,5026,0.0157113085045751,0.1927462830070389
NSGAIII,MaF6,MaF,3,12,5027,0.0170963812317681,0.1919111423250553
NSGAIII,MaF6,MaF,3,12,5028,0.0156499401040846,0.1925102667492355
NSGAIII,MaF6,MaF,3,12,5029,0.0161189235638662,0.1907110015706377
NSGAIII,MaF6,MaF,3,12,5030,0.0172790840667375,0.1931391865867764
NSGAIII,MaF7,MaF,2,21,5001,0.0051451979684378,0.2427979221663116
NSGAIII,MaF7,MaF,2,21,5002,0.005072052131746,0.242817815148176
NSGAIII,MaF7,MaF,2,21,5003,0.0049733663010012,0.2428335252102883
NSGAIII,MaF7,MaF,2,21,5004,0.0049700344475337,0.2428292394352806
NSGAIII,MaF7,MaF,2,21,5005,0.0052225337462143,0.242783634330608
NSGAIII,MaF7,MaF,2,21,5006,0.0049922775568573,0.2428291347916643
NSGAIII,MaF7,MaF,2,21,5007,0.0050952446740319,0.2428067002649744
NSGAIII,MaF7,MaF,2,21,5008,0.0050754880555629,0.2428098277279097
NSGAIII,MaF7,MaF,2,21,5009,0.0050633098454519,0.2428067348003085
NSGAIII,MaF7,MaF,2,21,5010,0.0050770318897825,0.2428154245593701
NSGAIII,MaF7,MaF,2,21,5011,0.0051492548674676,0.2427957631401847
NSGAIII,MaF7,MaF,2,21,5012,0.0051193618090054,0.24280327309834
NSGAIII,MaF7,MaF,2,21,5013,0.0051753719728477,0.2427892812433292
NSGAIII,MaF7,MaF,2,21,5014,0.0050378793252415,0.242813547516406
NSGAIII,MaF7,MaF,2,21,5015,0.0050946444233417,0.2427995041328094
NSGAIII,MaF7,MaF,2,21,5016,0.0050409859755639,0.2428237938245181
NSGAIII,MaF7,MaF,2,21,5017,0.004911382471484,0.2428519354862679
NSGAIII,MaF7,MaF,2,21,5018,0.0050990886922663,0.2427991065968736
NSGAIII,MaF7,MaF,2,21,5019,0.0050383330593946,0.2428113426959886
NSGAIII,MaF7,MaF,2,21,5020,0.0052166951648811,0.2427766701740771
NSGAIII,MaF7,MaF,2,21,5021,0.0050909711675745,0.2428058410614723
NSGAIII,MaF7,MaF,2,21,5022,0.0050393115873678,0.2428212844808205
NSGAIII,MaF7,MaF,2,21,5023,0.0050506600347653,0.2428148299057883
NSGAIII,MaF7,MaF,2,21,5024,0.0051231995938547,0.2427996518504074
NSGAIII,MaF7,MaF,2,21,5025,0.0050168429507412,0.2428206679382319
NSGAIII,MaF7,MaF,2,21,5026,0.0050375758632163,0.2428185330321921
NSGAIII,MaF7,MaF,2,21,5027,0.0051852808773437,0.2427903010379962
NSGAIII,MaF7,MaF,2,21,5028,0.0051311881188253,0.2427940441326757
NSGAIII,MaF7,MaF,2,21,5029,0.005067708825915,0.2428117760337185
NSGAIII,MaF7,MaF,2,21,5030,0.0050598615418089,0.2428066242934738
NSGAIII,MaF7,MaF,3,22,5001,0.0773865465203739,0.2695164303072219
NSGAIII,MaF7,MaF,3,22,5002,0.0792316173199756,0.2725900184454618
NSGAIII,MaF7,MaF,3,22,5003,0.0805768516571029,0.2683436110032983
NSGAIII,MaF7,MaF,3,22,5004,0.0778441274965857,0.2706051020369202
NSGAIII,MaF7,MaF,3,22,5005,0.0715180146438533,0.2717725910185929
NSGAIII,MaF7,MaF,3,22,5006,0.0787414071618747,0.2714317702676373
NSGAIII,MaF7,MaF,3,22,5007,0.0777846687981723,0.2689791301479188
NSGAIII,MaF7,MaF,3,22,5008,0.0764400381372425,0.2682804189274308
NSGAIII,MaF7,MaF,3,22,5009,0.0765766234542408,0.2672301568794982
NSGAIII,MaF7,MaF,3,22,5010,0.0806850000991312,0.2681506875857887
NSGAIII,MaF7,MaF,3,22,5011,0.0752913249607356,0.2680001241473493
NSGAIII,MaF7,MaF,3,22,5012,0.0819257863914104,0.266521523006767
NSGAIII,MaF7,MaF,3,22,5013,0.0694594472271183,0.2700461368772934
NSGAIII,MaF7,MaF,3,22,5014,0.0728052977698026,0.2687471377024927
NSGAIII,MaF7,MaF,3,22,5015,0.0734217381639393,0.268188877891038
NSGAIII,MaF7,MaF,3,22,5016,0.0744712619351244,0.2692286423974447
NSGAIII,MaF7,MaF,3,22,5017,0.0718736190881287,0.2714086571102502
NSGAIII,MaF7,MaF,3,22,5018,0.0761665581442338,0.2712583035277732
NSGAIII,MaF7,MaF,3,22,5019,0.0713017435399308,0.2698058869501106
NSGAIII,MaF7,MaF,3,22,5020,0.0857106130119565,0.2682228935202865
NSGAIII,MaF7,MaF,3,22,5021,0.0741526948255367,0.2702158432539644
NSGAIII,MaF7,MaF,3,22,5022,0.0752071754006317,0.2692521504953027
NSGAIII,MaF7,MaF,3,22,5023,0.0782806830687566,0.2702480355425396
NSGAIII,MaF7,MaF,3,22,5024,0.0808172351932681,0.2636932041971015
NSGAIII,MaF7,MaF,3,22,5025,0.0759637908283812,0.2720284544580792
NSGAIII,MaF7,MaF,3,22,5026,0.0804111759660516,0.2659998070300611
NSGAIII,MaF7,MaF,3,22,5027,0.076930132995909,0.2690710366784059
NSGAIII,MaF7,MaF,3,22,5028,0.0796965746545844,0.2635053954142071
NSGAIII,MaF7,MaF,3,22,5029,0.0848353008772547,0.2605938884751821
NSGAIII,MaF7,MaF,3,22,5030,0.0817428924660417,0.264844040262146
NSGAIII,WFG1,WFG,2,11,5001,0.1126085214680688,0.6530774088979907
NSGAIII,WFG1,WFG,2,11,5002,0.0518560430725974,0.6799418926768355
NSGAIII,WFG1,WFG,2,11,5003,0.0707367851318168,0.6761723685066707
NSGAIII,WFG1,WFG,2,11,5004,0.072179800685779,0.6711543873373647
NSGAIII,WFG1,WFG,2,11,5005,0.0688886940193898,0.6764705392995767
NSGAIII,WFG1,WFG,2,11,5006,0.0692469125920898,0.676502164610925
NSGAIII,WFG1,WFG,2,11,5007,0.0466950434001691,0.6807981866813251
NSGAIII,WFG1,WFG,2,11,5008,0.0903891484442797,0.6710540302297092
NSGAIII,WFG1,WFG,2,11,5009,0.1122203184656396,0.6534843463799916
NSGAIII,WFG1,WFG,2,11,5010,0.050262888069634,0.6803318296657056
NSGAIII,WFG1,WFG,2,11,5011,0.0884107260323698,0.6716788984948686
NSGAIII,WFG1,WFG,2,11,5012,0.0955320383582258,0.669238614125515
NSGAIII,WFG1,WFG,2,11,5013,0.1169829191125892,0.6476970782402252
NSGAIII,WFG1,WFG,2,11,5014,0.1096548821674691,0.6580092716839073
NSGAIII,WFG1,WFG,2,11,5015,0.0895565753501382,0.6712888994675602
NSGAIII,WFG1,WFG,2,11,5016,0.1137429628999073,0.6512094175431588
NSGAIII,WFG1,WFG,2,11,5017,0.0551076093597542,0.6792660566253721
NSGAIII,WFG1,WFG,2,11,5018,0.0848426017385998,0.6727013313110619
NSGAIII,WFG1,WFG,2,11,5019,0.1008165705254072,0.666828765963926
NSGAIII,WFG1,WFG,2,11,5020,0.0667973313043398,0.6770102872832455
NSGAIII,WFG1,WFG,2,11,5021,0.0976993617093646,0.6682984612722217
NSGAIII,WFG1,WFG,2,11,5022,0.0763212815071108,0.6748847696795464
NSGAIII,WFG1,WFG,2,11,5023,0.0980795187921119,0.6681418771283991
NSGAIII,WFG1,WFG,2,11,5024,0.0428919856768158,0.6817394059642533
NSGAIII,WFG1,WFG,2,11,5025,0.0950681064502161,0.6694540945635109
NSGAIII,WFG1,WFG,2,11,5026,0.0920003362303319,0.6705162104074658
NSGAIII,WFG1,WFG,2,11,5027,0.1097068651424436,0.6579903581821529
NSGAIII,WFG1,WFG,2,11,5028,0.0845945725360888,0.6727729015482175
NSGAIII,WFG1,WFG,2,11,5029,0.0904811358172014,0.671020920199348
NSGAIII,WFG1,WFG,2,11,5030,0.1042067165271774,0.6648852043705178
NSGAIII,WFG1,WFG,3,12,5001,0.1483682544953349,0.943935029627488
NSGAIII,WFG1,WFG,3,12,5002,0.1541568722202788,0.9412019436568482
NSGAIII,WFG1,WFG,3,12,5003,0.1491836111326927,0.9426365109757436
NSGAIII,WFG1,WFG,3,12,5004,0.1470762073013512,0.9439645067955108
NSGAIII,WFG1,WFG,3,12,5005,0.1474412125744252,0.9438595291751908
NSGAIII,WFG1,WFG,3,12,5006,0.148235959031387,0.9438291419549752
NSGAIII,WFG1,WFG,3,12,5007,0.1597364052449632,0.9411277307098056
NSGAIII,WFG1,WFG,3,12,5008,0.1479579318608057,0.9434069222233225
NSGAIII,WFG1,WFG,3,12,5009,0.1472982029899465,0.943814529987782
NSGAIII,WFG1,WFG,3,12,5010,0.1495447045717925,0.9424531052536846
NSGAIII,WFG1,WFG,3,12,5011,0.1484694428797056,0.9432955409759308
NSGAIII,WFG1,WFG,3,12,5012,0.1469447902096633,0.943609945434899
NSGAIII,WFG1,WFG,3,12,5013,0.1473229023010087,0.9432016949259382
NSGAIII,WFG1,WFG,3,12,5014,0.1468223579846076,0.9442714739610863
NSGAIII,WFG1,WFG,3,12,5015,0.1473945005214244,0.943642673427865
NSGAIII,WFG1,WFG,3,12,5016,0.1502085758604832,0.9422180997132256
NSGAIII,WFG1,WFG,3,12,5017,0.1478410427908271,0.9440853540845604
NSGAIII,WFG1,WFG,3,12,5018,0.147048177061195,0.943301750004448
NSGAIII,WFG1,WFG,3,12,5019,0.1470976197958269,0.9438056896116214
NSGAIII,WFG1,WFG,3,12,5020,0.14648985845234,0.94349900421801
NSGAIII,WFG1,WFG,3,12,5021,0.146239942608807,0.9443544247092328
NSGAIII,WFG1,WFG,3,12,5022,0.1471127838088806,0.9438611375735104
NSGAIII,WFG1,WFG,3,12,5023,0.1483826673091328,0.9434469069252184
NSGAIII,WFG1,WFG,3,12,5024,0.1487767436879505,0.9431262330614908
NSGAIII,WFG1,WFG,3,12,5025,0.1503476081186346,0.9423418336440388
NSGAIII,WFG1,WFG,3,12,5026,0.1434974226164832,0.9451901056930382
NSGAIII,WFG1,WFG,3,12,5027,0.1487147549039248,0.9426629574568304
NSGAIII,WFG1,WFG,3,12,5028,0.148183756795669,0.9425228282264232
NSGAIII,WFG1,WFG,3,12,5029,0.1488356078405681,0.9429128505218322
NSGAIII,WFG1,WFG,3,12,5030,0.1485767414154278,0.9431284083039362
NSGAIII,WFG2,WFG,2,11,5001,0.0144647806692026,0.6320402464376147
NSGAIII,WFG2,WFG,2,11,5002,0.0142827610242569,0.6323324178457762
NSGAIII,WFG2,WFG,2,11,5003,0.0143233161419719,0.6320532052781755
NSGAIII,WFG2,WFG,2,11,5004,0.0137745661923401,0.6325076996909457
NSGAIII,WFG2,WFG,2,11,5005,0.0135590868294811,0.6329186557912021
NSGAIII,WFG2,WFG,2,11,5006,0.0138217378676843,0.6322530903028304
NSGAIII,WFG2,WFG,2,11,5007,0.0150602695839375,0.6319687394337735
NSGAIII,WFG2,WFG,2,11,5008,0.0134942457773997,0.6321016008674383
NSGAIII,WFG2,WFG,2,11,5009,0.014654348309862,0.6323067980286725
NSGAIII,WFG2,WFG,2,11,5010,0.0147695778540337,0.632443957753234
NSGAIII,WFG2,WFG,2,11,5011,0.0137004903035601,0.6323595971415437
NSGAIII,WFG2,WFG,2,11,5012,0.0136145515678085,0.6325640194719055
NSGAIII,WFG2,WFG,2,11,5013,0.0143430202395236,0.6316978651585642
NSGAIII,WFG2,WFG,2,11,5014,0.0135831196963909,0.6327072898708899
NSGAIII,WFG2,WFG,2,11,5015,0.0138654914625264,0.6325396447539935
NSGAIII,WFG2,WFG,2,11,5016,0.0137752322662148,0.6320129176446252
NSGAIII,WFG2,WFG,2,11,5017,0.0133977317807548,0.6322264928533072
NSGAIII,WFG2,WFG,2,11,5018,0.0137106519324264,0.6319565759716743
NSGAIII,WFG2,WFG,2,11,5019,0.0139682511653525,0.6314760393654248
NSGAIII,WFG2,WFG,2,11,5020,0.0136637675022261,0.6327160047570806
NSGAIII,WFG2,WFG,2,11,5021,0.0144424985013335,0.6323578942824656
NSGAIII,WFG2,WFG,2,11,5022,0.0141075674107082,0.6322994781944046
NSGAIII,WFG2,WFG,2,11,5023,0.01422755914589,0.6322319936024035
NSGAIII,WFG2,WFG,2,11,5024,0.0136369962280628,0.6323861114278982
NSGAIII,WFG2,WFG,2,11,5025,0.0145479614237386,0.6320641796705249
NSGAIII,WFG2,WFG,2,11,5026,0.014366841381943,0.6320477014716176
NSGAIII,WFG2,WFG,2,11,5027,0.014202649185152,0.6324737490974363
NSGAIII,WFG2,WFG,2,11,5028,0.0135353665702093,0.6320037470464065
NSGAIII,WFG2,WFG,2,11,5029,0.0134096585323353,0.6323492751218336
NSGAIII,WFG2,WFG,2,11,5030,0.0140654021690718,0.6322711343802135
NSGAIII,WFG2,WFG,3,12,5001,0.1637577078556348,0.9309957560412636
NSGAIII,WFG2,WFG,3,12,5002,0.1651761172852143,0.931487905483755
NSGAIII,WFG2,WFG,3,12,5003,0.1638216711992375,0.9323380047518308
NSGAIII,WFG2,WFG,3,12,5004,0.1639748223133674,0.9308984793381444
NSGAIII,WFG2,WFG,3,12,5005,0.1616966923885482,0.9340019101420268
NSGAIII,WFG2,WFG,3,12,5006,0.1648316318000107,0.9323685943492408
NSGAIII,WFG2,WFG,3,12,5007,0.1645898858935673,0.930885410747047
NSGAIII,WFG2,WFG,3,12,5008,0.1653913117354209,0.931463663064914
NSGAIII,WFG2,WFG,3,12,5009,0.1640937145000833,0.9301570902024772
NSGAIII,WFG2,WFG,3,12,5010,0.1653425381284307,0.9324895523977488
NSGAIII,WFG2,WFG,3,12,5011,0.1647906010995377,0.9315401143468716
NSGAIII,WFG2,WFG,3,12,5012,0.1648267865864624,0.9320224172716156
NSGAIII,WFG2,WFG,3,12,5013,0.1645061487859619,0.9307650991884604
NSGAIII,WFG2,WFG,3,12,5014,0.1641304576958525,0.9316129277654612
NSGAIII,WFG2,WFG,3,12,5015,0.1623243176269786,0.931412922192982
NSGAIII,WFG2,WFG,3,12,5016,0.1647284730075582,0.9322526842370596
NSGAIII,WFG2,WFG,3,12,5017,0.1637364876591103,0.9314085586481184
NSGAIII,WFG2,WFG,3,12,5018,0.1638740531477307,0.931379692910201
NSGAIII,WFG2,WFG,3,12,5019,0.1647999316933691,0.9313476593545336
NSGAIII,WFG2,WFG,3,12,5020,0.1659176789910376,0.9308661213827836
NSGAIII,WFG2,WFG,3,12,5021,0.1649499754860934,0.9304375982077664
NSGAIII,WFG2,WFG,3,12,5022,0.1649963368937403,0.9302954107734682
NSGAIII,WFG2,WFG,3,12,5023,0.1655941755713354,0.9302819147781682
NSGAIII,WFG2,WFG,3,12,5024,0.1644314387059403,0.9316529514954344
NSGAIII,WFG2,WFG,3,12,5025,0.1662646742451531,0.9317642618321924
NSGAIII,WFG2,WFG,3,12,5026,0.1663806103990554,0.9311482942782509
NSGAIII,WFG2,WFG,3,12,5027,0.1645596828566735,0.93125120394246
NSGAIII,WFG2,WFG,3,12,5028,0.1655903683416975,0.9303688282883922
NSGAIII,WFG2,WFG,3,12,5029,0.1653294584101054,0.9291318189290614
NSGAIII,WFG2,WFG,3,12,5030,0.1628325268241735,0.9313506680399796
NSGAIII,WFG3,WFG,2,11,5001,0.0113230678298972,0.5823526101895977
NSGAIII,WFG3,WFG,2,11,5002,0.0113516035864416,0.582218988898787
NSGAIII,WFG3,WFG,2,11,5003,0.0113074834349762,0.5824259554559941
NSGAIII,WFG3,WFG,2,11,5004,0.0113369709505379,0.5822803717884929
NSGAIII,WFG3,WFG,2,11,5005,0.0113444342959823,0.582247789029138
NSGAIII,WFG3,WFG,2,11,5006,0.0113623298243756,0.5821838439489404
NSGAIII,WFG3,WFG,2,11,5007,0.0113847768923433,0.5821133726811515
NSGAIII,WFG3,WFG,2,11,5008,0.0113669597202096,0.582171624566152
NSGAIII,WFG3,WFG,2,11,5009,0.0113407617308809,0.5822602737423789
NSGAIII,WFG3,WFG,2,11,5010,0.0114286340929707,0.581982283849847
NSGAIII,WFG3,WFG,2,11,5011,0.0115691046373715,0.5816721001947897
NSGAIII,WFG3,WFG,2,11,5012,0.0113132088903637,0.5823999397460206
NSGAIII,WFG3,WFG,2,11,5013,0.0113902940807351,0.5820941252108105
NSGAIII,WFG3,WFG,2,11,5014,0.0113228064817363,0.5823381247344085
NSGAIII,WFG3,WFG,2,11,5015,0.011332259369304,0.58229580568679
NSGAIII,WFG3,WFG,2,11,5016,0.0114663633796431,0.5818897375251013
NSGAIII,WFG3,WFG,2,11,5017,0.0113104710439365,0.5824064518535944
NSGAIII,WFG3,WFG,2,11,5018,0.0113097307596649,0.58241000625295
NSGAIII,WFG3,WFG,2,11,5019,0.0113728604590832,0.5821435257758685
NSGAIII,WFG3,WFG,2,11,5020,0.0114113919995663,0.5820291593783837
NSGAIII,WFG3,WFG,2,11,5021,0.0113250118221573,0.582348386254681
NSGAIII,WFG3,WFG,2,11,5022,0.011305011140546,0.5824405781177457
NSGAIII,WFG3,WFG,2,11,5023,0.0113145049726043,0.5823831360316613
NSGAIII,WFG3,WFG,2,11,5024,0.0113934273973358,0.5820864628419309
NSGAIII,WFG3,WFG,2,11,5025,0.0113679443046996,0.5821633818058369
NSGAIII,WFG3,WFG,2,11,5026,0.0113256424098261,0.5823292371701574
NSGAIII,WFG3,WFG,2,11,5027,0.0114196463077532,0.5820107276457784
NSGAIII,WFG3,WFG,2,11,5028,0.011322108435716,0.5823426978090859
NSGAIII,WFG3,WFG,2,11,5029,0.011424002322129,0.5820003236338033
NSGAIII,WFG3,WFG,2,11,5030,0.0113069516807175,0.5824265366708102
NSGAIII,WFG3,WFG,3,12,5001,0.097844489548702,0.3929306922712886
NSGAIII,WFG3,WFG,3,12,5002,0.1107020360327889,0.3831158715941276
NSGAIII,WFG3,WFG,3,12,5003,0.1023031888906391,0.3910132738608222
NSGAIII,WFG3,WFG,3,12,5004,0.1061451865299751,0.3868138361988463
NSGAIII,WFG3,WFG,3,12,5005,0.0989890316015227,0.3890279610507796
NSGAIII,WFG3,WFG,3,12,5006,0.1282527432982092,0.379547785609904
NSGAIII,WFG3,WFG,3,12,5007,0.1004123797159285,0.3869603073993317
NSGAIII,WFG3,WFG,3,12,5008,0.1055689492529559,0.3860842351418159
NSGAIII,WFG3,WFG,3,12,5009,0.1180961172325357,0.3831984490790501
NSGAIII,WFG3,WFG,3,12,5010,0.1184241088212755,0.3803606452440554
NSGAIII,WFG3,WFG,3,12,5011,0.092400071710213,0.3941306625549707
NSGAIII,WFG3,WFG,3,12,5012,0.1213191884627014,0.3839049428355829
NSGAIII,WFG3,WFG,3,12,5013,0.1069020216513942,0.3862168335423089
NSGAIII,WFG3,WFG,3,12,5014,0.0917381130009742,0.3953838166476836
NSGAIII,WFG3,WFG,3,12,5015,0.1114241608175582,0.382218332186317
NSGAIII,WFG3,WFG,3,12,5016,0.1072325741999212,0.3830364467357018
NSGAIII,WFG3,WFG,3,12,5017,0.1282233898556053,0.3780002853566174
NSGAIII,WFG3,WFG,3,12,5018,0.0889049547730599,0.3955261273824801
NSGAIII,WFG3,WFG,3,12,5019,0.1100457105742716,0.3889887140044981
NSGAIII,WFG3,WFG,3,12,5020,0.1157156887738061,0.3852660539677115
NSGAIII,WFG3,WFG,3,12,5021,0.0998101558922047,0.3927248609499945
NSGAIII,WFG3,WFG,3,12,5022,0.1016806672150194,0.3851519404251591
NSGAIII,WFG3,WFG,3,12,5023,0.0993610847243397,0.3939998047002536
NSGAIII,WFG3,WFG,3,12,5024,0.1207302129715886,0.3820233291546998
NSGAIII,WFG3,WFG,3,12,5025,0.1121576731788956,0.3844343137744115
NSGAIII,WFG3,WFG,3,12,5026,0.1009795271237137,0.3882739530320632
NSGAIII,WFG3,WFG,3,12,5027,0.093356593146169,0.3957109797092383
NSGAIII,WFG3,WFG,3,12,5028,0.0977277028411846,0.3922101407469855
NSGAIII,WFG3,WFG,3,12,5029,0.1078641872633463,0.3870866963232581
NSGAIII,WFG3,WFG,3,12,5030,0.096967667368292,0.3943047704016089
NSGAIII,WFG4,WFG,2,11,5001,0.0122323106019144,0.3472146926521348
NSGAIII,WFG4,WFG,2,11,5002,0.0122335454566152,0.347207630657823
NSGAIII,WFG4,WFG,2,11,5003,0.0122339446449824,0.3472044530431303
NSGAIII,WFG4,WFG,2,11,5004,0.0122343397779707,0.3472118801888776
NSGAIII,WFG4,WFG,2,11,5005,0.0122328188921959,0.3472141319868653
NSGAIII,WFG4,WFG,2,11,5006,0.0122345819251545,0.3472131009389781
NSGAIII,WFG4,WFG,2,11,5007,0.0122329137794941,0.347203403767957
NSGAIII,WFG4,WFG,2,11,5008,0.0122322833214664,0.3472147004749277
NSGAIII,WFG4,WFG,2,11,5009,0.0122324382178053,0.3472147487943054
NSGAIII,WFG4,WFG,2,11,5010,0.012233210632993,0.3472021305215625
NSGAIII,WFG4,WFG,2,11,5011,0.0122323899500128,0.3472145228720449
NSGAIII,WFG4,WFG,2,11,5012,0.0122324032993529,0.3472119836075539
NSGAIII,WFG4,WFG,2,11,5013,0.0122389636738022,0.3472130385155703
NSGAIII,WFG4,WFG,2,11,5014,0.0122380232970754,0.3471418201910449
NSGAIII,WFG4,WFG,2,11,5015,0.0122328044808596,0.3472121454874009
NSGAIII,WFG4,WFG,2,11,5016,0.0122323496905333,0.3472148265834404
NSGAIII,WFG4,WFG,2,11,5017,0.012233020153267,0.347210934571619
NSGAIII,WFG4,WFG,2,11,5018,0.012232362746228,0.3472146802189737
NSGAIII,WFG4,WFG,2,11,5019,0.0122322023710729,0.3472132462864156
NSGAIII,WFG4,WFG,2,11,5020,0.012232546849662,0.347210264603256
NSGAIII,WFG4,WFG,2,11,5021,0.0122398552283614,0.3471571932749943
NSGAIII,WFG4,WFG,2,11,5022,0.0122326598189883,0.3472138749715258
NSGAIII,WFG4,WFG,2,11,5023,0.0122327225204266,0.3472101972334631
NSGAIII,WFG4,WFG,2,11,5024,0.0122323212658312,0.3472137957089096
NSGAIII,WFG4,WFG,2,11,5025,0.012232391664672,0.34721483238718
NSGAIII,WFG4,WFG,2,11,5026,0.0122319863955018,0.3472140971548227
NSGAIII,WFG4,WFG,2,11,5027,0.0122322583550516,0.3472147792790926
NSGAIII,WFG4,WFG,2,11,5028,0.0122334828788807,0.347214527631608
NSGAIII,WFG4,WFG,2,11,5029,0.0122324212693348,0.3472145855428819
NSGAIII,WFG4,WFG,2,11,5030,0.0122325730267614,0.3472148831776337
NSGAIII,WFG4,WFG,3,12,5001,0.2208938369387983,0.5583479178826354
NSGAIII,WFG4,WFG,3,12,5002,0.2209504643177811,0.5592716151380269
NSGAIII,WFG4,WFG,3,12,5003,0.2208945031731574,0.5589858453350395
NSGAIII,WFG4,WFG,3,12,5004,0.2208261061362227,0.5591848713840937
NSGAIII,WFG4,WFG,3,12,5005,0.2209174504052453,0.5591422908926735
NSGAIII,WFG4,WFG,3,12,5006,0.2208667523530071,0.5589479487441376
NSGAIII,WFG4,WFG,3,12,5007,0.220993950609382,0.5589431514312926
NSGAIII,WFG4,WFG,3,12,5008,0.2208707088220065,0.5591240795030231
NSGAIII,WFG4,WFG,3,12,5009,0.2209734773010377,0.5588955512750355
NSGAIII,WFG4,WFG,3,12,5010,0.2209355075654075,0.5591763431420775
NSGAIII,WFG4,WFG,3,12,5011,0.2210030280158905,0.5585447929140315
NSGAIII,WFG4,WFG,3,12,5012,0.2209125996409857,0.5588869446104853
NSGAIII,WFG4,WFG,3,12,5013,0.2210585912284526,0.5591149961081201
NSGAIII,WFG4,WFG,3,12,5014,0.2208651435625348,0.5589454474856488
NSGAIII,WFG4,WFG,3,12,5015,0.2209145011307133,0.5591913364605265
NSGAIII,WFG4,WFG,3,12,5016,0.2208988133269547,0.5587937109229791
NSGAIII,WFG4,WFG,3,12,5017,0.2209556592214797,0.5587639593774094
NSGAIII,WFG4,WFG,3,12,5018,0.2209103690437681,0.559147927083612
NSGAIII,WFG4,WFG,3,12,5019,0.2209966778230251,0.5590296556211336
NSGAIII,WFG4,WFG,3,12,5020,0.2209285346851451,0.5588448824701944
NSGAIII,WFG4,WFG,3,12,5021,0.2209276630001531,0.5593219269361743
NSGAIII,WFG4,WFG,3,12,5022,0.2208370953383574,0.5587168968736453
NSGAIII,WFG4,WFG,3,12,5023,0.2209170833910946,0.559097539609505
NSGAIII,WFG4,WFG,3,12,5024,0.2209991829717778,0.5592336257483271
NSGAIII,WFG4,WFG,3,12,5025,0.2210202285579612,0.558902844780151
NSGAIII,WFG4,WFG,3,12,5026,0.2209861942028577,0.5588097793686425
NSGAIII,WFG4,WFG,3,12,5027,0.2209021036574809,0.559008418187036
NSGAIII,WFG4,WFG,3,12,5028,0.2209875620382749,0.5591902386151005
NSGAIII,WFG4,WFG,3,12,5029,0.2210210687523817,0.5589333661233961
NSGAIII,WFG4,WFG,3,12,5030,0.2209744748667073,0.5591187507873188
NSGAIII,WFG5,WFG,2,11,5001,0.0633689894235965,0.313380693143045
NSGAIII,WFG5,WFG,2,11,5002,0.0633686677537783,0.3133816384406966
NSGAIII,WFG5,WFG,2,11,5003,0.063369758990426,0.3133773798300103
NSGAIII,WFG5,WFG,2,11,5004,0.0633699171048445,0.3133773250911369
NSGAIII,WFG5,WFG,2,11,5005,0.0633742352464924,0.3133733716357654
NSGAIII,WFG5,WFG,2,11,5006,0.063369967759276,0.3133811274285016
NSGAIII,WFG5,WFG,2,11,5007,0.0633710903896792,0.3133728645201296
NSGAIII,WFG5,WFG,2,11,5008,0.0633690263368232,0.3133811982484346
NSGAIII,WFG5,WFG,2,11,5009,0.0634048008799887,0.3132535239867974
NSGAIII,WFG5,WFG,2,11,5010,0.0633693267724845,0.3133815689742071
NSGAIII,WFG5,WFG,2,11,5011,0.0633692715159814,0.3133793745890369
NSGAIII,WFG5,WFG,2,11,5012,0.0633810976173935,0.3133390404055022
NSGAIII,WFG5,WFG,2,11,5013,0.0633690785809124,0.3133812802057723
NSGAIII,WFG5,WFG,2,11,5014,0.0633689185006426,0.3133805639804889
NSGAIII,WFG5,WFG,2,11,5015,0.0633767006646042,0.3133518049305301
NSGAIII,WFG5,WFG,2,11,5016,0.0633756790367501,0.3133566683343955
NSGAIII,WFG5,WFG,2,11,5017,0.063371076830935,0.3133737800880469
NSGAIII,WFG5,WFG,2,11,5018,0.0633841337118013,0.3133276161915823
NSGAIII,WFG5,WFG,2,11,5019,0.0633737677906132,0.3133632506603759
NSGAIII,WFG5,WFG,2,11,5020,0.0633664109399548,0.3134059272899749
NSGAIII,WFG5,WFG,2,11,5021,0.0633697463086513,0.3133810265594769
NSGAIII,WFG5,WFG,2,11,5022,0.063375111016804,0.3133601344128351
NSGAIII,WFG5,WFG,2,11,5023,0.0633885690630224,0.3133142849649382
NSGAIII,WFG5,WFG,2,11,5024,0.0633687320044242,0.3133816156794956
NSGAIII,WFG5,WFG,2,11,5025,0.0633717611441994,0.3133700421222323
NSGAIII,WFG5,WFG,2,11,5026,0.0633788265216767,0.3133469695912828
NSGAIII,WFG5,WFG,2,11,5027,0.0633694059213371,0.3133787428286642
NSGAIII,WFG5,WFG,2,11,5028,0.0633695566586491,0.3133794489924288
NSGAIII,WFG5,WFG,2,11,5029,0.0633705480602504,0.3133748928322057
NSGAIII,WFG5,WFG,2,11,5030,0.0633686769554814,0.3133822379784795
NSGAIII,WFG5,WFG,3,12,5001,0.2299214406133725,0.5184279496856598
NSGAIII,WFG5,WFG,3,12,5002,0.2298647495202194,0.5184376673234747
NSGAIII,WFG5,WFG,3,12,5003,0.2299027644178499,0.5184082352580143
NSGAIII,WFG5,WFG,3,12,5004,0.2298936894152826,0.5184359861096511
NSGAIII,WFG5,WFG,3,12,5005,0.2299987215884208,0.5183799312971654
NSGAIII,WFG5,WFG,3,12,5006,0.2298978923141819,0.5184281567179186
NSGAIII,WFG5,WFG,3,12,5007,0.2298735922171673,0.5184522350675218
NSGAIII,WFG5,WFG,3,12,5008,0.2298756878846604,0.5184617884539192
NSGAIII,WFG5,WFG,3,12,5009,0.2298705501586435,0.5184540863266605
NSGAIII,WFG5,WFG,3,12,5010,0.2298187704158484,0.5183550000185607
NSGAIII,WFG5,WFG,3,12,5011,0.2298949632577908,0.5183837659102082
NSGAIII,WFG5,WFG,3,12,5012,0.2298703943768646,0.518452509169997
NSGAIII,WFG5,WFG,3,12,5013,0.2298443622750396,0.5184308394709723
NSGAIII,WFG5,WFG,3,12,5014,0.2298672093633942,0.5184377028096921
NSGAIII,WFG5,WFG,3,12,5015,0.2299183399469765,0.5184347416858204
NSGAIII,WFG5,WFG,3,12,5016,0.2298668006475252,0.5184450590295567
NSGAIII,WFG5,WFG,3,12,5017,0.2299546717256108,0.5184207409205984
NSGAIII,WFG5,WFG,3,12,5018,0.2298716960903873,0.5184317661321561
NSGAIII,WFG5,WFG,3,12,5019,0.2300247086875657,0.5183570319742502
NSGAIII,WFG5,WFG,3,12,5020,0.2299411308709561,0.518437847378003
NSGAIII,WFG5,WFG,3,12,5021,0.2298851235873275,0.5184451272618267
NSGAIII,WFG5,WFG,3,12,5022,0.2298660070940631,0.5184541953107787
NSGAIII,WFG5,WFG,3,12,5023,0.2298826038327353,0.5184287728778545
NSGAIII,WFG5,WFG,3,12,5024,0.2298737608766745,0.5184564806595978
NSGAIII,WFG5,WFG,3,12,5025,0.2299004093760976,0.5184244935787884
NSGAIII,WFG5,WFG,3,12,5026,0.2298930946773176,0.5184343538769846
NSGAIII,WFG5,WFG,3,12,5027,0.2298549108967942,0.518442098567788
NSGAIII,WFG5,WFG,3,12,5028,0.2299006615714436,0.5184461827643598
NSGAIII,WFG5,WFG,3,12,5029,0.229913190695906,0.5184432810011155
NSGAIII,WFG5,WFG,3,12,5030,0.2298453734808196,0.5184467618090173
NSGAIII,WFG6,WFG,2,11,5001,0.076674211226956,0.3060040210200321
NSGAIII,WFG6,WFG,2,11,5002,0.0879965914195878,0.2997858567081032
NSGAIII,WFG6,WFG,2,11,5003,0.0879587531597537,0.2998070595698149
NSGAIII,WFG6,WFG,2,11,5004,0.0810274488239809,0.3036076690480763
NSGAIII,WFG6,WFG,2,11,5005,0.0997037521260788,0.2934007233020457
NSGAIII,WFG6,WFG,2,11,5006,0.0870228486296072,0.3003191824016872
NSGAIII,WFG6,WFG,2,11,5007,0.0945566326098073,0.2962031298379472
NSGAIII,WFG6,WFG,2,11,5008,0.0848977912330502,0.3014831715419732
NSGAIII,WFG6,WFG,2,11,5009,0.0967489418637649,0.2950087178121547
NSGAIII,WFG6,WFG,2,11,5010,0.0433693567497702,0.3247116355609186
NSGAIII,WFG6,WFG,2,11,5011,0.087561414922277,0.3000242025776101
NSGAIII,WFG6,WFG,2,11,5012,0.1025589126248365,0.2918497340920013
NSGAIII,WFG6,WFG,2,11,5013,0.0850823903123195,0.3013818749051692
NSGAIII,WFG6,WFG,2,11,5014,0.1050226604196343,0.2905129261500286
NSGAIII,WFG6,WFG,2,11,5015,0.0834836011208176,0.3022586521828166
NSGAIII,WFG6,WFG,2,11,5016,0.1026913207901891,0.2917778613007679
NSGAIII,WFG6,WFG,2,11,5017,0.0899325955046402,0.2987272558669442
NSGAIII,WFG6,WFG,2,11,5018,0.066445003896746,0.3116685506463556
NSGAIII,WFG6,WFG,2,11,5019,0.0942565672636832,0.2963667372421102
NSGAIII,WFG6,WFG,2,11,5020,0.0648658935483013,0.312547428406444
NSGAIII,WFG6,WFG,2,11,5021,0.055337463180439,0.3178865374956454
NSGAIII,WFG6,WFG,2,11,5022,0.1222006273144417,0.2812332396142329
NSGAIII,WFG6,WFG,2,11,5023,0.0863947711118145,0.3006627830429306
NSGAIII,WFG6,WFG,2,11,5024,0.0646848718447157,0.3126484444024854
NSGAIII,WFG6,WFG,2,11,5025,0.0931769718135537,0.2969563866793398
NSGAIII,WFG6,WFG,2,11,5026,0.1143143353121919,0.2854845701293971
NSGAIII,WFG6,WFG,2,11,5027,0.0787930940782642,0.304836760136066
NSGAIII,WFG6,WFG,2,11,5028,0.0891851144752892,0.299135789875154
NSGAIII,WFG6,WFG,2,11,5029,0.0750572385339433,0.3068962244405359
NSGAIII,WFG6,WFG,2,11,5030,0.0771464729715115,0.3057435907333379
NSGAIII,WFG6,WFG,3,12,5001,0.2416555174369988,0.5005404505836827
NSGAIII,WFG6,WFG,3,12,5002,0.2500411406245714,0.4901320064278539
NSGAIII,WFG6,WFG,3,12,5003,0.2425094058404552,0.4993886904962814
NSGAIII,WFG6,WFG,3,12,5004,0.2378488677247645,0.5057535930738191
NSGAIII,WFG6,WFG,3,12,5005,0.2422030602899728,0.4998996386785868
NSGAIII,WFG6,WFG,3,12,5006,0.2356661665209033,0.5089192392133615
NSGAIII,WFG6,WFG,3,12,5007,0.2481382436660807,0.4923945465058031
NSGAIII,WFG6,WFG,3,12,5008,0.2328245170792764,0.5134816968586073
NSGAIII,WFG6,WFG,3,12,5009,0.2391334466024886,0.5047091240988254
NSGAIII,WFG6,WFG,3,12,5010,0.2273358687966032,0.523516817545773
NSGAIII,WFG6,WFG,3,12,5011,0.2307762720134768,0.5168629616951541
NSGAIII,WFG6,WFG,3,12,5012,0.2350839813274605,0.5097541486221012
NSGAIII,WFG6,WFG,3,12,5013,0.2403054276966769,0.502395100176593
NSGAIII,WFG6,WFG,3,12,5014,0.2422165361105123,0.4997554085835013
NSGAIII,WFG6,WFG,3,12,5015,0.2352243834764589,0.5095317274494842
NSGAIII,WFG6,WFG,3,12,5016,0.2338964984800029,0.5117045104993512
NSGAIII,WFG6,WFG,3,12,5017,0.2311985227579844,0.5161654367949242
NSGAIII,WFG6,WFG,3,12,5018,0.2258325419371824,0.526892245019042
NSGAIII,WFG6,WFG,3,12,5019,0.2437973017232297,0.498289768237831
NSGAIII,WFG6,WFG,3,12,5020,0.2354363380458101,0.5101999262708979
NSGAIII,WFG6,WFG,3,12,5021,0.2345537286916622,0.5107271155889824
NSGAIII,WFG6,WFG,3,12,5022,0.2382654858619859,0.5050924685944959
NSGAIII,WFG6,WFG,3,12,5023,0.2614921886111888,0.4777954685291641
NSGAIII,WFG6,WFG,3,12,5024,0.2339139395405775,0.5116010525998699
NSGAIII,WFG6,WFG,3,12,5025,0.2388589798658698,0.5043052216753667
NSGAIII,WFG6,WFG,3,12,5026,0.2322906196387294,0.5143118302685379
NSGAIII,WFG6,WFG,3,12,5027,0.2400218372475848,0.5043786739467134
NSGAIII,WFG6,WFG,3,12,5028,0.2329943415083267,0.5131302892897441
NSGAIII,WFG6,WFG,3,12,5029,0.2550484469683064,0.4847663420958134
NSGAIII,WFG6,WFG,3,12,5030,0.2511416281448578,0.4889316755856346
NSGAIII,WFG7,WFG,2,11,5001,0.0122331691146204,0.3471862368599958
NSGAIII,WFG7,WFG,2,11,5002,0.0122453873872443,0.3471865072764899
NSGAIII,WFG7,WFG,2,11,5003,0.012236161253681,0.3471411499759929
NSGAIII,WFG7,WFG,2,11,5004,0.0122343118641203,0.3471766053778075
NSGAIII,WFG7,WFG,2,11,5005,0.0122322867079405,0.347192377040721
NSGAIII,WFG7,WFG,2,11,5006,0.0122350546884153,0.3471681713073544
NSGAIII,WFG7,WFG,2,11,5007,0.0122335809130351,0.3471887875534034
NSGAIII,WFG7,WFG,2,11,5008,0.0122356984822967,0.3471590523699978
NSGAIII,WFG7,WFG,2,11,5009,0.0122332839565026,0.3471777464343933
NSGAIII,WFG7,WFG,2,11,5010,0.0122333238688868,0.3471737903856214
NSGAIII,WFG7,WFG,2,11,5011,0.0122348851179798,0.3471662114944149
NSGAIII,WFG7,WFG,2,11,5012,0.0122332736109319,0.347176057119815
NSGAIII,WFG7,WFG,2,11,5013,0.012234270749676,0.347176821786817
NSGAIII,WFG7,WFG,2,11,5014,0.0122406798376113,0.3471241978537356
NSGAIII,WFG7,WFG,2,11,5015,0.0122340587300819,0.347175914479265
NSGAIII,WFG7,WFG,2,11,5016,0.0122328698111319,0.3471845176651345
NSGAIII,WFG7,WFG,2,11,5017,0.0122340541547653,0.3471889134827197
NSGAIII,WFG7,WFG,2,11,5018,0.0122330091061212,0.3471872469567838
NSGAIII,WFG7,WFG,2,11,5019,0.0122333334109613,0.3471723295574453
NSGAIII,WFG7,WFG,2,11,5020,0.0122341090203455,0.3471800410144118
NSGAIII,WFG7,WFG,2,11,5021,0.0122339432534315,0.3471825576774338
NSGAIII,WFG7,WFG,2,11,5022,0.0122328069485525,0.3471881924411631
NSGAIII,WFG7,WFG,2,11,5023,0.0122385563903202,0.3471643017192872
NSGAIII,WFG7,WFG,2,11,5024,0.0122332408470432,0.3471831724297792
NSGAIII,WFG7,WFG,2,11,5025,0.012235381588142,0.3471505012169615
NSGAIII,WFG7,WFG,2,11,5026,0.0122330828266423,0.3471870174477013
NSGAIII,WFG7,WFG,2,11,5027,0.0122347343342257,0.3471676637457572
NSGAIII,WFG7,WFG,2,11,5028,0.0122336920909774,0.3471793029812904
NSGAIII,WFG7,WFG,2,11,5029,0.0122338619201005,0.3471813365294638
NSGAIII,WFG7,WFG,2,11,5030,0.0122340193847971,0.3471806647015086
NSGAIII,WFG7,WFG,3,12,5001,0.2210824094114707,0.5586349282199724
NSGAIII,WFG7,WFG,3,12,5002,0.2211411847051045,0.5585854664393701
NSGAIII,WFG7,WFG,3,12,5003,0.2210516348515958,0.5585553424845893
NSGAIII,WFG7,WFG,3,12,5004,0.2211053796942909,0.5585487212909818
NSGAIII,WFG7,WFG,3,12,5005,0.2211898800524585,0.5583693508906384
NSGAIII,WFG7,WFG,3,12,5006,0.2211848619293288,0.5585121684250215
NSGAIII,WFG7,WFG,3,12,5007,0.2211617195639912,0.5583578739351571
NSGAIII,WFG7,WFG,3,12,5008,0.2211060303076007,0.5584408731569221
NSGAIII,WFG7,WFG,3,12,5009,0.2211246030253813,0.5582294524066929
NSGAIII,WFG7,WFG,3,12,5010,0.2211739106896649,0.5582766719607583
NSGAIII,WFG7,WFG,3,12,5011,0.2210315850290686,0.5587577157306285
NSGAIII,WFG7,WFG,3,12,5012,0.2210823487768218,0.5585314586112855
NSGAIII,WFG7,WFG,3,12,5013,0.2210773155144361,0.5584688705446895
NSGAIII,WFG7,WFG,3,12,5014,0.2209777340444291,0.5587093689695083
NSGAIII,WFG7,WFG,3,12,5015,0.2212300408403981,0.5583766169320323
NSGAIII,WFG7,WFG,3,12,5016,0.220996694827591,0.5589623290059101
NSGAIII,WFG7,WFG,3,12,5017,0.221112314737041,0.5581605300985103
NSGAIII,WFG7,WFG,3,12,5018,0.2210265964745948,0.5585725967290762
NSGAIII,WFG7,WFG,3,12,5019,0.2210711353306586,0.5586402122447197
NSGAIII,WFG7,WFG,3,12,5020,0.2211223645407577,0.5586497803330331
NSGAIII,WFG7,WFG,3,12,5021,0.2210460641443535,0.5586470457631716
NSGAIII,WFG7,WFG,3,12,5022,0.2210361378449144,0.5586385405158273
NSGAIII,WFG7,WFG,3,12,5023,0.2210551929121381,0.5585911657199337
NSGAIII,WFG7,WFG,3,12,5024,0.2210648217725459,0.5586045204579647
NSGAIII,WFG7,WFG,3,12,5025,0.2210145591337113,0.558800919395023
NSGAIII,WFG7,WFG,3,12,5026,0.2211428228056251,0.558508004370543
NSGAIII,WFG7,WFG,3,12,5027,0.2210942493482818,0.558530702018687
NSGAIII,WFG7,WFG,3,12,5028,0.2210831344557607,0.5585973934691866
NSGAIII,WFG7,WFG,3,12,5029,0.2210421652328656,0.5586305001700501
NSGAIII,WFG7,WFG,3,12,5030,0.2210799605379399,0.5588952546402373
NSGAIII,WFG8,WFG,2,11,5001,0.1074785596047763,0.2898149403864236
NSGAIII,WFG8,WFG,2,11,5002,0.1045902397704691,0.2914787921947973
NSGAIII,WFG8,WFG,2,11,5003,0.1043068028105884,0.2914613951677934
NSGAIII,WFG8,WFG,2,11,5004,0.102751310973223,0.2924558351444054
NSGAIII,WFG8,WFG,2,11,5005,0.1000229295565229,0.2935851095980498
NSGAIII,WFG8,WFG,2,11,5006,0.1064535344745479,0.2903517503745115
NSGAIII,WFG8,WFG,2,11,5007,0.1060841905256288,0.2905243239564927
NSGAIII,WFG8,WFG,2,11,5008,0.1049485682060994,0.291098755670072
NSGAIII,WFG8,WFG,2,11,5009,0.105599605403023,0.2907246559097629
NSGAIII,WFG8,WFG,2,11,5010,0.1069490765004539,0.2900393097246
NSGAIII,WFG8,WFG,2,11,5011,0.105651424537655,0.2907065509469836
NSGAIII,WFG8,WFG,2,11,5012,0.1019873186864469,0.2925649735257962
NSGAIII,WFG8,WFG,2,11,5013,0.1044498247647219,0.2913315016877473
NSGAIII,WFG8,WFG,2,11,5014,0.106560951056425,0.2902783782823152
NSGAIII,WFG8,WFG,2,11,5015,0.1073308315058943,0.2898945445906599
NSGAIII,WFG8,WFG,2,11,5016,0.1052138152686655,0.2908656781781425
NSGAIII,WFG8,WFG,2,11,5017,0.1076802588898689,0.2896582506520235
NSGAIII,WFG8,WFG,2,11,5018,0.105864290511002,0.2906991009959609
NSGAIII,WFG8,WFG,2,11,5019,0.1048710203647707,0.2912930745345162
NSGAIII,WFG8,WFG,2,11,5020,0.1062901992702536,0.2903593078974572
NSGAIII,WFG8,WFG,2,11,5021,0.103478607352623,0.2917861665539701
NSGAIII,WFG8,WFG,2,11,5022,0.10917347014511,0.2891079596126219
NSGAIII,WFG8,WFG,2,11,5023,0.1068440540306065,0.290131275626011
NSGAIII,WFG8,WFG,2,11,5024,0.1068955512659304,0.2900970715202738
NSGAIII,WFG8,WFG,2,11,5025,0.1042040892447775,0.2917453830598114
NSGAIII,WFG8,WFG,2,11,5026,0.105126214066239,0.2909951055923515
NSGAIII,WFG8,WFG,2,11,5027,0.1073006612912661,0.2899303880060483
NSGAIII,WFG8,WFG,2,11,5028,0.1054021985255026,0.2909005595506594
NSGAIII,WFG8,WFG,2,11,5029,0.1072142350181279,0.2899299516011225
NSGAIII,WFG8,WFG,2,11,5030,0.1052293971686412,0.2910015835662055
NSGAIII,WFG8,WFG,3,12,5001,0.273363049368723,0.4775111532026783
NSGAIII,WFG8,WFG,3,12,5002,0.2740149116038354,0.476071285495398
NSGAIII,WFG8,WFG,3,12,5003,0.2853767144893093,0.4701762943999359
NSGAIII,WFG8,WFG,3,12,5004,0.2862812157783438,0.4714348472771191
NSGAIII,WFG8,WFG,3,12,5005,0.2790387795877471,0.4732107874331192
NSGAIII,WFG8,WFG,3,12,5006,0.2810345839535547,0.4736684583605044
NSGAIII,WFG8,WFG,3,12,5007,0.286005445010167,0.4716646489224564
NSGAIII,WFG8,WFG,3,12,5008,0.2850870106728637,0.4678224405838644
NSGAIII,WFG8,WFG,3,12,5009,0.2774085757292729,0.4749037361605077
NSGAIII,WFG8,WFG,3,12,5010,0.2841955942161557,0.4739294578016574
NSGAIII,WFG8,WFG,3,12,5011,0.276021813080947,0.4762254198075284
NSGAIII,WFG8,WFG,3,12,5012,0.2776312951033592,0.4738465207350716
NSGAIII,WFG8,WFG,3,12,5013,0.2764556093103842,0.4757102315999988
NSGAIII,WFG8,WFG,3,12,5014,0.2868600241255676,0.4730486435969506
NSGAIII,WFG8,WFG,3,12,5015,0.2795618280994274,0.4754892785779858
NSGAIII,WFG8,WFG,3,12,5016,0.279496990903651,0.4755202703034614
NSGAIII,WFG8,WFG,3,12,5017,0.2833487288241015,0.4701788860172108
NSGAIII,WFG8,WFG,3,12,5018,0.2802495754516946,0.4729419414500378
NSGAIII,WFG8,WFG,3,12,5019,0.2853224316809672,0.4692305772910219
NSGAIII,WFG8,WFG,3,12,5020,0.2794769512086848,0.4770488889486636
NSGAIII,WFG8,WFG,3,12,5021,0.2814913052810898,0.4727452545793911
NSGAIII,WFG8,WFG,3,12,5022,0.2799088180834587,0.4735755867420275
NSGAIII,WFG8,WFG,3,12,5023,0.2812491645691712,0.4735169004348085
NSGAIII,WFG8,WFG,3,12,5024,0.2853907641689523,0.4701224984507116
NSGAIII,WFG8,WFG,3,12,5025,0.2782084717934533,0.4733352796289325
NSGAIII,WFG8,WFG,3,12,5026,0.2796543315749867,0.472907110120028
NSGAIII,WFG8,WFG,3,12,5027,0.2792736367099319,0.4747600333668244
NSGAIII,WFG8,WFG,3,12,5028,0.2808496848949056,0.4743097508015372
NSGAIII,WFG8,WFG,3,12,5029,0.2856376925868646,0.4683346276375514
NSGAIII,WFG8,WFG,3,12,5030,0.2797226950769148,0.4732603203462877
NSGAIII,WFG9,WFG,2,11,5001,0.0133501520644709,0.344823132431673
NSGAIII,WFG9,WFG,2,11,5002,0.0145239080512984,0.3435740128135111
NSGAIII,WFG9,WFG,2,11,5003,0.0146069159390549,0.3437231203901282
NSGAIII,WFG9,WFG,2,11,5004,0.0131234212517804,0.3451589310652259
NSGAIII,WFG9,WFG,2,11,5005,0.0144866671228006,0.343602367389531
NSGAIII,WFG9,WFG,2,11,5006,0.0145522400223696,0.3435847417833432
NSGAIII,WFG9,WFG,2,11,5007,0.0144650116846047,0.3436230045148573
NSGAIII,WFG9,WFG,2,11,5008,0.0163378792859468,0.3419211643131365
NSGAIII,WFG9,WFG,2,11,5009,0.0141337288183007,0.3440416560912753
NSGAIII,WFG9,WFG,2,11,5010,0.0134536533759643,0.3447581580846006
NSGAIII,WFG9,WFG,2,11,5011,0.0161118618979367,0.3421417843298301
NSGAIII,WFG9,WFG,2,11,5012,0.013554178119284,0.344616788420815
NSGAIII,WFG9,WFG,2,11,5013,0.0167671497514564,0.3417168850930756
NSGAIII,WFG9,WFG,2,11,5014,0.0170849678683832,0.341326439996948
NSGAIII,WFG9,WFG,2,11,5015,0.014721455179624,0.3433886881088853
NSGAIII,WFG9,WFG,2,11,5016,0.015760591838252,0.3424396461397269
NSGAIII,WFG9,WFG,2,11,5017,0.016068007049405,0.342130202346075
NSGAIII,WFG9,WFG,2,11,5018,0.0149793435579292,0.3436421508715476
NSGAIII,WFG9,WFG,2,11,5019,0.0152368886961572,0.3429112590988807
NSGAIII,WFG9,WFG,2,11,5020,0.0140654755987568,0.3447242499343502
NSGAIII,WFG9,WFG,2,11,5021,0.0146915939179564,0.343161017456792
NSGAIII,WFG9,WFG,2,11,5022,0.0145616172108699,0.3434996188169897
NSGAIII,WFG9,WFG,2,11,5023,0.0128902483871925,0.345526211429164
NSGAIII,WFG9,WFG,2,11,5024,0.0138411626552703,0.3446202896201201
NSGAIII,WFG9,WFG,2,11,5025,0.0144936052932631,0.3436155092760204
NSGAIII,WFG9,WFG,2,11,5026,0.0148378648021058,0.343286518690868
NSGAIII,WFG9,WFG,2,11,5027,0.013468273408687,0.3447193202932488
NSGAIII,WFG9,WFG,2,11,5028,0.0150672481733128,0.3430623167847784
NSGAIII,WFG9,WFG,2,11,5029,0.015006687793675,0.3431237287399818
NSGAIII,WFG9,WFG,2,11,5030,0.0142949338685647,0.3440821973808445
NSGAIII,WFG9,WFG,3,12,5001,0.2215400785164202,0.5362517086984052
NSGAIII,WFG9,WFG,3,12,5002,0.2211785854166712,0.5400567692456687
NSGAIII,WFG9,WFG,3,12,5003,0.2211646583726205,0.5330294117033011
NSGAIII,WFG9,WFG,3,12,5004,0.22719489103319,0.5259812089679041
NSGAIII,WFG9,WFG,3,12,5005,0.2243104446178278,0.5323238134458127
NSGAIII,WFG9,WFG,3,12,5006,0.2235438577816504,0.5377945583384912
NSGAIII,WFG9,WFG,3,12,5007,0.2207882572196994,0.5403316613278807
NSGAIII,WFG9,WFG,3,12,5008,0.2214516546775446,0.5369288046387769
NSGAIII,WFG9,WFG,3,12,5009,0.2191193616830326,0.5378609201329297
NSGAIII,WFG9,WFG,3,12,5010,0.2211891381005837,0.5365320066981369
NSGAIII,WFG9,WFG,3,12,5011,0.2222081658799953,0.5347116438630846
NSGAIII,WFG9,WFG,3,12,5012,0.2204392621305085,0.5388402486309251
NSGAIII,WFG9,WFG,3,12,5013,0.2212152094964559,0.5421658197486504
NSGAIII,WFG9,WFG,3,12,5014,0.2206560442188675,0.5415410815623605
NSGAIII,WFG9,WFG,3,12,5015,0.222921170500039,0.5288468621781994
NSGAIII,WFG9,WFG,3,12,5016,0.2196293988151504,0.5385702780781207
NSGAIII,WFG9,WFG,3,12,5017,0.2220177326880747,0.5357918687832297
NSGAIII,WFG9,WFG,3,12,5018,0.2217793024520824,0.5362381519112412
NSGAIII,WFG9,WFG,3,12,5019,0.2219384750625612,0.5390791673047476
NSGAIII,WFG9,WFG,3,12,5020,0.221376277701427,0.5370135331256917
NSGAIII,WFG9,WFG,3,12,5021,0.2211425683782463,0.5396608011824208
NSGAIII,WFG9,WFG,3,12,5022,0.2227162178679785,0.5324128077030428
NSGAIII,WFG9,WFG,3,12,5023,0.2201265423430456,0.53911007723333
NSGAIII,WFG9,WFG,3,12,5024,0.2218400238318874,0.5360136448280698
NSGAIII,WFG9,WFG,3,12,5025,0.2226228600933297,0.5346439569914246
NSGAIII,WFG9,WFG,3,12,5026,0.2208322610682312,0.5366397842782726
NSGAIII,WFG9,WFG,3,12,5027,0.2205815179065928,0.5407405896661456
NSGAIII,WFG9,WFG,3,12,5028,0.2215442657791108,0.5390516026445671
NSGAIII,WFG9,WFG,3,12,5029,0.2217089270310233,0.5372138790655298
NSGAIII,WFG9,WFG,3,12,5030,0.2206185430828709,0.5377257788387382
NSGAIII,ZDT1,ZDT,2,30,5001,0.0038876779121516,0.720305886593055
NSGAIII,ZDT1,ZDT,2,30,5002,0.0038878312352057,0.7203055413731009
NSGAIII,ZDT1,ZDT,2,30,5003,0.0038880737421002,0.7203050177650709
NSGAIII,ZDT1,ZDT,2,30,5004,0.0038880403589675,0.7203050623238951
NSGAIII,ZDT1,ZDT,2,30,5005,0.0038877170136735,0.7203058674394534
NSGAIII,ZDT1,ZDT,2,30,5006,0.0038879154395996,0.720305394538673
NSGAIII,ZDT1,ZDT,2,30,5007,0.0038880270946847,0.7203050564488783
NSGAIII,ZDT1,ZDT,2,30,5008,0.0038878922194025,0.7203042945107366
NSGAIII,ZDT1,ZDT,2,30,5009,0.0038859873048459,0.7203110069504799
NSGAIII,ZDT1,ZDT,2,30,5010,0.0038878758386343,0.7203055449932122
NSGAIII,ZDT1,ZDT,2,30,5011,0.0038878026771006,0.7203057110344082
NSGAIII,ZDT1,ZDT,2,30,5012,0.0038879382823685,0.7203053039928935
NSGAIII,ZDT1,ZDT,2,30,5013,0.0038884999962133,0.720303941506378
NSGAIII,ZDT1,ZDT,2,30,5014,0.0038880552729306,0.7203049951779896
NSGAIII,ZDT1,ZDT,2,30,5015,0.0038880178990478,0.7203050069254205
NSGAIII,ZDT1,ZDT,2,30,5016,0.0038881372657979,0.7203047316860145
NSGAIII,ZDT1,ZDT,2,30,5017,0.0038879030446239,0.720305333156652
NSGAIII,ZDT1,ZDT,2,30,5018,0.003887968477247,0.7203024125599551
NSGAIII,ZDT1,ZDT,2,30,5019,0.0038798503525072,0.7203275366431361
NSGAIII,ZDT1,ZDT,2,30,5020,0.0038881056367706,0.7203048427984309
NSGAIII,ZDT1,ZDT,2,30,5021,0.0038855027111573,0.720311635518927
NSGAIII,ZDT1,ZDT,2,30,5022,0.003887981206508,0.7203051414364637
NSGAIII,ZDT1,ZDT,2,30,5023,0.0038879163463159,0.7203052258742988
NSGAIII,ZDT1,ZDT,2,30,5024,0.0038878320650801,0.72030498956804
NSGAIII,ZDT1,ZDT,2,30,5025,0.0038879891254332,0.7203052662959218
NSGAIII,ZDT1,ZDT,2,30,5026,0.0038879217440242,0.7203053472759097
NSGAIII,ZDT1,ZDT,2,30,5027,0.0038878915460898,0.7203054094307265
NSGAIII,ZDT1,ZDT,2,30,5028,0.0038879404128596,0.7203053001697272
NSGAIII,ZDT1,ZDT,2,30,5029,0.0038878890287768,0.7203054371870471
NSGAIII,ZDT1,ZDT,2,30,5030,0.0038861308203789,0.7203111052182799
NSGAIII,ZDT2,ZDT,2,30,5001,0.0038069828893816,0.4450337592245618
NSGAIII,ZDT2,ZDT,2,30,5002,0.0038070120922987,0.4450337679428064
NSGAIII,ZDT2,ZDT,2,30,5003,0.0038069921216112,0.4450337806699955
NSGAIII,ZDT2,ZDT,2,30,5004,0.0038069818414024,0.4450337619564657
NSGAIII,ZDT2,ZDT,2,30,5005,0.0038070046115048,0.4450337414695495
NSGAIII,ZDT2,ZDT,2,30,5006,0.0038070078196024,0.4450337277702692
NSGAIII,ZDT2,ZDT,2,30,5007,0.0038069573351673,0.4450337904390323
NSGAIII,ZDT2,ZDT,2,30,5008,0.0038069800732645,0.4450337489898655
NSGAIII,ZDT2,ZDT,2,30,5009,0.0038069906397175,0.4450337476135171
NSGAIII,ZDT2,ZDT,2,30,5010,0.0038070075255749,0.4450337594438753
NSGAIII,ZDT2,ZDT,2,30,5011,0.003806982700451,0.4450337816816848
NSGAIII,ZDT2,ZDT,2,30,5012,0.0038069921342851,0.4450337639916283
NSGAIII,ZDT2,ZDT,2,30,5013,0.0038069922544618,0.4450337284951099
NSGAIII,ZDT2,ZDT,2,30,5014,0.0038069955366763,0.4450337382035079
NSGAIII,ZDT2,ZDT,2,30,5015,0.0038069957240658,0.4450337458719683
NSGAIII,ZDT2,ZDT,2,30,5016,0.0038070103057118,0.4450336622361859
NSGAIII,ZDT2,ZDT,2,30,5017,0.0038070235233872,0.4450337387681535
NSGAIII,ZDT2,ZDT,2,30,5018,0.0038069948807667,0.4450337362038294
NSGAIII,ZDT2,ZDT,2,30,5019,0.0038069795851967,0.4450336914697366
NSGAIII,ZDT2,ZDT,2,30,5020,0.0038070002698332,0.445033743408855
NSGAIII,ZDT2,ZDT,2,30,5021,0.0038069967601061,0.4450337429404948
NSGAIII,ZDT2,ZDT,2,30,5022,0.0038069864757463,0.4450337466060221
NSGAIII,ZDT2,ZDT,2,30,5023,0.003806992594147,0.4450337511029872
NSGAIII,ZDT2,ZDT,2,30,5024,0.0038070139062377,0.4450337519122659
NSGAIII,ZDT2,ZDT,2,30,5025,0.0038069915251898,0.4450337419892211
NSGAIII,ZDT2,ZDT,2,30,5026,0.0038070180628353,0.4450335917357625
NSGAIII,ZDT2,ZDT,2,30,5027,0.0038069830953097,0.4450338223306008
NSGAIII,ZDT2,ZDT,2,30,5028,0.0038069831123728,0.4450337607292122
NSGAIII,ZDT2,ZDT,2,30,5029,0.0038069885896995,0.4450338032235352
NSGAIII,ZDT2,ZDT,2,30,5030,0.003806971015359,0.4450337696683021
NSGAIII,ZDT3,ZDT,2,30,5001,0.0057762655850987,0.5988658378449131
NSGAIII,ZDT3,ZDT,2,30,5002,0.0062155670977667,0.5987229642270757
NSGAIII,ZDT3,ZDT,2,30,5003,0.0063338987235677,0.5986974747927072
NSGAIII,ZDT3,ZDT,2,30,5004,0.0061801043448681,0.5987527809394623
NSGAIII,ZDT3,ZDT,2,30,5005,0.0062623193095668,0.5987310345065522
NSGAIII,ZDT3,ZDT,2,30,5006,0.0061078627534676,0.5987749607093763
NSGAIII,ZDT3,ZDT,2,30,5007,0.0062374752887269,0.5988652568514397
NSGAIII,ZDT3,ZDT,2,30,5008,0.00558599210894,0.5989680730498048
NSGAIII,ZDT3,ZDT,2,30,5009,0.0059909198688886,0.5988100385734163
NSGAIII,ZDT3,ZDT,2,30,5010,0.0059731974374311,0.5988500668264926
NSGAIII,ZDT3,ZDT,2,30,5011,0.0061048420131087,0.5987587196832276
NSGAIII,ZDT3,ZDT,2,30,5012,0.0056591585962261,0.5989387621457516
NSGAIII,ZDT3,ZDT,2,30,5013,0.006258163461274,0.5987034468321386
NSGAIII,ZDT3,ZDT,2,30,5014,0.0058909227769534,0.5988599934311399
NSGAIII,ZDT3,ZDT,2,30,5015,0.0062528272733962,0.5991939803559544
NSGAIII,ZDT3,ZDT,2,30,5016,0.0062939959320302,0.5987583343443353
NSGAIII,ZDT3,ZDT,2,30,5017,0.0059447458070414,0.5991158552029757
NSGAIII,ZDT3,ZDT,2,30,5018,0.0063566495871535,0.5990433782399858
NSGAIII,ZDT3,ZDT,2,30,5019,0.0057210306273729,0.5989033546965581
NSGAIII,ZDT3,ZDT,2,30,5020,0.0061562533070298,0.5993148133056497
NSGAIII,ZDT3,ZDT,2,30,5021,0.0060808735827935,0.5987704185449677
NSGAIII,ZDT3,ZDT,2,30,5022,0.0063025952255583,0.5987260248666006
NSGAIII,ZDT3,ZDT,2,30,5023,0.0059745908378124,0.5988361615640414
NSGAIII,ZDT3,ZDT,2,30,5024,0.006205637020878,0.598728279757889
NSGAIII,ZDT3,ZDT,2,30,5025,0.0061180941684748,0.5987958139189736
NSGAIII,ZDT3,ZDT,2,30,5026,0.0059341508417057,0.5988550712236161
NSGAIII,ZDT3,ZDT,2,30,5027,0.0061140476559768,0.598769228637605
NSGAIII,ZDT3,ZDT,2,30,5028,0.0061836925482243,0.5987428815323808
NSGAIII,ZDT3,ZDT,2,30,5029,0.0062781479843388,0.5987201380413999
NSGAIII,ZDT3,ZDT,2,30,5030,0.006053456802728,0.5992634549504051
NSGAIII,ZDT4,ZDT,2,10,5001,0.0039050007961646,0.7200097862469728
NSGAIII,ZDT4,ZDT,2,10,5002,0.0038953067711494,0.7201332233576005
NSGAIII,ZDT4,ZDT,2,10,5003,0.0038889606223071,0.7202499863825258
NSGAIII,ZDT4,ZDT,2,10,5004,0.0039319646976739,0.7198266068045726
NSGAIII,ZDT4,ZDT,2,10,5005,0.0038915445169373,0.7201811190148458
NSGAIII,ZDT4,ZDT,2,10,5006,0.0038881540028332,0.7202847377591468
NSGAIII,ZDT4,ZDT,2,10,5007,0.0040119570700327,0.7194407033314107
NSGAIII,ZDT4,ZDT,2,10,5008,0.0039108276915725,0.7199643370129629
NSGAIII,ZDT4,ZDT,2,10,5009,0.0039207261675523,0.7198954459392037
NSGAIII,ZDT4,ZDT,2,10,5010,0.0038902365112167,0.7202132534408896
NSGAIII,ZDT4,ZDT,2,10,5011,0.003965512999117,0.7196464001121323
NSGAIII,ZDT4,ZDT,2,10,5012,0.0038986692292648,0.7200883554064079
NSGAIII,ZDT4,ZDT,2,10,5013,0.0038881132842786,0.720299167552333
NSGAIII,ZDT4,ZDT,2,10,5014,0.0038893648383945,0.7202238289216565
NSGAIII,ZDT4,ZDT,2,10,5015,0.003894264754957,0.7201288118522816
NSGAIII,ZDT4,ZDT,2,10,5016,0.0038969792938065,0.7201005764811751
NSGAIII,ZDT4,ZDT,2,10,5017,0.0038891235590599,0.7202284983005108
NSGAIII,ZDT4,ZDT,2,10,5018,0.003889779285826,0.720200019136631
NSGAIII,ZDT4,ZDT,2,10,5019,0.0038891693864668,0.7202428076357638
NSGAIII,ZDT4,ZDT,2,10,5020,0.0039032127763379,0.7200356457246957
NSGAIII,ZDT4,ZDT,2,10,5021,0.0038909107942722,0.7201877871200144
NSGAIII,ZDT4,ZDT,2,10,5022,0.0038944062565252,0.7201325933297231
NSGAIII,ZDT4,ZDT,2,10,5023,0.0038924272215424,0.7201611398341483
NSGAIII,ZDT4,ZDT,2,10,5024,0.0039259255117512,0.7198513810854499
NSGAIII,ZDT4,ZDT,2,10,5025,0.0038948224318245,0.7201325024974903
NSGAIII,ZDT4,ZDT,2,10,5026,0.0039090698652405,0.719986662863094
NSGAIII,ZDT4,ZDT,2,10,5027,0.0038897007673952,0.7201920374293287
NSGAIII,ZDT4,ZDT,2,10,5028,0.0038891979483821,0.7202529204507198
NSGAIII,ZDT4,ZDT,2,10,5029,0.003894519340432,0.7201382348113996
NSGAIII,ZDT4,ZDT,2,10,5030,0.0038924359042187,0.7201653347970512
NSGAIII,ZDT6,ZDT,2,10,5001,0.0030012967952224,0.3889558590365795
NSGAIII,ZDT6,ZDT,2,10,5002,0.0030012722988571,0.3889558468498442
NSGAIII,ZDT6,ZDT,2,10,5003,0.0030012821270216,0.3889558498970889
NSGAIII,ZDT6,ZDT,2,10,5004,0.0030012546039591,0.3889558902521569
NSGAIII,ZDT6,ZDT,2,10,5005,0.0030012858882327,0.3889558453765611
NSGAIII,ZDT6,ZDT,2,10,5006,0.0030012557304386,0.3889558638739266
NSGAIII,ZDT6,ZDT,2,10,5007,0.0030012851907139,0.3889558377048575
NSGAIII,ZDT6,ZDT,2,10,5008,0.003001258719074,0.3889558552206177
NSGAIII,ZDT6,ZDT,2,10,5009,0.0030012748808691,0.3889558661368147
NSGAIII,ZDT6,ZDT,2,10,5010,0.0030012999286162,0.38895582573974
NSGAIII,ZDT6,ZDT,2,10,5011,0.0030012770803505,0.3889558410540065
NSGAIII,ZDT6,ZDT,2,10,5012,0.003001258433246,0.3889558445755179
NSGAIII,ZDT6,ZDT,2,10,5013,0.0030012607076729,0.3889558814024307
NSGAIII,ZDT6,ZDT,2,10,5014,0.0030012871900914,0.3889558371610378
NSGAIII,ZDT6,ZDT,2,10,5015,0.0030012692771214,0.3889558475188415
NSGAIII,ZDT6,ZDT,2,10,5016,0.0030012786065307,0.3889558642209744
NSGAIII,ZDT6,ZDT,2,10,5017,0.0030012717585061,0.3889558503032962
NSGAIII,ZDT6,ZDT,2,10,5018,0.0030012482167623,0.3889558758346246
NSGAIII,ZDT6,ZDT,2,10,5019,0.0030012716868942,0.3889558465026229
NSGAIII,ZDT6,ZDT,2,10,5020,0.0030013334942846,0.3889558106208105
NSGAIII,ZDT6,ZDT,2,10,5021,0.0030012609083364,0.3889558352841124
NSGAIII,ZDT6,ZDT,2,10,5022,0.0030012420042081,0.3889558806731025
NSGAIII,ZDT6,ZDT,2,10,5023,0.0030012938692486,0.3889558166369903
NSGAIII,ZDT6,ZDT,2,10,5024,0.003001248726165,0.3889558818019898
NSGAIII,ZDT6,ZDT,2,10,5025,0.0030012757671123,0.388955849382236
NSGAIII,ZDT6,ZDT,2,10,5026,0.0030012771245312,0.3889558385026077
NSGAIII,ZDT6,ZDT,2,10,5027,0.0030012697998322,0.3889558587731246
NSGAIII,ZDT6,ZDT,2,10,5028,0.0030013068304977,0.3889558401988174
NSGAIII,ZDT6,ZDT,2,10,5029,0.0030012755486873,0.3889558368156617
NSGAIII,ZDT6,ZDT,2,10,5030,0.0030012629451708,0.3889558749264711
SPEA2,DTLZ1,DTLZ,2,6,1,0.0018499114538379,0.5824509902900812
SPEA2,DTLZ1,DTLZ,2,6,2,0.001851068744905,0.582401413363615
SPEA2,DTLZ1,DTLZ,2,6,3,0.0018273448686109,0.5824566602344825
SPEA2,DTLZ1,DTLZ,2,6,4,0.0018371980074245,0.5823287431980567
SPEA2,DTLZ1,DTLZ,2,6,5,0.0018344687413739,0.582331793640703
SPEA2,DTLZ1,DTLZ,2,6,6,0.0018339893776981,0.5824822856277603
SPEA2,DTLZ1,DTLZ,2,6,7,0.0018254646749555,0.5824743750152104
SPEA2,DTLZ1,DTLZ,2,6,8,0.0018322295762162,0.5824686679162876
SPEA2,DTLZ1,DTLZ,2,6,9,0.0018387264438984,0.5824758136455004
SPEA2,DTLZ1,DTLZ,2,6,10,0.0018393019943937,0.5822240258198064
SPEA2,DTLZ1,DTLZ,2,6,11,0.0018182479718022,0.5824371919330202
SPEA2,DTLZ1,DTLZ,2,6,12,0.0018290500712017,0.5823083719757625
SPEA2,DTLZ1,DTLZ,2,6,13,0.0018354659567161,0.5824781039802582
SPEA2,DTLZ1,DTLZ,2,6,14,0.0018424872424601,0.5822775682044865
SPEA2,DTLZ1,DTLZ,2,6,15,0.0018501084716607,0.5823863795499478
SPEA2,DTLZ1,DTLZ,2,6,16,0.001828698673923,0.582426943461966
SPEA2,DTLZ1,DTLZ,2,6,17,0.0018227573511157,0.5824558336516288
SPEA2,DTLZ1,DTLZ,2,6,18,0.0018161296998634,0.5824643856649714
SPEA2,DTLZ1,DTLZ,2,6,19,0.0018216824352165,0.5824842245512161
SPEA2,DTLZ1,DTLZ,2,6,20,0.0018290548650463,0.5824332265314889
SPEA2,DTLZ1,DTLZ,2,6,21,0.0018396947670467,0.58243332764898
SPEA2,DTLZ1,DTLZ,2,6,22,0.0018342894483821,0.5824784975967017
SPEA2,DTLZ1,DTLZ,2,6,23,0.0018228194273994,0.5823318353779043
SPEA2,DTLZ1,DTLZ,2,6,24,0.0018414094373008,0.5824084765101663
SPEA2,DTLZ1,DTLZ,2,6,25,0.0018231839172407,0.5824202104853076
SPEA2,DTLZ1,DTLZ,2,6,26,0.0018453411865784,0.5824453716060711
SPEA2,DTLZ1,DTLZ,2,6,27,0.0018447517770696,0.5824548261814442
SPEA2,DTLZ1,DTLZ,2,6,28,0.0018182770753378,0.5823430440325907
SPEA2,DTLZ1,DTLZ,2,6,29,0.001827616777171,0.5824308284878386
SPEA2,DTLZ1,DTLZ,2,6,30,0.0018366781649096,0.5824122200565781
SPEA2,DTLZ1,DTLZ,3,7,1,0.020072346722401,0.842265333274192
SPEA2,DTLZ1,DTLZ,3,7,2,0.0201001909100066,0.842889193728404
SPEA2,DTLZ1,DTLZ,3,7,3,0.0201382862027046,0.842161001007109
SPEA2,DTLZ1,DTLZ,3,7,4,0.0205362631596232,0.841619581705608
SPEA2,DTLZ1,DTLZ,3,7,5,0.0199552451903994,0.842136944500264
SPEA2,DTLZ1,DTLZ,3,7,6,0.0203393507744819,0.842330155996021
SPEA2,DTLZ1,DTLZ,3,7,7,0.0201039497963843,0.842630068927397
SPEA2,DTLZ1,DTLZ,3,7,8,0.0203418758434268,0.842381780902676
SPEA2,DTLZ1,DTLZ,3,7,9,0.0204272606197718,0.842143016535094
SPEA2,DTLZ1,DTLZ,3,7,10,0.0200068361222669,0.842485311918922
SPEA2,DTLZ1,DTLZ,3,7,11,0.0201598377830678,0.842462194014454
SPEA2,DTLZ1,DTLZ,3,7,12,0.0201061073416775,0.842684609378861
SPEA2,DTLZ1,DTLZ,3,7,13,0.0199742216845492,0.842513036319819
SPEA2,DTLZ1,DTLZ,3,7,14,0.0200995666700747,0.841340504211121
SPEA2,DTLZ1,DTLZ,3,7,15,0.0203238647109257,0.841495712628201
SPEA2,DTLZ1,DTLZ,3,7,16,0.0199937442004626,0.842618263577705
SPEA2,DTLZ1,DTLZ,3,7,17,0.0202401582488994,0.84265234760225
SPEA2,DTLZ1,DTLZ,3,7,18,0.0203132957978508,0.842914929558866
SPEA2,DTLZ1,DTLZ,3,7,19,0.0200270525308757,0.842221518045954
SPEA2,DTLZ1,DTLZ,3,7,20,0.0204117558116766,0.842073445517271
SPEA2,DTLZ1,DTLZ,3,7,21,0.0200637915869907,0.842479079273004
SPEA2,DTLZ1,DTLZ,3,7,22,0.0201924882684502,0.842115260647903
SPEA2,DTLZ1,DTLZ,3,7,23,0.0199434845808025,0.842363155070069
SPEA2,DTLZ1,DTLZ,3,7,24,0.0200169179114745,0.842481381856917
SPEA2,DTLZ1,DTLZ,3,7,25,0.0199592783006111,0.842478094684059
SPEA2,DTLZ1,DTLZ,3,7,26,0.0201733459057234,0.842640415740688
SPEA2,DTLZ1,DTLZ,3,7,27,0.0201679638728713,0.842537894171309
SPEA2,DTLZ1,DTLZ,3,7,28,0.0201968800565836,0.84208445300066
SPEA2,DTLZ1,DTLZ,3,7,29,0.0199480684035449,0.842576787161684
SPEA2,DTLZ1,DTLZ,3,7,30,0.0200705587279488,0.842584581142382
SPEA2,DTLZ2,DTLZ,2,11,1,0.0041779798234487,0.3472909809556054
SPEA2,DTLZ2,DTLZ,2,11,2,0.0042281716730059,0.3473252912473581
SPEA2,DTLZ2,DTLZ,2,11,3,0.0041525564189815,0.3471171402714298
SPEA2,DTLZ2,DTLZ,2,11,4,0.0041374007258891,0.3473129166776025
SPEA2,DTLZ2,DTLZ,2,11,5,0.0041135967643663,0.3473073215871
SPEA2,DTLZ2,DTLZ,2,11,6,0.0041640921088188,0.347298067713201
SPEA2,DTLZ2,DTLZ,2,11,7,0.0041995052238952,0.3471456025933185
SPEA2,DTLZ2,DTLZ,2,11,8,0.0041380473903968,0.3471613497182741
SPEA2,DTLZ2,DTLZ,2,11,9,0.004196607852148,0.3472828657126502
SPEA2,DTLZ2,DTLZ,2,11,10,0.0041064256598066,0.3473469577144366
SPEA2,DTLZ2,DTLZ,2,11,11,0.0041934425720091,0.3471774795988811
SPEA2,DTLZ2,DTLZ,2,11,12,0.0041559622004729,0.3474526083723598
SPEA2,DTLZ2,DTLZ,2,11,13,0.0042197024954769,0.3472399791626618
SPEA2,DTLZ2,DTLZ,2,11,14,0.0042057086936912,0.3473063161744894
SPEA2,DTLZ2,DTLZ,2,11,15,0.004211826884793,0.3471124090101909
SPEA2,DTLZ2,DTLZ,2,11,16,0.0042198094325677,0.3472014950944888
SPEA2,DTLZ2,DTLZ,2,11,17,0.0041367680039224,0.347301984887656
SPEA2,DTLZ2,DTLZ,2,11,18,0.0041980902610951,0.3474105142475376
SPEA2,DTLZ2,DTLZ,2,11,19,0.0041928682144218,0.3469581139479373
SPEA2,DTLZ2,DTLZ,2,11,20,0.0041099329017057,0.347430444458335
SPEA2,DTLZ2,DTLZ,2,11,21,0.0042318735916353,0.3471739260921757
SPEA2,DTLZ2,DTLZ,2,11,22,0.0042030892880958,0.3472182226707897
SPEA2,DTLZ2,DTLZ,2,11,23,0.004093309673374,0.3473183344611384
SPEA2,DTLZ2,DTLZ,2,11,24,0.0042159711675237,0.3470531096993099
SPEA2,DTLZ2,DTLZ,2,11,25,0.0041455926815222,0.3472098586021322
SPEA2,DTLZ2,DTLZ,2,11,26,0.0042062264373362,0.347232803753948
SPEA2,DTLZ2,DTLZ,2,11,27,0.0041199545280114,0.3474504576223471
SPEA2,DTLZ2,DTLZ,2,11,28,0.0041789741025028,0.3472921728199912
SPEA2,DTLZ2,DTLZ,2,11,29,0.0041870236698522,0.3470654050524255
SPEA2,DTLZ2,DTLZ,2,11,30,0.0041129306779048,0.3474119862156915
SPEA2,DTLZ2,DTLZ,3,12,1,0.0538107927805592,0.555705924612997
SPEA2,DTLZ2,DTLZ,3,12,2,0.0544817649430271,0.554769636513365
SPEA2,DTLZ2,DTLZ,3,12,3,0.0539286896536034,0.555548388326158
SPEA2,DTLZ2,DTLZ,3,12,4,0.0539624066142333,0.557202285782865
SPEA2,DTLZ2,DTLZ,3,12,5,0.053528606696934,0.555565565976927
SPEA2,DTLZ2,DTLZ,3,12,6,0.0549755759234199,0.555670176249133
SPEA2,DTLZ2,DTLZ,3,12,7,0.0546862173336805,0.554804394337142
SPEA2,DTLZ2,DTLZ,3,12,8,0.0543587377536077,0.554362030866963
SPEA2,DTLZ2,DTLZ,3,12,9,0.053929480403983,0.555367614086178
SPEA2,DTLZ2,DTLZ,3,12,10,0.0547776579640384,0.555217450658297
SPEA2,DTLZ2,DTLZ,3,12,11,0.0536791221890495,0.554167833773345
SPEA2,DTLZ2,DTLZ,3,12,12,0.0546452017632631,0.55392690672783
SPEA2,DTLZ2,DTLZ,3,12,13,0.053832231620337,0.555368978375866
SPEA2,DTLZ2,DTLZ,3,12,14,0.0540711738317804,0.556751686209179
SPEA2,DTLZ2,DTLZ,3,12,15,0.0548614520589358,0.556201944234336
SPEA2,DTLZ2,DTLZ,3,12,16,0.0531569286184239,0.556714168753853
SPEA2,DTLZ2,DTLZ,3,12,17,0.0543727537111734,0.554843763205231
SPEA2,DTLZ2,DTLZ,3,12,18,0.0541802093263169,0.555702650611534
SPEA2,DTLZ2,DTLZ,3,12,19,0.0547489937206192,0.555354372372013
SPEA2,DTLZ2,DTLZ,3,12,20,0.0547161454685287,0.555270417470077
SPEA2,DTLZ2,DTLZ,3,12,21,0.0542461320976536,0.557174325120407
SPEA2,DTLZ2,DTLZ,3,12,22,0.0539599855174003,0.55656664630795
SPEA2,DTLZ2,DTLZ,3,12,23,0.0538348717076777,0.556033393981921
SPEA2,DTLZ2,DTLZ,3,12,24,0.0542338690491841,0.555042943462793
SPEA2,DTLZ2,DTLZ,3,12,25,0.0546271213495466,0.554688730437991
SPEA2,DTLZ2,DTLZ,3,12,26,0.0540098375794315,0.555497442578279
SPEA2,DTLZ2,DTLZ,3,12,27,0.0546257945221881,0.555270061919764
SPEA2,DTLZ2,DTLZ,3,12,28,0.0539924596488741,0.557531942209453
SPEA2,DTLZ2,DTLZ,3,12,29,0.0542279476463813,0.556700174027982
SPEA2,DTLZ2,DTLZ,3,12,30,0.0547265249572606,0.55475601195212
SPEA2,DTLZ3,DTLZ,2,11,1,0.0046008112892596,0.3453197665027038
SPEA2,DTLZ3,DTLZ,2,11,2,0.0041228971823163,0.3467140571333229
SPEA2,DTLZ3,DTLZ,2,11,3,0.0046514743974625,0.3455554003544012
SPEA2,DTLZ3,DTLZ,2,11,4,0.0045487748597578,0.3452981529967298
SPEA2,DTLZ3,DTLZ,2,11,5,0.0041942577790403,0.3465524164536018
SPEA2,DTLZ3,DTLZ,2,11,6,0.0041299775688198,0.3466991386160836
SPEA2,DTLZ3,DTLZ,2,11,7,0.0042838495720043,0.3463539779620302
SPEA2,DTLZ3,DTLZ,2,11,8,0.0041305372356085,0.3471885765578662
SPEA2,DTLZ3,DTLZ,2,11,9,0.0044582992101763,0.3458747706861407
SPEA2,DTLZ3,DTLZ,2,11,10,0.0053754740622589,0.3437133952099853
SPEA2,DTLZ3,DTLZ,2,11,11,0.0041809281813023,0.3466473759827166
SPEA2,DTLZ3,DTLZ,2,11,12,0.0040698726474599,0.3473150510767686
SPEA2,DTLZ3,DTLZ,2,11,13,0.0046820416129593,0.3453406130785457
SPEA2,DTLZ3,DTLZ,2,11,14,0.0043276642110454,0.3460300974769038
SPEA2,DTLZ3,DTLZ,2,11,15,0.0041335650964966,0.3469736847542148
SPEA2,DTLZ3,DTLZ,2,11,16,0.0042164701420407,0.3466500181551237
SPEA2,DTLZ3,DTLZ,2,11,17,0.0048591071210042,0.3447987093600896
SPEA2,DTLZ3,DTLZ,2,11,18,0.0040885534447409,0.3469339607215855
SPEA2,DTLZ3,DTLZ,2,11,19,0.0047156261126116,0.3450197937878836
SPEA2,DTLZ3,DTLZ,2,11,20,0.0041701136158542,0.3469701298291091
SPEA2,DTLZ3,DTLZ,2,11,21,0.005360758016713,0.3436064307372232
SPEA2,DTLZ3,DTLZ,2,11,22,0.0042808579878037,0.3463047023940404
SPEA2,DTLZ3,DTLZ,2,11,23,0.0041573422789354,0.3470346979457707
SPEA2,DTLZ3,DTLZ,2,11,24,0.0042209054779492,0.3464814891127599
SPEA2,DTLZ3,DTLZ,2,11,25,0.0044892302134589,0.3453879667896591
SPEA2,DTLZ3,DTLZ,2,11,26,0.0041084061173341,0.3469320598863119
SPEA2,DTLZ3,DTLZ,2,11,27,0.0045452511734642,0.3454312876823377
SPEA2,DTLZ3,DTLZ,2,11,28,0.0042701970327322,0.3464636975100074
SPEA2,DTLZ3,DTLZ,2,11,29,0.0041186508247693,0.346908084464242
SPEA2,DTLZ3,DTLZ,2,11,30,0.0043652837826965,0.3459106433882469
SPEA2,DTLZ3,DTLZ,3,12,1,0.0532590141493748,0.558227083562999
SPEA2,DTLZ3,DTLZ,3,12,2,0.0530536739483614,0.561573296751544
SPEA2,DTLZ3,DTLZ,3,12,3,0.0535885732572135,0.556082564633352
SPEA2,DTLZ3,DTLZ,3,12,4,0.0532215703188954,0.559871028250509
SPEA2,DTLZ3,DTLZ,3,12,5,0.0531301657190506,0.554491725225208
SPEA2,DTLZ3,DTLZ,3,12,6,0.0534392732643335,0.556721493181254
SPEA2,DTLZ3,DTLZ,3,12,7,0.0530383252001058,0.559539263634027
SPEA2,DTLZ3,DTLZ,3,12,8,0.0535738462126921,0.55941570130119
SPEA2,DTLZ3,DTLZ,3,12,9,0.0538209942587807,0.557852474409489
SPEA2,DTLZ3,DTLZ,3,12,10,0.0530546480398602,0.559078960456156
SPEA2,DTLZ3,DTLZ,3,12,11,0.0528784790950775,0.556121680150525
SPEA2,DTLZ3,DTLZ,3,12,12,0.0531296998665453,0.560291266906596
SPEA2,DTLZ3,DTLZ,3,12,13,0.0531346362098656,0.55877102333395
SPEA2,DTLZ3,DTLZ,3,12,14,0.0530620392643466,0.55618414477743
SPEA2,DTLZ3,DTLZ,3,12,15,0.0540556814799846,0.552334762025574
SPEA2,DTLZ3,DTLZ,3,12,16,0.0535919784344009,0.558774755609781
SPEA2,DTLZ3,DTLZ,3,12,17,0.0534884445151994,0.561131863522143
SPEA2,DTLZ3,DTLZ,3,12,18,0.0529593297669837,0.559817891319374
SPEA2,DTLZ3,DTLZ,3,12,19,0.0534311837667138,0.559772752823619
SPEA2,DTLZ3,DTLZ,3,12,20,0.05443938856357,0.556795782894064
SPEA2,DTLZ3,DTLZ,3,12,21,0.0533438813528404,0.561860771582306
SPEA2,DTLZ3,DTLZ,3,12,22,0.0533329081583148,0.560006763395009
SPEA2,DTLZ3,DTLZ,3,12,23,0.0528257253981689,0.558239781672333
SPEA2,DTLZ3,DTLZ,3,12,24,0.0535966249297148,0.557629629215415
SPEA2,DTLZ3,DTLZ,3,12,25,0.0529235031281947,0.559449008259725
SPEA2,DTLZ3,DTLZ,3,12,26,0.05280203721421,0.556701535454053
SPEA2,DTLZ3,DTLZ,3,12,27,0.0532027471054638,0.556444092420746
SPEA2,DTLZ3,DTLZ,3,12,28,0.0535539882160115,0.557444517383377
SPEA2,DTLZ3,DTLZ,3,12,29,0.0546922415866147,0.553757217349782
SPEA2,DTLZ3,DTLZ,3,12,30,0.0526586121786785,0.558583360467169
SPEA2,DTLZ4,DTLZ,2,11,1,0.0041357893590857,0.3473605827126316
SPEA2,DTLZ4,DTLZ,2,11,2,0.0041643508567696,0.3472042235798544
SPEA2,DTLZ4,DTLZ,2,11,3,0.0041063646738867,0.3472372762935005
SPEA2,DTLZ4,DTLZ,2,11,4,0.0041594195238462,0.3472127666273809
SPEA2,DTLZ4,DTLZ,2,11,5,0.004177609447934,0.3473643173212653
SPEA2,DTLZ4,DTLZ,2,11,6,0.0041687747726452,0.3474688477988773
SPEA2,DTLZ4,DTLZ,2,11,7,0.004199051825389,0.3472850118956181
SPEA2,DTLZ4,DTLZ,2,11,8,0.0041571026197906,0.3472661236182541
SPEA2,DTLZ4,DTLZ,2,11,9,0.0040982456850867,0.3473453820010516
SPEA2,DTLZ4,DTLZ,2,11,10,0.0041442165700923,0.3472592848397932
SPEA2,DTLZ4,DTLZ,2,11,11,0.004183970053377,0.3473337646023689
SPEA2,DTLZ4,DTLZ,2,11,12,0.0042078224249939,0.3472204128667239
SPEA2,DTLZ4,DTLZ,2,11,13,0.004210729827098,0.3471991855649394
SPEA2,DTLZ4,DTLZ,2,11,14,0.0041059896372478,0.3473509077761328
SPEA2,DTLZ4,DTLZ,2,11,15,0.0041561035638463,0.3473309487109662
SPEA2,DTLZ4,DTLZ,2,11,16,0.7420913390130063,0.0909090897857899
SPEA2,DTLZ4,DTLZ,2,11,17,0.0040979541700671,0.3473974159715819
SPEA2,DTLZ4,DTLZ,2,11,18,0.0041160950709516,0.3473406223964119
SPEA2,DTLZ4,DTLZ,2,11,19,0.004305951985666,0.347301041920447
SPEA2,DTLZ4,DTLZ,2,11,20,0.0041814849730948,0.3472788211645115
SPEA2,DTLZ4,DTLZ,2,11,21,0.7420913388798761,0.0909090901119699
SPEA2,DTLZ4,DTLZ,2,11,22,0.7420913394012969,0.0909090888344485
SPEA2,DTLZ4,DTLZ,2,11,23,0.0042007136285167,0.3472635203498145
SPEA2,DTLZ4,DTLZ,2,11,24,0.0040985569459562,0.3473985180114893
SPEA2,DTLZ4,DTLZ,2,11,25,0.0042062143524505,0.3473791932166906
SPEA2,DTLZ4,DTLZ,2,11,26,0.0041307908586013,0.347256007599139
SPEA2,DTLZ4,DTLZ,2,11,27,0.0042874647183765,0.3473471887334526
SPEA2,DTLZ4,DTLZ,2,11,28,0.0041137599890704,0.3473174175011524
SPEA2,DTLZ4,DTLZ,2,11,29,0.0041432583128506,0.3473470440996878
SPEA2,DTLZ4,DTLZ,2,11,30,0.0041619333413319,0.3472863942846024
SPEA2,DTLZ4,DTLZ,3,12,1,0.054900691799411,0.552272881187103
SPEA2,DTLZ4,DTLZ,3,12,2,0.0541723330296102,0.552892500538812
SPEA2,DTLZ4,DTLZ,3,12,3,0.0540800245887711,0.554707357275786
SPEA2,DTLZ4,DTLZ,3,12,4,0.540847387536876,0.347256305137705
SPEA2,DTLZ4,DTLZ,3,12,5,0.5408310710770583,0.347385839051442
SPEA2,DTLZ4,DTLZ,3,12,6,0.0546969191360668,0.554330756909685
SPEA2,DTLZ4,DTLZ,3,12,7,0.5408311233898887,0.347355743725043
SPEA2,DTLZ4,DTLZ,3,12,8,0.540845714448226,0.347144242226387
SPEA2,DTLZ4,DTLZ,3,12,9,0.0541320663451294,0.555978956212961
SPEA2,DTLZ4,DTLZ,3,12,10,0.5408373120467969,0.347353983034857
SPEA2,DTLZ4,DTLZ,3,12,11,0.5408329998041066,0.347357193956607
SPEA2,DTLZ4,DTLZ,3,12,12,0.0550923371468809,0.554520650941701
SPEA2,DTLZ4,DTLZ,3,12,13,0.5408307445946618,0.347366592676676
SPEA2,DTLZ4,DTLZ,3,12,14,0.054441202782541,0.555151447154943
SPEA2,DTLZ4,DTLZ,3,12,15,0.5408352074738928,0.34727962956566
SPEA2,DTLZ4,DTLZ,3,12,16,0.5408393950062693,0.34726423802645
SPEA2,DTLZ4,DTLZ,3,12,17,0.540833577948964,0.347357731874502
SPEA2,DTLZ4,DTLZ,3,12,18,0.5408359471647953,0.34738975828142
SPEA2,DTLZ4,DTLZ,3,12,19,0.05545858844121,0.552929378225193
SPEA2,DTLZ4,DTLZ,3,12,20,0.0537023007769724,0.554126356344504
SPEA2,DTLZ4,DTLZ,3,12,21,0.0555544018374008,0.552981165638618
SPEA2,DTLZ4,DTLZ,3,12,22,0.0553117267644214,0.553287828961614
SPEA2,DTLZ4,DTLZ,3,12,23,0.0539180650200168,0.555565126332288
SPEA2,DTLZ4,DTLZ,3,12,24,0.0546018793067014,0.553993980478593
SPEA2,DTLZ4,DTLZ,3,12,25,0.0552899565686227,0.552929784693388
SPEA2,DTLZ4,DTLZ,3,12,26,0.0549658771205733,0.552828203820905
SPEA2,DTLZ4,DTLZ,3,12,27,0.0544880274785925,0.55367500333847
SPEA2,DTLZ4,DTLZ,3,12,28,0.5408349645841787,0.347273879827324
SPEA2,DTLZ4,DTLZ,3,12,29,0.0546679005275821,0.554057980220203
SPEA2,DTLZ4,DTLZ,3,12,30,0.054235446149773,0.553174226130638
SPEA2,DTLZ5,DTLZ,2,11,1,0.0042018099915394,0.347074624159878
SPEA2,DTLZ5,DTLZ,2,11,2,0.004173842658793,0.3473681486045147
SPEA2,DTLZ5,DTLZ,2,11,3,0.0041842894957134,0.3473100401075392
SPEA2,DTLZ5,DTLZ,2,11,4,0.0042513335063361,0.3470687451219797
SPEA2,DTLZ5,DTLZ,2,11,5,0.0041397619299432,0.3471964364669359
SPEA2,DTLZ5,DTLZ,2,11,6,0.004130334418045,0.3472844571291966
SPEA2,DTLZ5,DTLZ,2,11,7,0.0041785605180038,0.3472945537080533
SPEA2,DTLZ5,DTLZ,2,11,8,0.0041235300589589,0.3473419801366079
SPEA2,DTLZ5,DTLZ,2,11,9,0.0041673816909469,0.3473805658452492
SPEA2,DTLZ5,DTLZ,2,11,10,0.004123220536391,0.3472675816229374
SPEA2,DTLZ5,DTLZ,2,11,11,0.00419425358066,0.3470608435041525
SPEA2,DTLZ5,DTLZ,2,11,12,0.0041510571004639,0.3473116557639514
SPEA2,DTLZ5,DTLZ,2,11,13,0.0041751789601864,0.3473704631860888
SPEA2,DTLZ5,DTLZ,2,11,14,0.0041030564710241,0.3473749523337556
SPEA2,DTLZ5,DTLZ,2,11,15,0.0042261558708919,0.347198213434817
SPEA2,DTLZ5,DTLZ,2,11,16,0.0041468437297257,0.3472527370912587
SPEA2,DTLZ5,DTLZ,2,11,17,0.0041348744553752,0.3473814906336707
SPEA2,DTLZ5,DTLZ,2,11,18,0.0041161249604005,0.3472204418593512
SPEA2,DTLZ5,DTLZ,2,11,19,0.0041864886161174,0.3471942258551868
SPEA2,DTLZ5,DTLZ,2,11,20,0.0042434212238783,0.3470051685495101
SPEA2,DTLZ5,DTLZ,2,11,21,0.0041554341635289,0.3472133012627064
SPEA2,DTLZ5,DTLZ,2,11,22,0.0042002890646488,0.3471156826852482
SPEA2,DTLZ5,DTLZ,2,11,23,0.0042081922149385,0.3472064876631038
SPEA2,DTLZ5,DTLZ,2,11,24,0.0041836733802255,0.3474041230194024
SPEA2,DTLZ5,DTLZ,2,11,25,0.0042343787851073,0.3470754375632503
SPEA2,DTLZ5,DTLZ,2,11,26,0.0041903213606881,0.3472608361284721
SPEA2,DTLZ5,DTLZ,2,11,27,0.0041383684919232,0.3473634824025039
SPEA2,DTLZ5,DTLZ,2,11,28,0.0043310829208312,0.3474490517709042
SPEA2,DTLZ5,DTLZ,2,11,29,0.0041851228608023,0.3471854215124961
SPEA2,DTLZ5,DTLZ,2,11,30,0.0041650124394582,0.3473658870802401
SPEA2,DTLZ5,DTLZ,3,12,1,0.0046275747389117,0.199212938471847
SPEA2,DTLZ5,DTLZ,3,12,2,0.004517328464008,0.199618678425386
SPEA2,DTLZ5,DTLZ,3,12,3,0.0043657234625272,0.199576154935283
SPEA2,DTLZ5,DTLZ,3,12,4,0.0043237949828213,0.199602477783938
SPEA2,DTLZ5,DTLZ,3,12,5,0.0044866155614647,0.199285306710407
SPEA2,DTLZ5,DTLZ,3,12,6,0.0043770160302863,0.199596638799691
SPEA2,DTLZ5,DTLZ,3,12,7,0.0043805118107785,0.199435084581941
SPEA2,DTLZ5,DTLZ,3,12,8,0.0045815416352506,0.199579444528193
SPEA2,DTLZ5,DTLZ,3,12,9,0.0042328384386725,0.199816892796759
SPEA2,DTLZ5,DTLZ,3,12,10,0.0043289415350299,0.199601681587417
SPEA2,DTLZ5,DTLZ,3,12,11,0.0044699868789132,0.199481508273686
SPEA2,DTLZ5,DTLZ,3,12,12,0.004590880953006,0.199431707758679
SPEA2,DTLZ5,DTLZ,3,12,13,0.0043853003248258,0.199732732478034
SPEA2,DTLZ5,DTLZ,3,12,14,0.0044964941673659,0.19933113507924
SPEA2,DTLZ5,DTLZ,3,12,15,0.0042811892499507,0.199719758975352
SPEA2,DTLZ5,DTLZ,3,12,16,0.0043941330790322,0.1995448780537
SPEA2,DTLZ5,DTLZ,3,12,17,0.0043121083260445,0.199683702630007
SPEA2,DTLZ5,DTLZ,3,12,18,0.0042801577532619,0.199704515310751
SPEA2,DTLZ5,DTLZ,3,12,19,0.0044978563693348,0.199457957099929
SPEA2,DTLZ5,DTLZ,3,12,20,0.0043775570605814,0.199639486932245
SPEA2,DTLZ5,DTLZ,3,12,21,0.0044572602408594,0.199729042083609
SPEA2,DTLZ5,DTLZ,3,12,22,0.0042001370647785,0.199748840655565
SPEA2,DTLZ5,DTLZ,3,12,23,0.004480654693466,0.199545204051883
SPEA2,DTLZ5,DTLZ,3,12,24,0.0044051428603337,0.199633960056255
SPEA2,DTLZ5,DTLZ,3,12,25,0.0044938907629939,0.199595692385624
SPEA2,DTLZ5,DTLZ,3,12,26,0.0045590628842267,0.199476402842836
SPEA2,DTLZ5,DTLZ,3,12,27,0.0044993949305536,0.199553482808316
SPEA2,DTLZ5,DTLZ,3,12,28,0.0044024943918577,0.199574056677236
SPEA2,DTLZ5,DTLZ,3,12,29,0.0044194923771332,0.199595485157788
SPEA2,DTLZ5,DTLZ,3,12,30,0.0043378939942589,0.199655373048479
SPEA2,DTLZ6,DTLZ,2,11,1,0.0041228974686844,0.3475730895632229
SPEA2,DTLZ6,DTLZ,2,11,2,0.0040581371038321,0.3474992432846298
SPEA2,DTLZ6,DTLZ,2,11,3,0.0040933303217472,0.3474785903187017
SPEA2,DTLZ6,DTLZ,2,11,4,0.0040997813286267,0.3475801673583928
SPEA2,DTLZ6,DTLZ,2,11,5,0.0041563106341055,0.3475318463555758
SPEA2,DTLZ6,DTLZ,2,11,6,0.0040764604969207,0.3475196241344487
SPEA2,DTLZ6,DTLZ,2,11,7,0.0041020635800642,0.347628761520617
SPEA2,DTLZ6,DTLZ,2,11,8,0.0040976554690586,0.3476089664909199
SPEA2,DTLZ6,DTLZ,2,11,9,0.0041170276143767,0.3475368797932911
SPEA2,DTLZ6,DTLZ,2,11,10,0.0040691808576178,0.3474564117329881
SPEA2,DTLZ6,DTLZ,2,11,11,0.0040785730255606,0.3475408204287322
SPEA2,DTLZ6,DTLZ,2,11,12,0.0041125522339361,0.3475176026859062
SPEA2,DTLZ6,DTLZ,2,11,13,0.0040489310854827,0.3475506880519368
SPEA2,DTLZ6,DTLZ,2,11,14,0.004075607231554,0.3475895653205186
SPEA2,DTLZ6,DTLZ,2,11,15,0.0041141366147384,0.3474588826223614
SPEA2,DTLZ6,DTLZ,2,11,16,0.004077927758688,0.3475464003370318
SPEA2,DTLZ6,DTLZ,2,11,17,0.0040476831282244,0.3475259053562063
SPEA2,DTLZ6,DTLZ,2,11,18,0.0041050396260496,0.3475857467800328
SPEA2,DTLZ6,DTLZ,2,11,19,0.0040858826031446,0.3475147861079992
SPEA2,DTLZ6,DTLZ,2,11,20,0.0041201522370443,0.3475594145544546
SPEA2,DTLZ6,DTLZ,2,11,21,0.0040642404971464,0.3475621489143447
SPEA2,DTLZ6,DTLZ,2,11,22,0.0040958878910472,0.3476460428931167
SPEA2,DTLZ6,DTLZ,2,11,23,0.0040818641301701,0.3475713260617934
SPEA2,DTLZ6,DTLZ,2,11,24,0.0041347567218988,0.3476142176200862
SPEA2,DTLZ6,DTLZ,2,11,25,0.0040336657668012,0.3475636105890984
SPEA2,DTLZ6,DTLZ,2,11,26,0.0040433921345671,0.3475942042800756
SPEA2,DTLZ6,DTLZ,2,11,27,0.004145428504557,0.3476347854391026
SPEA2,DTLZ6,DTLZ,2,11,28,0.0040523939539421,0.3475793342807806
SPEA2,DTLZ6,DTLZ,2,11,29,0.004086307717634,0.3474983939581401
SPEA2,DTLZ6,DTLZ,2,11,30,0.0040654793546727,0.3476334727678926
SPEA2,DTLZ6,DTLZ,3,12,1,0.0040467011661555,0.20001842760412
SPEA2,DTLZ6,DTLZ,3,12,2,0.0041072602401619,0.200133995575695
SPEA2,DTLZ6,DTLZ,3,12,3,0.004064528452434,0.200126274456295
SPEA2,DTLZ6,DTLZ,3,12,4,0.0040669587877304,0.200015603562323
SPEA2,DTLZ6,DTLZ,3,12,5,0.0041140691181983,0.200069142594046
SPEA2,DTLZ6,DTLZ,3,12,6,0.0041138116611268,0.200071775433981
SPEA2,DTLZ6,DTLZ,3,12,7,0.0040711007642222,0.200055302007849
SPEA2,DTLZ6,DTLZ,3,12,8,0.0040711268648516,0.200048254330711
SPEA2,DTLZ6,DTLZ,3,12,9,0.0040644054018216,0.200129427744745
SPEA2,DTLZ6,DTLZ,3,12,10,0.0040821992310507,0.200064349418909
SPEA2,DTLZ6,DTLZ,3,12,11,0.0040851384265361,0.200075599735314
SPEA2,DTLZ6,DTLZ,3,12,12,0.0040616890740936,0.200028485049962
SPEA2,DTLZ6,DTLZ,3,12,13,0.0040398521696164,0.199987063832881
SPEA2,DTLZ6,DTLZ,3,12,14,0.0040835724021853,0.200028121461005
SPEA2,DTLZ6,DTLZ,3,12,15,0.0040967825618327,0.200089035215024
SPEA2,DTLZ6,DTLZ,3,12,16,0.0040802673272279,0.19997087180129
SPEA2,DTLZ6,DTLZ,3,12,17,0.0040768622206321,0.200147463668431
SPEA2,DTLZ6,DTLZ,3,12,18,0.0040680771602346,0.200029568554226
SPEA2,DTLZ6,DTLZ,3,12,19,0.0040364096539791,0.200073159880074
SPEA2,DTLZ6,DTLZ,3,12,20,0.0040791509740536,0.200072651262985
SPEA2,DTLZ6,DTLZ,3,12,21,0.0040612312597725,0.20008213260995
SPEA2,DTLZ6,DTLZ,3,12,22,0.0040841031496914,0.200042023123097
SPEA2,DTLZ6,DTLZ,3,12,23,0.004095668015532,0.199982869819634
SPEA2,DTLZ6,DTLZ,3,12,24,0.0040547160782618,0.199972387781801
SPEA2,DTLZ6,DTLZ,3,12,25,0.0041077354893588,0.200071593345983
SPEA2,DTLZ6,DTLZ,3,12,26,0.0041265114744938,0.20003991990712
SPEA2,DTLZ6,DTLZ,3,12,27,0.0040615907250801,0.200048882316378
SPEA2,DTLZ6,DTLZ,3,12,28,0.0040857870193176,0.200007454931272
SPEA2,DTLZ6,DTLZ,3,12,29,0.0040806339788833,0.200038417838888
SPEA2,DTLZ6,DTLZ,3,12,30,0.0041000408285151,0.200017789546449
SPEA2,DTLZ7,DTLZ,2,21,1,0.0048088070865248,0.2428827864115671
SPEA2,DTLZ7,DTLZ,2,21,2,0.0048414770033274,0.2428996390198089
SPEA2,DTLZ7,DTLZ,2,21,3,0.0046208142391848,0.2429048238760044
SPEA2,DTLZ7,DTLZ,2,21,4,0.0046979438650725,0.2429018060870335
SPEA2,DTLZ7,DTLZ,2,21,5,0.0049430228744569,0.2428670197130041
SPEA2,DTLZ7,DTLZ,2,21,6,0.0048925795403947,0.2428858193320867
SPEA2,DTLZ7,DTLZ,2,21,7,0.0047717628356596,0.2428591257896994
SPEA2,DTLZ7,DTLZ,2,21,8,0.0048453199555274,0.2428876205979916
SPEA2,DTLZ7,DTLZ,2,21,9,0.0049876371596268,0.2428246354926604
SPEA2,DTLZ7,DTLZ,2,21,10,0.0049368017805815,0.24281948872315
SPEA2,DTLZ7,DTLZ,2,21,11,0.0047991058500875,0.2428776556387326
SPEA2,DTLZ7,DTLZ,2,21,12,0.0048997045699665,0.2428752791962611
SPEA2,DTLZ7,DTLZ,2,21,13,0.0047400032148058,0.2428960274962645
SPEA2,DTLZ7,DTLZ,2,21,14,0.0047216654204183,0.2429135875204434
SPEA2,DTLZ7,DTLZ,2,21,15,0.0048248619725638,0.2428802958373663
SPEA2,DTLZ7,DTLZ,2,21,16,0.0050213440899879,0.242813235214602
SPEA2,DTLZ7,DTLZ,2,21,17,0.0046311834288861,0.2428930496316896
SPEA2,DTLZ7,DTLZ,2,21,18,0.0047898680838929,0.242887108163832
SPEA2,DTLZ7,DTLZ,2,21,19,0.0048888885776002,0.242858748472229
SPEA2,DTLZ7,DTLZ,2,21,20,0.0046409336519711,0.2428939067039404
SPEA2,DTLZ7,DTLZ,2,21,21,0.0048235234624797,0.2428618364512339
SPEA2,DTLZ7,DTLZ,2,21,22,0.0047046260553119,0.2428979020200716
SPEA2,DTLZ7,DTLZ,2,21,23,0.0047842710869424,0.2428769875273735
SPEA2,DTLZ7,DTLZ,2,21,24,0.0048161996919348,0.2428784472728321
SPEA2,DTLZ7,DTLZ,2,21,25,0.0047474515064392,0.2428634544400298
SPEA2,DTLZ7,DTLZ,2,21,26,0.0048170985847748,0.2428816925695686
SPEA2,DTLZ7,DTLZ,2,21,27,0.0049124571761112,0.242876940787918
SPEA2,DTLZ7,DTLZ,2,21,28,0.0047247257750707,0.2429006129037555
SPEA2,DTLZ7,DTLZ,2,21,29,0.0047555215143651,0.2429014912964252
SPEA2,DTLZ7,DTLZ,2,21,30,0.0046478197495832,0.2429031903077159
SPEA2,DTLZ7,DTLZ,3,22,1,0.0612026188843638,0.276172242591442
SPEA2,DTLZ7,DTLZ,3,22,2,0.0603424018613899,0.277170569705405
SPEA2,DTLZ7,DTLZ,3,22,3,0.0601993103479509,0.275717137030238
SPEA2,DTLZ7,DTLZ,3,22,4,0.0596655238379534,0.276227757328284
SPEA2,DTLZ7,DTLZ,3,22,5,0.0603989280408526,0.276456683838847
SPEA2,DTLZ7,DTLZ,3,22,6,0.0613771282268932,0.276512192512348
SPEA2,DTLZ7,DTLZ,3,22,7,0.060846396176026,0.277364526370096
SPEA2,DTLZ7,DTLZ,3,22,8,0.0615002577605529,0.275487690642874
SPEA2,DTLZ7,DTLZ,3,22,9,0.061334109317025,0.277170136093008
SPEA2,DTLZ7,DTLZ,3,22,10,0.0614895524982375,0.277463373579907
SPEA2,DTLZ7,DTLZ,3,22,11,0.0577281041097364,0.277210996010362
SPEA2,DTLZ7,DTLZ,3,22,12,0.0591009422985542,0.277917633780074
SPEA2,DTLZ7,DTLZ,3,22,13,0.060889844074694,0.277467261459983
SPEA2,DTLZ7,DTLZ,3,22,14,0.0595233015841886,0.276855691170133
SPEA2,DTLZ7,DTLZ,3,22,15,0.0605081401968133,0.276518563453733
SPEA2,DTLZ7,DTLZ,3,22,16,0.060601710831202,0.276359512511996
SPEA2,DTLZ7,DTLZ,3,22,17,0.3437722444959358,0.242789804589919
SPEA2,DTLZ7,DTLZ,3,22,18,0.0589668130234992,0.277322107145627
SPEA2,DTLZ7,DTLZ,3,22,19,0.0615494316626129,0.27629687201509
SPEA2,DTLZ7,DTLZ,3,22,20,0.06287454183782,0.275236718243205
SPEA2,DTLZ7,DTLZ,3,22,21,0.0613218692549616,0.276099765615039
SPEA2,DTLZ7,DTLZ,3,22,22,0.0608615412006492,0.27547419243249
SPEA2,DTLZ7,DTLZ,3,22,23,0.0596640925424178,0.276751205815793
SPEA2,DTLZ7,DTLZ,3,22,24,0.0599036909288733,0.27774568469702
SPEA2,DTLZ7,DTLZ,3,22,25,0.0595462257648564,0.277083510326142
SPEA2,DTLZ7,DTLZ,3,22,26,0.0606754053368467,0.276647454443929
SPEA2,DTLZ7,DTLZ,3,22,27,0.061061487251227,0.276114620648444
SPEA2,DTLZ7,DTLZ,3,22,28,0.0577977241173358,0.277686747243711
SPEA2,DTLZ7,DTLZ,3,22,29,0.0599909340397299,0.276215766441335
SPEA2,DTLZ7,DTLZ,3,22,30,0.0578399102648126,0.278118857593568
SPEA2,MaF1,MaF,2,11,1,0.0037704658161958,0.58214570892118
SPEA2,MaF1,MaF,2,11,2,0.0037854061687238,0.5821820970182403
SPEA2,MaF1,MaF,2,11,3,0.003746296816742,0.5821871793627392
SPEA2,MaF1,MaF,2,11,4,0.0038025835198295,0.5820556546986739
SPEA2,MaF1,MaF,2,11,5,0.0038162236051655,0.582073634379851
SPEA2,MaF1,MaF,2,11,6,0.0037680634307866,0.5821318651845039
SPEA2,MaF1,MaF,2,11,7,0.0038490764386796,0.5818869513099519
SPEA2,MaF1,MaF,2,11,8,0.0038184014959572,0.5821194723437377
SPEA2,MaF1,MaF,2,11,9,0.0038165821871978,0.5821027776248638
SPEA2,MaF1,MaF,2,11,10,0.0038015998305567,0.5821279263084098
SPEA2,MaF1,MaF,2,11,11,0.0037766522556084,0.5821367809603317
SPEA2,MaF1,MaF,2,11,12,0.0038011164965569,0.5821141783410273
SPEA2,MaF1,MaF,2,11,13,0.0038218698255416,0.5819311330099689
SPEA2,MaF1,MaF,2,11,14,0.0038088402025467,0.5821147287838567
SPEA2,MaF1,MaF,2,11,15,0.0038203931507537,0.5820666279059012
SPEA2,MaF1,MaF,2,11,16,0.0038001750197774,0.5820948418263452
SPEA2,MaF1,MaF,2,11,17,0.0037155599059952,0.5823025697391481
SPEA2,MaF1,MaF,2,11,18,0.0037814821967942,0.5820726683801539
SPEA2,MaF1,MaF,2,11,19,0.0038721397894211,0.5819734007304189
SPEA2,MaF1,MaF,2,11,20,0.0038228952050748,0.581944924045773
SPEA2,MaF1,MaF,2,11,21,0.0038437808438218,0.5819938675548604
SPEA2,MaF1,MaF,2,11,22,0.0037981609630579,0.5820622868598875
SPEA2,MaF1,MaF,2,11,23,0.003761873144366,0.5821970909122389
SPEA2,MaF1,MaF,2,11,24,0.0038548109224425,0.5820511369745387
SPEA2,MaF1,MaF,2,11,25,0.0037764052442708,0.582096173305857
SPEA2,MaF1,MaF,2,11,26,0.0038335306397153,0.5820373089358198
SPEA2,MaF1,MaF,2,11,27,0.0038170063240124,0.5821078824443964
SPEA2,MaF1,MaF,2,11,28,0.0038507376397811,0.5819328590817576
SPEA2,MaF1,MaF,2,11,29,0.0037151877415792,0.5822598062426205
SPEA2,MaF1,MaF,2,11,30,0.0037808503026351,0.5820898540068588
SPEA2,MaF1,MaF,3,12,1,0.041923481738638,0.218937081247315
SPEA2,MaF1,MaF,3,12,2,0.0415371186094243,0.219197792819047
SPEA2,MaF1,MaF,3,12,3,0.0413395108259215,0.219793173782256
SPEA2,MaF1,MaF,3,12,4,0.0416589736998531,0.217612684243305
SPEA2,MaF1,MaF,3,12,5,0.0423313419739987,0.218296546362259
SPEA2,MaF1,MaF,3,12,6,0.042438533718481,0.217528069195137
SPEA2,MaF1,MaF,3,12,7,0.0410416583413367,0.2194402794516
SPEA2,MaF1,MaF,3,12,8,0.0414507981188791,0.21862047209706
SPEA2,MaF1,MaF,3,12,9,0.0410646578699341,0.219435007801689
SPEA2,MaF1,MaF,3,12,10,0.0413991651604909,0.218267962543324
SPEA2,MaF1,MaF,3,12,11,0.0414012561120284,0.219257953116111
SPEA2,MaF1,MaF,3,12,12,0.0415920920120281,0.218361952539184
SPEA2,MaF1,MaF,3,12,13,0.0416849177429513,0.218708196725753
SPEA2,MaF1,MaF,3,12,14,0.0418304815225609,0.218831413001812
SPEA2,MaF1,MaF,3,12,15,0.0419261951038148,0.217880349312989
SPEA2,MaF1,MaF,3,12,16,0.0409904618246653,0.219250671907994
SPEA2,MaF1,MaF,3,12,17,0.0417179201368036,0.218384498634484
SPEA2,MaF1,MaF,3,12,18,0.0415524621765815,0.219177697090178
SPEA2,MaF1,MaF,3,12,19,0.04187039109875,0.218692872848318
SPEA2,MaF1,MaF,3,12,20,0.0417103300802977,0.218032690834297
SPEA2,MaF1,MaF,3,12,21,0.0418560790081673,0.218877979289834
SPEA2,MaF1,MaF,3,12,22,0.041225457749538,0.219261681805269
SPEA2,MaF1,MaF,3,12,23,0.0426389801887547,0.217828332144108
SPEA2,MaF1,MaF,3,12,24,0.0414402068680183,0.220066005391368
SPEA2,MaF1,MaF,3,12,25,0.0412582137251922,0.219972015797358
SPEA2,MaF1,MaF,3,12,26,0.0423582605862546,0.218171965766023
SPEA2,MaF1,MaF,3,12,27,0.0420015924528113,0.217780557436938
SPEA2,MaF1,MaF,3,12,28,0.0416277616299557,0.217867947427214
SPEA2,MaF1,MaF,3,12,29,0.0418235507083564,0.218823736154483
SPEA2,MaF1,MaF,3,12,30,0.0427726969770874,0.217728463618763
SPEA2,MaF2,MaF,2,11,1,0.0021419997638942,0.2073223352046942
SPEA2,MaF2,MaF,2,11,2,0.0021928242750402,0.2072537628374374
SPEA2,MaF2,MaF,2,11,3,0.0022032817527615,0.207226909984912
SPEA2,MaF2,MaF,2,11,4,0.002157331129813,0.2072745324181763
SPEA2,MaF2,MaF,2,11,5,0.0021749888111269,0.2072701540829053
SPEA2,MaF2,MaF,2,11,6,0.0022406410433258,0.2071650415556606
SPEA2,MaF2,MaF,2,11,7,0.002247348087362,0.2071880151112693
SPEA2,MaF2,MaF,2,11,8,0.0021805805395638,0.2072362137426465
SPEA2,MaF2,MaF,2,11,9,0.0021533461098708,0.2072415227060342
SPEA2,MaF2,MaF,2,11,10,0.0021007587941156,0.2073962693955613
SPEA2,MaF2,MaF,2,11,11,0.0021704148110999,0.2072712027377978
SPEA2,MaF2,MaF,2,11,12,0.0022299089958192,0.2072081141434366
SPEA2,MaF2,MaF,2,11,13,0.002184009478956,0.2072055970221006
SPEA2,MaF2,MaF,2,11,14,0.0021957115430972,0.2072284955322983
SPEA2,MaF2,MaF,2,11,15,0.0022005624449454,0.2072407285963274
SPEA2,MaF2,MaF,2,11,16,0.0021876732499028,0.2072672728480447
SPEA2,MaF2,MaF,2,11,17,0.00220349582871,0.2071754571509207
SPEA2,MaF2,MaF,2,11,18,0.0021942386947379,0.2072161052459145
SPEA2,MaF2,MaF,2,11,19,0.0021579397393117,0.2073012561310623
SPEA2,MaF2,MaF,2,11,20,0.0021619868305731,0.2072793978118811
SPEA2,MaF2,MaF,2,11,21,0.0021955865396956,0.2072416323399699
SPEA2,MaF2,MaF,2,11,22,0.002146022796369,0.2073277434394431
SPEA2,MaF2,MaF,2,11,23,0.0021954715643642,0.2072526345027266
SPEA2,MaF2,MaF,2,11,24,0.0021961326016812,0.2072329593318158
SPEA2,MaF2,MaF,2,11,25,0.0021864770288293,0.2072622338380265
SPEA2,MaF2,MaF,2,11,26,0.0021640473076869,0.2072815132322514
SPEA2,MaF2,MaF,2,11,27,0.0022081378218419,0.2071828660823867
SPEA2,MaF2,MaF,2,11,28,0.0021560727206938,0.207294118422266
SPEA2,MaF2,MaF,2,11,29,0.0022617534434472,0.207160878728542
SPEA2,MaF2,MaF,2,11,30,0.0021488771002616,0.207313007437713
SPEA2,MaF2,MaF,3,12,1,0.0335462801046893,0.23832659006992
SPEA2,MaF2,MaF,3,12,2,0.0305748234879769,0.240726331228068
SPEA2,MaF2,MaF,3,12,3,0.0332131286194705,0.238562478291742
SPEA2,MaF2,MaF,3,12,4,0.0336577502256213,0.238267897002527
SPEA2,MaF2,MaF,3,12,5,0.031379719262692,0.237936274562159
SPEA2,MaF2,MaF,3,12,6,0.0338867866203955,0.238687579450219
SPEA2,MaF2,MaF,3,12,7,0.0331517429731057,0.237146836933512
SPEA2,MaF2,MaF,3,12,8,0.0337013374267751,0.235932914051513
SPEA2,MaF2,MaF,3,12,9,0.033267822989499,0.23925178692549
SPEA2,MaF2,MaF,3,12,10,0.0318026599363389,0.240117568657452
SPEA2,MaF2,MaF,3,12,11,0.032327687983199,0.239579671606445
SPEA2,MaF2,MaF,3,12,12,0.0353656890348695,0.236523851099926
SPEA2,MaF2,MaF,3,12,13,0.0320021608433762,0.238973651788259
SPEA2,MaF2,MaF,3,12,14,0.0325735052425105,0.238508885863559
SPEA2,MaF2,MaF,3,12,15,0.0308837911808589,0.240173988865485
SPEA2,MaF2,MaF,3,12,16,0.0318806638612641,0.237184182184803
SPEA2,MaF2,MaF,3,12,17,0.0325894219896503,0.239660392653254
SPEA2,MaF2,MaF,3,12,18,0.0323744034866755,0.23823590649281
SPEA2,MaF2,MaF,3,12,19,0.0302531670779916,0.240064946597987
SPEA2,MaF2,MaF,3,12,20,0.0315327075419206,0.239257214709696
SPEA2,MaF2,MaF,3,12,21,0.0328296723175273,0.239016277826416
SPEA2,MaF2,MaF,3,12,22,0.033157970271735,0.239721113920933
SPEA2,MaF2,MaF,3,12,23,0.0307224695643838,0.241135732353437
SPEA2,MaF2,MaF,3,12,24,0.0314264636252245,0.235999491635378
SPEA2,MaF2,MaF,3,12,25,0.0319462393288478,0.239827734843147
SPEA2,MaF2,MaF,3,12,26,0.0338474898325595,0.23803235868072
SPEA2,MaF2,MaF,3,12,27,0.03379267399222,0.237855088767172
SPEA2,MaF2,MaF,3,12,28,0.0318841306124205,0.239505863942473
SPEA2,MaF2,MaF,3,12,29,0.0315433329514899,0.239506104502791
SPEA2,MaF2,MaF,3,12,30,0.031016811281246,0.239825700438513
SPEA2,MaF3,MaF,2,11,1,0.0041063831967426,0.7193747550550615
SPEA2,MaF3,MaF,2,11,2,0.0039261746568058,0.7197949126841341
SPEA2,MaF3,MaF,2,11,3,0.0046569143164267,0.7182218993479752
SPEA2,MaF3,MaF,2,11,4,0.0059262603378744,0.715514669441686
SPEA2,MaF3,MaF,2,11,5,0.0039919861859266,0.7195789532800961
SPEA2,MaF3,MaF,2,11,6,0.0042073023039681,0.7191005417710592
SPEA2,MaF3,MaF,2,11,7,0.0045038667288395,0.7183477521837918
SPEA2,MaF3,MaF,2,11,8,0.004408491090274,0.7184720028497422
SPEA2,MaF3,MaF,2,11,9,0.0041386191341649,0.7192201376933108
SPEA2,MaF3,MaF,2,11,10,0.0041413941524362,0.7190756400847237
SPEA2,MaF3,MaF,2,11,11,0.004197034632896,0.7190194878239192
SPEA2,MaF3,MaF,2,11,12,0.0043787545055952,0.7186731131523304
SPEA2,MaF3,MaF,2,11,13,0.0046201269917828,0.718009931954815
SPEA2,MaF3,MaF,2,11,14,0.0042895229766552,0.718948017623546
SPEA2,MaF3,MaF,2,11,15,0.0042189003065061,0.7189680252672925
SPEA2,MaF3,MaF,2,11,16,0.0041588429305105,0.71912501864501
SPEA2,MaF3,MaF,2,11,17,0.0039372571767068,0.7198900530148269
SPEA2,MaF3,MaF,2,11,18,0.0043053280249568,0.71864898553348
SPEA2,MaF3,MaF,2,11,19,0.0039057477351057,0.7199838560057643
SPEA2,MaF3,MaF,2,11,20,0.0043699167373585,0.718529812760109
SPEA2,MaF3,MaF,2,11,21,0.0038566080531163,0.7199064368973463
SPEA2,MaF3,MaF,2,11,22,0.0039559332706033,0.7196581941730905
SPEA2,MaF3,MaF,2,11,23,0.0063702523361514,0.7147823838490053
SPEA2,MaF3,MaF,2,11,24,0.0054278770730315,0.7164845150268645
SPEA2,MaF3,MaF,2,11,25,0.0050871224378349,0.7171912262134739
SPEA2,MaF3,MaF,2,11,26,0.0046745642988442,0.7180066572576445
SPEA2,MaF3,MaF,2,11,27,0.0050364578276162,0.7176020066578679
SPEA2,MaF3,MaF,2,11,28,0.0054167545648103,0.7166104260358629
SPEA2,MaF3,MaF,2,11,29,0.0039179605002058,0.7198784321796837
SPEA2,MaF3,MaF,2,11,30,0.0039018216398637,0.7199209615703576
SPEA2,MaF3,MaF,3,12,1,0.0337283056068745,0.961157580716652
SPEA2,MaF3,MaF,3,12,2,0.0321171476049922,0.962984084671335
SPEA2,MaF3,MaF,3,12,3,0.0341495451101086,0.961113435281439
SPEA2,MaF3,MaF,3,12,4,0.0337729502126787,0.961467304693013
SPEA2,MaF3,MaF,3,12,5,0.0341656598924427,0.961330299947895
SPEA2,MaF3,MaF,3,12,6,0.0333001841148093,0.962471890832999
SPEA2,MaF3,MaF,3,12,7,0.0326653310853839,0.96276061251227
SPEA2,MaF3,MaF,3,12,8,0.0328978618570091,0.96250024504665
SPEA2,MaF3,MaF,3,12,9,0.0326925987921327,0.963099443097602
SPEA2,MaF3,MaF,3,12,10,0.0333254647985575,0.963249124539698
SPEA2,MaF3,MaF,3,12,11,0.0336715400275161,0.962449170979416
SPEA2,MaF3,MaF,3,12,12,0.0330803738828807,0.961563271399561
SPEA2,MaF3,MaF,3,12,13,0.0334225038882883,0.961999986344913
SPEA2,MaF3,MaF,3,12,14,0.0339031375663321,0.961145397284673
SPEA2,MaF3,MaF,3,12,15,0.0333143538034826,0.962566749858421
SPEA2,MaF3,MaF,3,12,16,0.0353941946189199,0.959532070026049
SPEA2,MaF3,MaF,3,12,17,0.0319635751609427,0.96297846357107
SPEA2,MaF3,MaF,3,12,18,0.0323119468760699,0.962926164406086
SPEA2,MaF3,MaF,3,12,19,0.03347783196357,0.961906580690798
SPEA2,MaF3,MaF,3,12,20,0.0329536528275476,0.962320411921178
SPEA2,MaF3,MaF,3,12,21,0.0337020914383719,0.96141428234476
SPEA2,MaF3,MaF,3,12,22,0.0321648042470857,0.962807631009769
SPEA2,MaF3,MaF,3,12,23,0.032996725605143,0.962935271145609
SPEA2,MaF3,MaF,3,12,24,0.0338455670379604,0.962434731411554
SPEA2,MaF3,MaF,3,12,25,0.0337294648076786,0.960974902425555
SPEA2,MaF3,MaF,3,12,26,0.0324124917940976,0.962657063732858
SPEA2,MaF3,MaF,3,12,27,0.0339709362199262,0.961791675499257
SPEA2,MaF3,MaF,3,12,28,0.0337556268499886,0.961169355143971
SPEA2,MaF3,MaF,3,12,29,0.0340626236176064,0.961440857500819
SPEA2,MaF3,MaF,3,12,30,0.0332903993550844,0.962674489572471
SPEA2,MaF4,MaF,2,11,1,0.0128198100843628,0.8186973297933485
SPEA2,MaF4,MaF,2,11,2,0.012747239922465,0.8186529059806317
SPEA2,MaF4,MaF,2,11,3,0.0129544935854697,0.8179845540899657
SPEA2,MaF4,MaF,2,11,4,0.0129551819383642,0.8187341385228193
SPEA2,MaF4,MaF,2,11,5,0.0126991729914833,0.8186380295802433
SPEA2,MaF4,MaF,2,11,6,0.0126524676831413,0.81863229393541
SPEA2,MaF4,MaF,2,11,7,0.0127339228629068,0.8186624962443075
SPEA2,MaF4,MaF,2,11,8,0.0127507017531015,0.8185645948857915
SPEA2,MaF4,MaF,2,11,9,0.0125721624143993,0.8188818021647857
SPEA2,MaF4,MaF,2,11,10,0.013223148333065,0.8177455893084298
SPEA2,MaF4,MaF,2,11,11,0.0125787825467895,0.8190870536681352
SPEA2,MaF4,MaF,2,11,12,0.0126626779281716,0.818720967703352
SPEA2,MaF4,MaF,2,11,13,0.0126730222872189,0.8189514108841183
SPEA2,MaF4,MaF,2,11,14,0.0126454543152512,0.8190474342256201
SPEA2,MaF4,MaF,2,11,15,0.0133528913973111,0.8175869594039842
SPEA2,MaF4,MaF,2,11,16,0.0125913959382026,0.8184212432832157
SPEA2,MaF4,MaF,2,11,17,0.0129423052905734,0.818045509149141
SPEA2,MaF4,MaF,2,11,18,0.0123725305777314,0.8190129382477528
SPEA2,MaF4,MaF,2,11,19,0.0126080253349943,0.8186614416122782
SPEA2,MaF4,MaF,2,11,20,0.0125608878201171,0.8184550969010022
SPEA2,MaF4,MaF,2,11,21,0.0126673226145501,0.8187171199278133
SPEA2,MaF4,MaF,2,11,22,0.0127825446625544,0.8188136243627644
SPEA2,MaF4,MaF,2,11,23,0.0125331947836066,0.8186739809706415
SPEA2,MaF4,MaF,2,11,24,0.0128247878346461,0.8187793063874015
SPEA2,MaF4,MaF,2,11,25,0.0125582206028425,0.8189891094498041
SPEA2,MaF4,MaF,2,11,26,0.0127703652436559,0.8183473113574574
SPEA2,MaF4,MaF,2,11,27,0.0152952290606328,0.815764805017925
SPEA2,MaF4,MaF,2,11,28,0.0128478028572944,0.8182148473330088
SPEA2,MaF4,MaF,2,11,29,0.0126410393195346,0.8189799058075705
SPEA2,MaF4,MaF,2,11,30,0.0125198114546174,0.8191060901494386
SPEA2,MaF4,MaF,3,12,1,0.2401562153102202,0.527298844193027
SPEA2,MaF4,MaF,3,12,2,0.2402884452460491,0.528369634174163
SPEA2,MaF4,MaF,3,12,3,0.2388495688890615,0.530951332977231
SPEA2,MaF4,MaF,3,12,4,0.2433147621269002,0.530969165780809
SPEA2,MaF4,MaF,3,12,5,0.2471061066387768,0.530234119062854
SPEA2,MaF4,MaF,3,12,6,0.2428863772309784,0.530882592033215
SPEA2,MaF4,MaF,3,12,7,0.2476131926269059,0.523039039099265
SPEA2,MaF4,MaF,3,12,8,0.2395218481852047,0.531609090537245
SPEA2,MaF4,MaF,3,12,9,0.2421915200173603,0.529601178992775
SPEA2,MaF4,MaF,3,12,10,0.2394787819548234,0.532882988920444
SPEA2,MaF4,MaF,3,12,11,0.2438890389342582,0.529021632317006
SPEA2,MaF4,MaF,3,12,12,0.247408252020765,0.526959048982846
SPEA2,MaF4,MaF,3,12,13,0.243390575672464,0.532072289862079
SPEA2,MaF4,MaF,3,12,14,0.2417600888890086,0.530305769324787
SPEA2,MaF4,MaF,3,12,15,0.2434500605855916,0.529333094658565
SPEA2,MaF4,MaF,3,12,16,0.2429175246831611,0.530899578410313
SPEA2,MaF4,MaF,3,12,17,0.2403456130291907,0.530452013579565
SPEA2,MaF4,MaF,3,12,18,0.2438887760884667,0.527890347386611
SPEA2,MaF4,MaF,3,12,19,0.2416355247298959,0.53100534014088
SPEA2,MaF4,MaF,3,12,20,0.2432340160888929,0.530605650597971
SPEA2,MaF4,MaF,3,12,21,0.2396738146379058,0.53084044760735
SPEA2,MaF4,MaF,3,12,22,0.2388176218335508,0.532035173560905
SPEA2,MaF4,MaF,3,12,23,0.2433080172276741,0.526787223294789
SPEA2,MaF4,MaF,3,12,24,0.2410346623137023,0.530443277516352
SPEA2,MaF4,MaF,3,12,25,0.2453501756723142,0.530101309655555
SPEA2,MaF4,MaF,3,12,26,0.2513329717465242,0.523674977130144
SPEA2,MaF4,MaF,3,12,27,0.2423882706329589,0.529145332462785
SPEA2,MaF4,MaF,3,12,28,0.2428175877215847,0.527438200295201
SPEA2,MaF4,MaF,3,12,29,0.2371421441532495,0.531857348960185
SPEA2,MaF4,MaF,3,12,30,0.2423120953696866,0.531786640018332
SPEA2,MaF5,MaF,2,11,1,2.008377440916939,0.090909087844859
SPEA2,MaF5,MaF,2,11,2,0.0127893897318528,0.3472411164464806
SPEA2,MaF5,MaF,2,11,3,0.0131032378540805,0.3470647914327409
SPEA2,MaF5,MaF,2,11,4,0.0129741218708368,0.3472145994180382
SPEA2,MaF5,MaF,2,11,5,0.0130324846113577,0.3470780362853303
SPEA2,MaF5,MaF,2,11,6,0.0128018504898297,0.3472813736309473
SPEA2,MaF5,MaF,2,11,7,0.0129210664334679,0.3471271284115713
SPEA2,MaF5,MaF,2,11,8,0.0129910082807291,0.3471845734584083
SPEA2,MaF5,MaF,2,11,9,0.0128332402987764,0.3472142638812495
SPEA2,MaF5,MaF,2,11,10,0.0132055189174402,0.3471726376981137
SPEA2,MaF5,MaF,2,11,11,0.0128900384308972,0.3472400141041753
SPEA2,MaF5,MaF,2,11,12,0.0125800344300398,0.3473494961650535
SPEA2,MaF5,MaF,2,11,13,0.0124485103400073,0.3473670382685931
SPEA2,MaF5,MaF,2,11,14,0.0126930642986278,0.3473574209798877
SPEA2,MaF5,MaF,2,11,15,0.0126589662291243,0.3471287074743795
SPEA2,MaF5,MaF,2,11,16,0.0126075943889261,0.3472266304980746
SPEA2,MaF5,MaF,2,11,17,0.0124332923597467,0.3473442756289911
SPEA2,MaF5,MaF,2,11,18,2.008377437772767,0.0909090891251324
SPEA2,MaF5,MaF,2,11,19,0.0129441296287006,0.3469734118519106
SPEA2,MaF5,MaF,2,11,20,0.012848127054907,0.3471998878900454
SPEA2,MaF5,MaF,2,11,21,0.0124923520485619,0.3473577505740085
SPEA2,MaF5,MaF,2,11,22,0.0126969501030508,0.3472562204623333
SPEA2,MaF5,MaF,2,11,23,0.0127695378618889,0.3472695842873249
SPEA2,MaF5,MaF,2,11,24,0.0129394786735738,0.3472960914353221
SPEA2,MaF5,MaF,2,11,25,0.0128687733433156,0.3471081668890741
SPEA2,MaF5,MaF,2,11,26,0.0126923590429148,0.3470353613759667
SPEA2,MaF5,MaF,2,11,27,0.012682688494628,0.347348015616218
SPEA2,MaF5,MaF,2,11,28,2.008377440552114,0.0909090879934105
SPEA2,MaF5,MaF,2,11,29,0.0130744553647325,0.3469958566342681
SPEA2,MaF5,MaF,2,11,30,0.0127210325140301,0.3472503571386693
SPEA2,MaF5,MaF,3,12,1,0.2435552951457825,0.556473041967904
SPEA2,MaF5,MaF,3,12,2,1.4916653248385217,0.347085429610163
SPEA2,MaF5,MaF,3,12,3,0.2490095170469995,0.554754956616342
SPEA2,MaF5,MaF,3,12,4,1.49185567592142,0.346919695725761
SPEA2,MaF5,MaF,3,12,5,1.4917225136225127,0.347094092015639
SPEA2,MaF5,MaF,3,12,6,2.020771056989722,0.346974519262798
SPEA2,MaF5,MaF,3,12,7,0.245258884820935,0.554703102458989
SPEA2,MaF5,MaF,3,12,8,0.2470356648839705,0.553729617398205
SPEA2,MaF5,MaF,3,12,9,0.2468212201993366,0.555078766324229
SPEA2,MaF5,MaF,3,12,10,2.020764857904654,0.347040484165459
SPEA2,MaF5,MaF,3,12,11,1.4916131981122756,0.347190646487073
SPEA2,MaF5,MaF,3,12,12,0.2430047673107342,0.55619217582429
SPEA2,MaF5,MaF,3,12,13,0.2485316969914597,0.553967075256003
SPEA2,MaF5,MaF,3,12,14,0.2434263336827936,0.553259847966783
SPEA2,MaF5,MaF,3,12,15,0.2493750453731292,0.554921666106668
SPEA2,MaF5,MaF,3,12,16,4.888495703894776,0.0909090890932882
SPEA2,MaF5,MaF,3,12,17,0.2453295588060041,0.554816144946683
SPEA2,MaF5,MaF,3,12,18,0.2443934861876994,0.553657568713564
SPEA2,MaF5,MaF,3,12,19,0.2473060765121034,0.553476710334955
SPEA2,MaF5,MaF,3,12,20,0.2432034901209828,0.554995638450091
SPEA2,MaF5,MaF,3,12,21,0.2469608896720825,0.555200364090073
SPEA2,MaF5,MaF,3,12,22,0.2447187659724901,0.556769203805262
SPEA2,MaF5,MaF,3,12,23,2.020891612890699,0.346591352376937
SPEA2,MaF5,MaF,3,12,24,0.2463684080867373,0.555624584304223
SPEA2,MaF5,MaF,3,12,25,0.2413523894347088,0.553252389417908
SPEA2,MaF5,MaF,3,12,26,0.2442555366441868,0.550089583263927
SPEA2,MaF5,MaF,3,12,27,0.2492393323331495,0.55441304817474
SPEA2,MaF5,MaF,3,12,28,2.020806589625092,0.346808601232318
SPEA2,MaF5,MaF,3,12,29,0.246123303401523,0.553003780327766
SPEA2,MaF5,MaF,3,12,30,0.2502422328118913,0.554517511554482
SPEA2,MaF6,MaF,2,11,1,0.0040745354612675,0.3475211386808776
SPEA2,MaF6,MaF,2,11,2,0.0040378553769925,0.3474658951162958
SPEA2,MaF6,MaF,2,11,3,0.0040945744553786,0.347619208363734
SPEA2,MaF6,MaF,2,11,4,0.0040760344074631,0.3475090857788973
SPEA2,MaF6,MaF,2,11,5,0.0041101290177408,0.3475967205547561
SPEA2,MaF6,MaF,2,11,6,0.0041301911659939,0.3475038099830289
SPEA2,MaF6,MaF,2,11,7,0.0041286942822262,0.3475386439256275
SPEA2,MaF6,MaF,2,11,8,0.0041528442810342,0.3475437795381876
SPEA2,MaF6,MaF,2,11,9,0.0041491000787643,0.3476305861373026
SPEA2,MaF6,MaF,2,11,10,0.004057223874097,0.3475427451529352
SPEA2,MaF6,MaF,2,11,11,0.0041005265975319,0.3474497567647099
SPEA2,MaF6,MaF,2,11,12,0.0040375111180517,0.3475066228584644
SPEA2,MaF6,MaF,2,11,13,0.004049177537681,0.3475183020974721
SPEA2,MaF6,MaF,2,11,14,0.0040947784847042,0.3476191026722627
SPEA2,MaF6,MaF,2,11,15,0.0040645751661195,0.3475455060607634
SPEA2,MaF6,MaF,2,11,16,0.0040555093699605,0.3474724947467478
SPEA2,MaF6,MaF,2,11,17,0.0040815052133122,0.3475698460728013
SPEA2,MaF6,MaF,2,11,18,0.0041184285335642,0.3475347457633895
SPEA2,MaF6,MaF,2,11,19,0.0041112494207764,0.3475111333428132
SPEA2,MaF6,MaF,2,11,20,0.0040868684063621,0.3475484713142198
SPEA2,MaF6,MaF,2,11,21,0.0041046819522133,0.3475196513520658
SPEA2,MaF6,MaF,2,11,22,0.0040570480558252,0.3475236832670005
SPEA2,MaF6,MaF,2,11,23,0.0040853371895645,0.3474581048685941
SPEA2,MaF6,MaF,2,11,24,0.004076369125583,0.347501197143621
SPEA2,MaF6,MaF,2,11,25,0.0040272393161166,0.347493638440341
SPEA2,MaF6,MaF,2,11,26,0.00412631528123,0.3476895435423981
SPEA2,MaF6,MaF,2,11,27,0.0040881537567741,0.3474470198516174
SPEA2,MaF6,MaF,2,11,28,0.0040607906939333,0.3476042660160777
SPEA2,MaF6,MaF,2,11,29,0.0040943629747645,0.3475456354685706
SPEA2,MaF6,MaF,2,11,30,0.0040781666664024,0.3475203449070484
SPEA2,MaF6,MaF,3,12,1,0.0041166692324494,0.200110843764307
SPEA2,MaF6,MaF,3,12,2,0.0040746403601156,0.199982903295987
SPEA2,MaF6,MaF,3,12,3,0.0040453723781204,0.200093651153037
SPEA2,MaF6,MaF,3,12,4,0.0040909069503847,0.200009182332074
SPEA2,MaF6,MaF,3,12,5,0.0041034441656696,0.200116605791896
SPEA2,MaF6,MaF,3,12,6,0.0040896314513125,0.200105740469728
SPEA2,MaF6,MaF,3,12,7,0.004039025604182,0.20005291002435
SPEA2,MaF6,MaF,3,12,8,0.0042101115425806,0.200066603393456
SPEA2,MaF6,MaF,3,12,9,0.0040869062225468,0.200059663879453
SPEA2,MaF6,MaF,3,12,10,0.0041222500415696,0.200038830365285
SPEA2,MaF6,MaF,3,12,11,0.0040792051729535,0.200052353022509
SPEA2,MaF6,MaF,3,12,12,0.0040636361858249,0.200029873785425
SPEA2,MaF6,MaF,3,12,13,0.0040743104467874,0.200062816357781
SPEA2,MaF6,MaF,3,12,14,0.0041193862419129,0.200098230718923
SPEA2,MaF6,MaF,3,12,15,0.0040688580730601,0.200023833745754
SPEA2,MaF6,MaF,3,12,16,0.0040620782026953,0.200083769895684
SPEA2,MaF6,MaF,3,12,17,0.0040630233222262,0.200152947642079
SPEA2,MaF6,MaF,3,12,18,0.0040454041131395,0.200090341775857
SPEA2,MaF6,MaF,3,12,19,0.0040895035739662,0.199950488566884
SPEA2,MaF6,MaF,3,12,20,0.004157288061894,0.200071239835726
SPEA2,MaF6,MaF,3,12,21,0.0040834906414092,0.200090604415067
SPEA2,MaF6,MaF,3,12,22,0.004043744405741,0.200056994278339
SPEA2,MaF6,MaF,3,12,23,0.0040726256294313,0.200066294732575
SPEA2,MaF6,MaF,3,12,24,0.0041023458427979,0.199989163046281
SPEA2,MaF6,MaF,3,12,25,0.0040378527025406,0.200051691961699
SPEA2,MaF6,MaF,3,12,26,0.004091689709301,0.200097469574203
SPEA2,MaF6,MaF,3,12,27,0.0040590148088166,0.199964617444704
SPEA2,MaF6,MaF,3,12,28,0.0040952753735593,0.200113921936025
SPEA2,MaF6,MaF,3,12,29,0.0040644170365687,0.200075477049914
SPEA2,MaF6,MaF,3,12,30,0.0041239694435336,0.199947975463776
SPEA2,MaF7,MaF,2,21,1,0.0048381208434885,0.242868782402044
SPEA2,MaF7,MaF,2,21,2,0.0048033523268897,0.2428566808173335
SPEA2,MaF7,MaF,2,21,3,0.0048629628879186,0.2428566906293197
SPEA2,MaF7,MaF,2,21,4,0.0047068308417992,0.2428926907928673
SPEA2,MaF7,MaF,2,21,5,0.0047567600881392,0.24289574407711
SPEA2,MaF7,MaF,2,21,6,0.0048802149293269,0.2428900892711709
SPEA2,MaF7,MaF,2,21,7,0.0048672179630467,0.2428652483136477
SPEA2,MaF7,MaF,2,21,8,0.0046690391219855,0.2429015197257267
SPEA2,MaF7,MaF,2,21,9,0.0045891588444833,0.2428993413208832
SPEA2,MaF7,MaF,2,21,10,0.0046838772869638,0.2429146593670206
SPEA2,MaF7,MaF,2,21,11,0.0047213264163272,0.2429084834627768
SPEA2,MaF7,MaF,2,21,12,0.004860398136639,0.2428850744647015
SPEA2,MaF7,MaF,2,21,13,0.0048670306200135,0.2428375452003218
SPEA2,MaF7,MaF,2,21,14,0.00470354526552,0.2429143123096852
SPEA2,MaF7,MaF,2,21,15,0.0046760775262947,0.2429163547208078
SPEA2,MaF7,MaF,2,21,16,0.0047083349970196,0.2429022559713219
SPEA2,MaF7,MaF,2,21,17,0.0048351302402853,0.2428657239807804
SPEA2,MaF7,MaF,2,21,18,0.0048715019308938,0.242852190139783
SPEA2,MaF7,MaF,2,21,19,0.0047030305566348,0.242895847651124
SPEA2,MaF7,MaF,2,21,20,0.0048328352701984,0.2428834071588503
SPEA2,MaF7,MaF,2,21,21,0.0051487182936739,0.2428314210727239
SPEA2,MaF7,MaF,2,21,22,0.0048788370501315,0.2428788016978618
SPEA2,MaF7,MaF,2,21,23,0.0047351949118408,0.2429039879019783
SPEA2,MaF7,MaF,2,21,24,0.0046670238426302,0.2429256746730844
SPEA2,MaF7,MaF,2,21,25,0.0046893250208936,0.2428900525912197
SPEA2,MaF7,MaF,2,21,26,0.004860749401014,0.24285421629207
SPEA2,MaF7,MaF,2,21,27,0.0047817173865512,0.2428762429951211
SPEA2,MaF7,MaF,2,21,28,0.0050242861326913,0.2428687026802781
SPEA2,MaF7,MaF,2,21,29,0.0046476056139355,0.2429277231144772
SPEA2,MaF7,MaF,2,21,30,0.0045827627218712,0.2429160658403954
SPEA2,MaF7,MaF,3,22,1,0.0600792097497178,0.277538043832587
SPEA2,MaF7,MaF,3,22,2,0.0601411572125623,0.277411921289942
SPEA2,MaF7,MaF,3,22,3,0.0586930776421314,0.277012063050804
SPEA2,MaF7,MaF,3,22,4,0.0597994390237877,0.276699647674644
SPEA2,MaF7,MaF,3,22,5,0.060099641400632,0.277237763494655
SPEA2,MaF7,MaF,3,22,6,0.0611688451531783,0.276416261573594
SPEA2,MaF7,MaF,3,22,7,0.0580197737676925,0.277881503463867
SPEA2,MaF7,MaF,3,22,8,0.0608941623488371,0.276787661152659
SPEA2,MaF7,MaF,3,22,9,0.0593008280708223,0.27680630894405
SPEA2,MaF7,MaF,3,22,10,0.3418795905332144,0.241922027796355
SPEA2,MaF7,MaF,3,22,11,0.0590898500323008,0.277438952588625
SPEA2,MaF7,MaF,3,22,12,0.0603287758455337,0.276437353501798
SPEA2,MaF7,MaF,3,22,13,0.0594290612866187,0.27716768669965
SPEA2,MaF7,MaF,3,22,14,0.0613725663588962,0.276725453352098
SPEA2,MaF7,MaF,3,22,15,0.0624505049498926,0.276094639639137
SPEA2,MaF7,MaF,3,22,16,0.061145603031384,0.276128760851162
SPEA2,MaF7,MaF,3,22,17,0.0610336620119656,0.277391392009815
SPEA2,MaF7,MaF,3,22,18,0.0598984162514875,0.277465377536112
SPEA2,MaF7,MaF,3,22,19,0.0589990182739629,0.276986130656183
SPEA2,MaF7,MaF,3,22,20,0.0605597410452343,0.277186350659046
SPEA2,MaF7,MaF,3,22,21,0.0596552561214198,0.278394392928065
SPEA2,MaF7,MaF,3,22,22,0.0591487893627783,0.277779315051205
SPEA2,MaF7,MaF,3,22,23,0.060200474141534,0.277352005580167
SPEA2,MaF7,MaF,3,22,24,0.0593975920190661,0.277740316045876
SPEA2,MaF7,MaF,3,22,25,0.0594436903014061,0.277623994626382
SPEA2,MaF7,MaF,3,22,26,0.0595994891147072,0.277499730283734
SPEA2,MaF7,MaF,3,22,27,0.0610375485354673,0.275656952375468
SPEA2,MaF7,MaF,3,22,28,0.0577351136473087,0.278585549577442
SPEA2,MaF7,MaF,3,22,29,0.0587793534634309,0.278328417975291
SPEA2,MaF7,MaF,3,22,30,0.0592241320832127,0.277921583648558
SPEA2,WFG1,WFG,2,11,1,0.09023084590333,0.6713009782429497
SPEA2,WFG1,WFG,2,11,2,0.0334267285909716,0.6839947840892607
SPEA2,WFG1,WFG,2,11,3,0.0592075674613216,0.678919045745895
SPEA2,WFG1,WFG,2,11,4,0.0309012563188542,0.6845582835187879
SPEA2,WFG1,WFG,2,11,5,0.0186995065361899,0.688926632424449
SPEA2,WFG1,WFG,2,11,6,0.1036553023470657,0.6647422909909807
SPEA2,WFG1,WFG,2,11,7,0.0406524052957523,0.6825464852487495
SPEA2,WFG1,WFG,2,11,8,0.0177214472106462,0.690126064964615
SPEA2,WFG1,WFG,2,11,9,0.0822047756024716,0.6737167279088208
SPEA2,WFG1,WFG,2,11,10,0.0201284548286417,0.688012589064735
SPEA2,WFG1,WFG,2,11,11,0.0284752063181579,0.6851974106148959
SPEA2,WFG1,WFG,2,11,12,0.0224268267062674,0.6868943953952438
SPEA2,WFG1,WFG,2,11,13,0.0233461370136588,0.6865956871034516
SPEA2,WFG1,WFG,2,11,14,0.0175826795803632,0.69052298521081
SPEA2,WFG1,WFG,2,11,15,0.0339110362693776,0.6839176975119448
SPEA2,WFG1,WFG,2,11,16,0.0516591280307186,0.6803757558430649
SPEA2,WFG1,WFG,2,11,17,0.0181380670957272,0.689616773089187
SPEA2,WFG1,WFG,2,11,18,0.0375458315809878,0.683160272607095
SPEA2,WFG1,WFG,2,11,19,0.0363095543801486,0.6834090942291842
SPEA2,WFG1,WFG,2,11,20,0.0742714242802484,0.6756451424797902
SPEA2,WFG1,WFG,2,11,21,0.017787682646021,0.6900864613201749
SPEA2,WFG1,WFG,2,11,22,0.0515167393453605,0.6804392823393199
SPEA2,WFG1,WFG,2,11,23,0.0194706988137366,0.6883018889511257
SPEA2,WFG1,WFG,2,11,24,0.0194499335370385,0.6883655816815919
SPEA2,WFG1,WFG,2,11,25,0.077063706629638,0.6750488495600092
SPEA2,WFG1,WFG,2,11,26,0.0415071968606314,0.6823009747576323
SPEA2,WFG1,WFG,2,11,27,0.0497869817450018,0.6807549374391023
SPEA2,WFG1,WFG,2,11,28,0.1030619739509903,0.6652567614236657
SPEA2,WFG1,WFG,2,11,29,0.0310000530744629,0.6845778090932301
SPEA2,WFG1,WFG,2,11,30,0.0179123737183111,0.6897154920321739
SPEA2,WFG1,WFG,3,12,1,0.1535574446673467,0.943781076790846
SPEA2,WFG1,WFG,3,12,2,0.1598393706482735,0.943311185538198
SPEA2,WFG1,WFG,3,12,3,0.1471705980857633,0.946537920885143
SPEA2,WFG1,WFG,3,12,4,0.1531892941927837,0.944110018362191
SPEA2,WFG1,WFG,3,12,5,0.1498725162885249,0.945644748867135
SPEA2,WFG1,WFG,3,12,6,0.1557068631308968,0.94442144152205
SPEA2,WFG1,WFG,3,12,7,0.153237030237069,0.943231455788601
SPEA2,WFG1,WFG,3,12,8,0.1487684348231727,0.945070703286545
SPEA2,WFG1,WFG,3,12,9,0.1526286689980082,0.944366371521629
SPEA2,WFG1,WFG,3,12,10,0.15832716998528,0.943502794717349
SPEA2,WFG1,WFG,3,12,11,0.1574896491677422,0.943470130762634
SPEA2,WFG1,WFG,3,12,12,0.1464618699394314,0.946741928377998
SPEA2,WFG1,WFG,3,12,13,0.1557939448443594,0.943809489068114
SPEA2,WFG1,WFG,3,12,14,0.1560918142002042,0.943019799129673
SPEA2,WFG1,WFG,3,12,15,0.1529224834566793,0.944588671390135
SPEA2,WFG1,WFG,3,12,16,0.1531704212931997,0.943768497591313
SPEA2,WFG1,WFG,3,12,17,0.1559916471286173,0.944241959802181
SPEA2,WFG1,WFG,3,12,18,0.1562283431606024,0.943637607361026
SPEA2,WFG1,WFG,3,12,19,0.1559446055594494,0.944574153097536
SPEA2,WFG1,WFG,3,12,20,0.1505755328289064,0.944469326226073
SPEA2,WFG1,WFG,3,12,21,0.1522884415361745,0.944502018003513
SPEA2,WFG1,WFG,3,12,22,0.1472273706968163,0.947207365680254
SPEA2,WFG1,WFG,3,12,23,0.1625425851982567,0.94249025786982
SPEA2,WFG1,WFG,3,12,24,0.1556759617114579,0.944395272183644
SPEA2,WFG1,WFG,3,12,25,0.1541096325544885,0.944458802806851
SPEA2,WFG1,WFG,3,12,26,0.1588335303214424,0.942980486177514
SPEA2,WFG1,WFG,3,12,27,0.1574688829699229,0.944863293144652
SPEA2,WFG1,WFG,3,12,28,0.1535093182542866,0.94628732437261
SPEA2,WFG1,WFG,3,12,29,0.1439712607361663,0.946574639676494
SPEA2,WFG1,WFG,3,12,30,0.1550950722756011,0.945003469382723
SPEA2,WFG2,WFG,2,11,1,0.0110652307394792,0.6330694580526295
SPEA2,WFG2,WFG,2,11,2,0.0108925362335833,0.633227205893055
SPEA2,WFG2,WFG,2,11,3,0.0114948677684206,0.6329595824148664
SPEA2,WFG2,WFG,2,11,4,0.0107975099199913,0.6333111744018052
SPEA2,WFG2,WFG,2,11,5,0.0115703877371,0.6322733929723704
SPEA2,WFG2,WFG,2,11,6,0.0110734936552004,0.6329944485048216
SPEA2,WFG2,WFG,2,11,7,0.0111629870076195,0.6328775954942609
SPEA2,WFG2,WFG,2,11,8,0.0110861310727206,0.6330878809860385
SPEA2,WFG2,WFG,2,11,9,0.010958202536888,0.6333175527273409
SPEA2,WFG2,WFG,2,11,10,0.0110701496086756,0.6329385274710883
SPEA2,WFG2,WFG,2,11,11,0.0109805153280739,0.6333812813537858
SPEA2,WFG2,WFG,2,11,12,0.0112458625301014,0.6333667206352652
SPEA2,WFG2,WFG,2,11,13,0.011361554903951,0.6328743413271437
SPEA2,WFG2,WFG,2,11,14,0.01096156112657,0.6327729697746178
SPEA2,WFG2,WFG,2,11,15,0.0108605548531921,0.6331783949917822
SPEA2,WFG2,WFG,2,11,16,0.0109584892347897,0.6332799679242284
SPEA2,WFG2,WFG,2,11,17,0.0112662929809795,0.6329654652285297
SPEA2,WFG2,WFG,2,11,18,0.0109715746964883,0.6335847101034606
SPEA2,WFG2,WFG,2,11,19,0.0109041530016829,0.6333386429834713
SPEA2,WFG2,WFG,2,11,20,0.0111228694259278,0.6332766343512528
SPEA2,WFG2,WFG,2,11,21,0.0109547184511277,0.6332572711779478
SPEA2,WFG2,WFG,2,11,22,0.0112011518187996,0.6328096478418854
SPEA2,WFG2,WFG,2,11,23,0.0112356640638942,0.6332755863743075
SPEA2,WFG2,WFG,2,11,24,0.0110805555752132,0.6333044039917676
SPEA2,WFG2,WFG,2,11,25,0.0112122143852642,0.6329570129452782
SPEA2,WFG2,WFG,2,11,26,0.0111198564605094,0.6333746788594222
SPEA2,WFG2,WFG,2,11,27,0.0110511791390439,0.633196170083008
SPEA2,WFG2,WFG,2,11,28,0.0111681691509377,0.6331473327473046
SPEA2,WFG2,WFG,2,11,29,0.0109974547037333,0.6330315600063796
SPEA2,WFG2,WFG,2,11,30,0.0113432833060959,0.6334435146600929
SPEA2,WFG2,WFG,3,12,1,0.1726839441705641,0.93113035104198
SPEA2,WFG2,WFG,3,12,2,0.1688534482218529,0.930396059037149
SPEA2,WFG2,WFG,3,12,3,0.1687242920129529,0.932488129797869
SPEA2,WFG2,WFG,3,12,4,0.1709898767466015,0.931921328463929
SPEA2,WFG2,WFG,3,12,5,0.1650769243109317,0.92964054440954
SPEA2,WFG2,WFG,3,12,6,0.1761134491297064,0.929268960111856
SPEA2,WFG2,WFG,3,12,7,0.1767131121093226,0.92837225981985
SPEA2,WFG2,WFG,3,12,8,0.1742440500385592,0.930497286041966
SPEA2,WFG2,WFG,3,12,9,0.1775282956044777,0.929627369295361
SPEA2,WFG2,WFG,3,12,10,0.1748766792502965,0.931960962444754
SPEA2,WFG2,WFG,3,12,11,0.1741422305959394,0.928225259354103
SPEA2,WFG2,WFG,3,12,12,0.1702586328424501,0.93089602911462
SPEA2,WFG2,WFG,3,12,13,0.1676608974761966,0.930939826220501
SPEA2,WFG2,WFG,3,12,14,0.1644485183773172,0.931992857083988
SPEA2,WFG2,WFG,3,12,15,0.1740359690661578,0.931949915243932
SPEA2,WFG2,WFG,3,12,16,0.1802272413154545,0.929479541906913
SPEA2,WFG2,WFG,3,12,17,0.1784265042982574,0.928086531647416
SPEA2,WFG2,WFG,3,12,18,0.1653245987836064,0.932401276077697
SPEA2,WFG2,WFG,3,12,19,0.1703481725545606,0.930486540232987
SPEA2,WFG2,WFG,3,12,20,0.1712674918937505,0.931364887576742
SPEA2,WFG2,WFG,3,12,21,0.1733024810352127,0.930204340233234
SPEA2,WFG2,WFG,3,12,22,0.1741427755206233,0.931349703934434
SPEA2,WFG2,WFG,3,12,23,0.1668916620858988,0.93148331817439
SPEA2,WFG2,WFG,3,12,24,0.1682209340183484,0.93010519863002
SPEA2,WFG2,WFG,3,12,25,0.1741970591359591,0.931932294214907
SPEA2,WFG2,WFG,3,12,26,0.1745736971737112,0.929424559756379
SPEA2,WFG2,WFG,3,12,27,0.1753366319379077,0.930797049641048
SPEA2,WFG2,WFG,3,12,28,0.1767125426901824,0.929235566077658
SPEA2,WFG2,WFG,3,12,29,0.1646514660589245,0.932803656046123
SPEA2,WFG2,WFG,3,12,30,0.1614032805733463,0.930995767951944
SPEA2,WFG3,WFG,2,11,1,0.011682507352121,0.5821337214767713
SPEA2,WFG3,WFG,2,11,2,0.0120345020185897,0.5816070591881951
SPEA2,WFG3,WFG,2,11,3,0.0125322984691643,0.5811665172864079
SPEA2,WFG3,WFG,2,11,4,0.0123479086603269,0.5810349448597517
SPEA2,WFG3,WFG,2,11,5,0.0125035600259431,0.5811811323326441
SPEA2,WFG3,WFG,2,11,6,0.0120748646141825,0.5817410912047186
SPEA2,WFG3,WFG,2,11,7,0.0120926880131648,0.5815892500627904
SPEA2,WFG3,WFG,2,11,8,0.0121557705826196,0.581618845648157
SPEA2,WFG3,WFG,2,11,9,0.0121604598495454,0.581607296084482
SPEA2,WFG3,WFG,2,11,10,0.0121957768095794,0.5813300228875781
SPEA2,WFG3,WFG,2,11,11,0.0119672204463709,0.5818208753471276
SPEA2,WFG3,WFG,2,11,12,0.0117607367689828,0.581900601966901
SPEA2,WFG3,WFG,2,11,13,0.0122044384068557,0.5813063326741612
SPEA2,WFG3,WFG,2,11,14,0.0120082071111423,0.5819013880437458
SPEA2,WFG3,WFG,2,11,15,0.0123344288073927,0.5813721217645873
SPEA2,WFG3,WFG,2,11,16,0.0121920087877113,0.5813272864603443
SPEA2,WFG3,WFG,2,11,17,0.0124038974661921,0.5811456798052013
SPEA2,WFG3,WFG,2,11,18,0.0120008817507369,0.5819701211291353
SPEA2,WFG3,WFG,2,11,19,0.0119626949406235,0.5816159354776786
SPEA2,WFG3,WFG,2,11,20,0.0118953300295866,0.5817517883202452
SPEA2,WFG3,WFG,2,11,21,0.0118802005933504,0.5817777153771314
SPEA2,WFG3,WFG,2,11,22,0.012168716191312,0.5813339126522833
SPEA2,WFG3,WFG,2,11,23,0.0119180855186309,0.581732494755195
SPEA2,WFG3,WFG,2,11,24,0.0120513263013656,0.5817573485118872
SPEA2,WFG3,WFG,2,11,25,0.0120094152174299,0.5818751932137542
SPEA2,WFG3,WFG,2,11,26,0.0118024509265175,0.5821501105972431
SPEA2,WFG3,WFG,2,11,27,0.0117229659819658,0.5819952472844608
SPEA2,WFG3,WFG,2,11,28,0.012220563823297,0.5815225712736555
SPEA2,WFG3,WFG,2,11,29,0.0131063826339845,0.5801506931405412
SPEA2,WFG3,WFG,2,11,30,0.0126906686374792,0.580728642840045
SPEA2,WFG3,WFG,3,12,1,0.0833365991216864,0.392711435389592
SPEA2,WFG3,WFG,3,12,2,0.096999294151998,0.386155342052901
SPEA2,WFG3,WFG,3,12,3,0.1020874498482769,0.388241628665516
SPEA2,WFG3,WFG,3,12,4,0.0982542591629744,0.387303710733188
SPEA2,WFG3,WFG,3,12,5,0.0850916831720434,0.392556140458725
SPEA2,WFG3,WFG,3,12,6,0.0901177770011556,0.390366334829161
SPEA2,WFG3,WFG,3,12,7,0.0933448469620547,0.393983134736816
SPEA2,WFG3,WFG,3,12,8,0.1077545420832991,0.386025416620743
SPEA2,WFG3,WFG,3,12,9,0.0896889740426834,0.389695597505069
SPEA2,WFG3,WFG,3,12,10,0.0880022076773925,0.392707362194342
SPEA2,WFG3,WFG,3,12,11,0.0963441725843579,0.390667180530233
SPEA2,WFG3,WFG,3,12,12,0.0955202641044746,0.390720089011776
SPEA2,WFG3,WFG,3,12,13,0.0919322021920349,0.389800083260731
SPEA2,WFG3,WFG,3,12,14,0.1062964128269599,0.386938501942686
SPEA2,WFG3,WFG,3,12,15,0.0941427075612065,0.389847619693144
SPEA2,WFG3,WFG,3,12,16,0.0995388177354897,0.388102597586298
SPEA2,WFG3,WFG,3,12,17,0.0903849437086,0.390354024230408
SPEA2,WFG3,WFG,3,12,18,0.1194328138540222,0.380874435429418
SPEA2,WFG3,WFG,3,12,19,0.0933453273461071,0.390191806321658
SPEA2,WFG3,WFG,3,12,20,0.091961903594766,0.38799188752634
SPEA2,WFG3,WFG,3,12,21,0.1007510008168599,0.38679776966191
SPEA2,WFG3,WFG,3,12,22,0.0961994590142181,0.382234072928795
SPEA2,WFG3,WFG,3,12,23,0.090012738714683,0.393260259831023
SPEA2,WFG3,WFG,3,12,24,0.0941239341342794,0.390748635862685
SPEA2,WFG3,WFG,3,12,25,0.1017537000547325,0.391435817783819
SPEA2,WFG3,WFG,3,12,26,0.1074017491990427,0.385356487722649
SPEA2,WFG3,WFG,3,12,27,0.0951860857813475,0.390481412883505
SPEA2,WFG3,WFG,3,12,28,0.0967607093004293,0.389035476337483
SPEA2,WFG3,WFG,3,12,29,0.1010766519874667,0.387570588153086
SPEA2,WFG3,WFG,3,12,30,0.0937642611184166,0.390897691627457
SPEA2,WFG4,WFG,2,11,1,0.0128733602653818,0.3470997861390374
SPEA2,WFG4,WFG,2,11,2,0.0128969421266015,0.347204113065287
SPEA2,WFG4,WFG,2,11,3,0.0126333819966516,0.347119674630976
SPEA2,WFG4,WFG,2,11,4,0.013240599699684,0.3469514490899843
SPEA2,WFG4,WFG,2,11,5,0.0128244757455129,0.3471606749112759
SPEA2,WFG4,WFG,2,11,6,0.0127413427364022,0.3472827129572603
SPEA2,WFG4,WFG,2,11,7,0.0128019526275735,0.3472387370311431
SPEA2,WFG4,WFG,2,11,8,0.0127373589303013,0.3473329625543286
SPEA2,WFG4,WFG,2,11,9,0.0130487101988718,0.3469087307423211
SPEA2,WFG4,WFG,2,11,10,0.013075462832706,0.3470111246237282
SPEA2,WFG4,WFG,2,11,11,0.0129319532357859,0.3471345367529909
SPEA2,WFG4,WFG,2,11,12,0.0130488466322118,0.3473143787232127
SPEA2,WFG4,WFG,2,11,13,0.0133560815452742,0.346824153241858
SPEA2,WFG4,WFG,2,11,14,0.0130645025762192,0.347256039800245
SPEA2,WFG4,WFG,2,11,15,0.0132891468777807,0.346822306678572
SPEA2,WFG4,WFG,2,11,16,0.0126814152491449,0.3472063399407975
SPEA2,WFG4,WFG,2,11,17,0.0128849073906612,0.3470532449318628
SPEA2,WFG4,WFG,2,11,18,0.0126655106639901,0.3471464427881904
SPEA2,WFG4,WFG,2,11,19,0.013022059697549,0.3469049349781803
SPEA2,WFG4,WFG,2,11,20,0.0130071938602893,0.3471621422700736
SPEA2,WFG4,WFG,2,11,21,0.0128260335325316,0.3470088955157503
SPEA2,WFG4,WFG,2,11,22,0.0130684689615439,0.3471483153995609
SPEA2,WFG4,WFG,2,11,23,0.0131077192775355,0.3469850755810687
SPEA2,WFG4,WFG,2,11,24,0.0129076893995677,0.3470751854282755
SPEA2,WFG4,WFG,2,11,25,0.0126979307195338,0.3472377297976982
SPEA2,WFG4,WFG,2,11,26,0.0129026093625518,0.3473653045944422
SPEA2,WFG4,WFG,2,11,27,0.0127936186054285,0.3470402777531048
SPEA2,WFG4,WFG,2,11,28,0.0128193056971514,0.3471695975403844
SPEA2,WFG4,WFG,2,11,29,0.0125996218405116,0.3474653584316879
SPEA2,WFG4,WFG,2,11,30,0.0128974536376518,0.3469657650779804
SPEA2,WFG4,WFG,3,12,1,0.2118957039842046,0.54311644146061
SPEA2,WFG4,WFG,3,12,2,0.2131804966039703,0.545469938851905
SPEA2,WFG4,WFG,3,12,3,0.2112361149945026,0.541945687444122
SPEA2,WFG4,WFG,3,12,4,0.2143267571416556,0.544779347158101
SPEA2,WFG4,WFG,3,12,5,0.2150643308073216,0.542329302318443
SPEA2,WFG4,WFG,3,12,6,0.214630499848424,0.543449412484973
SPEA2,WFG4,WFG,3,12,7,0.2152938988964467,0.546019182100594
SPEA2,WFG4,WFG,3,12,8,0.2183364042195092,0.536733667943333
SPEA2,WFG4,WFG,3,12,9,0.2175048860058608,0.544671341817519
SPEA2,WFG4,WFG,3,12,10,0.2141279720730872,0.548359641923869
SPEA2,WFG4,WFG,3,12,11,0.2139576157052667,0.543149011626092
SPEA2,WFG4,WFG,3,12,12,0.2166488018662962,0.542494552183421
SPEA2,WFG4,WFG,3,12,13,0.2210600915565959,0.543337504420959
SPEA2,WFG4,WFG,3,12,14,0.2163812064025919,0.544853570252653
SPEA2,WFG4,WFG,3,12,15,0.2163920368332536,0.5422477407498
SPEA2,WFG4,WFG,3,12,16,0.2125234852338612,0.537824544945254
SPEA2,WFG4,WFG,3,12,17,0.2136221675644835,0.544864752631444
SPEA2,WFG4,WFG,3,12,18,0.2205703836732358,0.540674569138006
SPEA2,WFG4,WFG,3,12,19,0.2133514610157136,0.542215395201016
SPEA2,WFG4,WFG,3,12,20,0.2154272452496089,0.539279104521184
SPEA2,WFG4,WFG,3,12,21,0.2161421992900217,0.54461078024004
SPEA2,WFG4,WFG,3,12,22,0.2154827456262229,0.541262704384441
SPEA2,WFG4,WFG,3,12,23,0.2142223391822179,0.54674883272174
SPEA2,WFG4,WFG,3,12,24,0.2124835836586285,0.542845532164802
SPEA2,WFG4,WFG,3,12,25,0.2134682568958052,0.541412861685672
SPEA2,WFG4,WFG,3,12,26,0.2152183662097428,0.543271737341147
SPEA2,WFG4,WFG,3,12,27,0.2154895687653943,0.540635853172505
SPEA2,WFG4,WFG,3,12,28,0.2164200884608992,0.542735383669554
SPEA2,WFG4,WFG,3,12,29,0.2124531141222682,0.543843373769715
SPEA2,WFG4,WFG,3,12,30,0.2181537292259433,0.54162405121491
SPEA2,WFG5,WFG,2,11,1,0.0636756052382946,0.3134821103572232
SPEA2,WFG5,WFG,2,11,2,0.063644846630745,0.3135415282851758
SPEA2,WFG5,WFG,2,11,3,0.0636914437650152,0.3132749020444442
SPEA2,WFG5,WFG,2,11,4,0.0639957368522941,0.3132660459998034
SPEA2,WFG5,WFG,2,11,5,0.06353106219994,0.3134469251452802
SPEA2,WFG5,WFG,2,11,6,0.063517302458606,0.3134528005729416
SPEA2,WFG5,WFG,2,11,7,0.0635913534967057,0.3134367097672593
SPEA2,WFG5,WFG,2,11,8,0.0637023819278068,0.3133865085389004
SPEA2,WFG5,WFG,2,11,9,0.063782965722166,0.3133570699010545
SPEA2,WFG5,WFG,2,11,10,0.0638648406575248,0.3132257388749157
SPEA2,WFG5,WFG,2,11,11,0.0637426994026995,0.3134516445633084
SPEA2,WFG5,WFG,2,11,12,0.0636539997135756,0.3133584834259306
SPEA2,WFG5,WFG,2,11,13,0.0636605737282997,0.3133748432598504
SPEA2,WFG5,WFG,2,11,14,0.0636572242660925,0.3134063663438243
SPEA2,WFG5,WFG,2,11,15,0.0637372412299103,0.3133366994580535
SPEA2,WFG5,WFG,2,11,16,0.0637340525222534,0.313352350775548
SPEA2,WFG5,WFG,2,11,17,0.0636916101372759,0.3133668335044456
SPEA2,WFG5,WFG,2,11,18,0.0636205959793397,0.3135464776380958
SPEA2,WFG5,WFG,2,11,19,0.0635043045837626,0.3135764464612643
SPEA2,WFG5,WFG,2,11,20,0.0639475463723744,0.3132389364476829
SPEA2,WFG5,WFG,2,11,21,0.0636029590840147,0.3135410558810576
SPEA2,WFG5,WFG,2,11,22,0.0636854900464811,0.3134078547458011
SPEA2,WFG5,WFG,2,11,23,0.0638011122615082,0.3134035705553353
SPEA2,WFG5,WFG,2,11,24,0.0635872294754448,0.3134673051176971
SPEA2,WFG5,WFG,2,11,25,0.0637704091600285,0.313286263585452
SPEA2,WFG5,WFG,2,11,26,0.0636812332793766,0.3134320283000407
SPEA2,WFG5,WFG,2,11,27,0.0637500913842443,0.3134227315013288
SPEA2,WFG5,WFG,2,11,28,0.0636555886403124,0.3134914925161044
SPEA2,WFG5,WFG,2,11,29,0.0636146515918211,0.3134706910384547
SPEA2,WFG5,WFG,2,11,30,0.0636291087485865,0.3135504789934686
SPEA2,WFG5,WFG,3,12,1,0.2240776916960213,0.515623511826945
SPEA2,WFG5,WFG,3,12,2,0.2214942359863844,0.51367215729442
SPEA2,WFG5,WFG,3,12,3,0.2226150314860686,0.510438928920879
SPEA2,WFG5,WFG,3,12,4,0.2245668548750302,0.515233813302434
SPEA2,WFG5,WFG,3,12,5,0.2218820738619026,0.515430025396281
SPEA2,WFG5,WFG,3,12,6,0.2235775888336923,0.511606520280774
SPEA2,WFG5,WFG,3,12,7,0.2229183352987469,0.515671510795666
SPEA2,WFG5,WFG,3,12,8,0.2203732819121436,0.515795394347889
SPEA2,WFG5,WFG,3,12,9,0.2252444796784447,0.51430936336328
SPEA2,WFG5,WFG,3,12,10,0.2237025050926309,0.512508066904651
SPEA2,WFG5,WFG,3,12,11,0.2255328124369128,0.513431351603829
SPEA2,WFG5,WFG,3,12,12,0.226545533548243,0.507244186216679
SPEA2,WFG5,WFG,3,12,13,0.2213376141706675,0.513236814348629
SPEA2,WFG5,WFG,3,12,14,0.2221685866228457,0.515809519877983
SPEA2,WFG5,WFG,3,12,15,0.2241819350769914,0.509243074828772
SPEA2,WFG5,WFG,3,12,16,0.2223078839511502,0.513062280345262
SPEA2,WFG5,WFG,3,12,17,0.2209141263637932,0.513599140673203
SPEA2,WFG5,WFG,3,12,18,0.2220007846830846,0.515778147604707
SPEA2,WFG5,WFG,3,12,19,0.2293335300512878,0.510648173007874
SPEA2,WFG5,WFG,3,12,20,0.2222200265668708,0.514120660909
SPEA2,WFG5,WFG,3,12,21,0.2221546224757339,0.514157979649851
SPEA2,WFG5,WFG,3,12,22,0.2227287817435115,0.512263072531934
SPEA2,WFG5,WFG,3,12,23,0.222834353669632,0.516415572980644
SPEA2,WFG5,WFG,3,12,24,0.2220005665968807,0.512858370201041
SPEA2,WFG5,WFG,3,12,25,0.2232531868185685,0.513545642732156
SPEA2,WFG5,WFG,3,12,26,0.2247800814353721,0.512827258228682
SPEA2,WFG5,WFG,3,12,27,0.2201274541982764,0.515741455495805
SPEA2,WFG5,WFG,3,12,28,0.218686760498771,0.514138336925742
SPEA2,WFG5,WFG,3,12,29,0.2228284626894645,0.514882444852481
SPEA2,WFG5,WFG,3,12,30,0.2232031103535995,0.515577231886356
SPEA2,WFG6,WFG,2,11,1,0.1045293091324331,0.2910017173739476
SPEA2,WFG6,WFG,2,11,2,0.0483318625217697,0.3220745205816278
SPEA2,WFG6,WFG,2,11,3,0.0601765993630833,0.3154263040592067
SPEA2,WFG6,WFG,2,11,4,0.0805871785042305,0.3040140247801576
SPEA2,WFG6,WFG,2,11,5,0.0791964237610336,0.3047149751649537
SPEA2,WFG6,WFG,2,11,6,0.0858869984428755,0.3011740382236006
SPEA2,WFG6,WFG,2,11,7,0.0618240494794613,0.3145363758418733
SPEA2,WFG6,WFG,2,11,8,0.0950103561387288,0.2961661164537766
SPEA2,WFG6,WFG,2,11,9,0.0305231972645715,0.3327165954854686
SPEA2,WFG6,WFG,2,11,10,0.1199121872682922,0.2826278654492114
SPEA2,WFG6,WFG,2,11,11,0.0418028470171879,0.3257421132758847
SPEA2,WFG6,WFG,2,11,12,0.0468044602804818,0.3229488764136126
SPEA2,WFG6,WFG,2,11,13,0.1052379971665388,0.2905960821952886
SPEA2,WFG6,WFG,2,11,14,0.0639300967935299,0.3132546127796265
SPEA2,WFG6,WFG,2,11,15,0.1097353750330264,0.2881671264059756
SPEA2,WFG6,WFG,2,11,16,0.0751745704127412,0.307143204920521
SPEA2,WFG6,WFG,2,11,17,0.0627117414008382,0.3140329127801805
SPEA2,WFG6,WFG,2,11,18,0.0939506632554539,0.2967566784101706
SPEA2,WFG6,WFG,2,11,19,0.0486375615785914,0.3219195660964163
SPEA2,WFG6,WFG,2,11,20,0.0713565294829738,0.3091546627452123
SPEA2,WFG6,WFG,2,11,21,0.0775835274905895,0.3057090433335977
SPEA2,WFG6,WFG,2,11,22,0.0471256939819358,0.3227900066570858
SPEA2,WFG6,WFG,2,11,23,0.0639212839694093,0.3133244002666714
SPEA2,WFG6,WFG,2,11,24,0.1114000051541314,0.2872880113947875
SPEA2,WFG6,WFG,2,11,25,0.0597995288278766,0.3155159731730321
SPEA2,WFG6,WFG,2,11,26,0.0754289780279219,0.3069496541886465
SPEA2,WFG6,WFG,2,11,27,0.1088818702822861,0.2886039389429429
SPEA2,WFG6,WFG,2,11,28,0.0804255419301442,0.3041861882400265
SPEA2,WFG6,WFG,2,11,29,0.0514392251403019,0.3203787001505128
SPEA2,WFG6,WFG,2,11,30,0.0615059326667575,0.3147581892191375
SPEA2,WFG6,WFG,3,12,1,0.2472024274077522,0.489425090903576
SPEA2,WFG6,WFG,3,12,2,0.233954208862589,0.504993691818858
SPEA2,WFG6,WFG,3,12,3,0.2370489744688532,0.499660307819636
SPEA2,WFG6,WFG,3,12,4,0.2368179507656523,0.504264173497392
SPEA2,WFG6,WFG,3,12,5,0.2432206622718913,0.49531690058354
SPEA2,WFG6,WFG,3,12,6,0.2193379032066967,0.528107226316011
SPEA2,WFG6,WFG,3,12,7,0.2543173496858307,0.485024711685441
SPEA2,WFG6,WFG,3,12,8,0.2468375214398172,0.488396509971042
SPEA2,WFG6,WFG,3,12,9,0.2473324180165199,0.491782340072679
SPEA2,WFG6,WFG,3,12,10,0.2329778868630376,0.51192742361776
SPEA2,WFG6,WFG,3,12,11,0.2275429857471819,0.517781595515583
SPEA2,WFG6,WFG,3,12,12,0.2531321350432091,0.483353365904267
SPEA2,WFG6,WFG,3,12,13,0.2439009792756122,0.490256780518357
SPEA2,WFG6,WFG,3,12,14,0.2461310853815567,0.49141192545033
SPEA2,WFG6,WFG,3,12,15,0.2439845388294796,0.489812990023465
SPEA2,WFG6,WFG,3,12,16,0.2308643291784479,0.502564124739957
SPEA2,WFG6,WFG,3,12,17,0.2368143031245008,0.507764463596398
SPEA2,WFG6,WFG,3,12,18,0.2383614841158198,0.502960713304381
SPEA2,WFG6,WFG,3,12,19,0.2500774294799129,0.485017810742514
SPEA2,WFG6,WFG,3,12,20,0.2249958367566618,0.515868150261947
SPEA2,WFG6,WFG,3,12,21,0.2340470384518781,0.504395369762545
SPEA2,WFG6,WFG,3,12,22,0.2368225595554585,0.502275577486882
SPEA2,WFG6,WFG,3,12,23,0.2314312934491001,0.510741406127692
SPEA2,WFG6,WFG,3,12,24,0.2279476332783266,0.509518307394608
SPEA2,WFG6,WFG,3,12,25,0.2556651717111313,0.482127700500785
SPEA2,WFG6,WFG,3,12,26,0.2555866405602338,0.477834707011224
SPEA2,WFG6,WFG,3,12,27,0.237924679265871,0.497191224954532
SPEA2,WFG6,WFG,3,12,28,0.2451710791834452,0.496023510845995
SPEA2,WFG6,WFG,3,12,29,0.2391799124613898,0.503253268986787
SPEA2,WFG6,WFG,3,12,30,0.2333589798670349,0.508146815139181
SPEA2,WFG7,WFG,2,11,1,0.0137892384444281,0.346114448973559
SPEA2,WFG7,WFG,2,11,2,0.0137870151931175,0.3465185934005341
SPEA2,WFG7,WFG,2,11,3,0.0138338053282238,0.3461713753160893
SPEA2,WFG7,WFG,2,11,4,0.0135437428726135,0.346198247525387
SPEA2,WFG7,WFG,2,11,5,0.0135170096712131,0.3462890589861777
SPEA2,WFG7,WFG,2,11,6,0.0134842906219467,0.3461780919030228
SPEA2,WFG7,WFG,2,11,7,0.0139165128176729,0.3459695202041508
SPEA2,WFG7,WFG,2,11,8,0.0140294032252279,0.3462030027172461
SPEA2,WFG7,WFG,2,11,9,0.0139714864487513,0.3463038268111552
SPEA2,WFG7,WFG,2,11,10,0.0134391122694845,0.3461076714824287
SPEA2,WFG7,WFG,2,11,11,0.0137001723107884,0.3461740925596239
SPEA2,WFG7,WFG,2,11,12,0.0130121500471258,0.3467590156760226
SPEA2,WFG7,WFG,2,11,13,0.0136396571498564,0.3463380264783083
SPEA2,WFG7,WFG,2,11,14,0.0140193635636379,0.3463495921586326
SPEA2,WFG7,WFG,2,11,15,0.0134580450565418,0.3464686994012693
SPEA2,WFG7,WFG,2,11,16,0.0137584890064205,0.3464351776560288
SPEA2,WFG7,WFG,2,11,17,0.0141949314971023,0.3459223493905585
SPEA2,WFG7,WFG,2,11,18,0.014401710168468,0.345746032845615
SPEA2,WFG7,WFG,2,11,19,0.0133373073963093,0.3465722279937975
SPEA2,WFG7,WFG,2,11,20,0.0140724188963977,0.346043514383668
SPEA2,WFG7,WFG,2,11,21,0.013777606666526,0.3461973683976154
SPEA2,WFG7,WFG,2,11,22,0.0133473169583662,0.3464857551007516
SPEA2,WFG7,WFG,2,11,23,0.0142084469985268,0.3460010401490203
SPEA2,WFG7,WFG,2,11,24,0.0141770924857159,0.346092525779252
SPEA2,WFG7,WFG,2,11,25,0.0137261027398188,0.3461763434253669
SPEA2,WFG7,WFG,2,11,26,0.0137722485253464,0.3465079279763488
SPEA2,WFG7,WFG,2,11,27,0.0135084713887258,0.346444196059772
SPEA2,WFG7,WFG,2,11,28,0.0137946665757976,0.3462445098950393
SPEA2,WFG7,WFG,2,11,29,0.0140138806657419,0.3463385834816715
SPEA2,WFG7,WFG,2,11,30,0.0134420660028531,0.3463625214088547
SPEA2,WFG7,WFG,3,12,1,0.2184361327900912,0.538591402593433
SPEA2,WFG7,WFG,3,12,2,0.218942751199843,0.54196992870422
SPEA2,WFG7,WFG,3,12,3,0.2124411999916945,0.546085539311611
SPEA2,WFG7,WFG,3,12,4,0.2179744985211767,0.541383705522958
SPEA2,WFG7,WFG,3,12,5,0.2166571214144703,0.543543362999259
SPEA2,WFG7,WFG,3,12,6,0.2213957440303798,0.545217844387823
SPEA2,WFG7,WFG,3,12,7,0.2129458111135539,0.545797716312746
SPEA2,WFG7,WFG,3,12,8,0.2156664237024437,0.538318826553857
SPEA2,WFG7,WFG,3,12,9,0.2176167352248917,0.543067758012763
SPEA2,WFG7,WFG,3,12,10,0.2188640482737893,0.539750181199846
SPEA2,WFG7,WFG,3,12,11,0.2128897324724,0.543987235746542
SPEA2,WFG7,WFG,3,12,12,0.2165098542240498,0.542856687398529
SPEA2,WFG7,WFG,3,12,13,0.2148182922136162,0.545353280178539
SPEA2,WFG7,WFG,3,12,14,0.2140467204496115,0.540682645214295
SPEA2,WFG7,WFG,3,12,15,0.2197718166439019,0.544611927987712
SPEA2,WFG7,WFG,3,12,16,0.2174497985664279,0.541302636489272
SPEA2,WFG7,WFG,3,12,17,0.2190672758237448,0.53902836273827
SPEA2,WFG7,WFG,3,12,18,0.2187565046862563,0.539511822744434
SPEA2,WFG7,WFG,3,12,19,0.2137746152772124,0.542623494213949
SPEA2,WFG7,WFG,3,12,20,0.2156838567702805,0.54615374967335
SPEA2,WFG7,WFG,3,12,21,0.2212755619430838,0.543533413333253
SPEA2,WFG7,WFG,3,12,22,0.2164020907410754,0.549166916563095
SPEA2,WFG7,WFG,3,12,23,0.2199886312453306,0.54737525607574
SPEA2,WFG7,WFG,3,12,24,0.2155034769634226,0.540220921780884
SPEA2,WFG7,WFG,3,12,25,0.2164556619655162,0.54293422565393
SPEA2,WFG7,WFG,3,12,26,0.2187393842252646,0.542645926887092
SPEA2,WFG7,WFG,3,12,27,0.2179592129873625,0.543671999684116
SPEA2,WFG7,WFG,3,12,28,0.2137998894704719,0.542037274200098
SPEA2,WFG7,WFG,3,12,29,0.2238274081465254,0.543886373471021
SPEA2,WFG7,WFG,3,12,30,0.2145061230665527,0.541821513233669
SPEA2,WFG8,WFG,2,11,1,0.1059958800136576,0.2906142881843817
SPEA2,WFG8,WFG,2,11,2,0.1048545606349147,0.2912462370023408
SPEA2,WFG8,WFG,2,11,3,0.1061137455231991,0.2907018934423172
SPEA2,WFG8,WFG,2,11,4,0.1077319085816238,0.2899821555009615
SPEA2,WFG8,WFG,2,11,5,0.1055380723053898,0.2909267947658809
SPEA2,WFG8,WFG,2,11,6,0.107726012293076,0.2897442972646835
SPEA2,WFG8,WFG,2,11,7,0.1084856698481903,0.2894886048736422
SPEA2,WFG8,WFG,2,11,8,0.1058582043493134,0.2910195582341386
SPEA2,WFG8,WFG,2,11,9,0.1084287335032668,0.289379685535379
SPEA2,WFG8,WFG,2,11,10,0.1077063344344496,0.2898250434357144
SPEA2,WFG8,WFG,2,11,11,0.1075194223973773,0.289779297553546
SPEA2,WFG8,WFG,2,11,12,0.1038837363956293,0.2921275085903024
SPEA2,WFG8,WFG,2,11,13,0.107266713359749,0.2901549546387854
SPEA2,WFG8,WFG,2,11,14,0.1075592893027332,0.2913277521475028
SPEA2,WFG8,WFG,2,11,15,0.1074290793364836,0.2904064048575095
SPEA2,WFG8,WFG,2,11,16,0.1064334406452708,0.2904840340093316
SPEA2,WFG8,WFG,2,11,17,0.1081776194907275,0.289511853663303
SPEA2,WFG8,WFG,2,11,18,0.1071969630812922,0.2899750476878443
SPEA2,WFG8,WFG,2,11,19,0.1049593307419467,0.2913479012967224
SPEA2,WFG8,WFG,2,11,20,0.1081307544754019,0.2893874931597819
SPEA2,WFG8,WFG,2,11,21,0.1088281071601604,0.2891643801780127
SPEA2,WFG8,WFG,2,11,22,0.106134105495816,0.2905862646176968
SPEA2,WFG8,WFG,2,11,23,0.1073024673560499,0.2899587673926249
SPEA2,WFG8,WFG,2,11,24,0.1044350164122847,0.2915121462874792
SPEA2,WFG8,WFG,2,11,25,0.1082974239166593,0.2894498780894565
SPEA2,WFG8,WFG,2,11,26,0.1078859283152165,0.2897531809920133
SPEA2,WFG8,WFG,2,11,27,0.1086445414851302,0.2891660079965207
SPEA2,WFG8,WFG,2,11,28,0.1081259576669879,0.2895782724020594
SPEA2,WFG8,WFG,2,11,29,0.1055519546402039,0.2912506808548465
SPEA2,WFG8,WFG,2,11,30,0.1066160650998476,0.2904326588009523
SPEA2,WFG8,WFG,3,12,1,0.3059179565304135,0.453676894888768
SPEA2,WFG8,WFG,3,12,2,0.2906188992591769,0.460579689722838
SPEA2,WFG8,WFG,3,12,3,0.2909410669967941,0.462466189037857
SPEA2,WFG8,WFG,3,12,4,0.2896442359975215,0.459761310423837
SPEA2,WFG8,WFG,3,12,5,0.2905245262384645,0.461832267463262
SPEA2,WFG8,WFG,3,12,6,0.2942904444120847,0.461153468958319
SPEA2,WFG8,WFG,3,12,7,0.2981912914954477,0.459377016869147
SPEA2,WFG8,WFG,3,12,8,0.2959740975200972,0.454732861952142
SPEA2,WFG8,WFG,3,12,9,0.2923755366884223,0.461407233008314
SPEA2,WFG8,WFG,3,12,10,0.2958800944738887,0.457061426010659
SPEA2,WFG8,WFG,3,12,11,0.2976646272507311,0.458927720430435
SPEA2,WFG8,WFG,3,12,12,0.301869432609197,0.458008869243184
SPEA2,WFG8,WFG,3,12,13,0.2997843282936322,0.458756318266746
SPEA2,WFG8,WFG,3,12,14,0.2923221418321355,0.458419568613714
SPEA2,WFG8,WFG,3,12,15,0.2898016524064671,0.459556064924483
SPEA2,WFG8,WFG,3,12,16,0.2890062583714926,0.46006419563766
SPEA2,WFG8,WFG,3,12,17,0.3012849091966087,0.458561699825971
SPEA2,WFG8,WFG,3,12,18,0.2941635839842198,0.459074747975891
SPEA2,WFG8,WFG,3,12,19,0.3014192616242338,0.456117215907731
SPEA2,WFG8,WFG,3,12,20,0.2951807802170669,0.459878910518883
SPEA2,WFG8,WFG,3,12,21,0.2899195810379595,0.46345348335378
SPEA2,WFG8,WFG,3,12,22,0.2985764659025227,0.457101194113328
SPEA2,WFG8,WFG,3,12,23,0.298270772737937,0.456357773798423
SPEA2,WFG8,WFG,3,12,24,0.2915155374345581,0.461801959790999
SPEA2,WFG8,WFG,3,12,25,0.2921776561551883,0.460653651417625
SPEA2,WFG8,WFG,3,12,26,0.2916167116008342,0.461038932074086
SPEA2,WFG8,WFG,3,12,27,0.2999503987286053,0.456717578819309
SPEA2,WFG8,WFG,3,12,28,0.2951691974050182,0.460102616898188
SPEA2,WFG8,WFG,3,12,29,0.3006295558215393,0.457056256599926
SPEA2,WFG8,WFG,3,12,30,0.2932686797798836,0.4570580185418
SPEA2,WFG9,WFG,2,11,1,0.0158730008708783,0.3428453110710365
SPEA2,WFG9,WFG,2,11,2,0.0139490484736936,0.3453929205868352
SPEA2,WFG9,WFG,2,11,3,0.0159192559593781,0.3427989911124695
SPEA2,WFG9,WFG,2,11,4,0.0144493957974239,0.3443412482085765
SPEA2,WFG9,WFG,2,11,5,0.0151540509851343,0.3433600886355303
SPEA2,WFG9,WFG,2,11,6,0.0142038465065961,0.3447477309628901
SPEA2,WFG9,WFG,2,11,7,0.0193289436640011,0.3399870294845827
SPEA2,WFG9,WFG,2,11,8,0.0154454031229838,0.3437128639444304
SPEA2,WFG9,WFG,2,11,9,0.0154113310469275,0.3434089448252436
SPEA2,WFG9,WFG,2,11,10,0.0166046602888358,0.3423078748248254
SPEA2,WFG9,WFG,2,11,11,0.0158088475357718,0.3429633488937421
SPEA2,WFG9,WFG,2,11,12,0.0141130365234178,0.34455146497866
SPEA2,WFG9,WFG,2,11,13,0.0182163661477866,0.3411341676251907
SPEA2,WFG9,WFG,2,11,14,0.0159324968849756,0.3429049741850784
SPEA2,WFG9,WFG,2,11,15,0.0171780369007954,0.3420975291911151
SPEA2,WFG9,WFG,2,11,16,0.0155399627668733,0.3431994986879603
SPEA2,WFG9,WFG,2,11,17,0.0168583911990707,0.3421700085464521
SPEA2,WFG9,WFG,2,11,18,0.0173087704028708,0.3417654556683512
SPEA2,WFG9,WFG,2,11,19,0.0155345472701855,0.3434258535306511
SPEA2,WFG9,WFG,2,11,20,0.0152386773237382,0.3435273957657856
SPEA2,WFG9,WFG,2,11,21,0.0156162405602202,0.3431656723995213
SPEA2,WFG9,WFG,2,11,22,0.0155186151761621,0.3431571376731999
SPEA2,WFG9,WFG,2,11,23,0.0184850558630919,0.3411364532624682
SPEA2,WFG9,WFG,2,11,24,0.0160873361967702,0.3434704985598739
SPEA2,WFG9,WFG,2,11,25,0.014848373178294,0.3441557883705681
SPEA2,WFG9,WFG,2,11,26,0.016279531735025,0.3425791209321801
SPEA2,WFG9,WFG,2,11,27,0.0166113562891268,0.3422678995859466
SPEA2,WFG9,WFG,2,11,28,0.0156268027244893,0.3430620919113656
SPEA2,WFG9,WFG,2,11,29,0.0175884887519979,0.3415586428995386
SPEA2,WFG9,WFG,2,11,30,0.0161485282715886,0.3425299588806623
SPEA2,WFG9,WFG,3,12,1,0.2186590407861061,0.516000508620621
SPEA2,WFG9,WFG,3,12,2,0.2197749448073554,0.508183705117358
SPEA2,WFG9,WFG,3,12,3,0.2225516129741623,0.518013226816866
SPEA2,WFG9,WFG,3,12,4,0.2138663261452696,0.51590942607206
SPEA2,WFG9,WFG,3,12,5,0.2192271139197533,0.512466362532752
SPEA2,WFG9,WFG,3,12,6,0.2236318479426363,0.514766533321131
SPEA2,WFG9,WFG,3,12,7,0.2128757473880044,0.512233856453859
SPEA2,WFG9,WFG,3,12,8,0.2139695068558788,0.52997165359899
SPEA2,WFG9,WFG,3,12,9,0.2167896290128876,0.513882199793542
SPEA2,WFG9,WFG,3,12,10,0.2150278899042325,0.510166247794082
SPEA2,WFG9,WFG,3,12,11,0.2145573642972734,0.5110325063303
SPEA2,WFG9,WFG,3,12,12,0.2129462306309502,0.513634741723861
SPEA2,WFG9,WFG,3,12,13,0.2121071180254166,0.51560665427972
SPEA2,WFG9,WFG,3,12,14,0.2175191997473785,0.510828877904777
SPEA2,WFG9,WFG,3,12,15,0.2202401661531585,0.510384008491716
SPEA2,WFG9,WFG,3,12,16,0.2209119589250062,0.503707080080357
SPEA2,WFG9,WFG,3,12,17,0.2191913786388076,0.513892731670839
SPEA2,WFG9,WFG,3,12,18,0.2175201250581908,0.511620133848081
SPEA2,WFG9,WFG,3,12,19,0.2178226395562956,0.513949252404606
SPEA2,WFG9,WFG,3,12,20,0.2143426212626196,0.513818071748131
SPEA2,WFG9,WFG,3,12,21,0.2119690417425086,0.520081633432084
SPEA2,WFG9,WFG,3,12,22,0.2208846602793406,0.511512052771859
SPEA2,WFG9,WFG,3,12,23,0.2159209315831269,0.52087701660298
SPEA2,WFG9,WFG,3,12,24,0.2116449334636865,0.516384108609708
SPEA2,WFG9,WFG,3,12,25,0.2177063188706242,0.515158341317581
SPEA2,WFG9,WFG,3,12,26,0.2163153071886986,0.513328196460791
SPEA2,WFG9,WFG,3,12,27,0.2202393244760143,0.519136189885023
SPEA2,WFG9,WFG,3,12,28,0.2136747877700501,0.514989282332616
SPEA2,WFG9,WFG,3,12,29,0.2166867827093018,0.521696009842284
SPEA2,WFG9,WFG,3,12,30,0.2190762797591302,0.520397298833368
SPEA2,ZDT1,ZDT,2,30,1,0.0040880312915936,0.7201534251644911
SPEA2,ZDT1,ZDT,2,30,2,0.0040237726014404,0.7203241032868865
SPEA2,ZDT1,ZDT,2,30,3,0.0038528233830359,0.7204389138404799
SPEA2,ZDT1,ZDT,2,30,4,0.0039799384854942,0.7203639429146586
SPEA2,ZDT1,ZDT,2,30,5,0.0038801627231523,0.7204103427790484
SPEA2,ZDT1,ZDT,2,30,6,0.0039602653000253,0.7203165556246972
SPEA2,ZDT1,ZDT,2,30,7,0.0038503992188541,0.720418562933716
SPEA2,ZDT1,ZDT,2,30,8,0.0038857784339596,0.720471380771513
SPEA2,ZDT1,ZDT,2,30,9,0.0039252621683279,0.7203968438880701
SPEA2,ZDT1,ZDT,2,30,10,0.003977658217487,0.7202520116159397
SPEA2,ZDT1,ZDT,2,30,11,0.0040836814295695,0.7200534826720464
SPEA2,ZDT1,ZDT,2,30,12,0.0040286990116381,0.7201372643943962
SPEA2,ZDT1,ZDT,2,30,13,0.0038752776498072,0.7203423060479844
SPEA2,ZDT1,ZDT,2,30,14,0.003926900426829,0.7202805064567933
SPEA2,ZDT1,ZDT,2,30,15,0.0040836401805992,0.7200965231287642
SPEA2,ZDT1,ZDT,2,30,16,0.0039189258840855,0.720270607144758
SPEA2,ZDT1,ZDT,2,30,17,0.0040466749710662,0.7201001841099636
SPEA2,ZDT1,ZDT,2,30,18,0.0039787082660259,0.7201496595818758
SPEA2,ZDT1,ZDT,2,30,19,0.0038731970934378,0.7205149226048517
SPEA2,ZDT1,ZDT,2,30,20,0.0039167761890066,0.7203932438336678
SPEA2,ZDT1,ZDT,2,30,21,0.0040260549233707,0.7201360798362779
SPEA2,ZDT1,ZDT,2,30,22,0.0038612559964722,0.7203624038502981
SPEA2,ZDT1,ZDT,2,30,23,0.0039842428964912,0.7202247087988716
SPEA2,ZDT1,ZDT,2,30,24,0.0039601314319272,0.7203443232836833
SPEA2,ZDT1,ZDT,2,30,25,0.0039297404294817,0.7203341895067518
SPEA2,ZDT1,ZDT,2,30,26,0.0039432315061123,0.7203800846004456
SPEA2,ZDT1,ZDT,2,30,27,0.0041035651210619,0.7201712149064199
SPEA2,ZDT1,ZDT,2,30,28,0.0042159053681716,0.7200913031817343
SPEA2,ZDT1,ZDT,2,30,29,0.0038552355129852,0.7204006634586871
SPEA2,ZDT1,ZDT,2,30,30,0.004106559371179,0.7201330607001157
SPEA2,ZDT2,ZDT,2,30,1,0.0038828977845652,0.4450383441140577
SPEA2,ZDT2,ZDT,2,30,2,0.0039148321760749,0.4448095230588894
SPEA2,ZDT2,ZDT,2,30,3,0.0038697136280835,0.4450003396563224
SPEA2,ZDT2,ZDT,2,30,4,0.0039754117286308,0.4449495680683787
SPEA2,ZDT2,ZDT,2,30,5,0.004036536491505,0.4447539119369946
SPEA2,ZDT2,ZDT,2,30,6,0.0039090738345419,0.4449122403533883
SPEA2,ZDT2,ZDT,2,30,7,0.0039197531584419,0.4449720828850411
SPEA2,ZDT2,ZDT,2,30,8,0.0037995007039834,0.4450352086332341
SPEA2,ZDT2,ZDT,2,30,9,0.0038515507370361,0.445080670313391
SPEA2,ZDT2,ZDT,2,30,10,0.0039063137896348,0.4448978264216046
SPEA2,ZDT2,ZDT,2,30,11,0.0039281538326041,0.4449528024581777
SPEA2,ZDT2,ZDT,2,30,12,0.0039032456521497,0.4450666916534651
SPEA2,ZDT2,ZDT,2,30,13,0.0039017951432607,0.4449777104367597
SPEA2,ZDT2,ZDT,2,30,14,0.003905657060598,0.4449134472480401
SPEA2,ZDT2,ZDT,2,30,15,0.0038911890884888,0.4450233516770028
SPEA2,ZDT2,ZDT,2,30,16,0.0038973085411401,0.4449446220324264
SPEA2,ZDT2,ZDT,2,30,17,0.0038971602046388,0.44492566645623
SPEA2,ZDT2,ZDT,2,30,18,0.0039892539772542,0.444865453066734
SPEA2,ZDT2,ZDT,2,30,19,0.0038656003463598,0.4450419670237397
SPEA2,ZDT2,ZDT,2,30,20,0.0038772199897404,0.4450352076629239
SPEA2,ZDT2,ZDT,2,30,21,0.0039024512810839,0.4449126605507651
SPEA2,ZDT2,ZDT,2,30,22,0.0039655897395273,0.4449433306691683
SPEA2,ZDT2,ZDT,2,30,23,0.003838037298386,0.4451071687005401
SPEA2,ZDT2,ZDT,2,30,24,0.0039471597307489,0.4449287956269409
SPEA2,ZDT2,ZDT,2,30,25,0.0038822232362649,0.4449673810561476
SPEA2,ZDT2,ZDT,2,30,26,0.0038723615240284,0.444863548216274
SPEA2,ZDT2,ZDT,2,30,27,0.0039723942910736,0.4449634574106323
SPEA2,ZDT2,ZDT,2,30,28,0.0039457406984764,0.4448498910184165
SPEA2,ZDT2,ZDT,2,30,29,0.0039696367257025,0.4449642756851841
SPEA2,ZDT2,ZDT,2,30,30,0.0039114674939209,0.4449803336797184
SPEA2,ZDT3,ZDT,2,30,1,0.0047077203241796,0.5996924642805619
SPEA2,ZDT3,ZDT,2,30,2,0.0047455053121412,0.5996932127965783
SPEA2,ZDT3,ZDT,2,30,3,0.0048277158464471,0.5997051771200106
SPEA2,ZDT3,ZDT,2,30,4,0.0049770112990213,0.599604831858108
SPEA2,ZDT3,ZDT,2,30,5,0.005073624922692,0.5996257565059813
SPEA2,ZDT3,ZDT,2,30,6,0.0047198651116002,0.5997023915703663
SPEA2,ZDT3,ZDT,2,30,7,0.0048584064108627,0.5996838137237419
SPEA2,ZDT3,ZDT,2,30,8,0.0049724695030556,0.5995068727320423
SPEA2,ZDT3,ZDT,2,30,9,0.0049951457355825,0.5995488820450235
SPEA2,ZDT3,ZDT,2,30,10,0.0047740578698611,0.5996917930249569
SPEA2,ZDT3,ZDT,2,30,11,0.005040707730444,0.5995375445294373
SPEA2,ZDT3,ZDT,2,30,12,0.0051157652509818,0.5994826843120402
SPEA2,ZDT3,ZDT,2,30,13,0.0049983858978328,0.5995534703636504
SPEA2,ZDT3,ZDT,2,30,14,0.0047720276768724,0.5996982586813977
SPEA2,ZDT3,ZDT,2,30,15,0.0049679003694941,0.5995652053052634
SPEA2,ZDT3,ZDT,2,30,16,0.0049722426281439,0.5996339991052926
SPEA2,ZDT3,ZDT,2,30,17,0.0048230963014975,0.599662244599244
SPEA2,ZDT3,ZDT,2,30,18,0.0048920812374552,0.5995253674380897
SPEA2,ZDT3,ZDT,2,30,19,0.0047523185551906,0.5996910898876956
SPEA2,ZDT3,ZDT,2,30,20,0.0048846044336604,0.5996035601028566
SPEA2,ZDT3,ZDT,2,30,21,0.0049383042155801,0.5996435389873704
SPEA2,ZDT3,ZDT,2,30,22,0.0051996627791155,0.5995831202464246
SPEA2,ZDT3,ZDT,2,30,23,0.0048301123549184,0.5996399593250707
SPEA2,ZDT3,ZDT,2,30,24,0.0048708568449559,0.5996211649058375
SPEA2,ZDT3,ZDT,2,30,25,0.0050239737819521,0.599555082764184
SPEA2,ZDT3,ZDT,2,30,26,0.0048366523825893,0.5996647393441263
SPEA2,ZDT3,ZDT,2,30,27,0.0049846662026593,0.5996086240689424
SPEA2,ZDT3,ZDT,2,30,28,0.0048858924422856,0.5996646745697441
SPEA2,ZDT3,ZDT,2,30,29,0.0049170716513672,0.5996232334645031
SPEA2,ZDT3,ZDT,2,30,30,0.0048839164488513,0.5996354583759751
SPEA2,ZDT4,ZDT,2,10,1,0.0039176876678461,0.7203465412001221
SPEA2,ZDT4,ZDT,2,10,2,0.0038079874517823,0.7203918042845945
SPEA2,ZDT4,ZDT,2,10,3,0.0038406342630876,0.7204508222733419
SPEA2,ZDT4,ZDT,2,10,4,0.003870195859317,0.72044026194855
SPEA2,ZDT4,ZDT,2,10,5,0.00381108232469,0.7204665785195212
SPEA2,ZDT4,ZDT,2,10,6,0.003882542824661,0.7202139498288349
SPEA2,ZDT4,ZDT,2,10,7,0.0038519611147114,0.7201752635458593
SPEA2,ZDT4,ZDT,2,10,8,0.0038567672438537,0.7205386458259606
SPEA2,ZDT4,ZDT,2,10,9,0.0038203504121701,0.7203949130250543
SPEA2,ZDT4,ZDT,2,10,10,0.0038757638623043,0.7203680491727064
SPEA2,ZDT4,ZDT,2,10,11,0.0038396159512677,0.7205289407135729
SPEA2,ZDT4,ZDT,2,10,12,0.0037699698085525,0.7205728710485214
SPEA2,ZDT4,ZDT,2,10,13,0.0037848515245707,0.7203944587219128
SPEA2,ZDT4,ZDT,2,10,14,0.0039395155316688,0.7199535278365654
SPEA2,ZDT4,ZDT,2,10,15,0.003925527931493,0.7202842664680457
SPEA2,ZDT4,ZDT,2,10,16,0.0038768766954856,0.7202729225147142
SPEA2,ZDT4,ZDT,2,10,17,0.0038902128776142,0.7204878542307025
SPEA2,ZDT4,ZDT,2,10,18,0.0038069513583005,0.7204986813319298
SPEA2,ZDT4,ZDT,2,10,19,0.0038775001400158,0.7204101532805901
SPEA2,ZDT4,ZDT,2,10,20,0.0039750045494088,0.7198197983481479
SPEA2,ZDT4,ZDT,2,10,21,0.0039170412132906,0.7198757571528528
SPEA2,ZDT4,ZDT,2,10,22,0.0038801032567297,0.7202504361678898
SPEA2,ZDT4,ZDT,2,10,23,0.0038551029355652,0.7205250755175381
SPEA2,ZDT4,ZDT,2,10,24,0.0039350162556319,0.7199742121622731
SPEA2,ZDT4,ZDT,2,10,25,0.0038010740442197,0.7205134616932771
SPEA2,ZDT4,ZDT,2,10,26,0.0038636304042925,0.7203580583761584
SPEA2,ZDT4,ZDT,2,10,27,0.0038219554393762,0.7205046431030694
SPEA2,ZDT4,ZDT,2,10,28,0.0038417067447975,0.7201686142605331
SPEA2,ZDT4,ZDT,2,10,29,0.003837059247987,0.720438880312091
SPEA2,ZDT4,ZDT,2,10,30,0.0038096576692671,0.7204391946110889
SPEA2,ZDT6,ZDT,2,10,1,0.0031181084304884,0.3889025060720046
SPEA2,ZDT6,ZDT,2,10,2,0.0030916314674322,0.3888954756583939
SPEA2,ZDT6,ZDT,2,10,3,0.0030766445948475,0.3889055807544657
SPEA2,ZDT6,ZDT,2,10,4,0.0030733051109605,0.3889189245680702
SPEA2,ZDT6,ZDT,2,10,5,0.0031597539801946,0.3888607444755211
SPEA2,ZDT6,ZDT,2,10,6,0.0031068450984985,0.388907789544178
SPEA2,ZDT6,ZDT,2,10,7,0.0030613203135311,0.3889301918870615
SPEA2,ZDT6,ZDT,2,10,8,0.0031081083502044,0.3889025355770993
SPEA2,ZDT6,ZDT,2,10,9,0.0031403469229736,0.3888735679284298
SPEA2,ZDT6,ZDT,2,10,10,0.0031144491119782,0.3888947952594851
SPEA2,ZDT6,ZDT,2,10,11,0.003112605213184,0.3888780555121971
SPEA2,ZDT6,ZDT,2,10,12,0.0030885146797329,0.3888977628156482
SPEA2,ZDT6,ZDT,2,10,13,0.0030750095711459,0.3889177604466639
SPEA2,ZDT6,ZDT,2,10,14,0.003063338463037,0.3889234150582844
SPEA2,ZDT6,ZDT,2,10,15,0.0031046405609697,0.3888951512354411
SPEA2,ZDT6,ZDT,2,10,16,0.0030818061273692,0.3889087608306832
SPEA2,ZDT6,ZDT,2,10,17,0.0031038362877786,0.3889060262339424
SPEA2,ZDT6,ZDT,2,10,18,0.0031017696607134,0.3889210154329339
SPEA2,ZDT6,ZDT,2,10,19,0.0030826146251202,0.3889123847058488
SPEA2,ZDT6,ZDT,2,10,20,0.0031144368397237,0.3888881957349825
SPEA2,ZDT6,ZDT,2,10,21,0.0030973915970068,0.3889174305345905
SPEA2,ZDT6,ZDT,2,10,22,0.0030960851890948,0.3888936204613695
SPEA2,ZDT6,ZDT,2,10,23,0.003070471804526,0.3889250257763964
SPEA2,ZDT6,ZDT,2,10,24,0.0030700223414387,0.3889266114446758
SPEA2,ZDT6,ZDT,2,10,25,0.0030770071967036,0.3889081481499782
SPEA2,ZDT6,ZDT,2,10,26,0.003066060844273,0.3889357158997792
SPEA2,ZDT6,ZDT,2,10,27,0.0030847071634291,0.3889009354836265
SPEA2,ZDT6,ZDT,2,10,28,0.0030825183375776,0.3889139422335293
SPEA2,ZDT6,ZDT,2,10,29,0.0030962954157654,0.3889106347624222
SPEA2,ZDT6,ZDT,2,10,30,0.0031079135585405,0.3888973121792823
