Phase,ConfigID,R,C,Cycles,MutRate,VarRate,EARN,N_Offspring,Description,ProblemCoverage,MeanCombinedRank,MeanNormRankIGD,MeanNormRankHV,MeanIGDMedian,MeanHVMedian,ExpectedProblems,CompleteCoverage
A,A43,0.2,0.16,2,0.0,0.0,0,1,"AR baseline grid (R,C,Cycles)",12,0.2127659574468085,0.21099290780141844,0.21453900709219856,0.07572842802233225,0.5211287059464172,12,True
B,B02,0.2,0.16,2,0.3,0.1,0,1,EAR light polynomial,12,0.3333333333333333,0.375,0.2916666666666667,0.07580399195863155,0.5211154399235883,12,True
C,C26,0.225,0.12,2,0.3,0.1,0,1,Local refine EARL around center,12,0.29523809523809524,0.30476190476190473,0.2857142857142857,0.0759287556807616,0.521009963903509,12,True
